layer,k,split,src,tgt,spearman_fert,spearman_len
0,64,devtest,eng_Latn,deu_Latn,0.40632165340157134,-0.05576516206108304
0,64,devtest,eng_Latn,fra_Latn,0.3587007098306296,-0.09378753147394057
0,64,devtest,eng_Latn,spa_Latn,0.3322229049935305,-0.1582470499638672
0,64,devtest,eng_Latn,rus_Cyrl,0.3155056283904609,-0.09079613120723228
0,64,devtest,eng_Latn,hin_Deva,0.3501629833947822,0.10711963957613581
0,64,devtest,eng_Latn,arb_Arab,0.18589113319249717,-0.12094029303576391
0,64,devtest,eng_Latn,zho_Hans,0.06641970238733881,-0.2532340113283848
0,64,devtest,eng_Latn,jpn_Jpan,0.20593502723352458,-0.23508285134199555
0,64,devtest,eng_Latn,tur_Latn,0.3093923601737164,-0.09110949432585526
0,64,devtest,eng_Latn,vie_Latn,0.2980975551903002,-0.17890633500380143
0,64,devtest,eng_Latn,ind_Latn,0.322760416201319,-0.12292278758046536
0,64,devtest,deu_Latn,eng_Latn,0.15718245732011057,-0.19655343615514392
0,64,devtest,deu_Latn,fra_Latn,0.07334413572506267,-0.14174313402867683
0,64,devtest,deu_Latn,spa_Latn,0.14244498256297425,-0.1677053273283603
0,64,devtest,deu_Latn,rus_Cyrl,0.1661984387202281,-0.13964414142696746
0,64,devtest,deu_Latn,hin_Deva,0.2843930932487558,0.019025813565274597
0,64,devtest,deu_Latn,arb_Arab,0.04076152473960639,-0.15971015990161982
0,64,devtest,deu_Latn,zho_Hans,0.05819746896733601,-0.2535514127868514
0,64,devtest,deu_Latn,jpn_Jpan,-0.06721397537102712,-0.20136427399665827
0,64,devtest,deu_Latn,tur_Latn,0.1528923212639041,-0.14847074303029803
0,64,devtest,deu_Latn,vie_Latn,-0.002314382739160082,-0.1915560209601474
0,64,devtest,deu_Latn,ind_Latn,0.05234064459200516,-0.12170340488041159
0,64,devtest,fra_Latn,eng_Latn,0.162833586995456,-0.1961164849153396
0,64,devtest,fra_Latn,deu_Latn,0.048496507334797594,-0.07744592550752578
0,64,devtest,fra_Latn,spa_Latn,0.10090298321845229,-0.14073916061029262
0,64,devtest,fra_Latn,rus_Cyrl,0.15526579915522815,-0.12798098156991566
0,64,devtest,fra_Latn,hin_Deva,0.24989525241300417,0.004441712485232345
0,64,devtest,fra_Latn,arb_Arab,0.0317160822928242,-0.1204846120440819
0,64,devtest,fra_Latn,zho_Hans,0.03481405750479337,-0.24893877214439844
0,64,devtest,fra_Latn,jpn_Jpan,-0.09403007763102429,-0.23198157225547408
0,64,devtest,fra_Latn,tur_Latn,0.08770703985980559,-0.12592535735078342
0,64,devtest,fra_Latn,vie_Latn,-0.011869862315318494,-0.23293905011493882
0,64,devtest,fra_Latn,ind_Latn,0.07173038683662676,-0.13304608038911356
0,64,devtest,spa_Latn,eng_Latn,0.05699007155833442,-0.26405342385589414
0,64,devtest,spa_Latn,deu_Latn,0.09393822211296823,-0.10316437775007029
0,64,devtest,spa_Latn,fra_Latn,0.12138232478137292,-0.13092931483127607
0,64,devtest,spa_Latn,rus_Cyrl,0.13922971658893088,-0.10352280754912134
0,64,devtest,spa_Latn,hin_Deva,0.3137257334776075,0.023341655587522738
0,64,devtest,spa_Latn,arb_Arab,0.08377300074607504,-0.1308392129572031
0,64,devtest,spa_Latn,zho_Hans,-0.02556190498176723,-0.2617642307707473
0,64,devtest,spa_Latn,jpn_Jpan,-0.09009825206159763,-0.2200998958950518
0,64,devtest,spa_Latn,tur_Latn,0.1578870679429504,-0.1534196683615069
0,64,devtest,spa_Latn,vie_Latn,0.02089141931485213,-0.22968683444408766
0,64,devtest,spa_Latn,ind_Latn,0.1124212748582882,-0.1530428591626916
0,64,devtest,rus_Cyrl,eng_Latn,0.00543398955605378,-0.24681752485536976
0,64,devtest,rus_Cyrl,deu_Latn,-0.04190116998228943,-0.12674188433881542
0,64,devtest,rus_Cyrl,fra_Latn,-0.0048356048246017466,-0.17491518564845662
0,64,devtest,rus_Cyrl,spa_Latn,-0.0342310043593392,-0.1709980889184887
0,64,devtest,rus_Cyrl,hin_Deva,0.279087312466489,-0.01590436580274501
0,64,devtest,rus_Cyrl,arb_Arab,-0.03747060149384393,-0.1708101636674205
0,64,devtest,rus_Cyrl,zho_Hans,0.05293743765329446,-0.25480556163450535
0,64,devtest,rus_Cyrl,jpn_Jpan,-0.05686214684396017,-0.24939920952977276
0,64,devtest,rus_Cyrl,tur_Latn,-0.05146044210540804,-0.14076793552704106
0,64,devtest,rus_Cyrl,vie_Latn,-0.055694846259760365,-0.20565235732725393
0,64,devtest,rus_Cyrl,ind_Latn,-0.07754489445340884,-0.15888498162584894
0,64,devtest,hin_Deva,eng_Latn,0.023506144036138394,-0.19263607180589945
0,64,devtest,hin_Deva,deu_Latn,-0.1306273665273211,-0.08796079863494027
0,64,devtest,hin_Deva,fra_Latn,-0.06467247408185818,-0.14416934118069008
0,64,devtest,hin_Deva,spa_Latn,-0.12365046178316837,-0.16139402528562555
0,64,devtest,hin_Deva,rus_Cyrl,-0.13324505335962208,-0.14192943159481164
0,64,devtest,hin_Deva,arb_Arab,-0.07745507517842604,-0.14042659011836617
0,64,devtest,hin_Deva,zho_Hans,-0.03559235605750491,-0.23392134258119648
0,64,devtest,hin_Deva,jpn_Jpan,-0.06841594614339333,-0.19871468506651696
0,64,devtest,hin_Deva,tur_Latn,-0.11634945070227623,-0.15520947426182397
0,64,devtest,hin_Deva,vie_Latn,-0.06251664807358677,-0.18852591440269123
0,64,devtest,hin_Deva,ind_Latn,-0.09444246124670176,-0.13107936220246688
0,64,devtest,arb_Arab,eng_Latn,0.05667209600460694,-0.20709751610596355
0,64,devtest,arb_Arab,deu_Latn,0.012626975414731973,-0.06832040631142924
0,64,devtest,arb_Arab,fra_Latn,0.03895561411854118,-0.09202880183676554
0,64,devtest,arb_Arab,spa_Latn,0.06535555680273637,-0.1054508974947638
0,64,devtest,arb_Arab,rus_Cyrl,0.046068570622360215,-0.07531465432694069
0,64,devtest,arb_Arab,hin_Deva,0.26689763256378657,0.056855712794710044
0,64,devtest,arb_Arab,zho_Hans,0.06195734029806378,-0.22989177992072804
0,64,devtest,arb_Arab,jpn_Jpan,-0.09382178652282584,-0.19166303062242473
0,64,devtest,arb_Arab,tur_Latn,0.059288723007538284,-0.07877288655483829
0,64,devtest,arb_Arab,vie_Latn,-0.05457180057762779,-0.16088042067899308
0,64,devtest,arb_Arab,ind_Latn,0.03415343296254757,-0.08680393570064303
0,64,devtest,zho_Hans,eng_Latn,0.13313071113122793,-0.2560517745719893
0,64,devtest,zho_Hans,deu_Latn,0.3773874149986517,-0.052315299370668256
0,64,devtest,zho_Hans,fra_Latn,0.344919054621197,-0.10668103968950923
0,64,devtest,zho_Hans,spa_Latn,0.30139442661992416,-0.10247049902913924
0,64,devtest,zho_Hans,rus_Cyrl,0.3682194530549681,-0.06529232976568514
0,64,devtest,zho_Hans,hin_Deva,0.3191470733719363,0.11814366081053189
0,64,devtest,zho_Hans,arb_Arab,0.3040433195876235,-0.12171264778480131
0,64,devtest,zho_Hans,jpn_Jpan,0.3678432334823928,-0.29734947506902715
0,64,devtest,zho_Hans,tur_Latn,0.32544357317590267,-0.06790010287932158
0,64,devtest,zho_Hans,vie_Latn,0.24421426322456538,-0.1549133296668551
0,64,devtest,zho_Hans,ind_Latn,0.2968300699705047,-0.09499091969457722
0,64,devtest,jpn_Jpan,eng_Latn,-0.001029705381861017,-0.2186675881615118
0,64,devtest,jpn_Jpan,deu_Latn,0.1306522615556976,-0.03407247555530445
0,64,devtest,jpn_Jpan,fra_Latn,0.13403979960131443,-0.11399169239063531
0,64,devtest,jpn_Jpan,spa_Latn,0.1150136903029778,-0.11430913956930182
0,64,devtest,jpn_Jpan,rus_Cyrl,0.22626075501401,-0.032893352686893966
0,64,devtest,jpn_Jpan,hin_Deva,0.27246107227015126,0.1185627134710335
0,64,devtest,jpn_Jpan,arb_Arab,0.14852621736099228,-0.045074840775884834
0,64,devtest,jpn_Jpan,zho_Hans,0.08013148448888552,-0.28997395662959774
0,64,devtest,jpn_Jpan,tur_Latn,0.19350259849091123,-0.03025018304934141
0,64,devtest,jpn_Jpan,vie_Latn,0.025036844608212493,-0.1405819154539607
0,64,devtest,jpn_Jpan,ind_Latn,0.11333322761248812,-0.07570470418339718
0,64,devtest,tur_Latn,eng_Latn,0.06637647561293732,-0.22653351060262217
0,64,devtest,tur_Latn,deu_Latn,0.009245148089364425,-0.08027711769654933
0,64,devtest,tur_Latn,fra_Latn,0.018642676740734224,-0.11658284219907512
0,64,devtest,tur_Latn,spa_Latn,0.0041326622166699915,-0.15262223611649559
0,64,devtest,tur_Latn,rus_Cyrl,0.0039241390977835765,-0.09314520499821044
0,64,devtest,tur_Latn,hin_Deva,0.3412303235042806,0.015690992976402727
0,64,devtest,tur_Latn,arb_Arab,0.018752070803461068,-0.12032532970572114
0,64,devtest,tur_Latn,zho_Hans,-0.003721604293461595,-0.23138493723837722
0,64,devtest,tur_Latn,jpn_Jpan,-0.05725155302816761,-0.20172921444370642
0,64,devtest,tur_Latn,vie_Latn,-0.03638810828794317,-0.18601209694115664
0,64,devtest,tur_Latn,ind_Latn,0.06189270318119563,-0.09930082964910981
0,64,devtest,vie_Latn,eng_Latn,0.07670447149181216,-0.24578813590095494
0,64,devtest,vie_Latn,deu_Latn,0.1632963868963632,-0.06508750199371234
0,64,devtest,vie_Latn,fra_Latn,0.17881849959095394,-0.1705925700520348
0,64,devtest,vie_Latn,spa_Latn,0.14142748164644406,-0.18347902369832264
0,64,devtest,vie_Latn,rus_Cyrl,0.17088111404535267,-0.09444064947461872
0,64,devtest,vie_Latn,hin_Deva,0.30660295983661195,0.04546021813991336
0,64,devtest,vie_Latn,arb_Arab,0.12020664814433772,-0.1013778734952936
0,64,devtest,vie_Latn,zho_Hans,-0.010258205032713508,-0.2522699936013802
0,64,devtest,vie_Latn,jpn_Jpan,-0.05973593693150221,-0.21369010450470277
0,64,devtest,vie_Latn,tur_Latn,0.14703395045728676,-0.12277485897026591
0,64,devtest,vie_Latn,ind_Latn,0.16244675497682481,-0.11425240308676339
0,64,devtest,ind_Latn,eng_Latn,0.11626469570756412,-0.2633601980648292
0,64,devtest,ind_Latn,deu_Latn,0.015908646581546892,-0.08200207417636403
0,64,devtest,ind_Latn,fra_Latn,0.07638475585088371,-0.13894769260495488
0,64,devtest,ind_Latn,spa_Latn,0.05107487772039708,-0.17570980573876957
0,64,devtest,ind_Latn,rus_Cyrl,0.09640440543294763,-0.13352818932651223
0,64,devtest,ind_Latn,hin_Deva,0.27762152038982824,0.026127188502399173
0,64,devtest,ind_Latn,arb_Arab,0.01654654931022699,-0.13660140857757685
0,64,devtest,ind_Latn,zho_Hans,0.0484674566564011,-0.2599713231563743
0,64,devtest,ind_Latn,jpn_Jpan,-0.0811291034161324,-0.24241967777787093
0,64,devtest,ind_Latn,tur_Latn,0.10886720731531821,-0.13933874795906595
0,64,devtest,ind_Latn,vie_Latn,0.019791738494003272,-0.20509699057561265
0,128,devtest,eng_Latn,deu_Latn,0.4544240609125369,-0.04709518025624418
0,128,devtest,eng_Latn,fra_Latn,0.39484302238850805,-0.10073816552646732
0,128,devtest,eng_Latn,spa_Latn,0.38204614863233133,-0.15234494131078324
0,128,devtest,eng_Latn,rus_Cyrl,0.3585644487411181,-0.08712536987567635
0,128,devtest,eng_Latn,hin_Deva,0.4364033831773285,0.1106997689285862
0,128,devtest,eng_Latn,arb_Arab,0.24092817408186057,-0.12014213971059073
0,128,devtest,eng_Latn,zho_Hans,0.07593238604751706,-0.25936141426029125
0,128,devtest,eng_Latn,jpn_Jpan,0.24552534775639942,-0.245985399792649
0,128,devtest,eng_Latn,tur_Latn,0.35543207233738283,-0.09521967265614252
0,128,devtest,eng_Latn,vie_Latn,0.3284550496006171,-0.19774286070811478
0,128,devtest,eng_Latn,ind_Latn,0.3723418492425648,-0.12826962788095606
0,128,devtest,deu_Latn,eng_Latn,0.14995812075661116,-0.21398480192802305
0,128,devtest,deu_Latn,fra_Latn,0.07500074773786064,-0.13958078024977058
0,128,devtest,deu_Latn,spa_Latn,0.12487074653558694,-0.1713008501734929
0,128,devtest,deu_Latn,rus_Cyrl,0.17846610343607355,-0.14953845029828527
0,128,devtest,deu_Latn,hin_Deva,0.35868912172632655,0.012857083641272572
0,128,devtest,deu_Latn,arb_Arab,0.04288833003822028,-0.17175843511745392
0,128,devtest,deu_Latn,zho_Hans,-0.003970472120754871,-0.2635323182797393
0,128,devtest,deu_Latn,jpn_Jpan,-0.08794141175531874,-0.21460655192727923
0,128,devtest,deu_Latn,tur_Latn,0.1570700260452298,-0.180139509213734
0,128,devtest,deu_Latn,vie_Latn,-0.010264619543200576,-0.21349991040149208
0,128,devtest,deu_Latn,ind_Latn,0.04268252533229387,-0.11056218030672416
0,128,devtest,fra_Latn,eng_Latn,0.1296813703656949,-0.21556112154772872
0,128,devtest,fra_Latn,deu_Latn,0.043870887549841475,-0.07279866107897073
0,128,devtest,fra_Latn,spa_Latn,0.08012965978457703,-0.1499521481379811
0,128,devtest,fra_Latn,rus_Cyrl,0.16348621783345177,-0.11025972682433256
0,128,devtest,fra_Latn,hin_Deva,0.32138835618278716,0.026115790613840253
0,128,devtest,fra_Latn,arb_Arab,0.03901689791601533,-0.1288433003356336
0,128,devtest,fra_Latn,zho_Hans,-0.0007936596871336285,-0.26603979063750577
0,128,devtest,fra_Latn,jpn_Jpan,-0.1157942177598435,-0.2426243983746574
0,128,devtest,fra_Latn,tur_Latn,0.10649808336913091,-0.1322419790718227
0,128,devtest,fra_Latn,vie_Latn,-0.03280127536919441,-0.23293936854115024
0,128,devtest,fra_Latn,ind_Latn,0.059026046612326306,-0.1372789566026784
0,128,devtest,spa_Latn,eng_Latn,0.03466929805346311,-0.27430802361737466
0,128,devtest,spa_Latn,deu_Latn,0.09053392352045465,-0.0997748282887582
0,128,devtest,spa_Latn,fra_Latn,0.1317093441706148,-0.15115729324991956
0,128,devtest,spa_Latn,rus_Cyrl,0.1926545544107035,-0.12237265332769855
0,128,devtest,spa_Latn,hin_Deva,0.3745160133554104,0.01662038892954169
0,128,devtest,spa_Latn,arb_Arab,0.10678300706309815,-0.1357431392174114
0,128,devtest,spa_Latn,zho_Hans,-0.05688522326032806,-0.26048408606262535
0,128,devtest,spa_Latn,jpn_Jpan,-0.10369739529362708,-0.23833396731346415
0,128,devtest,spa_Latn,tur_Latn,0.18498371777782197,-0.1531525086433065
0,128,devtest,spa_Latn,vie_Latn,0.0028718406123917056,-0.23982390238017817
0,128,devtest,spa_Latn,ind_Latn,0.1109519099921286,-0.1413553836360658
0,128,devtest,rus_Cyrl,eng_Latn,-0.037944834814005055,-0.2502516912870662
0,128,devtest,rus_Cyrl,deu_Latn,-0.08245052609269811,-0.11984492316430015
0,128,devtest,rus_Cyrl,fra_Latn,-0.03568006721838255,-0.16393023687561606
0,128,devtest,rus_Cyrl,spa_Latn,-0.06046835560931582,-0.18516418355622447
0,128,devtest,rus_Cyrl,hin_Deva,0.3582786232882214,-0.00854835991214718
0,128,devtest,rus_Cyrl,arb_Arab,-0.058516999894781596,-0.1855437239505812
0,128,devtest,rus_Cyrl,zho_Hans,-0.00648038259714171,-0.271809900402036
0,128,devtest,rus_Cyrl,jpn_Jpan,-0.1097658076939698,-0.2810065700504327
0,128,devtest,rus_Cyrl,tur_Latn,-0.06374783115641415,-0.14512524417835043
0,128,devtest,rus_Cyrl,vie_Latn,-0.08614731571571836,-0.22309430898800883
0,128,devtest,rus_Cyrl,ind_Latn,-0.08995709311033528,-0.1525250253382412
0,128,devtest,hin_Deva,eng_Latn,0.02279746011929412,-0.19872568247357228
0,128,devtest,hin_Deva,deu_Latn,-0.15332040322626708,-0.10247411111372527
0,128,devtest,hin_Deva,fra_Latn,-0.0906407123660139,-0.14083702344031862
0,128,devtest,hin_Deva,spa_Latn,-0.14526828518647628,-0.17138453641489168
0,128,devtest,hin_Deva,rus_Cyrl,-0.16730778145496697,-0.15233592346481764
0,128,devtest,hin_Deva,arb_Arab,-0.10146953355695236,-0.15070814847051123
0,128,devtest,hin_Deva,zho_Hans,-0.06829339064206325,-0.24042536502902043
0,128,devtest,hin_Deva,jpn_Jpan,-0.08759510116197972,-0.19838860595178523
0,128,devtest,hin_Deva,tur_Latn,-0.14769171178912963,-0.16065989010521606
0,128,devtest,hin_Deva,vie_Latn,-0.0607504559120217,-0.18829859397591905
0,128,devtest,hin_Deva,ind_Latn,-0.11605241778696167,-0.12011729940176244
0,128,devtest,arb_Arab,eng_Latn,0.012996201985776445,-0.2305788804248226
0,128,devtest,arb_Arab,deu_Latn,0.0005611720176801457,-0.07856320083374997
0,128,devtest,arb_Arab,fra_Latn,0.041409622094916755,-0.1153421497090104
0,128,devtest,arb_Arab,spa_Latn,0.03617672779459085,-0.12422132016788799
0,128,devtest,arb_Arab,rus_Cyrl,0.07569571939030298,-0.08470876635168575
0,128,devtest,arb_Arab,hin_Deva,0.3479350163376028,0.045686862174408864
0,128,devtest,arb_Arab,zho_Hans,-0.017420318894267116,-0.23268666902523494
0,128,devtest,arb_Arab,jpn_Jpan,-0.12264405394396898,-0.2043648313334018
0,128,devtest,arb_Arab,tur_Latn,0.05311239763363265,-0.09999316053868526
0,128,devtest,arb_Arab,vie_Latn,-0.06856165578679617,-0.18845616639970195
0,128,devtest,arb_Arab,ind_Latn,0.00264847361249037,-0.09665046325699567
0,128,devtest,zho_Hans,eng_Latn,0.14492142046000905,-0.28321595694511925
0,128,devtest,zho_Hans,deu_Latn,0.4446032650288,-0.05813051762973337
0,128,devtest,zho_Hans,fra_Latn,0.4065114543089043,-0.12904472859861382
0,128,devtest,zho_Hans,spa_Latn,0.3901505882939258,-0.11010763143686678
0,128,devtest,zho_Hans,rus_Cyrl,0.437176774877854,-0.09773524412196882
0,128,devtest,zho_Hans,hin_Deva,0.43243547345486993,0.11776424990054819
0,128,devtest,zho_Hans,arb_Arab,0.37438557275952383,-0.12812059355462654
0,128,devtest,zho_Hans,jpn_Jpan,0.41775616698490514,-0.3074968183903904
0,128,devtest,zho_Hans,tur_Latn,0.3981457758499292,-0.0771721212479097
0,128,devtest,zho_Hans,vie_Latn,0.3232226858950795,-0.16205940860455068
0,128,devtest,zho_Hans,ind_Latn,0.37433330203470183,-0.1147901704729447
0,128,devtest,jpn_Jpan,eng_Latn,-0.035827472932265465,-0.2378789111196407
0,128,devtest,jpn_Jpan,deu_Latn,0.16405042632767294,-0.01798991666080552
0,128,devtest,jpn_Jpan,fra_Latn,0.1659674690706916,-0.11617498406656498
0,128,devtest,jpn_Jpan,spa_Latn,0.1336907930834459,-0.12112356247277847
0,128,devtest,jpn_Jpan,rus_Cyrl,0.2587254751533649,-0.043144584436397036
0,128,devtest,jpn_Jpan,hin_Deva,0.3520649915083278,0.12299593054213646
0,128,devtest,jpn_Jpan,arb_Arab,0.19864459496741385,-0.04761784326927319
0,128,devtest,jpn_Jpan,zho_Hans,0.03756385533964653,-0.2782139637241368
0,128,devtest,jpn_Jpan,tur_Latn,0.21996238584544003,-0.04283337177432832
0,128,devtest,jpn_Jpan,vie_Latn,0.039682861544495705,-0.1498931061315791
0,128,devtest,jpn_Jpan,ind_Latn,0.12226000414409409,-0.046111167674685045
0,128,devtest,tur_Latn,eng_Latn,0.0351252215258782,-0.24009337816238255
0,128,devtest,tur_Latn,deu_Latn,0.006157271534080429,-0.08233255446307707
0,128,devtest,tur_Latn,fra_Latn,0.023508831797242804,-0.12741437064448188
0,128,devtest,tur_Latn,spa_Latn,-0.015764331766829523,-0.14116080341154358
0,128,devtest,tur_Latn,rus_Cyrl,0.02742608011665029,-0.08914668789521209
0,128,devtest,tur_Latn,hin_Deva,0.40395051818946587,0.03935573099320582
0,128,devtest,tur_Latn,arb_Arab,0.03194014843353218,-0.1250660977014047
0,128,devtest,tur_Latn,zho_Hans,-0.06065401180179978,-0.2276017065926866
0,128,devtest,tur_Latn,jpn_Jpan,-0.09317370749924836,-0.22009655950642865
0,128,devtest,tur_Latn,vie_Latn,-0.08629137039701344,-0.1950156532561335
0,128,devtest,tur_Latn,ind_Latn,0.02178944947242698,-0.0908291771026715
0,128,devtest,vie_Latn,eng_Latn,0.03244833226055225,-0.26868135130973236
0,128,devtest,vie_Latn,deu_Latn,0.195036392127874,-0.05327468434686104
0,128,devtest,vie_Latn,fra_Latn,0.20461335719258977,-0.15438318218381294
0,128,devtest,vie_Latn,spa_Latn,0.15303695523103752,-0.1802978152082759
0,128,devtest,vie_Latn,rus_Cyrl,0.21971049051016758,-0.10693561640303721
0,128,devtest,vie_Latn,hin_Deva,0.39575127878448685,0.0609315829359184
0,128,devtest,vie_Latn,arb_Arab,0.1625692245389252,-0.11255845350767808
0,128,devtest,vie_Latn,zho_Hans,-0.042810844155431155,-0.23798451646914795
0,128,devtest,vie_Latn,jpn_Jpan,-0.05083468112691875,-0.22558036136955908
0,128,devtest,vie_Latn,tur_Latn,0.18354228551331778,-0.12632982952437918
0,128,devtest,vie_Latn,ind_Latn,0.16329843912627065,-0.06884296810416378
0,128,devtest,ind_Latn,eng_Latn,0.07961490006628438,-0.2901558518451305
0,128,devtest,ind_Latn,deu_Latn,0.00716791761477764,-0.07488804970306176
0,128,devtest,ind_Latn,fra_Latn,0.07634068103374181,-0.16339624718744017
0,128,devtest,ind_Latn,spa_Latn,0.03938459690322343,-0.18081693863144047
0,128,devtest,ind_Latn,rus_Cyrl,0.125212875577414,-0.14539019805472553
0,128,devtest,ind_Latn,hin_Deva,0.36399406940495643,0.02809307523283595
0,128,devtest,ind_Latn,arb_Arab,0.03715881366250213,-0.17873129468303228
0,128,devtest,ind_Latn,zho_Hans,0.00510846193666856,-0.28009728205371986
0,128,devtest,ind_Latn,jpn_Jpan,-0.10575845999758127,-0.23910110211046717
0,128,devtest,ind_Latn,tur_Latn,0.09800820936649494,-0.15824363379001552
0,128,devtest,ind_Latn,vie_Latn,-0.011004407671918995,-0.18895709653357104
0,256,devtest,eng_Latn,deu_Latn,0.5117056885381743,-0.03713753783781145
0,256,devtest,eng_Latn,fra_Latn,0.44793779741441536,-0.09265865282066232
0,256,devtest,eng_Latn,spa_Latn,0.43928355181985757,-0.14566994319779344
0,256,devtest,eng_Latn,rus_Cyrl,0.4180340593891124,-0.07414504359188706
0,256,devtest,eng_Latn,hin_Deva,0.49109915123164927,0.10798643625486401
0,256,devtest,eng_Latn,arb_Arab,0.30898153449553367,-0.11336052577120517
0,256,devtest,eng_Latn,zho_Hans,0.07469973695899648,-0.24834954135572448
0,256,devtest,eng_Latn,jpn_Jpan,0.29219683505739563,-0.23341237766359302
0,256,devtest,eng_Latn,tur_Latn,0.4196943707504529,-0.08934994376760556
0,256,devtest,eng_Latn,vie_Latn,0.37120741422357345,-0.20441230485910467
0,256,devtest,eng_Latn,ind_Latn,0.4246982386697001,-0.11560704269893134
0,256,devtest,deu_Latn,eng_Latn,0.11061286465074657,-0.23534621176100107
0,256,devtest,deu_Latn,fra_Latn,0.08631977465949238,-0.15496195621568015
0,256,devtest,deu_Latn,spa_Latn,0.11314610296302084,-0.18550484465903255
0,256,devtest,deu_Latn,rus_Cyrl,0.21816934343113878,-0.14732026108695195
0,256,devtest,deu_Latn,hin_Deva,0.40558298716523805,0.002640953468903884
0,256,devtest,deu_Latn,arb_Arab,0.06514796234822191,-0.16989439356785122
0,256,devtest,deu_Latn,zho_Hans,-0.058879195903684796,-0.27486527554695556
0,256,devtest,deu_Latn,jpn_Jpan,-0.13063928450032486,-0.23872610087271803
0,256,devtest,deu_Latn,tur_Latn,0.16726027054125636,-0.17669837153415685
0,256,devtest,deu_Latn,vie_Latn,-0.04091652723420478,-0.22086297408514582
0,256,devtest,deu_Latn,ind_Latn,0.03745812620719029,-0.11050672854521944
0,256,devtest,fra_Latn,eng_Latn,0.09819461573588127,-0.21971073774495345
0,256,devtest,fra_Latn,deu_Latn,0.03976081334903738,-0.061051648628840875
0,256,devtest,fra_Latn,spa_Latn,0.06850723158639252,-0.1630112915890858
0,256,devtest,fra_Latn,rus_Cyrl,0.18878588771400762,-0.11238759572543836
0,256,devtest,fra_Latn,hin_Deva,0.3763638595711072,0.030599532863816767
0,256,devtest,fra_Latn,arb_Arab,0.033952206830348323,-0.12223546023219782
0,256,devtest,fra_Latn,zho_Hans,-0.04867581420668722,-0.2693489354978615
0,256,devtest,fra_Latn,jpn_Jpan,-0.14167648798932883,-0.23797938900163926
0,256,devtest,fra_Latn,tur_Latn,0.11141437619301124,-0.1306415645998345
0,256,devtest,fra_Latn,vie_Latn,-0.06832495580238344,-0.22990563518171406
0,256,devtest,fra_Latn,ind_Latn,0.050846022266730496,-0.10873770789828026
0,256,devtest,spa_Latn,eng_Latn,-0.003581584532426668,-0.28983919829105803
0,256,devtest,spa_Latn,deu_Latn,0.11118348471174497,-0.09356956267266557
0,256,devtest,spa_Latn,fra_Latn,0.1451677580234091,-0.16083184837964196
0,256,devtest,spa_Latn,rus_Cyrl,0.2302976051700061,-0.10846606301489843
0,256,devtest,spa_Latn,hin_Deva,0.41580216684118626,0.01915654262094319
0,256,devtest,spa_Latn,arb_Arab,0.12957399431408964,-0.14156479307010855
0,256,devtest,spa_Latn,zho_Hans,-0.10675241831422129,-0.2500574824104444
0,256,devtest,spa_Latn,jpn_Jpan,-0.12106250775255006,-0.2445395885479684
0,256,devtest,spa_Latn,tur_Latn,0.21264297958074774,-0.13843149579350084
0,256,devtest,spa_Latn,vie_Latn,-0.021898610390169156,-0.25392825371221356
0,256,devtest,spa_Latn,ind_Latn,0.1150466336501309,-0.12745567346422068
0,256,devtest,rus_Cyrl,eng_Latn,-0.09171430982218383,-0.271241031387884
0,256,devtest,rus_Cyrl,deu_Latn,-0.1273241836320894,-0.1287440568361021
0,256,devtest,rus_Cyrl,fra_Latn,-0.07189217146795004,-0.1872656798233387
0,256,devtest,rus_Cyrl,spa_Latn,-0.12054095658422039,-0.18965303579260534
0,256,devtest,rus_Cyrl,hin_Deva,0.4190606996671987,-0.021841554872453005
0,256,devtest,rus_Cyrl,arb_Arab,-0.08844310897523008,-0.2081006055627591
0,256,devtest,rus_Cyrl,zho_Hans,-0.07304518423991928,-0.2758050417554517
0,256,devtest,rus_Cyrl,jpn_Jpan,-0.1603639279705792,-0.2799578209870959
0,256,devtest,rus_Cyrl,tur_Latn,-0.10055333757945564,-0.1649132641475719
0,256,devtest,rus_Cyrl,vie_Latn,-0.13842414603131697,-0.25347825818559394
0,256,devtest,rus_Cyrl,ind_Latn,-0.1286419454685327,-0.15539105975732992
0,256,devtest,hin_Deva,eng_Latn,0.021038509601728622,-0.1979219829195825
0,256,devtest,hin_Deva,deu_Latn,-0.16996382178480637,-0.10217826995277285
0,256,devtest,hin_Deva,fra_Latn,-0.09712440955505533,-0.14287246242326174
0,256,devtest,hin_Deva,spa_Latn,-0.15841173003244613,-0.17016105693808323
0,256,devtest,hin_Deva,rus_Cyrl,-0.18354977803705552,-0.1551012786657321
0,256,devtest,hin_Deva,arb_Arab,-0.11834416955354449,-0.15115206090921218
0,256,devtest,hin_Deva,zho_Hans,-0.06793439531293391,-0.24165393341424088
0,256,devtest,hin_Deva,jpn_Jpan,-0.09942890240860346,-0.19909877239659904
0,256,devtest,hin_Deva,tur_Latn,-0.16341679975599602,-0.1554835995358354
0,256,devtest,hin_Deva,vie_Latn,-0.06473420662928371,-0.19500962373205666
0,256,devtest,hin_Deva,ind_Latn,-0.1364756889427453,-0.11839726612034919
0,256,devtest,arb_Arab,eng_Latn,-0.04104519731739492,-0.24042239317363517
0,256,devtest,arb_Arab,deu_Latn,-0.009188458676894244,-0.055234130513463736
0,256,devtest,arb_Arab,fra_Latn,0.022738293402639012,-0.12950034314809358
0,256,devtest,arb_Arab,spa_Latn,0.004165574505813924,-0.13309545722928676
0,256,devtest,arb_Arab,rus_Cyrl,0.106986238732677,-0.08466682155410303
0,256,devtest,arb_Arab,hin_Deva,0.3958963971992549,0.0372571224884513
0,256,devtest,arb_Arab,zho_Hans,-0.07177307641739948,-0.22702358198379005
0,256,devtest,arb_Arab,jpn_Jpan,-0.1648101134667667,-0.21794762226935027
0,256,devtest,arb_Arab,tur_Latn,0.04725136559218939,-0.11129153693443836
0,256,devtest,arb_Arab,vie_Latn,-0.10889427865386499,-0.20070205539616265
0,256,devtest,arb_Arab,ind_Latn,-0.006701902676347625,-0.08889337570409597
0,256,devtest,zho_Hans,eng_Latn,0.15022209124200375,-0.2962011720002652
0,256,devtest,zho_Hans,deu_Latn,0.5269878724069829,-0.06558271416642394
0,256,devtest,zho_Hans,fra_Latn,0.47540700980815975,-0.14368857709796845
0,256,devtest,zho_Hans,spa_Latn,0.46764007920107503,-0.11750717528602488
0,256,devtest,zho_Hans,rus_Cyrl,0.5163044885896384,-0.0875297240490742
0,256,devtest,zho_Hans,hin_Deva,0.5171019097760295,0.10424979503892828
0,256,devtest,zho_Hans,arb_Arab,0.4688127629485881,-0.13523788420208718
0,256,devtest,zho_Hans,jpn_Jpan,0.47265246141101075,-0.3192106087141785
0,256,devtest,zho_Hans,tur_Latn,0.4898708521507909,-0.09971851193245301
0,256,devtest,zho_Hans,vie_Latn,0.393583985929089,-0.18261743367470074
0,256,devtest,zho_Hans,ind_Latn,0.4505151582757437,-0.1145599371242107
0,256,devtest,jpn_Jpan,eng_Latn,-0.08907807778716957,-0.23791142102689825
0,256,devtest,jpn_Jpan,deu_Latn,0.2069557031511451,-0.018322378163972624
0,256,devtest,jpn_Jpan,fra_Latn,0.20678810874865314,-0.11188514720233284
0,256,devtest,jpn_Jpan,spa_Latn,0.15911987810912645,-0.11899437772488855
0,256,devtest,jpn_Jpan,rus_Cyrl,0.3130394691157321,-0.01744727972754878
0,256,devtest,jpn_Jpan,hin_Deva,0.4104341385420346,0.11663799857000973
0,256,devtest,jpn_Jpan,arb_Arab,0.23098434952770353,-0.055585400548644526
0,256,devtest,jpn_Jpan,zho_Hans,-0.01572016265811123,-0.2750082803888621
0,256,devtest,jpn_Jpan,tur_Latn,0.2761193714018354,-0.03640696175074554
0,256,devtest,jpn_Jpan,vie_Latn,0.044598031832735106,-0.14640781223514066
0,256,devtest,jpn_Jpan,ind_Latn,0.1492616882983931,-0.04007454631324989
0,256,devtest,tur_Latn,eng_Latn,-0.0055877561370963995,-0.24961377065462004
0,256,devtest,tur_Latn,deu_Latn,-0.008775454340046014,-0.05275684525671247
0,256,devtest,tur_Latn,fra_Latn,0.000568089843272346,-0.12353436358027235
0,256,devtest,tur_Latn,spa_Latn,-0.034027860908830886,-0.12663564340476974
0,256,devtest,tur_Latn,rus_Cyrl,0.05359496591245362,-0.08189755051192715
0,256,devtest,tur_Latn,hin_Deva,0.4426558357351465,0.04516559939860018
0,256,devtest,tur_Latn,arb_Arab,0.03459155583557409,-0.12653457758888803
0,256,devtest,tur_Latn,zho_Hans,-0.10796348992951602,-0.23914201328022983
0,256,devtest,tur_Latn,jpn_Jpan,-0.12596596976887459,-0.21227592535433312
0,256,devtest,tur_Latn,vie_Latn,-0.11682150091139713,-0.19226682131709782
0,256,devtest,tur_Latn,ind_Latn,0.004825440956157912,-0.09068908859141277
0,256,devtest,vie_Latn,eng_Latn,-0.025350445016843193,-0.2760612673522565
0,256,devtest,vie_Latn,deu_Latn,0.2182004891269481,-0.0354986705777864
0,256,devtest,vie_Latn,fra_Latn,0.23290462169634943,-0.14026070180937425
0,256,devtest,vie_Latn,spa_Latn,0.15838833735566255,-0.176401958429656
0,256,devtest,vie_Latn,rus_Cyrl,0.276231450688304,-0.092637184860638
0,256,devtest,vie_Latn,hin_Deva,0.4540384162628657,0.06437785578094353
0,256,devtest,vie_Latn,arb_Arab,0.21343228271133222,-0.11123782330124929
0,256,devtest,vie_Latn,zho_Hans,-0.10624401847881398,-0.23534581504632027
0,256,devtest,vie_Latn,jpn_Jpan,-0.06954609964830946,-0.2146324189810311
0,256,devtest,vie_Latn,tur_Latn,0.2392030874698766,-0.11475082128405335
0,256,devtest,vie_Latn,ind_Latn,0.17933574429763224,-0.0652237332427975
0,256,devtest,ind_Latn,eng_Latn,0.03166190697406052,-0.29833519981843737
0,256,devtest,ind_Latn,deu_Latn,0.0159675059879064,-0.06682856053816927
0,256,devtest,ind_Latn,fra_Latn,0.0835832759396013,-0.14984624377675493
0,256,devtest,ind_Latn,spa_Latn,0.03701152013025196,-0.16921437848355952
0,256,devtest,ind_Latn,rus_Cyrl,0.17983604557690064,-0.13097930890378362
0,256,devtest,ind_Latn,hin_Deva,0.4157044821450536,0.026292331856844382
0,256,devtest,ind_Latn,arb_Arab,0.06430932590340405,-0.1756520081112128
0,256,devtest,ind_Latn,zho_Hans,-0.04849227505277114,-0.2664203940187273
0,256,devtest,ind_Latn,jpn_Jpan,-0.1580202460174164,-0.2347889013575487
0,256,devtest,ind_Latn,tur_Latn,0.12133375147351812,-0.16622631681610459
0,256,devtest,ind_Latn,vie_Latn,-0.04151692159370087,-0.20676728062974525
1,64,devtest,eng_Latn,deu_Latn,0.46602960441414676,-0.07874593082474947
1,64,devtest,eng_Latn,fra_Latn,0.4228898114242575,-0.11604632861494456
1,64,devtest,eng_Latn,spa_Latn,0.3836083637942527,-0.17530889222866589
1,64,devtest,eng_Latn,rus_Cyrl,0.3298644330767117,-0.12808330215562513
1,64,devtest,eng_Latn,hin_Deva,0.358955044030403,0.09039097023677065
1,64,devtest,eng_Latn,arb_Arab,0.24216362830580793,-0.19461940319674265
1,64,devtest,eng_Latn,zho_Hans,0.11075218782371704,-0.33617122258709536
1,64,devtest,eng_Latn,jpn_Jpan,0.20580923846804458,-0.2778938303421686
1,64,devtest,eng_Latn,tur_Latn,0.3281323580510805,-0.13762832072525916
1,64,devtest,eng_Latn,vie_Latn,0.29440112643832556,-0.2602398903285299
1,64,devtest,eng_Latn,ind_Latn,0.38392643504952584,-0.15805131002367376
1,64,devtest,deu_Latn,eng_Latn,0.03993485549669966,-0.2774434995009037
1,64,devtest,deu_Latn,fra_Latn,0.1104465506259307,-0.20702785381962874
1,64,devtest,deu_Latn,spa_Latn,0.10560670261290303,-0.22187062460618082
1,64,devtest,deu_Latn,rus_Cyrl,0.11857886094721866,-0.20849928376629528
1,64,devtest,deu_Latn,hin_Deva,0.2380920063872412,-0.06273003773141532
1,64,devtest,deu_Latn,arb_Arab,0.007261882138681998,-0.2390969237941504
1,64,devtest,deu_Latn,zho_Hans,0.09890338198236412,-0.2951894231820491
1,64,devtest,deu_Latn,jpn_Jpan,-0.050758039661498486,-0.25870576049608784
1,64,devtest,deu_Latn,tur_Latn,0.15271118836043304,-0.16416361080519357
1,64,devtest,deu_Latn,vie_Latn,-0.014058590993314501,-0.2367551038818419
1,64,devtest,deu_Latn,ind_Latn,0.01922579827663564,-0.18600538446903495
1,64,devtest,fra_Latn,eng_Latn,0.08596988648418397,-0.27627548439418653
1,64,devtest,fra_Latn,deu_Latn,0.09198054461646443,-0.13749321538668896
1,64,devtest,fra_Latn,spa_Latn,0.12280802568296828,-0.19191459715566603
1,64,devtest,fra_Latn,rus_Cyrl,0.08798091385483968,-0.21027385828470146
1,64,devtest,fra_Latn,hin_Deva,0.22799361531157067,-0.01819627719429415
1,64,devtest,fra_Latn,arb_Arab,0.07266238992080891,-0.22518696750035258
1,64,devtest,fra_Latn,zho_Hans,0.12000919381528954,-0.30904955507296356
1,64,devtest,fra_Latn,jpn_Jpan,-0.04933066993080601,-0.28552202595252385
1,64,devtest,fra_Latn,tur_Latn,0.08924037929236031,-0.16682586046987233
1,64,devtest,fra_Latn,vie_Latn,0.05611630177608273,-0.27578022838686034
1,64,devtest,fra_Latn,ind_Latn,0.14765297665631644,-0.17517704294762151
1,64,devtest,spa_Latn,eng_Latn,-0.005643517035224868,-0.33523911261807976
1,64,devtest,spa_Latn,deu_Latn,0.08037410474155428,-0.1581344342338723
1,64,devtest,spa_Latn,fra_Latn,0.1547606333683286,-0.19503151007027408
1,64,devtest,spa_Latn,rus_Cyrl,0.11408903871381959,-0.20751618849874623
1,64,devtest,spa_Latn,hin_Deva,0.26857612720475366,-0.0311853795781997
1,64,devtest,spa_Latn,arb_Arab,0.05087964544524291,-0.24392505702308334
1,64,devtest,spa_Latn,zho_Hans,0.04515185414167263,-0.3451013994149572
1,64,devtest,spa_Latn,jpn_Jpan,-0.05965389577300724,-0.2995592823885733
1,64,devtest,spa_Latn,tur_Latn,0.16197057253232314,-0.19765216438495684
1,64,devtest,spa_Latn,vie_Latn,0.036143529657066714,-0.29174438352616205
1,64,devtest,spa_Latn,ind_Latn,0.09669946681750924,-0.2235690788968559
1,64,devtest,rus_Cyrl,eng_Latn,-0.11134049355929873,-0.2995905426816668
1,64,devtest,rus_Cyrl,deu_Latn,-0.1276588993074583,-0.1515611638360264
1,64,devtest,rus_Cyrl,fra_Latn,-0.062498530103441266,-0.2157246442936826
1,64,devtest,rus_Cyrl,spa_Latn,-0.11077760986134107,-0.22637906652048945
1,64,devtest,rus_Cyrl,hin_Deva,0.2915519187901805,-0.0038838619023455084
1,64,devtest,rus_Cyrl,arb_Arab,-0.033243071315998164,-0.2714700415390973
1,64,devtest,rus_Cyrl,zho_Hans,0.04641132527767483,-0.31698477025610117
1,64,devtest,rus_Cyrl,jpn_Jpan,-0.08864897318135738,-0.29313619540151925
1,64,devtest,rus_Cyrl,tur_Latn,-0.0704197232940359,-0.19570172773523284
1,64,devtest,rus_Cyrl,vie_Latn,-0.10656247211758037,-0.2818386143236699
1,64,devtest,rus_Cyrl,ind_Latn,-0.11379943210593915,-0.20574941289055615
1,64,devtest,hin_Deva,eng_Latn,-0.046393880075240944,-0.2555972705518602
1,64,devtest,hin_Deva,deu_Latn,-0.15047016844573313,-0.16041789250488486
1,64,devtest,hin_Deva,fra_Latn,-0.1440469824981645,-0.1795413364635359
1,64,devtest,hin_Deva,spa_Latn,-0.1721116982590912,-0.19445758309453287
1,64,devtest,hin_Deva,rus_Cyrl,-0.1329517773588705,-0.19355476967328333
1,64,devtest,hin_Deva,arb_Arab,-0.10064442159915699,-0.21742314732389245
1,64,devtest,hin_Deva,zho_Hans,-0.03939064276781181,-0.2378527099990128
1,64,devtest,hin_Deva,jpn_Jpan,-0.06546597978333721,-0.23671452962742526
1,64,devtest,hin_Deva,tur_Latn,-0.1369918455962636,-0.19361053421723004
1,64,devtest,hin_Deva,vie_Latn,-0.06444514989542627,-0.22694889629516837
1,64,devtest,hin_Deva,ind_Latn,-0.1617306522804342,-0.18261827238392986
1,64,devtest,arb_Arab,eng_Latn,-0.05772924805034298,-0.21501642775440324
1,64,devtest,arb_Arab,deu_Latn,-0.017469050372241487,-0.05954611426920804
1,64,devtest,arb_Arab,fra_Latn,0.012395422057386534,-0.10756680923168271
1,64,devtest,arb_Arab,spa_Latn,0.03915794791351204,-0.11993687154166015
1,64,devtest,arb_Arab,rus_Cyrl,0.03126488805212182,-0.12572562574854396
1,64,devtest,arb_Arab,hin_Deva,0.24873247394809037,0.06624270181541642
1,64,devtest,arb_Arab,zho_Hans,0.06157797539271999,-0.2537427068094367
1,64,devtest,arb_Arab,jpn_Jpan,-0.07070077880681556,-0.19651505089521754
1,64,devtest,arb_Arab,tur_Latn,0.03859029092359347,-0.11449352883024008
1,64,devtest,arb_Arab,vie_Latn,-0.06743648270371792,-0.17428633646446623
1,64,devtest,arb_Arab,ind_Latn,0.005952608541780343,-0.12370379538777738
1,64,devtest,zho_Hans,eng_Latn,0.12746913294506487,-0.31108730724334954
1,64,devtest,zho_Hans,deu_Latn,0.40163595773430266,-0.07865835179343486
1,64,devtest,zho_Hans,fra_Latn,0.384118847386401,-0.11532168849528752
1,64,devtest,zho_Hans,spa_Latn,0.3844838172430575,-0.15604938806553342
1,64,devtest,zho_Hans,rus_Cyrl,0.3949386117457977,-0.13869675012939614
1,64,devtest,zho_Hans,hin_Deva,0.3603075968068382,0.1055817249205073
1,64,devtest,zho_Hans,arb_Arab,0.3682656259726805,-0.2012711282392535
1,64,devtest,zho_Hans,jpn_Jpan,0.3465231492734043,-0.3065016159391154
1,64,devtest,zho_Hans,tur_Latn,0.3443838549986178,-0.1098219158468131
1,64,devtest,zho_Hans,vie_Latn,0.299087726833431,-0.19870411139354785
1,64,devtest,zho_Hans,ind_Latn,0.349647710426195,-0.12510768338906572
1,64,devtest,jpn_Jpan,eng_Latn,-0.12981554440232912,-0.25653510497574794
1,64,devtest,jpn_Jpan,deu_Latn,0.19105140244728397,-0.04215102839272858
1,64,devtest,jpn_Jpan,fra_Latn,0.16555060168396024,-0.10021048146253447
1,64,devtest,jpn_Jpan,spa_Latn,0.13883762406194103,-0.14367761073010107
1,64,devtest,jpn_Jpan,rus_Cyrl,0.23097248078660831,-0.09260108131536368
1,64,devtest,jpn_Jpan,hin_Deva,0.29466009145269406,0.10868980784628277
1,64,devtest,jpn_Jpan,arb_Arab,0.1849027559317432,-0.13230545374292535
1,64,devtest,jpn_Jpan,zho_Hans,0.044472552028880306,-0.30766390614784633
1,64,devtest,jpn_Jpan,tur_Latn,0.15528846849885908,-0.07915606071038622
1,64,devtest,jpn_Jpan,vie_Latn,0.05317811516849771,-0.20226096276384678
1,64,devtest,jpn_Jpan,ind_Latn,0.11768176728610331,-0.12293559978521834
1,64,devtest,tur_Latn,eng_Latn,-0.04713429175887469,-0.24879640192969518
1,64,devtest,tur_Latn,deu_Latn,-0.004723629243687771,-0.06418198393499894
1,64,devtest,tur_Latn,fra_Latn,0.004138115636282992,-0.135472212883157
1,64,devtest,tur_Latn,spa_Latn,0.0016220801238255782,-0.15497592799724494
1,64,devtest,tur_Latn,rus_Cyrl,0.005221552289699222,-0.1339742392992752
1,64,devtest,tur_Latn,hin_Deva,0.30435116993147804,0.023651897530693886
1,64,devtest,tur_Latn,arb_Arab,0.0035035979486442996,-0.1713327760263736
1,64,devtest,tur_Latn,zho_Hans,0.00016674096105805342,-0.2159280048970681
1,64,devtest,tur_Latn,jpn_Jpan,-0.0824167996532298,-0.21442609793616949
1,64,devtest,tur_Latn,vie_Latn,-0.039902810423964916,-0.1949535428348282
1,64,devtest,tur_Latn,ind_Latn,0.015024612242996378,-0.12833286373329655
1,64,devtest,vie_Latn,eng_Latn,-0.04282104879338462,-0.2594277545469831
1,64,devtest,vie_Latn,deu_Latn,0.1798060256058177,-0.051265744998631936
1,64,devtest,vie_Latn,fra_Latn,0.15217998885363263,-0.13567970075138336
1,64,devtest,vie_Latn,spa_Latn,0.16037273593108786,-0.17445883832483083
1,64,devtest,vie_Latn,rus_Cyrl,0.21495128701381236,-0.14106113548739208
1,64,devtest,vie_Latn,hin_Deva,0.3098467795013964,0.0810679778622462
1,64,devtest,vie_Latn,arb_Arab,0.151751424281096,-0.15499238328452086
1,64,devtest,vie_Latn,zho_Hans,0.01558348645329655,-0.24515622123103425
1,64,devtest,vie_Latn,jpn_Jpan,-0.05092210886896766,-0.2414602642156934
1,64,devtest,vie_Latn,tur_Latn,0.12631719238514874,-0.11459472890254581
1,64,devtest,vie_Latn,ind_Latn,0.1678606870483897,-0.12453488505836273
1,64,devtest,ind_Latn,eng_Latn,0.07036273745039884,-0.2956959593857608
1,64,devtest,ind_Latn,deu_Latn,0.03704673572577131,-0.1171862921145127
1,64,devtest,ind_Latn,fra_Latn,0.07086356279891727,-0.15609777568943037
1,64,devtest,ind_Latn,spa_Latn,0.06361372192971183,-0.2048417380986291
1,64,devtest,ind_Latn,rus_Cyrl,0.06622628270342405,-0.18517070322311696
1,64,devtest,ind_Latn,hin_Deva,0.27776903391850727,0.0022259675408711423
1,64,devtest,ind_Latn,arb_Arab,0.004520417821134509,-0.23011779288320902
1,64,devtest,ind_Latn,zho_Hans,0.07483911297113742,-0.26567742238931713
1,64,devtest,ind_Latn,jpn_Jpan,-0.07750481474115645,-0.29305079949360374
1,64,devtest,ind_Latn,tur_Latn,0.09545058710661201,-0.18744478493426664
1,64,devtest,ind_Latn,vie_Latn,0.05208706877653058,-0.2586225969621285
1,128,devtest,eng_Latn,deu_Latn,0.5169426114897501,-0.08592361469045105
1,128,devtest,eng_Latn,fra_Latn,0.44681630447365217,-0.1048250443706973
1,128,devtest,eng_Latn,spa_Latn,0.44888703801258134,-0.16427010135455328
1,128,devtest,eng_Latn,rus_Cyrl,0.3775864313116142,-0.1406507033237193
1,128,devtest,eng_Latn,hin_Deva,0.4157406353687848,0.09053734584021003
1,128,devtest,eng_Latn,arb_Arab,0.30456682983160493,-0.20139998425420508
1,128,devtest,eng_Latn,zho_Hans,0.09732091132710237,-0.34188185183073344
1,128,devtest,eng_Latn,jpn_Jpan,0.2560945759581003,-0.28205962033000403
1,128,devtest,eng_Latn,tur_Latn,0.3898386343381943,-0.12383771946994053
1,128,devtest,eng_Latn,vie_Latn,0.3293200567925035,-0.27866778034577044
1,128,devtest,eng_Latn,ind_Latn,0.42693238290322505,-0.1462662927811861
1,128,devtest,deu_Latn,eng_Latn,-0.007059324226500586,-0.303153155779004
1,128,devtest,deu_Latn,fra_Latn,0.0962658566037681,-0.19988440656158976
1,128,devtest,deu_Latn,spa_Latn,0.09446265783118,-0.21582334285781107
1,128,devtest,deu_Latn,rus_Cyrl,0.17766517457375283,-0.21636291278880507
1,128,devtest,deu_Latn,hin_Deva,0.2949005776496123,-0.05718861704224723
1,128,devtest,deu_Latn,arb_Arab,0.02748581485715048,-0.25748247364442695
1,128,devtest,deu_Latn,zho_Hans,0.06102102967306764,-0.3095039332989257
1,128,devtest,deu_Latn,jpn_Jpan,-0.08782782519805392,-0.2765051706480867
1,128,devtest,deu_Latn,tur_Latn,0.16482231784584997,-0.18887506336592214
1,128,devtest,deu_Latn,vie_Latn,-0.03675445484905979,-0.2608712688873182
1,128,devtest,deu_Latn,ind_Latn,0.01779164961073268,-0.19744211633137593
1,128,devtest,fra_Latn,eng_Latn,0.0418282281585666,-0.26560362095556794
1,128,devtest,fra_Latn,deu_Latn,0.0768141148840222,-0.11345085422728846
1,128,devtest,fra_Latn,spa_Latn,0.08857392018970417,-0.1895678416624188
1,128,devtest,fra_Latn,rus_Cyrl,0.11581347802772915,-0.2014291330128489
1,128,devtest,fra_Latn,hin_Deva,0.29313836569897184,0.0104173782314796
1,128,devtest,fra_Latn,arb_Arab,0.0758706677555567,-0.2209891199989037
1,128,devtest,fra_Latn,zho_Hans,0.09466683315163155,-0.31714734592437216
1,128,devtest,fra_Latn,jpn_Jpan,-0.05856483661775009,-0.28911399431403295
1,128,devtest,fra_Latn,tur_Latn,0.10896509415268917,-0.16332219439225554
1,128,devtest,fra_Latn,vie_Latn,0.038149751862871686,-0.2742086271361879
1,128,devtest,fra_Latn,ind_Latn,0.13620323432400946,-0.18213672803101114
1,128,devtest,spa_Latn,eng_Latn,-0.03366555032307531,-0.34975024944562444
1,128,devtest,spa_Latn,deu_Latn,0.08164508665521597,-0.13840423702397797
1,128,devtest,spa_Latn,fra_Latn,0.14300612968475018,-0.20431579035110392
1,128,devtest,spa_Latn,rus_Cyrl,0.15115034289693605,-0.20417575420401507
1,128,devtest,spa_Latn,hin_Deva,0.3298452920591807,-0.026295572027545875
1,128,devtest,spa_Latn,arb_Arab,0.07011052922221318,-0.24850948017997526
1,128,devtest,spa_Latn,zho_Hans,0.023683411551370714,-0.33836629412145713
1,128,devtest,spa_Latn,jpn_Jpan,-0.07445098273103021,-0.29412828332060725
1,128,devtest,spa_Latn,tur_Latn,0.18644276316577207,-0.20143148003880534
1,128,devtest,spa_Latn,vie_Latn,0.012638713826863102,-0.30103152943095707
1,128,devtest,spa_Latn,ind_Latn,0.10603894449278106,-0.2249321481755202
1,128,devtest,rus_Cyrl,eng_Latn,-0.16783950009275023,-0.3345161416226377
1,128,devtest,rus_Cyrl,deu_Latn,-0.1619267351379734,-0.16125566651000348
1,128,devtest,rus_Cyrl,fra_Latn,-0.10345887286135884,-0.22877739109291156
1,128,devtest,rus_Cyrl,spa_Latn,-0.15738513412070737,-0.23860753697072112
1,128,devtest,rus_Cyrl,hin_Deva,0.36563511542014115,-0.007274464693994968
1,128,devtest,rus_Cyrl,arb_Arab,-0.074604296554488,-0.2962002136668565
1,128,devtest,rus_Cyrl,zho_Hans,0.0008006097981376347,-0.3221171268484583
1,128,devtest,rus_Cyrl,jpn_Jpan,-0.10131584469293578,-0.32419428064900163
1,128,devtest,rus_Cyrl,tur_Latn,-0.09197950446569576,-0.19929791059818588
1,128,devtest,rus_Cyrl,vie_Latn,-0.15997154742376044,-0.3014966889333676
1,128,devtest,rus_Cyrl,ind_Latn,-0.16561378840977958,-0.2087449176519278
1,128,devtest,hin_Deva,eng_Latn,-0.061359374444428585,-0.26870753775304723
1,128,devtest,hin_Deva,deu_Latn,-0.19471007396995435,-0.16372541196789664
1,128,devtest,hin_Deva,fra_Latn,-0.15848496933847045,-0.17803942076699675
1,128,devtest,hin_Deva,spa_Latn,-0.2082998493387679,-0.20262998509150465
1,128,devtest,hin_Deva,rus_Cyrl,-0.17045088276156095,-0.20193722784094714
1,128,devtest,hin_Deva,arb_Arab,-0.11475879851270025,-0.2211213775145762
1,128,devtest,hin_Deva,zho_Hans,-0.04693170404564052,-0.24383125845607787
1,128,devtest,hin_Deva,jpn_Jpan,-0.08591962637241217,-0.2534925201633444
1,128,devtest,hin_Deva,tur_Latn,-0.16424290032650438,-0.1972040177779653
1,128,devtest,hin_Deva,vie_Latn,-0.08755139497323297,-0.23525797718881242
1,128,devtest,hin_Deva,ind_Latn,-0.18170380228402327,-0.18529592662467212
1,128,devtest,arb_Arab,eng_Latn,-0.0941382819055998,-0.2210007336676245
1,128,devtest,arb_Arab,deu_Latn,-0.031457024394752106,-0.05009120207842335
1,128,devtest,arb_Arab,fra_Latn,-0.004524257895607704,-0.10225678036868731
1,128,devtest,arb_Arab,spa_Latn,0.017569229252843266,-0.11295247557590098
1,128,devtest,arb_Arab,rus_Cyrl,0.06354988061312691,-0.12575823790103305
1,128,devtest,arb_Arab,hin_Deva,0.31948002941808057,0.07827813083559593
1,128,devtest,arb_Arab,zho_Hans,-0.0005415324617294932,-0.2343032845225282
1,128,devtest,arb_Arab,jpn_Jpan,-0.10160377690004051,-0.20518179491104055
1,128,devtest,arb_Arab,tur_Latn,0.04696764848836232,-0.1112553235586722
1,128,devtest,arb_Arab,vie_Latn,-0.10308555936911533,-0.17274323520837487
1,128,devtest,arb_Arab,ind_Latn,-0.027854165298146515,-0.1155040324193752
1,128,devtest,zho_Hans,eng_Latn,0.11974927127791145,-0.3342916213683323
1,128,devtest,zho_Hans,deu_Latn,0.4755957168675268,-0.09978737993809543
1,128,devtest,zho_Hans,fra_Latn,0.4561688196408642,-0.14031582679104312
1,128,devtest,zho_Hans,spa_Latn,0.4569692238652326,-0.16899822504673045
1,128,devtest,zho_Hans,rus_Cyrl,0.461075096901563,-0.13982930472132904
1,128,devtest,zho_Hans,hin_Deva,0.4391194487037603,0.09062804777157223
1,128,devtest,zho_Hans,arb_Arab,0.4234628118169361,-0.2163095383886012
1,128,devtest,zho_Hans,jpn_Jpan,0.39387922696795463,-0.3314769193849647
1,128,devtest,zho_Hans,tur_Latn,0.4083373590070869,-0.10701767371286111
1,128,devtest,zho_Hans,vie_Latn,0.36172332743217134,-0.2225964753751978
1,128,devtest,zho_Hans,ind_Latn,0.4184402932328557,-0.14299441590657358
1,128,devtest,jpn_Jpan,eng_Latn,-0.18145597616640557,-0.2820973584556504
1,128,devtest,jpn_Jpan,deu_Latn,0.21733204334424414,-0.05603981569607942
1,128,devtest,jpn_Jpan,fra_Latn,0.21917310900417578,-0.12295941757351285
1,128,devtest,jpn_Jpan,spa_Latn,0.15786882765583737,-0.14885950562124828
1,128,devtest,jpn_Jpan,rus_Cyrl,0.30049863350569195,-0.12229795111495008
1,128,devtest,jpn_Jpan,hin_Deva,0.3620973409808987,0.09526879094169587
1,128,devtest,jpn_Jpan,arb_Arab,0.2269641235471651,-0.15717691435079773
1,128,devtest,jpn_Jpan,zho_Hans,-0.001113712239644667,-0.322350716806342
1,128,devtest,jpn_Jpan,tur_Latn,0.19761288780298372,-0.08289007125378249
1,128,devtest,jpn_Jpan,vie_Latn,0.07848124383529108,-0.22261354046683623
1,128,devtest,jpn_Jpan,ind_Latn,0.13100407661156585,-0.12439767136636103
1,128,devtest,tur_Latn,eng_Latn,-0.0726970718541241,-0.24802553687251513
1,128,devtest,tur_Latn,deu_Latn,-0.013810948607026327,-0.08003740898658473
1,128,devtest,tur_Latn,fra_Latn,0.001184073926926571,-0.1357308587680195
1,128,devtest,tur_Latn,spa_Latn,-0.02703358032694828,-0.15889865709522694
1,128,devtest,tur_Latn,rus_Cyrl,0.029924391630813188,-0.12644124362909617
1,128,devtest,tur_Latn,hin_Deva,0.3562705420901924,0.03079174620471491
1,128,devtest,tur_Latn,arb_Arab,0.02084684736633789,-0.1774488128401397
1,128,devtest,tur_Latn,zho_Hans,-0.03507547016975905,-0.20732095832784966
1,128,devtest,tur_Latn,jpn_Jpan,-0.11519867595724016,-0.20615908881757106
1,128,devtest,tur_Latn,vie_Latn,-0.06131620173650405,-0.2066991920386543
1,128,devtest,tur_Latn,ind_Latn,-0.014168159424335136,-0.10943653478211061
1,128,devtest,vie_Latn,eng_Latn,-0.09311122902407938,-0.2839694083322782
1,128,devtest,vie_Latn,deu_Latn,0.21270058563143318,-0.041435257814973266
1,128,devtest,vie_Latn,fra_Latn,0.17362262613430982,-0.13318476769989104
1,128,devtest,vie_Latn,spa_Latn,0.17971047561873416,-0.17772316950580078
1,128,devtest,vie_Latn,rus_Cyrl,0.26378550901015974,-0.13220609794840762
1,128,devtest,vie_Latn,hin_Deva,0.3682757099857709,0.07990865294849758
1,128,devtest,vie_Latn,arb_Arab,0.18114516062268007,-0.15188505453332762
1,128,devtest,vie_Latn,zho_Hans,-0.02855434119099942,-0.2489501575045444
1,128,devtest,vie_Latn,jpn_Jpan,-0.03238589322667628,-0.2439581134657792
1,128,devtest,vie_Latn,tur_Latn,0.17018674508761655,-0.11289532455361503
1,128,devtest,vie_Latn,ind_Latn,0.19096207246307179,-0.09139332834691949
1,128,devtest,ind_Latn,eng_Latn,0.040857583504365205,-0.299299793308034
1,128,devtest,ind_Latn,deu_Latn,0.033556804313381886,-0.12755822626081836
1,128,devtest,ind_Latn,fra_Latn,0.07666900136432468,-0.17995242785066087
1,128,devtest,ind_Latn,spa_Latn,0.05932770095677816,-0.22071075325781303
1,128,devtest,ind_Latn,rus_Cyrl,0.1057080746805637,-0.19173417741718948
1,128,devtest,ind_Latn,hin_Deva,0.35371724919010694,0.008050741423814876
1,128,devtest,ind_Latn,arb_Arab,0.017425853642850993,-0.24662781832930938
1,128,devtest,ind_Latn,zho_Hans,0.037283495286434806,-0.2847543187317686
1,128,devtest,ind_Latn,jpn_Jpan,-0.1345373779910246,-0.2908934225147581
1,128,devtest,ind_Latn,tur_Latn,0.10032593729335151,-0.1932529378640517
1,128,devtest,ind_Latn,vie_Latn,0.029135032054132315,-0.2410877038457009
1,256,devtest,eng_Latn,deu_Latn,0.5831857700781865,-0.06817534910108823
1,256,devtest,eng_Latn,fra_Latn,0.4928660314912932,-0.1108070243460604
1,256,devtest,eng_Latn,spa_Latn,0.4866745486526617,-0.15218049415792237
1,256,devtest,eng_Latn,rus_Cyrl,0.4530257795891195,-0.1201327524349818
1,256,devtest,eng_Latn,hin_Deva,0.46206242901633204,0.09496497048466715
1,256,devtest,eng_Latn,arb_Arab,0.3724920884043022,-0.20053479987157774
1,256,devtest,eng_Latn,zho_Hans,0.07482164158112872,-0.3395571577824104
1,256,devtest,eng_Latn,jpn_Jpan,0.31192856807817615,-0.2783518929089858
1,256,devtest,eng_Latn,tur_Latn,0.4437099699517645,-0.11459641704798723
1,256,devtest,eng_Latn,vie_Latn,0.3699767379271051,-0.2713344899257916
1,256,devtest,eng_Latn,ind_Latn,0.47292051471618324,-0.13940354278104466
1,256,devtest,deu_Latn,eng_Latn,-0.03170939314292566,-0.3138079430554365
1,256,devtest,deu_Latn,fra_Latn,0.09522634633218721,-0.20629945215872478
1,256,devtest,deu_Latn,spa_Latn,0.07626367999586289,-0.22398482615090948
1,256,devtest,deu_Latn,rus_Cyrl,0.21704094159089066,-0.20521060413693637
1,256,devtest,deu_Latn,hin_Deva,0.3558047349680445,-0.05899528784006447
1,256,devtest,deu_Latn,arb_Arab,0.049629660243162045,-0.25850528256206223
1,256,devtest,deu_Latn,zho_Hans,0.009460437316537151,-0.3130451316356226
1,256,devtest,deu_Latn,jpn_Jpan,-0.11914532786815288,-0.2875803176307069
1,256,devtest,deu_Latn,tur_Latn,0.17017810732890662,-0.19013049460254142
1,256,devtest,deu_Latn,vie_Latn,-0.06201396377202777,-0.2807947266229771
1,256,devtest,deu_Latn,ind_Latn,0.017564086928004825,-0.2053081264382473
1,256,devtest,fra_Latn,eng_Latn,0.016659755114633884,-0.28269230671303675
1,256,devtest,fra_Latn,deu_Latn,0.06880340180945906,-0.11533392194802945
1,256,devtest,fra_Latn,spa_Latn,0.0705345262475502,-0.1800002777685299
1,256,devtest,fra_Latn,rus_Cyrl,0.14604346336052051,-0.19750949138844984
1,256,devtest,fra_Latn,hin_Deva,0.3404778015031933,0.013665086466102318
1,256,devtest,fra_Latn,arb_Arab,0.06551892080951187,-0.22005716687956672
1,256,devtest,fra_Latn,zho_Hans,0.05520470445582108,-0.3326467588931765
1,256,devtest,fra_Latn,jpn_Jpan,-0.090668755038363,-0.2843073344671887
1,256,devtest,fra_Latn,tur_Latn,0.12138441460511744,-0.15986835853581413
1,256,devtest,fra_Latn,vie_Latn,-0.008578099361314085,-0.2765761723344213
1,256,devtest,fra_Latn,ind_Latn,0.11993280018154422,-0.16711108130052477
1,256,devtest,spa_Latn,eng_Latn,-0.08537268150132617,-0.3447927088419133
1,256,devtest,spa_Latn,deu_Latn,0.08786804195287817,-0.13754331957466343
1,256,devtest,spa_Latn,fra_Latn,0.14400976869125331,-0.19039742322039183
1,256,devtest,spa_Latn,rus_Cyrl,0.19016706632883182,-0.19013159296180104
1,256,devtest,spa_Latn,hin_Deva,0.3786335117830053,-0.016299949004110633
1,256,devtest,spa_Latn,arb_Arab,0.08570337007324029,-0.2401603035443384
1,256,devtest,spa_Latn,zho_Hans,-0.030121756088701185,-0.3298785080877399
1,256,devtest,spa_Latn,jpn_Jpan,-0.09906705372486593,-0.297099892471235
1,256,devtest,spa_Latn,tur_Latn,0.19970024120060742,-0.18440697667170278
1,256,devtest,spa_Latn,vie_Latn,-0.00015611259036571603,-0.3144941287854274
1,256,devtest,spa_Latn,ind_Latn,0.10430463256836879,-0.22742860133652118
1,256,devtest,rus_Cyrl,eng_Latn,-0.19874714113409722,-0.3480444370950262
1,256,devtest,rus_Cyrl,deu_Latn,-0.21271184064457868,-0.14870627184424723
1,256,devtest,rus_Cyrl,fra_Latn,-0.14669260668362508,-0.22853359020366465
1,256,devtest,rus_Cyrl,spa_Latn,-0.20423660672391244,-0.23738691773874562
1,256,devtest,rus_Cyrl,hin_Deva,0.42334112831504134,-0.005391740119652706
1,256,devtest,rus_Cyrl,arb_Arab,-0.09851761324243795,-0.28779237837705773
1,256,devtest,rus_Cyrl,zho_Hans,-0.044359019828802575,-0.33449674322202194
1,256,devtest,rus_Cyrl,jpn_Jpan,-0.1554750827084048,-0.3215556067928313
1,256,devtest,rus_Cyrl,tur_Latn,-0.1130509276914611,-0.205609516686248
1,256,devtest,rus_Cyrl,vie_Latn,-0.2070538058399376,-0.30351357196004397
1,256,devtest,rus_Cyrl,ind_Latn,-0.2029056044635609,-0.22195667047479806
1,256,devtest,hin_Deva,eng_Latn,-0.07223893112800918,-0.27654260396815633
1,256,devtest,hin_Deva,deu_Latn,-0.21226958856054212,-0.17136577538562556
1,256,devtest,hin_Deva,fra_Latn,-0.17715745338274597,-0.18524889167743713
1,256,devtest,hin_Deva,spa_Latn,-0.23369123147665177,-0.2002503491472794
1,256,devtest,hin_Deva,rus_Cyrl,-0.18672151225126335,-0.20520972470771945
1,256,devtest,hin_Deva,arb_Arab,-0.1418107801757422,-0.22884381791131128
1,256,devtest,hin_Deva,zho_Hans,-0.056222178651953184,-0.24374898724352026
1,256,devtest,hin_Deva,jpn_Jpan,-0.09857655328141578,-0.25345873414091075
1,256,devtest,hin_Deva,tur_Latn,-0.18934170774176226,-0.20116231471681512
1,256,devtest,hin_Deva,vie_Latn,-0.09673450817377124,-0.24673139477957237
1,256,devtest,hin_Deva,ind_Latn,-0.19531973343118306,-0.1861192466588788
1,256,devtest,arb_Arab,eng_Latn,-0.1449560120988923,-0.24488085910937163
1,256,devtest,arb_Arab,deu_Latn,-0.04219308742706856,-0.04683512584775503
1,256,devtest,arb_Arab,fra_Latn,-0.03274488774513797,-0.1064526478489722
1,256,devtest,arb_Arab,spa_Latn,-0.0004368974982300595,-0.10892397832388788
1,256,devtest,arb_Arab,rus_Cyrl,0.10300336666013674,-0.10743702242255879
1,256,devtest,arb_Arab,hin_Deva,0.365747449548631,0.07579789694087712
1,256,devtest,arb_Arab,zho_Hans,-0.050850019732000186,-0.2339903816755265
1,256,devtest,arb_Arab,jpn_Jpan,-0.13606742301110947,-0.2086524803602744
1,256,devtest,arb_Arab,tur_Latn,0.04268408470210845,-0.10334643808151267
1,256,devtest,arb_Arab,vie_Latn,-0.1341266073693127,-0.17971152453646733
1,256,devtest,arb_Arab,ind_Latn,-0.039788308275694795,-0.11361661905203686
1,256,devtest,zho_Hans,eng_Latn,0.10265797223999247,-0.34661786488605173
1,256,devtest,zho_Hans,deu_Latn,0.5443764596233025,-0.11053056625158163
1,256,devtest,zho_Hans,fra_Latn,0.5170378995266139,-0.1609672461938922
1,256,devtest,zho_Hans,spa_Latn,0.5135927104861838,-0.17483329490316812
1,256,devtest,zho_Hans,rus_Cyrl,0.5286147955916335,-0.1466289860698834
1,256,devtest,zho_Hans,hin_Deva,0.4982028423121661,0.07216425959412098
1,256,devtest,zho_Hans,arb_Arab,0.4911971409873376,-0.22180563390786884
1,256,devtest,zho_Hans,jpn_Jpan,0.451076764565742,-0.33275707828513634
1,256,devtest,zho_Hans,tur_Latn,0.4673105123856768,-0.11883945892069928
1,256,devtest,zho_Hans,vie_Latn,0.4177020866877488,-0.24562863150513978
1,256,devtest,zho_Hans,ind_Latn,0.47061681204459815,-0.1582948399000182
1,256,devtest,jpn_Jpan,eng_Latn,-0.2303831047821491,-0.2891523441407952
1,256,devtest,jpn_Jpan,deu_Latn,0.2556201988059854,-0.060956067432546356
1,256,devtest,jpn_Jpan,fra_Latn,0.2557501970904187,-0.12739333357859373
1,256,devtest,jpn_Jpan,spa_Latn,0.17754163091531167,-0.15141202736093365
1,256,devtest,jpn_Jpan,rus_Cyrl,0.34778634739284753,-0.10849902081133884
1,256,devtest,jpn_Jpan,hin_Deva,0.4084309302362828,0.08955390493047354
1,256,devtest,jpn_Jpan,arb_Arab,0.2612336875473586,-0.15586541309448051
1,256,devtest,jpn_Jpan,zho_Hans,-0.04137428581290704,-0.31623857264499533
1,256,devtest,jpn_Jpan,tur_Latn,0.2413706398334415,-0.07877315667459371
1,256,devtest,jpn_Jpan,vie_Latn,0.08264977541651614,-0.2228678847258915
1,256,devtest,jpn_Jpan,ind_Latn,0.16499676463798774,-0.12427424910027196
1,256,devtest,tur_Latn,eng_Latn,-0.11865523705061344,-0.2567016189224862
1,256,devtest,tur_Latn,deu_Latn,-0.03942237801139629,-0.07952957088128174
1,256,devtest,tur_Latn,fra_Latn,-0.013700890887308246,-0.13749368027665373
1,256,devtest,tur_Latn,spa_Latn,-0.05881802446732275,-0.15284753724194292
1,256,devtest,tur_Latn,rus_Cyrl,0.06482362661628577,-0.1313354340747527
1,256,devtest,tur_Latn,hin_Deva,0.39538249847898777,0.03230093172469897
1,256,devtest,tur_Latn,arb_Arab,0.022242610402454163,-0.18069112814912036
1,256,devtest,tur_Latn,zho_Hans,-0.08142974102526632,-0.21489642841404705
1,256,devtest,tur_Latn,jpn_Jpan,-0.15111812121170345,-0.2052924729519945
1,256,devtest,tur_Latn,vie_Latn,-0.09294938361062971,-0.21837217066005835
1,256,devtest,tur_Latn,ind_Latn,-0.024947314184095737,-0.10996445026333258
1,256,devtest,vie_Latn,eng_Latn,-0.13397567051135795,-0.2747385540810597
1,256,devtest,vie_Latn,deu_Latn,0.23622111967530135,-0.028662732672144767
1,256,devtest,vie_Latn,fra_Latn,0.19035263290894794,-0.1239810112232447
1,256,devtest,vie_Latn,spa_Latn,0.1966748502747964,-0.1709092706631309
1,256,devtest,vie_Latn,rus_Cyrl,0.31463170916642463,-0.10935559350735063
1,256,devtest,vie_Latn,hin_Deva,0.4114254411084344,0.08164778215558097
1,256,devtest,vie_Latn,arb_Arab,0.22619149849566378,-0.14362904885706199
1,256,devtest,vie_Latn,zho_Hans,-0.07861007000212293,-0.2555844842170781
1,256,devtest,vie_Latn,jpn_Jpan,-0.048686645193860754,-0.23088324608668365
1,256,devtest,vie_Latn,tur_Latn,0.20410586822172172,-0.09423647513798263
1,256,devtest,vie_Latn,ind_Latn,0.21636304561007505,-0.08440782480177354
1,256,devtest,ind_Latn,eng_Latn,0.001192836532258688,-0.31073324608703173
1,256,devtest,ind_Latn,deu_Latn,0.04219170806920986,-0.12200537070137128
1,256,devtest,ind_Latn,fra_Latn,0.08259112933985567,-0.17758545036729592
1,256,devtest,ind_Latn,spa_Latn,0.055180503704186784,-0.22924460118805923
1,256,devtest,ind_Latn,rus_Cyrl,0.15113537559447,-0.192439354544636
1,256,devtest,ind_Latn,hin_Deva,0.39702413790485536,0.009089252638982163
1,256,devtest,ind_Latn,arb_Arab,0.04938511048524932,-0.24714539904981406
1,256,devtest,ind_Latn,zho_Hans,-0.003074082876345257,-0.29018321774283196
1,256,devtest,ind_Latn,jpn_Jpan,-0.15665200342951408,-0.2879493284598495
1,256,devtest,ind_Latn,tur_Latn,0.11488831016007393,-0.18838069221103823
1,256,devtest,ind_Latn,vie_Latn,0.004446879748347078,-0.25461148539977746
2,64,devtest,eng_Latn,deu_Latn,0.433085898380572,-0.09463836253860866
2,64,devtest,eng_Latn,fra_Latn,0.38161008535212415,-0.15918259529548015
2,64,devtest,eng_Latn,spa_Latn,0.355348105488622,-0.19976434865823714
2,64,devtest,eng_Latn,rus_Cyrl,0.28224275197700943,-0.1734014124046087
2,64,devtest,eng_Latn,hin_Deva,0.2913736301949296,0.10064626477397498
2,64,devtest,eng_Latn,arb_Arab,0.2582237929444384,-0.15576425623918197
2,64,devtest,eng_Latn,zho_Hans,0.10183833144801226,-0.3639602383547248
2,64,devtest,eng_Latn,jpn_Jpan,0.21750053326545402,-0.27801495362976025
2,64,devtest,eng_Latn,tur_Latn,0.30810480847451027,-0.17052106045956086
2,64,devtest,eng_Latn,vie_Latn,0.27936650078413866,-0.2885026543966175
2,64,devtest,eng_Latn,ind_Latn,0.38280352154090613,-0.17060123848604847
2,64,devtest,deu_Latn,eng_Latn,0.10986528112966694,-0.31425666300568655
2,64,devtest,deu_Latn,fra_Latn,0.11387596869929582,-0.25160513925049366
2,64,devtest,deu_Latn,spa_Latn,0.1187649751994696,-0.24714673782069266
2,64,devtest,deu_Latn,rus_Cyrl,0.10296973058206858,-0.2479653672121964
2,64,devtest,deu_Latn,hin_Deva,0.22672427374901516,-0.04222357684345209
2,64,devtest,deu_Latn,arb_Arab,0.010065964808928572,-0.24904788667308056
2,64,devtest,deu_Latn,zho_Hans,0.1136966688204127,-0.31858555458735366
2,64,devtest,deu_Latn,jpn_Jpan,-0.02439771395700228,-0.27139002022770214
2,64,devtest,deu_Latn,tur_Latn,0.17273184200583616,-0.2230601225793049
2,64,devtest,deu_Latn,vie_Latn,-0.011493440613911561,-0.27705947886554183
2,64,devtest,deu_Latn,ind_Latn,0.010542457954866793,-0.21902041842372763
2,64,devtest,fra_Latn,eng_Latn,0.1265215782757359,-0.30144842463414007
2,64,devtest,fra_Latn,deu_Latn,0.10925539806018388,-0.17819179410503197
2,64,devtest,fra_Latn,spa_Latn,0.13890645718700068,-0.2362366660890021
2,64,devtest,fra_Latn,rus_Cyrl,0.047795417625065305,-0.26019782628760124
2,64,devtest,fra_Latn,hin_Deva,0.20563653087272638,-0.007916792484362944
2,64,devtest,fra_Latn,arb_Arab,0.0507667026658435,-0.21861619842594832
2,64,devtest,fra_Latn,zho_Hans,0.16565429104673254,-0.3461865787195921
2,64,devtest,fra_Latn,jpn_Jpan,-0.020115266982635056,-0.3183670563018325
2,64,devtest,fra_Latn,tur_Latn,0.11644207870903718,-0.1957714526313997
2,64,devtest,fra_Latn,vie_Latn,0.08267478826354166,-0.2937735267348079
2,64,devtest,fra_Latn,ind_Latn,0.14486475809733593,-0.21232246615114797
2,64,devtest,spa_Latn,eng_Latn,0.04155270367912681,-0.3770057771848476
2,64,devtest,spa_Latn,deu_Latn,0.09669025899196267,-0.1754466543291737
2,64,devtest,spa_Latn,fra_Latn,0.15217040016770242,-0.24556889558060965
2,64,devtest,spa_Latn,rus_Cyrl,0.07682271904111261,-0.24267229419315403
2,64,devtest,spa_Latn,hin_Deva,0.24453856871755625,-0.020223869072356394
2,64,devtest,spa_Latn,arb_Arab,0.04983191826426934,-0.24807805314679784
2,64,devtest,spa_Latn,zho_Hans,0.08558142030144576,-0.3751196681596908
2,64,devtest,spa_Latn,jpn_Jpan,-0.03675675053676553,-0.3241659476733742
2,64,devtest,spa_Latn,tur_Latn,0.159811921072593,-0.2151832088305031
2,64,devtest,spa_Latn,vie_Latn,0.05016781867340809,-0.32306601182993255
2,64,devtest,spa_Latn,ind_Latn,0.09055420269170744,-0.25316410025921515
2,64,devtest,rus_Cyrl,eng_Latn,-0.045867781186580144,-0.33007251712743935
2,64,devtest,rus_Cyrl,deu_Latn,-0.059115047045720764,-0.17487838264473865
2,64,devtest,rus_Cyrl,fra_Latn,-0.032784377740398225,-0.25460441638209436
2,64,devtest,rus_Cyrl,spa_Latn,-0.05931539314272464,-0.23481286155357223
2,64,devtest,rus_Cyrl,hin_Deva,0.2641945938955961,0.008213152360446856
2,64,devtest,rus_Cyrl,arb_Arab,-0.007549900054031447,-0.19939639137916615
2,64,devtest,rus_Cyrl,zho_Hans,0.09120743240174314,-0.3314091832661841
2,64,devtest,rus_Cyrl,jpn_Jpan,-0.054261850957215585,-0.2942334838317039
2,64,devtest,rus_Cyrl,tur_Latn,-0.03546781646618774,-0.22180998590970508
2,64,devtest,rus_Cyrl,vie_Latn,-0.06156865515938601,-0.29753848746028516
2,64,devtest,rus_Cyrl,ind_Latn,-0.08707635088551983,-0.21937356838264968
2,64,devtest,hin_Deva,eng_Latn,-0.054569194198306165,-0.3090771001598647
2,64,devtest,hin_Deva,deu_Latn,-0.13464196443587184,-0.20174954605172826
2,64,devtest,hin_Deva,fra_Latn,-0.12232879677999103,-0.23265733741022007
2,64,devtest,hin_Deva,spa_Latn,-0.17265199512836346,-0.2502177462208236
2,64,devtest,hin_Deva,rus_Cyrl,-0.07821575998741238,-0.2400755883198594
2,64,devtest,hin_Deva,arb_Arab,-0.11664639702334842,-0.2269599130896238
2,64,devtest,hin_Deva,zho_Hans,-0.03132895943843149,-0.2825586290416525
2,64,devtest,hin_Deva,jpn_Jpan,-0.05897413875116648,-0.26334389559319615
2,64,devtest,hin_Deva,tur_Latn,-0.12953007897949737,-0.2521834420852566
2,64,devtest,hin_Deva,vie_Latn,-0.09152668778081631,-0.28950831602528704
2,64,devtest,hin_Deva,ind_Latn,-0.13477369393112673,-0.23219366941608635
2,64,devtest,arb_Arab,eng_Latn,-0.021658576720165315,-0.27815898419418583
2,64,devtest,arb_Arab,deu_Latn,-0.02925397538385134,-0.13768909536815493
2,64,devtest,arb_Arab,fra_Latn,0.033898872169879246,-0.19320627935001156
2,64,devtest,arb_Arab,spa_Latn,0.03224478627126244,-0.20655000246711464
2,64,devtest,arb_Arab,rus_Cyrl,0.034963308963584426,-0.17155905054136358
2,64,devtest,arb_Arab,hin_Deva,0.24118101965030125,0.02941635029659541
2,64,devtest,arb_Arab,zho_Hans,0.1070969945869499,-0.3160849320299909
2,64,devtest,arb_Arab,jpn_Jpan,-0.0783401617039394,-0.2525673787526039
2,64,devtest,arb_Arab,tur_Latn,0.03911269397863938,-0.16479424935044182
2,64,devtest,arb_Arab,vie_Latn,-0.044471011655041234,-0.24901446394303084
2,64,devtest,arb_Arab,ind_Latn,-0.0070930043854872974,-0.17701617857005048
2,64,devtest,zho_Hans,eng_Latn,0.14922275246278374,-0.3457722973628536
2,64,devtest,zho_Hans,deu_Latn,0.3203565672774515,-0.08942126352697641
2,64,devtest,zho_Hans,fra_Latn,0.31529261285711246,-0.16844048667776024
2,64,devtest,zho_Hans,spa_Latn,0.32826181914652364,-0.1857275605650451
2,64,devtest,zho_Hans,rus_Cyrl,0.33053985238288075,-0.16577264865866317
2,64,devtest,zho_Hans,hin_Deva,0.26663000258911734,0.11420443805169828
2,64,devtest,zho_Hans,arb_Arab,0.31984887714173604,-0.1842206146927552
2,64,devtest,zho_Hans,jpn_Jpan,0.31028782777316793,-0.31328948733192136
2,64,devtest,zho_Hans,tur_Latn,0.3202803117469655,-0.14646141965794307
2,64,devtest,zho_Hans,vie_Latn,0.228241605857184,-0.23491102714130443
2,64,devtest,zho_Hans,ind_Latn,0.2901377578380591,-0.1365748726170428
2,64,devtest,jpn_Jpan,eng_Latn,-0.06565465103536927,-0.31787672021350344
2,64,devtest,jpn_Jpan,deu_Latn,0.1471841918190087,-0.1121341863885869
2,64,devtest,jpn_Jpan,fra_Latn,0.13816216194635852,-0.19620622831170434
2,64,devtest,jpn_Jpan,spa_Latn,0.12592794776042787,-0.20572249278940857
2,64,devtest,jpn_Jpan,rus_Cyrl,0.19265944240830538,-0.16542285696023123
2,64,devtest,jpn_Jpan,hin_Deva,0.2913152262359824,0.09055363773410939
2,64,devtest,jpn_Jpan,arb_Arab,0.16631923315621103,-0.1473080684391781
2,64,devtest,jpn_Jpan,zho_Hans,0.10962640850830652,-0.33176565078163717
2,64,devtest,jpn_Jpan,tur_Latn,0.1362886817279417,-0.14410739891831253
2,64,devtest,jpn_Jpan,vie_Latn,0.05682200502851234,-0.2502995710565154
2,64,devtest,jpn_Jpan,ind_Latn,0.111491724877471,-0.18456849823542806
2,64,devtest,tur_Latn,eng_Latn,-0.009471773444075562,-0.33172302796279757
2,64,devtest,tur_Latn,deu_Latn,0.04655194142982119,-0.16380411673914091
2,64,devtest,tur_Latn,fra_Latn,0.02890071169670344,-0.21683610033904305
2,64,devtest,tur_Latn,spa_Latn,0.05136462587106649,-0.22993268320755275
2,64,devtest,tur_Latn,rus_Cyrl,-0.005326647030811951,-0.24008083167764943
2,64,devtest,tur_Latn,hin_Deva,0.2858501561882339,-0.018966260576829076
2,64,devtest,tur_Latn,arb_Arab,0.021715245699454374,-0.19006600402510143
2,64,devtest,tur_Latn,zho_Hans,0.0775263780264675,-0.3312028180303613
2,64,devtest,tur_Latn,jpn_Jpan,-0.06728280938508183,-0.27578695454745145
2,64,devtest,tur_Latn,vie_Latn,-0.03296575610662037,-0.2918979011846201
2,64,devtest,tur_Latn,ind_Latn,0.010007570792823836,-0.1897572845851356
2,64,devtest,vie_Latn,eng_Latn,0.009008185996270287,-0.30883852417642255
2,64,devtest,vie_Latn,deu_Latn,0.1506604432859535,-0.0893152383949301
2,64,devtest,vie_Latn,fra_Latn,0.16345000509345622,-0.19101844780971675
2,64,devtest,vie_Latn,spa_Latn,0.15773787498350011,-0.21173410705716444
2,64,devtest,vie_Latn,rus_Cyrl,0.1441995449064263,-0.18916624086979847
2,64,devtest,vie_Latn,hin_Deva,0.2442435617292139,0.07617289478232148
2,64,devtest,vie_Latn,arb_Arab,0.12327114676383354,-0.16824925168794766
2,64,devtest,vie_Latn,zho_Hans,0.05480861819273329,-0.27438616184749776
2,64,devtest,vie_Latn,jpn_Jpan,-0.023270850538158135,-0.25151011332592316
2,64,devtest,vie_Latn,tur_Latn,0.12465048650095138,-0.16431730589218754
2,64,devtest,vie_Latn,ind_Latn,0.15083872267754606,-0.16160628433632748
2,64,devtest,ind_Latn,eng_Latn,0.09709577755108012,-0.33583738741781155
2,64,devtest,ind_Latn,deu_Latn,0.022146620382342993,-0.14659034750025063
2,64,devtest,ind_Latn,fra_Latn,0.07530055703845785,-0.22178603393085813
2,64,devtest,ind_Latn,spa_Latn,0.09450638553263058,-0.26135544979334846
2,64,devtest,ind_Latn,rus_Cyrl,-0.0022674160397595155,-0.22544373758835293
2,64,devtest,ind_Latn,hin_Deva,0.2521624718739076,0.0018671283877500743
2,64,devtest,ind_Latn,arb_Arab,0.020343362386630676,-0.2133429298832348
2,64,devtest,ind_Latn,zho_Hans,0.11268148241907802,-0.31631214956410775
2,64,devtest,ind_Latn,jpn_Jpan,-0.04889247714055589,-0.30406342011138987
2,64,devtest,ind_Latn,tur_Latn,0.10114143790923973,-0.21084596371105077
2,64,devtest,ind_Latn,vie_Latn,0.0853839645652454,-0.28829018055655015
2,128,devtest,eng_Latn,deu_Latn,0.47253458606952686,-0.09048773049992145
2,128,devtest,eng_Latn,fra_Latn,0.4142909134624461,-0.15833424570870766
2,128,devtest,eng_Latn,spa_Latn,0.4100266840240616,-0.1885340376147944
2,128,devtest,eng_Latn,rus_Cyrl,0.32493151394821523,-0.1642043118089096
2,128,devtest,eng_Latn,hin_Deva,0.34681230179941436,0.10821620612216772
2,128,devtest,eng_Latn,arb_Arab,0.3144944173923389,-0.16009923280239682
2,128,devtest,eng_Latn,zho_Hans,0.08306336946834855,-0.3646770709311495
2,128,devtest,eng_Latn,jpn_Jpan,0.23770220126595015,-0.2948374844995653
2,128,devtest,eng_Latn,tur_Latn,0.3685870234492582,-0.15037381576222297
2,128,devtest,eng_Latn,vie_Latn,0.32347088528179807,-0.28758793992953313
2,128,devtest,eng_Latn,ind_Latn,0.43074638337867,-0.16159827714049915
2,128,devtest,deu_Latn,eng_Latn,0.07586446101296714,-0.3272399156131634
2,128,devtest,deu_Latn,fra_Latn,0.11091227063670087,-0.24293453452100283
2,128,devtest,deu_Latn,spa_Latn,0.11819188025833066,-0.24861764379328674
2,128,devtest,deu_Latn,rus_Cyrl,0.11098004137791023,-0.2523427719265572
2,128,devtest,deu_Latn,hin_Deva,0.2672295555583482,-0.04116438536431826
2,128,devtest,deu_Latn,arb_Arab,0.02893339167690709,-0.24790734235560025
2,128,devtest,deu_Latn,zho_Hans,0.10660057375143568,-0.34394900571205006
2,128,devtest,deu_Latn,jpn_Jpan,-0.05516440953711185,-0.29459143190129616
2,128,devtest,deu_Latn,tur_Latn,0.1801509211727284,-0.2304895178425524
2,128,devtest,deu_Latn,vie_Latn,-0.01586275974830351,-0.2937829663796109
2,128,devtest,deu_Latn,ind_Latn,0.02771557713890763,-0.19943700763576536
2,128,devtest,fra_Latn,eng_Latn,0.1074808259940221,-0.3077413702083726
2,128,devtest,fra_Latn,deu_Latn,0.08845768839345802,-0.15733096662489757
2,128,devtest,fra_Latn,spa_Latn,0.13079628761879564,-0.24673316633513553
2,128,devtest,fra_Latn,rus_Cyrl,0.0753334740033838,-0.2515421797182709
2,128,devtest,fra_Latn,hin_Deva,0.26708039607458667,0.002875275889509508
2,128,devtest,fra_Latn,arb_Arab,0.04472107227546992,-0.21581627997071068
2,128,devtest,fra_Latn,zho_Hans,0.15029619946731443,-0.34942096141614365
2,128,devtest,fra_Latn,jpn_Jpan,-0.050291765732758495,-0.31971233144954186
2,128,devtest,fra_Latn,tur_Latn,0.13129724858117756,-0.19343537226252086
2,128,devtest,fra_Latn,vie_Latn,0.05397816289636759,-0.30132549066161846
2,128,devtest,fra_Latn,ind_Latn,0.13623590828527218,-0.21320460652783926
2,128,devtest,spa_Latn,eng_Latn,0.022520615284471236,-0.3929038676568007
2,128,devtest,spa_Latn,deu_Latn,0.1005649956928571,-0.1837738681247104
2,128,devtest,spa_Latn,fra_Latn,0.1576230366202473,-0.25483797245314416
2,128,devtest,spa_Latn,rus_Cyrl,0.0995822519718522,-0.2543317865173856
2,128,devtest,spa_Latn,hin_Deva,0.30691974986312853,-0.026332287353503556
2,128,devtest,spa_Latn,arb_Arab,0.07995082941135319,-0.2527472240010468
2,128,devtest,spa_Latn,zho_Hans,0.0756721780037248,-0.3890115584888131
2,128,devtest,spa_Latn,jpn_Jpan,-0.047909771162251764,-0.3342121710260054
2,128,devtest,spa_Latn,tur_Latn,0.1783499506836986,-0.22556606197057105
2,128,devtest,spa_Latn,vie_Latn,0.027797680523738617,-0.3413379097250743
2,128,devtest,spa_Latn,ind_Latn,0.09995555671094632,-0.27295421778379586
2,128,devtest,rus_Cyrl,eng_Latn,-0.0827154725953415,-0.33816139366436665
2,128,devtest,rus_Cyrl,deu_Latn,-0.11478066535509432,-0.17652633798359055
2,128,devtest,rus_Cyrl,fra_Latn,-0.052823956867348476,-0.2664494076992027
2,128,devtest,rus_Cyrl,spa_Latn,-0.10139270206029953,-0.24916026126771268
2,128,devtest,rus_Cyrl,hin_Deva,0.32598312913431804,0.0002846039592611586
2,128,devtest,rus_Cyrl,arb_Arab,-0.03469987464994645,-0.23841607051546984
2,128,devtest,rus_Cyrl,zho_Hans,0.06385305298880548,-0.362899061889904
2,128,devtest,rus_Cyrl,jpn_Jpan,-0.08473203023225728,-0.3244342969337595
2,128,devtest,rus_Cyrl,tur_Latn,-0.05730342139980616,-0.22132164312978417
2,128,devtest,rus_Cyrl,vie_Latn,-0.09088003377986217,-0.31132987441640864
2,128,devtest,rus_Cyrl,ind_Latn,-0.11869488849213662,-0.2301179748223238
2,128,devtest,hin_Deva,eng_Latn,-0.08070965950732069,-0.32297195078458135
2,128,devtest,hin_Deva,deu_Latn,-0.18113240235661288,-0.2128328158329823
2,128,devtest,hin_Deva,fra_Latn,-0.14544535570429973,-0.24764853242468643
2,128,devtest,hin_Deva,spa_Latn,-0.21137465664772606,-0.2775794948124444
2,128,devtest,hin_Deva,rus_Cyrl,-0.11896344995784357,-0.25724204511641346
2,128,devtest,hin_Deva,arb_Arab,-0.13667904785426174,-0.22803154249758323
2,128,devtest,hin_Deva,zho_Hans,-0.03758719072655895,-0.28449535161963474
2,128,devtest,hin_Deva,jpn_Jpan,-0.08165279210224921,-0.28036662058976625
2,128,devtest,hin_Deva,tur_Latn,-0.16239396198488948,-0.25177358279983103
2,128,devtest,hin_Deva,vie_Latn,-0.11101944612881937,-0.29840905265702544
2,128,devtest,hin_Deva,ind_Latn,-0.16705644005681833,-0.24913493105683351
2,128,devtest,arb_Arab,eng_Latn,-0.051970386996778806,-0.28452941806291504
2,128,devtest,arb_Arab,deu_Latn,-0.031715473731564775,-0.13085546899124012
2,128,devtest,arb_Arab,fra_Latn,0.021744405594407858,-0.19602544158868068
2,128,devtest,arb_Arab,spa_Latn,0.016961196149497898,-0.18992749253751168
2,128,devtest,arb_Arab,rus_Cyrl,0.058079218383636354,-0.1911773357928723
2,128,devtest,arb_Arab,hin_Deva,0.3061845701019625,0.050258392062083976
2,128,devtest,arb_Arab,zho_Hans,0.06293844960698868,-0.30065070744688105
2,128,devtest,arb_Arab,jpn_Jpan,-0.08769514176574135,-0.2512268081594337
2,128,devtest,arb_Arab,tur_Latn,0.03502995824865638,-0.1529769998329796
2,128,devtest,arb_Arab,vie_Latn,-0.06620863958140455,-0.24512207164467692
2,128,devtest,arb_Arab,ind_Latn,-0.018952563022293346,-0.17947604609125337
2,128,devtest,zho_Hans,eng_Latn,0.12355347610423063,-0.37028956932845275
2,128,devtest,zho_Hans,deu_Latn,0.3855736342971581,-0.12172915675958314
2,128,devtest,zho_Hans,fra_Latn,0.3718593695866176,-0.19255819449009956
2,128,devtest,zho_Hans,spa_Latn,0.3852384658438259,-0.20156581740378124
2,128,devtest,zho_Hans,rus_Cyrl,0.3811745389338082,-0.19053737575859922
2,128,devtest,zho_Hans,hin_Deva,0.34313349807861776,0.10571492427685415
2,128,devtest,zho_Hans,arb_Arab,0.36898932972223597,-0.1897559873498535
2,128,devtest,zho_Hans,jpn_Jpan,0.35325971427250336,-0.33587201233906505
2,128,devtest,zho_Hans,tur_Latn,0.37125084845894063,-0.1442884010810834
2,128,devtest,zho_Hans,vie_Latn,0.2927637675032678,-0.2622994923259283
2,128,devtest,zho_Hans,ind_Latn,0.34369209421007263,-0.1412459435767623
2,128,devtest,jpn_Jpan,eng_Latn,-0.1230434481474112,-0.3447426007100203
2,128,devtest,jpn_Jpan,deu_Latn,0.1723905420191006,-0.1284451215099932
2,128,devtest,jpn_Jpan,fra_Latn,0.1650369311152874,-0.210533511110128
2,128,devtest,jpn_Jpan,spa_Latn,0.1434006805130058,-0.21384754664002265
2,128,devtest,jpn_Jpan,rus_Cyrl,0.2259962632125358,-0.19392497804869638
2,128,devtest,jpn_Jpan,hin_Deva,0.34422166364379386,0.07969148362488442
2,128,devtest,jpn_Jpan,arb_Arab,0.21816153904796076,-0.1561021883721695
2,128,devtest,jpn_Jpan,zho_Hans,0.08377528884619885,-0.35053586645165424
2,128,devtest,jpn_Jpan,tur_Latn,0.17239282233415718,-0.1457011601832782
2,128,devtest,jpn_Jpan,vie_Latn,0.05856741015481001,-0.2669651962418842
2,128,devtest,jpn_Jpan,ind_Latn,0.12632690930652762,-0.19020330537726576
2,128,devtest,tur_Latn,eng_Latn,-0.02338912443870338,-0.33618307263734615
2,128,devtest,tur_Latn,deu_Latn,0.03623077997704015,-0.16693797059372334
2,128,devtest,tur_Latn,fra_Latn,0.027139081402928072,-0.23120211199846713
2,128,devtest,tur_Latn,spa_Latn,0.024759922829500566,-0.2399448591137323
2,128,devtest,tur_Latn,rus_Cyrl,0.011836123707232978,-0.23401876961854914
2,128,devtest,tur_Latn,hin_Deva,0.34029878582706047,-0.004568115823108709
2,128,devtest,tur_Latn,arb_Arab,0.015211219978424562,-0.19284799023611784
2,128,devtest,tur_Latn,zho_Hans,0.04873696001996564,-0.3232039934204698
2,128,devtest,tur_Latn,jpn_Jpan,-0.08859658234808267,-0.27766651737170917
2,128,devtest,tur_Latn,vie_Latn,-0.036883663040312986,-0.2944355695833428
2,128,devtest,tur_Latn,ind_Latn,0.004710140211633334,-0.19599520361682413
2,128,devtest,vie_Latn,eng_Latn,-0.02583354413769011,-0.3243419923857056
2,128,devtest,vie_Latn,deu_Latn,0.17811259572033497,-0.09572030842436008
2,128,devtest,vie_Latn,fra_Latn,0.1707388409559567,-0.2027575137814598
2,128,devtest,vie_Latn,spa_Latn,0.15255206541485025,-0.2225221142361084
2,128,devtest,vie_Latn,rus_Cyrl,0.19178966944536008,-0.2012640190126329
2,128,devtest,vie_Latn,hin_Deva,0.310077452923064,0.07103275882344709
2,128,devtest,vie_Latn,arb_Arab,0.15500610041941634,-0.17178292056369465
2,128,devtest,vie_Latn,zho_Hans,0.04892585199872132,-0.3049114803500109
2,128,devtest,vie_Latn,jpn_Jpan,-0.02823458085769318,-0.26561162693972723
2,128,devtest,vie_Latn,tur_Latn,0.16587824290734032,-0.1615059172599477
2,128,devtest,vie_Latn,ind_Latn,0.17457818800424704,-0.15463248741721042
2,128,devtest,ind_Latn,eng_Latn,0.09089038998360237,-0.3546109830337654
2,128,devtest,ind_Latn,deu_Latn,0.02445791600367501,-0.13933174449507962
2,128,devtest,ind_Latn,fra_Latn,0.07602104017647682,-0.23158433544835544
2,128,devtest,ind_Latn,spa_Latn,0.09677973178957017,-0.2778051397832389
2,128,devtest,ind_Latn,rus_Cyrl,0.038956824872265754,-0.23274957479765462
2,128,devtest,ind_Latn,hin_Deva,0.3141398285257294,-0.0050826303233928475
2,128,devtest,ind_Latn,arb_Arab,0.04498692135666327,-0.23435847063517545
2,128,devtest,ind_Latn,zho_Hans,0.09349999399434154,-0.3207256069252532
2,128,devtest,ind_Latn,jpn_Jpan,-0.08362124984034576,-0.3076509680856688
2,128,devtest,ind_Latn,tur_Latn,0.11813092213485438,-0.22360489670452366
2,128,devtest,ind_Latn,vie_Latn,0.06676377522762392,-0.28575792502773556
2,256,devtest,eng_Latn,deu_Latn,0.520277989190871,-0.08309940561919048
2,256,devtest,eng_Latn,fra_Latn,0.43920470332025235,-0.15906168288500183
2,256,devtest,eng_Latn,spa_Latn,0.43796968720868434,-0.18053202746122562
2,256,devtest,eng_Latn,rus_Cyrl,0.36447888720836363,-0.16357402507996535
2,256,devtest,eng_Latn,hin_Deva,0.401955408629895,0.1136173929444287
2,256,devtest,eng_Latn,arb_Arab,0.35408832679611896,-0.17686438964011678
2,256,devtest,eng_Latn,zho_Hans,0.06240008698033107,-0.37489629053649143
2,256,devtest,eng_Latn,jpn_Jpan,0.2816002345783605,-0.2888808241744998
2,256,devtest,eng_Latn,tur_Latn,0.4093099324030336,-0.14215653922700464
2,256,devtest,eng_Latn,vie_Latn,0.34896871990542927,-0.30359508992295864
2,256,devtest,eng_Latn,ind_Latn,0.45783718412613195,-0.1504352398588791
2,256,devtest,deu_Latn,eng_Latn,0.05801070276369122,-0.3462240181154287
2,256,devtest,deu_Latn,fra_Latn,0.11510249423747612,-0.2553849437297726
2,256,devtest,deu_Latn,spa_Latn,0.10306412504478597,-0.2642525792665
2,256,devtest,deu_Latn,rus_Cyrl,0.13417747753254952,-0.24656044804505775
2,256,devtest,deu_Latn,hin_Deva,0.32004464189104215,-0.04457572885340577
2,256,devtest,deu_Latn,arb_Arab,0.0471426701295439,-0.2560310154708353
2,256,devtest,deu_Latn,zho_Hans,0.06827282495470326,-0.34804026263548005
2,256,devtest,deu_Latn,jpn_Jpan,-0.08295410560657684,-0.30967738788114835
2,256,devtest,deu_Latn,tur_Latn,0.18672208853864272,-0.2352636545612826
2,256,devtest,deu_Latn,vie_Latn,-0.049983074602807084,-0.30955725464297074
2,256,devtest,deu_Latn,ind_Latn,0.04135450321991105,-0.21976478282621767
2,256,devtest,fra_Latn,eng_Latn,0.08443956427360166,-0.31583425136638
2,256,devtest,fra_Latn,deu_Latn,0.08509477197149216,-0.15883612395080565
2,256,devtest,fra_Latn,spa_Latn,0.11997673916024111,-0.2569147892899663
2,256,devtest,fra_Latn,rus_Cyrl,0.08354200965745945,-0.24238551713995155
2,256,devtest,fra_Latn,hin_Deva,0.3192941607757742,0.013550254356758976
2,256,devtest,fra_Latn,arb_Arab,0.042309346321095245,-0.22722437454090683
2,256,devtest,fra_Latn,zho_Hans,0.12675841868910787,-0.3553358568796927
2,256,devtest,fra_Latn,jpn_Jpan,-0.06081588692604838,-0.31961682676789593
2,256,devtest,fra_Latn,tur_Latn,0.13144755824930746,-0.19221484503306432
2,256,devtest,fra_Latn,vie_Latn,0.03597686942047212,-0.312369872221023
2,256,devtest,fra_Latn,ind_Latn,0.1260521589106622,-0.217890195691337
2,256,devtest,spa_Latn,eng_Latn,-0.012967803071203269,-0.3899503960966454
2,256,devtest,spa_Latn,deu_Latn,0.10189936660849483,-0.18237421943654344
2,256,devtest,spa_Latn,fra_Latn,0.1490536955333199,-0.25764673555567225
2,256,devtest,spa_Latn,rus_Cyrl,0.11649230446653076,-0.23784815261937942
2,256,devtest,spa_Latn,hin_Deva,0.35224939129982213,-0.020039508059282247
2,256,devtest,spa_Latn,arb_Arab,0.07633086314710041,-0.24694885071634926
2,256,devtest,spa_Latn,zho_Hans,0.04806801979155543,-0.39816885007233715
2,256,devtest,spa_Latn,jpn_Jpan,-0.05879228500411684,-0.32624248161979547
2,256,devtest,spa_Latn,tur_Latn,0.19133202790231316,-0.2122687275982677
2,256,devtest,spa_Latn,vie_Latn,0.011322305154876425,-0.348855959235324
2,256,devtest,spa_Latn,ind_Latn,0.09689070623373754,-0.26011447640493773
2,256,devtest,rus_Cyrl,eng_Latn,-0.13035086856654018,-0.3594331654892747
2,256,devtest,rus_Cyrl,deu_Latn,-0.15074734505536766,-0.17034586427906545
2,256,devtest,rus_Cyrl,fra_Latn,-0.08918475376006417,-0.2666997333350047
2,256,devtest,rus_Cyrl,spa_Latn,-0.14589638750443826,-0.2459220585810781
2,256,devtest,rus_Cyrl,hin_Deva,0.38280331651538096,0.012362021704446089
2,256,devtest,rus_Cyrl,arb_Arab,-0.04595476699886861,-0.24973116742727236
2,256,devtest,rus_Cyrl,zho_Hans,0.02291321262938039,-0.3637710023645202
2,256,devtest,rus_Cyrl,jpn_Jpan,-0.11341214193508671,-0.32897339352925864
2,256,devtest,rus_Cyrl,tur_Latn,-0.07705833803552939,-0.22393224778903112
2,256,devtest,rus_Cyrl,vie_Latn,-0.15193829295116335,-0.3136051950234317
2,256,devtest,rus_Cyrl,ind_Latn,-0.16255679118319102,-0.2371980734003306
2,256,devtest,hin_Deva,eng_Latn,-0.089106582083013,-0.32739156888499654
2,256,devtest,hin_Deva,deu_Latn,-0.20385740087523574,-0.21892732205684398
2,256,devtest,hin_Deva,fra_Latn,-0.1539518809689297,-0.2506675200056573
2,256,devtest,hin_Deva,spa_Latn,-0.23594783965357313,-0.2844726843709246
2,256,devtest,hin_Deva,rus_Cyrl,-0.14710889766068536,-0.25691242995348973
2,256,devtest,hin_Deva,arb_Arab,-0.16026313712598475,-0.235688992987866
2,256,devtest,hin_Deva,zho_Hans,-0.04456765031373919,-0.2822159104787014
2,256,devtest,hin_Deva,jpn_Jpan,-0.08716733169653276,-0.28484226123393186
2,256,devtest,hin_Deva,tur_Latn,-0.1839652431425532,-0.25615413374040935
2,256,devtest,hin_Deva,vie_Latn,-0.12394018223797017,-0.29840394568069123
2,256,devtest,hin_Deva,ind_Latn,-0.18127470991144404,-0.24254940705396638
2,256,devtest,arb_Arab,eng_Latn,-0.09693563287516643,-0.31139700389382935
2,256,devtest,arb_Arab,deu_Latn,-0.04189651912893029,-0.12227250276327346
2,256,devtest,arb_Arab,fra_Latn,0.010015082033798105,-0.20329210768153116
2,256,devtest,arb_Arab,spa_Latn,-0.0009079213711446145,-0.19309670788666697
2,256,devtest,arb_Arab,rus_Cyrl,0.07585996344764982,-0.1879704143067971
2,256,devtest,arb_Arab,hin_Deva,0.34821313153998024,0.053334685173650295
2,256,devtest,arb_Arab,zho_Hans,0.02348449828220261,-0.3050991212104841
2,256,devtest,arb_Arab,jpn_Jpan,-0.11322296913193655,-0.2602493548372039
2,256,devtest,arb_Arab,tur_Latn,0.03523009734797683,-0.15465332307617916
2,256,devtest,arb_Arab,vie_Latn,-0.09136013025930631,-0.2578145759339607
2,256,devtest,arb_Arab,ind_Latn,-0.029401121645418055,-0.17449099904191223
2,256,devtest,zho_Hans,eng_Latn,0.11521640098685053,-0.38953718815344385
2,256,devtest,zho_Hans,deu_Latn,0.44157489065629557,-0.13155229436398924
2,256,devtest,zho_Hans,fra_Latn,0.41896516860971994,-0.2064122666766921
2,256,devtest,zho_Hans,spa_Latn,0.4381293035047591,-0.22067442551692257
2,256,devtest,zho_Hans,rus_Cyrl,0.43037484229258466,-0.194133154664812
2,256,devtest,zho_Hans,hin_Deva,0.4132234701505359,0.09386966464600487
2,256,devtest,zho_Hans,arb_Arab,0.4174556455964489,-0.20937531139401036
2,256,devtest,zho_Hans,jpn_Jpan,0.39759508429723234,-0.3437375792136817
2,256,devtest,zho_Hans,tur_Latn,0.42266307706154466,-0.15364461346909125
2,256,devtest,zho_Hans,vie_Latn,0.34296105511407604,-0.2826449145347403
2,256,devtest,zho_Hans,ind_Latn,0.39650847840450515,-0.15674467127544925
2,256,devtest,jpn_Jpan,eng_Latn,-0.1587588012584039,-0.3568611535387011
2,256,devtest,jpn_Jpan,deu_Latn,0.1892907500186681,-0.1401307751282965
2,256,devtest,jpn_Jpan,fra_Latn,0.20354678273188415,-0.21951987869570314
2,256,devtest,jpn_Jpan,spa_Latn,0.1704755009281925,-0.21582408227514344
2,256,devtest,jpn_Jpan,rus_Cyrl,0.2669099007545664,-0.1942869500892398
2,256,devtest,jpn_Jpan,hin_Deva,0.3985344281934226,0.07307135683507109
2,256,devtest,jpn_Jpan,arb_Arab,0.23549562888324463,-0.17786392230298298
2,256,devtest,jpn_Jpan,zho_Hans,0.058995313088298425,-0.35405227662317224
2,256,devtest,jpn_Jpan,tur_Latn,0.2051712250710719,-0.15248343121452726
2,256,devtest,jpn_Jpan,vie_Latn,0.05804687927445088,-0.27552787453571975
2,256,devtest,jpn_Jpan,ind_Latn,0.14713826157874202,-0.18744483104620935
2,256,devtest,tur_Latn,eng_Latn,-0.055923255530672795,-0.3430347941229834
2,256,devtest,tur_Latn,deu_Latn,0.021213005330660964,-0.16888466934579704
2,256,devtest,tur_Latn,fra_Latn,0.014935395040749104,-0.23661425759965396
2,256,devtest,tur_Latn,spa_Latn,0.00891128610816594,-0.23649231259315828
2,256,devtest,tur_Latn,rus_Cyrl,0.029305390379241934,-0.23751393760510547
2,256,devtest,tur_Latn,hin_Deva,0.37918059604678284,0.0003349641687461995
2,256,devtest,tur_Latn,arb_Arab,0.023341826742966695,-0.2082422702215251
2,256,devtest,tur_Latn,zho_Hans,0.02386859139502866,-0.32548920992731745
2,256,devtest,tur_Latn,jpn_Jpan,-0.11113312040008066,-0.2754453300643329
2,256,devtest,tur_Latn,vie_Latn,-0.06408263321786212,-0.3085880034023122
2,256,devtest,tur_Latn,ind_Latn,-0.013261849484497778,-0.1962253941035641
2,256,devtest,vie_Latn,eng_Latn,-0.06466474544934483,-0.331488073954402
2,256,devtest,vie_Latn,deu_Latn,0.18930804241917948,-0.08618652078957133
2,256,devtest,vie_Latn,fra_Latn,0.18437598747547781,-0.21022345052508748
2,256,devtest,vie_Latn,spa_Latn,0.16987987979003352,-0.21914352002307705
2,256,devtest,vie_Latn,rus_Cyrl,0.21305787096355383,-0.1904488008296849
2,256,devtest,vie_Latn,hin_Deva,0.3629654626277614,0.08249391479693247
2,256,devtest,vie_Latn,arb_Arab,0.185171772572516,-0.17626193218659345
2,256,devtest,vie_Latn,zho_Hans,0.012789952178707832,-0.3074244149059
2,256,devtest,vie_Latn,jpn_Jpan,-0.0338782095145341,-0.26335543686819346
2,256,devtest,vie_Latn,tur_Latn,0.19293827779306458,-0.15078174118247759
2,256,devtest,vie_Latn,ind_Latn,0.19145154478118293,-0.13751011681206382
2,256,devtest,ind_Latn,eng_Latn,0.06106349634235963,-0.3546628706646373
2,256,devtest,ind_Latn,deu_Latn,0.031200719891281384,-0.14894022402268978
2,256,devtest,ind_Latn,fra_Latn,0.08532966240147746,-0.2496602178180899
2,256,devtest,ind_Latn,spa_Latn,0.08760913884127274,-0.277041017165602
2,256,devtest,ind_Latn,rus_Cyrl,0.05838834250106836,-0.2390504898765426
2,256,devtest,ind_Latn,hin_Deva,0.3566605901418587,0.002288004846705637
2,256,devtest,ind_Latn,arb_Arab,0.06890074996230153,-0.23357459918166917
2,256,devtest,ind_Latn,zho_Hans,0.06363718185488407,-0.32874908797049035
2,256,devtest,ind_Latn,jpn_Jpan,-0.112805193298735,-0.30584085590381577
2,256,devtest,ind_Latn,tur_Latn,0.12620626495793552,-0.2261065370527892
2,256,devtest,ind_Latn,vie_Latn,0.050624927999070035,-0.2916529928329414
3,64,devtest,eng_Latn,deu_Latn,0.40439788732264287,-0.06761497457952387
3,64,devtest,eng_Latn,fra_Latn,0.3714129913464393,-0.13694684122063705
3,64,devtest,eng_Latn,spa_Latn,0.33189371806952256,-0.17819080788408548
3,64,devtest,eng_Latn,rus_Cyrl,0.27103241053662763,-0.17748570097762964
3,64,devtest,eng_Latn,hin_Deva,0.26336749148893,0.12929094103696392
3,64,devtest,eng_Latn,arb_Arab,0.28634715584516285,-0.11474274018352046
3,64,devtest,eng_Latn,zho_Hans,0.08428851907717862,-0.33656798585779985
3,64,devtest,eng_Latn,jpn_Jpan,0.19903420128943136,-0.27471698999615735
3,64,devtest,eng_Latn,tur_Latn,0.35382073529618846,-0.12268689894918341
3,64,devtest,eng_Latn,vie_Latn,0.31980645395143137,-0.2579921914050513
3,64,devtest,eng_Latn,ind_Latn,0.3364606510896405,-0.12770529055041202
3,64,devtest,deu_Latn,eng_Latn,0.11353762915541213,-0.3240814547218441
3,64,devtest,deu_Latn,fra_Latn,0.1071082719511746,-0.266340871472735
3,64,devtest,deu_Latn,spa_Latn,0.10793607473529812,-0.27563337149047673
3,64,devtest,deu_Latn,rus_Cyrl,0.06942068780474077,-0.26961342463293114
3,64,devtest,deu_Latn,hin_Deva,0.20109807289680012,-0.046563443132485574
3,64,devtest,deu_Latn,arb_Arab,0.011533562188871076,-0.24628178214895674
3,64,devtest,deu_Latn,zho_Hans,0.13928328549683314,-0.3303867401774746
3,64,devtest,deu_Latn,jpn_Jpan,-0.047293339920245016,-0.3077183695897519
3,64,devtest,deu_Latn,tur_Latn,0.15338117980588348,-0.21496319726439767
3,64,devtest,deu_Latn,vie_Latn,-0.0023195760661819426,-0.2955418123449411
3,64,devtest,deu_Latn,ind_Latn,0.020636484245581527,-0.19937230426485525
3,64,devtest,fra_Latn,eng_Latn,0.11229604721518974,-0.31016847668206626
3,64,devtest,fra_Latn,deu_Latn,0.08307962428131996,-0.18804647561524454
3,64,devtest,fra_Latn,spa_Latn,0.1492928207067754,-0.26831685918770454
3,64,devtest,fra_Latn,rus_Cyrl,0.06985065369463467,-0.27700749552163095
3,64,devtest,fra_Latn,hin_Deva,0.1908835812390964,-0.02515230167625863
3,64,devtest,fra_Latn,arb_Arab,0.09370278610259636,-0.24079585065606587
3,64,devtest,fra_Latn,zho_Hans,0.16426260918191013,-0.3523191083299236
3,64,devtest,fra_Latn,jpn_Jpan,-0.02150617586000439,-0.3407475328499283
3,64,devtest,fra_Latn,tur_Latn,0.10757305199313726,-0.20737216201680936
3,64,devtest,fra_Latn,vie_Latn,0.08573916933438193,-0.3007018905587974
3,64,devtest,fra_Latn,ind_Latn,0.10979182283455213,-0.23373425735008557
3,64,devtest,spa_Latn,eng_Latn,0.03155761003840392,-0.3799058148551408
3,64,devtest,spa_Latn,deu_Latn,0.08577530164650053,-0.20208165808411388
3,64,devtest,spa_Latn,fra_Latn,0.16624944048465548,-0.26195070117897307
3,64,devtest,spa_Latn,rus_Cyrl,0.06597949362146083,-0.29130507091425717
3,64,devtest,spa_Latn,hin_Deva,0.20181741600122638,-0.03222014158487749
3,64,devtest,spa_Latn,arb_Arab,0.052238632492230916,-0.2487787935177234
3,64,devtest,spa_Latn,zho_Hans,0.08529370741069456,-0.3783841659875438
3,64,devtest,spa_Latn,jpn_Jpan,-0.027022790527668414,-0.3474320033602784
3,64,devtest,spa_Latn,tur_Latn,0.16337820822407734,-0.2178819533073089
3,64,devtest,spa_Latn,vie_Latn,0.05575741940570149,-0.3471026751810352
3,64,devtest,spa_Latn,ind_Latn,0.06626847589310132,-0.2542234727282089
3,64,devtest,rus_Cyrl,eng_Latn,-0.051105154252232866,-0.35454440793936454
3,64,devtest,rus_Cyrl,deu_Latn,-0.06351638970160577,-0.21111941852882174
3,64,devtest,rus_Cyrl,fra_Latn,-0.022012059424095336,-0.2741076248889854
3,64,devtest,rus_Cyrl,spa_Latn,-0.058629682819833454,-0.2849780239635544
3,64,devtest,rus_Cyrl,hin_Deva,0.22222404836372084,-0.002285967066935511
3,64,devtest,rus_Cyrl,arb_Arab,-0.028109147616518577,-0.2280528570873609
3,64,devtest,rus_Cyrl,zho_Hans,0.08732602844275238,-0.3538613262686276
3,64,devtest,rus_Cyrl,jpn_Jpan,-0.07753353408984814,-0.3513082586534361
3,64,devtest,rus_Cyrl,tur_Latn,-0.05063192872988325,-0.21930514929131611
3,64,devtest,rus_Cyrl,vie_Latn,-0.06082165597687915,-0.31882894689948704
3,64,devtest,rus_Cyrl,ind_Latn,-0.082744156479009,-0.24583273728056845
3,64,devtest,hin_Deva,eng_Latn,-0.09453451872966619,-0.32365508324803055
3,64,devtest,hin_Deva,deu_Latn,-0.13347064855555807,-0.21384938122178518
3,64,devtest,hin_Deva,fra_Latn,-0.11726609088394137,-0.2536872370288261
3,64,devtest,hin_Deva,spa_Latn,-0.1747559658536898,-0.28045283668503157
3,64,devtest,hin_Deva,rus_Cyrl,-0.10432309579083458,-0.263578018977516
3,64,devtest,hin_Deva,arb_Arab,-0.11401978237492853,-0.22209128210814424
3,64,devtest,hin_Deva,zho_Hans,-0.04454624791207836,-0.30159580895458793
3,64,devtest,hin_Deva,jpn_Jpan,-0.0627158016550523,-0.28693727829772636
3,64,devtest,hin_Deva,tur_Latn,-0.11736841555709272,-0.254457649641935
3,64,devtest,hin_Deva,vie_Latn,-0.09385339447414615,-0.3302209204794378
3,64,devtest,hin_Deva,ind_Latn,-0.1582504364170763,-0.24057039615664574
3,64,devtest,arb_Arab,eng_Latn,-0.006614750875672332,-0.3220350513932905
3,64,devtest,arb_Arab,deu_Latn,-0.01805636259502265,-0.16333227766726086
3,64,devtest,arb_Arab,fra_Latn,0.042087363666183694,-0.2417705768641739
3,64,devtest,arb_Arab,spa_Latn,0.017954236596692184,-0.25298554578093513
3,64,devtest,arb_Arab,rus_Cyrl,0.03806669834283789,-0.21408635107287266
3,64,devtest,arb_Arab,hin_Deva,0.2317789553772888,0.004745837841832664
3,64,devtest,arb_Arab,zho_Hans,0.11999890417465445,-0.32955812508171656
3,64,devtest,arb_Arab,jpn_Jpan,-0.07681794611810154,-0.28821033999786466
3,64,devtest,arb_Arab,tur_Latn,0.024124348678899184,-0.1697613755500751
3,64,devtest,arb_Arab,vie_Latn,-0.04514228057571319,-0.28246915739111234
3,64,devtest,arb_Arab,ind_Latn,-0.03359695689192519,-0.21250186917305738
3,64,devtest,zho_Hans,eng_Latn,0.1698801685100847,-0.34558524975307453
3,64,devtest,zho_Hans,deu_Latn,0.30355898602021714,-0.07295202572703222
3,64,devtest,zho_Hans,fra_Latn,0.3156069945134583,-0.1665427968154299
3,64,devtest,zho_Hans,spa_Latn,0.31783288972302387,-0.18281240522785785
3,64,devtest,zho_Hans,rus_Cyrl,0.3054962596378914,-0.16614620096379923
3,64,devtest,zho_Hans,hin_Deva,0.2111090465524773,0.12473627055628782
3,64,devtest,zho_Hans,arb_Arab,0.3358392932914814,-0.13855885189282435
3,64,devtest,zho_Hans,jpn_Jpan,0.29771032327936864,-0.31156901435452855
3,64,devtest,zho_Hans,tur_Latn,0.33887957961776216,-0.11186220523269506
3,64,devtest,zho_Hans,vie_Latn,0.26394397751122384,-0.22832101006106434
3,64,devtest,zho_Hans,ind_Latn,0.26401062669847514,-0.11010214142287295
3,64,devtest,jpn_Jpan,eng_Latn,-0.06311269142760587,-0.3247893049780785
3,64,devtest,jpn_Jpan,deu_Latn,0.10890878157689911,-0.125012426383917
3,64,devtest,jpn_Jpan,fra_Latn,0.11947420924827268,-0.20230625984657344
3,64,devtest,jpn_Jpan,spa_Latn,0.14745167649213026,-0.22181987032319198
3,64,devtest,jpn_Jpan,rus_Cyrl,0.16082102303638937,-0.20603672478921878
3,64,devtest,jpn_Jpan,hin_Deva,0.2335086887909996,0.09800321253251698
3,64,devtest,jpn_Jpan,arb_Arab,0.17133881150636607,-0.13027175228391655
3,64,devtest,jpn_Jpan,zho_Hans,0.10759467216643803,-0.33010680440566376
3,64,devtest,jpn_Jpan,tur_Latn,0.14480366253127525,-0.13822199419621958
3,64,devtest,jpn_Jpan,vie_Latn,0.05502359321489958,-0.26172237315193503
3,64,devtest,jpn_Jpan,ind_Latn,0.09743007719703699,-0.16199331058679955
3,64,devtest,tur_Latn,eng_Latn,-0.02402142315764986,-0.3865141620844691
3,64,devtest,tur_Latn,deu_Latn,0.05579399767650254,-0.20925245740917744
3,64,devtest,tur_Latn,fra_Latn,0.03558700704254969,-0.2817843486170173
3,64,devtest,tur_Latn,spa_Latn,0.05323649474719353,-0.3001780173000059
3,64,devtest,tur_Latn,rus_Cyrl,-0.012442683566271248,-0.2771172575812365
3,64,devtest,tur_Latn,hin_Deva,0.25965818561431175,-0.07338733815186826
3,64,devtest,tur_Latn,arb_Arab,0.04175344281138948,-0.21912827150471664
3,64,devtest,tur_Latn,zho_Hans,0.07609964600462017,-0.3723079744842225
3,64,devtest,tur_Latn,jpn_Jpan,-0.06400922133644323,-0.33637513088111415
3,64,devtest,tur_Latn,vie_Latn,-0.021459233340359596,-0.3240050802001991
3,64,devtest,tur_Latn,ind_Latn,0.03126783767273737,-0.25661860094340233
3,64,devtest,vie_Latn,eng_Latn,0.05336585784561609,-0.31692917844335516
3,64,devtest,vie_Latn,deu_Latn,0.1230665657098015,-0.11649355796612842
3,64,devtest,vie_Latn,fra_Latn,0.1765978411313453,-0.20711251328330763
3,64,devtest,vie_Latn,spa_Latn,0.13320967204764325,-0.24288400926087203
3,64,devtest,vie_Latn,rus_Cyrl,0.14055202328475858,-0.20198350358576425
3,64,devtest,vie_Latn,hin_Deva,0.2084129849250217,0.03980382062198453
3,64,devtest,vie_Latn,arb_Arab,0.10891015910484175,-0.16100679599966228
3,64,devtest,vie_Latn,zho_Hans,0.0908089195112583,-0.2910508833872586
3,64,devtest,vie_Latn,jpn_Jpan,-0.019132959196067043,-0.27754678817901696
3,64,devtest,vie_Latn,tur_Latn,0.11780915402682014,-0.14933249468746138
3,64,devtest,vie_Latn,ind_Latn,0.14380729129159284,-0.160925458925229
3,64,devtest,ind_Latn,eng_Latn,0.09309072477367217,-0.3307628616487228
3,64,devtest,ind_Latn,deu_Latn,0.035132800384851885,-0.136479979317073
3,64,devtest,ind_Latn,fra_Latn,0.06394425656099008,-0.24433478624666666
3,64,devtest,ind_Latn,spa_Latn,0.08120290210126946,-0.2622409040801989
3,64,devtest,ind_Latn,rus_Cyrl,-0.030170440086396768,-0.23919649499938087
3,64,devtest,ind_Latn,hin_Deva,0.18915514300979425,-0.018560837095052952
3,64,devtest,ind_Latn,arb_Arab,0.03258362423265612,-0.20568612905882852
3,64,devtest,ind_Latn,zho_Hans,0.11188190975841723,-0.3113545685124895
3,64,devtest,ind_Latn,jpn_Jpan,-0.035430045295787985,-0.3108379060729869
3,64,devtest,ind_Latn,tur_Latn,0.09329996825319464,-0.19451081655780192
3,64,devtest,ind_Latn,vie_Latn,0.09433661243368675,-0.27924927833038554
3,128,devtest,eng_Latn,deu_Latn,0.44390011443174876,-0.06346941432743096
3,128,devtest,eng_Latn,fra_Latn,0.3960586436690428,-0.13896426745273674
3,128,devtest,eng_Latn,spa_Latn,0.3852228565792161,-0.16624153919177437
3,128,devtest,eng_Latn,rus_Cyrl,0.29142539395486006,-0.16706036223581774
3,128,devtest,eng_Latn,hin_Deva,0.3112699357916483,0.12962381180292495
3,128,devtest,eng_Latn,arb_Arab,0.3327752622873892,-0.11624369594771472
3,128,devtest,eng_Latn,zho_Hans,0.07197715986161465,-0.34532306464655804
3,128,devtest,eng_Latn,jpn_Jpan,0.2256420984273364,-0.2777109990240247
3,128,devtest,eng_Latn,tur_Latn,0.40790549633159234,-0.10089233720868808
3,128,devtest,eng_Latn,vie_Latn,0.3398097401981724,-0.2531796779524286
3,128,devtest,eng_Latn,ind_Latn,0.3604132176127179,-0.1282137858591129
3,128,devtest,deu_Latn,eng_Latn,0.0967643911176858,-0.3400396054421326
3,128,devtest,deu_Latn,fra_Latn,0.09514004762844713,-0.27233384427761415
3,128,devtest,deu_Latn,spa_Latn,0.11750331519786324,-0.2862930571329997
3,128,devtest,deu_Latn,rus_Cyrl,0.09501333507143199,-0.27541520251838764
3,128,devtest,deu_Latn,hin_Deva,0.2473507336359461,-0.051077188903128526
3,128,devtest,deu_Latn,arb_Arab,0.04722176813222165,-0.25761586965877736
3,128,devtest,deu_Latn,zho_Hans,0.12371956508288681,-0.3512155679243395
3,128,devtest,deu_Latn,jpn_Jpan,-0.059805670090883674,-0.35090516748372735
3,128,devtest,deu_Latn,tur_Latn,0.16674430337110818,-0.22608608898798377
3,128,devtest,deu_Latn,vie_Latn,-0.005779756119650025,-0.3071915137807178
3,128,devtest,deu_Latn,ind_Latn,0.014273235225408435,-0.2032924913813551
3,128,devtest,fra_Latn,eng_Latn,0.10016784886559907,-0.3339828718495281
3,128,devtest,fra_Latn,deu_Latn,0.06382039301222331,-0.19176990527665425
3,128,devtest,fra_Latn,spa_Latn,0.13235970677575892,-0.29106586575972937
3,128,devtest,fra_Latn,rus_Cyrl,0.08277592813886946,-0.29445007675046875
3,128,devtest,fra_Latn,hin_Deva,0.2579964698974959,-0.028907996931130192
3,128,devtest,fra_Latn,arb_Arab,0.07333291174374705,-0.23727299931687112
3,128,devtest,fra_Latn,zho_Hans,0.14463220613058922,-0.38805321096981055
3,128,devtest,fra_Latn,jpn_Jpan,-0.047859058927056185,-0.36764562515956445
3,128,devtest,fra_Latn,tur_Latn,0.12251481594883078,-0.20631436258484018
3,128,devtest,fra_Latn,vie_Latn,0.04983926723974329,-0.3152289459087273
3,128,devtest,fra_Latn,ind_Latn,0.10290772665482777,-0.23104462310589566
3,128,devtest,spa_Latn,eng_Latn,0.01085670184540105,-0.39783400927295787
3,128,devtest,spa_Latn,deu_Latn,0.11022137332069634,-0.21289254834943358
3,128,devtest,spa_Latn,fra_Latn,0.15752755562576132,-0.28368066749330256
3,128,devtest,spa_Latn,rus_Cyrl,0.08647251498284299,-0.2882776825636529
3,128,devtest,spa_Latn,hin_Deva,0.25949937513177035,-0.032469622861575766
3,128,devtest,spa_Latn,arb_Arab,0.10056455511547774,-0.24605849548687433
3,128,devtest,spa_Latn,zho_Hans,0.05789669923790021,-0.3972095043420204
3,128,devtest,spa_Latn,jpn_Jpan,-0.05600307313928725,-0.36755002860533503
3,128,devtest,spa_Latn,tur_Latn,0.17165055517560263,-0.2287734144023922
3,128,devtest,spa_Latn,vie_Latn,0.03155666791101222,-0.34361696709533396
3,128,devtest,spa_Latn,ind_Latn,0.06931595675939019,-0.26788322907258705
3,128,devtest,rus_Cyrl,eng_Latn,-0.09547853548345946,-0.37985567944348914
3,128,devtest,rus_Cyrl,deu_Latn,-0.0939555944000682,-0.2056717817582788
3,128,devtest,rus_Cyrl,fra_Latn,-0.05487460437650624,-0.29612022081565514
3,128,devtest,rus_Cyrl,spa_Latn,-0.09018540669193183,-0.28719373109363955
3,128,devtest,rus_Cyrl,hin_Deva,0.2944682435318822,-0.0016047376962111755
3,128,devtest,rus_Cyrl,arb_Arab,-0.047915540438984314,-0.2555703000934957
3,128,devtest,rus_Cyrl,zho_Hans,0.07570347438338816,-0.3872163263496601
3,128,devtest,rus_Cyrl,jpn_Jpan,-0.08622704724373292,-0.3582061461600287
3,128,devtest,rus_Cyrl,tur_Latn,-0.06844220766078953,-0.2318225818476189
3,128,devtest,rus_Cyrl,vie_Latn,-0.11554199463872789,-0.35356066158158794
3,128,devtest,rus_Cyrl,ind_Latn,-0.11041151385562335,-0.24348545265395996
3,128,devtest,hin_Deva,eng_Latn,-0.10896924117172052,-0.35281191781308696
3,128,devtest,hin_Deva,deu_Latn,-0.15633638096955196,-0.21937348632815007
3,128,devtest,hin_Deva,fra_Latn,-0.13222920289462603,-0.26794158542802077
3,128,devtest,hin_Deva,spa_Latn,-0.21462271610179165,-0.29624733919297164
3,128,devtest,hin_Deva,rus_Cyrl,-0.10614529148417381,-0.27004371773272406
3,128,devtest,hin_Deva,arb_Arab,-0.12002232019289764,-0.21767830188802742
3,128,devtest,hin_Deva,zho_Hans,-0.03423935608407821,-0.30968533677979015
3,128,devtest,hin_Deva,jpn_Jpan,-0.07196169952418882,-0.30005802453309377
3,128,devtest,hin_Deva,tur_Latn,-0.1435778352678059,-0.2599057613764581
3,128,devtest,hin_Deva,vie_Latn,-0.11156576830256182,-0.3355023197636742
3,128,devtest,hin_Deva,ind_Latn,-0.16982135337749527,-0.2584637764486401
3,128,devtest,arb_Arab,eng_Latn,-0.029404448501958932,-0.33537243390397475
3,128,devtest,arb_Arab,deu_Latn,-0.014169299622412854,-0.1603518398308994
3,128,devtest,arb_Arab,fra_Latn,0.02754850436111431,-0.23557709450317693
3,128,devtest,arb_Arab,spa_Latn,0.019269491626715138,-0.23856150274364582
3,128,devtest,arb_Arab,rus_Cyrl,0.04917618074039703,-0.2290611243369148
3,128,devtest,arb_Arab,hin_Deva,0.2862685900004395,0.027285091157362638
3,128,devtest,arb_Arab,zho_Hans,0.0986939727379124,-0.33703874662312844
3,128,devtest,arb_Arab,jpn_Jpan,-0.07881436978607964,-0.29478909393255776
3,128,devtest,arb_Arab,tur_Latn,0.016161384245923564,-0.1759092720115004
3,128,devtest,arb_Arab,vie_Latn,-0.046747966116016976,-0.2998100016432075
3,128,devtest,arb_Arab,ind_Latn,-0.043670868447766256,-0.21124181234073494
3,128,devtest,zho_Hans,eng_Latn,0.15888269917653772,-0.3708229141211223
3,128,devtest,zho_Hans,deu_Latn,0.35286771905780445,-0.08335788825164699
3,128,devtest,zho_Hans,fra_Latn,0.35073960775338037,-0.19039791360017377
3,128,devtest,zho_Hans,spa_Latn,0.3606522478523351,-0.19103751084147672
3,128,devtest,zho_Hans,rus_Cyrl,0.3542158590219423,-0.18617132795803862
3,128,devtest,zho_Hans,hin_Deva,0.2884483993212303,0.1281203724927384
3,128,devtest,zho_Hans,arb_Arab,0.38686465977568235,-0.15926211262146298
3,128,devtest,zho_Hans,jpn_Jpan,0.3266454975008043,-0.3497455775153106
3,128,devtest,zho_Hans,tur_Latn,0.39640960070730263,-0.11799101432447427
3,128,devtest,zho_Hans,vie_Latn,0.30454509297183896,-0.2550689396478481
3,128,devtest,zho_Hans,ind_Latn,0.31170989406877153,-0.13610310884914517
3,128,devtest,jpn_Jpan,eng_Latn,-0.10608407905032731,-0.352666055420761
3,128,devtest,jpn_Jpan,deu_Latn,0.13476688996840752,-0.1553184662598294
3,128,devtest,jpn_Jpan,fra_Latn,0.14404882017892554,-0.22770924303899268
3,128,devtest,jpn_Jpan,spa_Latn,0.150777420881258,-0.23140566838028806
3,128,devtest,jpn_Jpan,rus_Cyrl,0.1976984643882145,-0.21082651934073465
3,128,devtest,jpn_Jpan,hin_Deva,0.28908038955257137,0.09573951429400542
3,128,devtest,jpn_Jpan,arb_Arab,0.2207461780446668,-0.13687420285189766
3,128,devtest,jpn_Jpan,zho_Hans,0.08405361848890583,-0.3742201667071723
3,128,devtest,jpn_Jpan,tur_Latn,0.17198133199745402,-0.1276680399638955
3,128,devtest,jpn_Jpan,vie_Latn,0.06243702570697819,-0.2632261602079662
3,128,devtest,jpn_Jpan,ind_Latn,0.09827100336534782,-0.17345482628860928
3,128,devtest,tur_Latn,eng_Latn,-0.03878519299957935,-0.3880065986137122
3,128,devtest,tur_Latn,deu_Latn,0.05325412418193869,-0.21558615390870503
3,128,devtest,tur_Latn,fra_Latn,0.026911630080495557,-0.2891087658638689
3,128,devtest,tur_Latn,spa_Latn,0.03354028210439272,-0.30897809659859526
3,128,devtest,tur_Latn,rus_Cyrl,0.008724571381503628,-0.28140565982156046
3,128,devtest,tur_Latn,hin_Deva,0.3171385322155544,-0.06571354966494974
3,128,devtest,tur_Latn,arb_Arab,0.027687350338324885,-0.24538806370267816
3,128,devtest,tur_Latn,zho_Hans,0.0665662383586894,-0.3813017044648702
3,128,devtest,tur_Latn,jpn_Jpan,-0.08059319429586928,-0.33330609166751846
3,128,devtest,tur_Latn,vie_Latn,-0.027776945630607505,-0.33745187062156073
3,128,devtest,tur_Latn,ind_Latn,0.02545507402102312,-0.25854810206661044
3,128,devtest,vie_Latn,eng_Latn,0.014686995986140174,-0.32368792516508105
3,128,devtest,vie_Latn,deu_Latn,0.14552691768528453,-0.10908516170872884
3,128,devtest,vie_Latn,fra_Latn,0.18028101773288227,-0.20990919280228176
3,128,devtest,vie_Latn,spa_Latn,0.13052650969670226,-0.22802258326012595
3,128,devtest,vie_Latn,rus_Cyrl,0.13964507524835676,-0.2257074065109612
3,128,devtest,vie_Latn,hin_Deva,0.26418047000734624,0.04992008327751015
3,128,devtest,vie_Latn,arb_Arab,0.14509077061698647,-0.17556830374293875
3,128,devtest,vie_Latn,zho_Hans,0.07564428231162477,-0.32158268277125746
3,128,devtest,vie_Latn,jpn_Jpan,-0.02307111578203488,-0.28280739122434073
3,128,devtest,vie_Latn,tur_Latn,0.1498048515074093,-0.1418175100310486
3,128,devtest,vie_Latn,ind_Latn,0.15539120315466093,-0.15995386686110244
3,128,devtest,ind_Latn,eng_Latn,0.08419273923513262,-0.3554087220674266
3,128,devtest,ind_Latn,deu_Latn,0.035670983234303726,-0.13719272376882133
3,128,devtest,ind_Latn,fra_Latn,0.0700666898733848,-0.24712150525915927
3,128,devtest,ind_Latn,spa_Latn,0.07751383412656125,-0.27005322313668395
3,128,devtest,ind_Latn,rus_Cyrl,0.0016508187971552432,-0.23810223526436278
3,128,devtest,ind_Latn,hin_Deva,0.2538113224173627,-0.021503863495383448
3,128,devtest,ind_Latn,arb_Arab,0.04903706180807357,-0.21602009689529
3,128,devtest,ind_Latn,zho_Hans,0.09205408938958516,-0.3339882694313105
3,128,devtest,ind_Latn,jpn_Jpan,-0.06226016432439613,-0.31701187942995146
3,128,devtest,ind_Latn,tur_Latn,0.10787746442737403,-0.18914595399996623
3,128,devtest,ind_Latn,vie_Latn,0.07776048821405947,-0.28690079163083965
3,256,devtest,eng_Latn,deu_Latn,0.4666136171332209,-0.050312157753852
3,256,devtest,eng_Latn,fra_Latn,0.40806738546147453,-0.14625962693297323
3,256,devtest,eng_Latn,spa_Latn,0.40408914443718286,-0.1712692635220982
3,256,devtest,eng_Latn,rus_Cyrl,0.3333235621876035,-0.15276376586042778
3,256,devtest,eng_Latn,hin_Deva,0.3583331509683598,0.1456019096104789
3,256,devtest,eng_Latn,arb_Arab,0.3548754117418337,-0.11411747945427145
3,256,devtest,eng_Latn,zho_Hans,0.05268735604584003,-0.3686069282874286
3,256,devtest,eng_Latn,jpn_Jpan,0.25783876948897877,-0.28934454340728155
3,256,devtest,eng_Latn,tur_Latn,0.4253904026719654,-0.09148965242925836
3,256,devtest,eng_Latn,vie_Latn,0.36237899734902757,-0.26568569124773334
3,256,devtest,eng_Latn,ind_Latn,0.38967674982381234,-0.12131101719075163
3,256,devtest,deu_Latn,eng_Latn,0.06886496917263232,-0.3626990973680079
3,256,devtest,deu_Latn,fra_Latn,0.10760835163102644,-0.28559177461807744
3,256,devtest,deu_Latn,spa_Latn,0.10461221671681205,-0.2997490527648915
3,256,devtest,deu_Latn,rus_Cyrl,0.11571693597448254,-0.275646850802115
3,256,devtest,deu_Latn,hin_Deva,0.30289133360388926,-0.04805218958601394
3,256,devtest,deu_Latn,arb_Arab,0.050121055571611325,-0.26550954884726946
3,256,devtest,deu_Latn,zho_Hans,0.08870870576163936,-0.3651591414028084
3,256,devtest,deu_Latn,jpn_Jpan,-0.06842467178381222,-0.35907403215919664
3,256,devtest,deu_Latn,tur_Latn,0.17878768488800267,-0.23413206085983249
3,256,devtest,deu_Latn,vie_Latn,-0.02263242073701001,-0.32778148772165633
3,256,devtest,deu_Latn,ind_Latn,0.025298542976389993,-0.22095237794198674
3,256,devtest,fra_Latn,eng_Latn,0.07382852325085872,-0.353429048546138
3,256,devtest,fra_Latn,deu_Latn,0.06358026888465144,-0.18535189199954036
3,256,devtest,fra_Latn,spa_Latn,0.1259761476145634,-0.2986503856240115
3,256,devtest,fra_Latn,rus_Cyrl,0.09400902312316978,-0.2792093919573512
3,256,devtest,fra_Latn,hin_Deva,0.2996787508059967,-0.009927644662589125
3,256,devtest,fra_Latn,arb_Arab,0.0662645754905598,-0.24142707792943136
3,256,devtest,fra_Latn,zho_Hans,0.1327331580074554,-0.39559739821703777
3,256,devtest,fra_Latn,jpn_Jpan,-0.04955588207041969,-0.37059881911907555
3,256,devtest,fra_Latn,tur_Latn,0.1306784390152571,-0.20320798932327078
3,256,devtest,fra_Latn,vie_Latn,0.016797838066157967,-0.3238184176966277
3,256,devtest,fra_Latn,ind_Latn,0.0932788961353472,-0.22923714081747368
3,256,devtest,spa_Latn,eng_Latn,-0.0251082071025484,-0.4231373056222436
3,256,devtest,spa_Latn,deu_Latn,0.1139136321456064,-0.20860029854786524
3,256,devtest,spa_Latn,fra_Latn,0.15675874543747365,-0.29104475614851166
3,256,devtest,spa_Latn,rus_Cyrl,0.10871933840608214,-0.2863924594569553
3,256,devtest,spa_Latn,hin_Deva,0.30699397845284904,-0.033586383587405975
3,256,devtest,spa_Latn,arb_Arab,0.10560536921554908,-0.24193803673569345
3,256,devtest,spa_Latn,zho_Hans,0.03739259675739918,-0.4202267036248408
3,256,devtest,spa_Latn,jpn_Jpan,-0.05040782523547338,-0.36985152401446425
3,256,devtest,spa_Latn,tur_Latn,0.18256151057376482,-0.22310281984195549
3,256,devtest,spa_Latn,vie_Latn,0.019196105477966834,-0.3490644841989451
3,256,devtest,spa_Latn,ind_Latn,0.08197055229314264,-0.27544557048729706
3,256,devtest,rus_Cyrl,eng_Latn,-0.13463414045781985,-0.4066225263098745
3,256,devtest,rus_Cyrl,deu_Latn,-0.12279054197064708,-0.2105539760524317
3,256,devtest,rus_Cyrl,fra_Latn,-0.07849934450810243,-0.29569276596880356
3,256,devtest,rus_Cyrl,spa_Latn,-0.13539911740139193,-0.29810095440497947
3,256,devtest,rus_Cyrl,hin_Deva,0.34303736014217545,-0.0070290537699486755
3,256,devtest,rus_Cyrl,arb_Arab,-0.054930987273413084,-0.2686421169176402
3,256,devtest,rus_Cyrl,zho_Hans,0.028507083611312014,-0.40674133407695906
3,256,devtest,rus_Cyrl,jpn_Jpan,-0.12062476942817588,-0.3713024946024221
3,256,devtest,rus_Cyrl,tur_Latn,-0.08982932036697883,-0.23815001637860103
3,256,devtest,rus_Cyrl,vie_Latn,-0.15573581185121319,-0.3617909308003695
3,256,devtest,rus_Cyrl,ind_Latn,-0.14063516507463403,-0.24284225779564012
3,256,devtest,hin_Deva,eng_Latn,-0.12662367160328492,-0.35219181300327823
3,256,devtest,hin_Deva,deu_Latn,-0.1793857568739483,-0.22202924639192367
3,256,devtest,hin_Deva,fra_Latn,-0.1550709870877961,-0.26621616516846813
3,256,devtest,hin_Deva,spa_Latn,-0.23865711150469643,-0.31009277808448127
3,256,devtest,hin_Deva,rus_Cyrl,-0.1394774173070582,-0.2767409390675943
3,256,devtest,hin_Deva,arb_Arab,-0.15270972830146512,-0.23611374886141012
3,256,devtest,hin_Deva,zho_Hans,-0.05857885963233217,-0.3029895739511331
3,256,devtest,hin_Deva,jpn_Jpan,-0.08821675395941501,-0.3103783633853681
3,256,devtest,hin_Deva,tur_Latn,-0.17454750328239887,-0.26512086286507963
3,256,devtest,hin_Deva,vie_Latn,-0.13682295649002,-0.32781693720594085
3,256,devtest,hin_Deva,ind_Latn,-0.17902306910621837,-0.26027808397240787
3,256,devtest,arb_Arab,eng_Latn,-0.07888001757339216,-0.35370959794039375
3,256,devtest,arb_Arab,deu_Latn,-0.028506770792460067,-0.15013249859854583
3,256,devtest,arb_Arab,fra_Latn,0.02200891355122403,-0.24007722455377664
3,256,devtest,arb_Arab,spa_Latn,-0.0029351345637616665,-0.23683787306587198
3,256,devtest,arb_Arab,rus_Cyrl,0.06332640725845001,-0.22183101649851394
3,256,devtest,arb_Arab,hin_Deva,0.31850965102592166,0.03279714529162152
3,256,devtest,arb_Arab,zho_Hans,0.06104723710600862,-0.34220915379435074
3,256,devtest,arb_Arab,jpn_Jpan,-0.09219865958679381,-0.30659463158235195
3,256,devtest,arb_Arab,tur_Latn,0.01666966657826293,-0.17217146110256382
3,256,devtest,arb_Arab,vie_Latn,-0.07124996198047377,-0.2994724855139675
3,256,devtest,arb_Arab,ind_Latn,-0.05120754023324857,-0.21630309629348224
3,256,devtest,zho_Hans,eng_Latn,0.14483566854111996,-0.40115231493102277
3,256,devtest,zho_Hans,deu_Latn,0.39553223465048104,-0.08561518959384257
3,256,devtest,zho_Hans,fra_Latn,0.396587949622591,-0.19898016188351006
3,256,devtest,zho_Hans,spa_Latn,0.40345896810405546,-0.20486666912965695
3,256,devtest,zho_Hans,rus_Cyrl,0.38922377308171696,-0.1894829463477005
3,256,devtest,zho_Hans,hin_Deva,0.34663223209942984,0.14056156751976012
3,256,devtest,zho_Hans,arb_Arab,0.4207530364085609,-0.16821157985049046
3,256,devtest,zho_Hans,jpn_Jpan,0.3670915981369766,-0.35825198708088984
3,256,devtest,zho_Hans,tur_Latn,0.4267403379744033,-0.1103374930831433
3,256,devtest,zho_Hans,vie_Latn,0.35822921256764967,-0.2746835858395167
3,256,devtest,zho_Hans,ind_Latn,0.35722727878156424,-0.14413408179227086
3,256,devtest,jpn_Jpan,eng_Latn,-0.14478985947573472,-0.3726427420743983
3,256,devtest,jpn_Jpan,deu_Latn,0.16369464838126999,-0.14053877922155356
3,256,devtest,jpn_Jpan,fra_Latn,0.18628752225837755,-0.23386810814411432
3,256,devtest,jpn_Jpan,spa_Latn,0.16962079698647572,-0.23711730189390928
3,256,devtest,jpn_Jpan,rus_Cyrl,0.2174242784414267,-0.211576007923112
3,256,devtest,jpn_Jpan,hin_Deva,0.3471905951525644,0.09575813249965082
3,256,devtest,jpn_Jpan,arb_Arab,0.24887989194946206,-0.15521738862247214
3,256,devtest,jpn_Jpan,zho_Hans,0.07478704821084767,-0.3804647351101258
3,256,devtest,jpn_Jpan,tur_Latn,0.20014773496956315,-0.12775189593036537
3,256,devtest,jpn_Jpan,vie_Latn,0.058740968697568834,-0.2871980154372467
3,256,devtest,jpn_Jpan,ind_Latn,0.11794348023429985,-0.16964938747164984
3,256,devtest,tur_Latn,eng_Latn,-0.0778619253801093,-0.396950437350424
3,256,devtest,tur_Latn,deu_Latn,0.0488126458479676,-0.218141526104729
3,256,devtest,tur_Latn,fra_Latn,0.010041208141648494,-0.288602966250416
3,256,devtest,tur_Latn,spa_Latn,0.009758608215806203,-0.31160520672296216
3,256,devtest,tur_Latn,rus_Cyrl,0.0197375137385831,-0.2831559475027844
3,256,devtest,tur_Latn,hin_Deva,0.3612898126565004,-0.05476253124503629
3,256,devtest,tur_Latn,arb_Arab,0.040235554858526056,-0.2523690241234551
3,256,devtest,tur_Latn,zho_Hans,0.026488058835687132,-0.373444483741825
3,256,devtest,tur_Latn,jpn_Jpan,-0.0976292114878397,-0.34146487077802606
3,256,devtest,tur_Latn,vie_Latn,-0.06207862216585746,-0.34494450756859263
3,256,devtest,tur_Latn,ind_Latn,0.014820962896448072,-0.26143691162220883
3,256,devtest,vie_Latn,eng_Latn,-0.03232536768031822,-0.3417136525420644
3,256,devtest,vie_Latn,deu_Latn,0.16271039781290325,-0.10613226269845472
3,256,devtest,vie_Latn,fra_Latn,0.18081221038956166,-0.2134736905499997
3,256,devtest,vie_Latn,spa_Latn,0.13259350060345176,-0.2234784562562896
3,256,devtest,vie_Latn,rus_Cyrl,0.16353527087466088,-0.21586531677382464
3,256,devtest,vie_Latn,hin_Deva,0.31893121129989316,0.07401615851097873
3,256,devtest,vie_Latn,arb_Arab,0.15837464338595805,-0.17499243569979772
3,256,devtest,vie_Latn,zho_Hans,0.05687480237429147,-0.33276459742545617
3,256,devtest,vie_Latn,jpn_Jpan,-0.033518337242544056,-0.30583081233781684
3,256,devtest,vie_Latn,tur_Latn,0.17159192655872635,-0.13283068555029737
3,256,devtest,vie_Latn,ind_Latn,0.1800085226672149,-0.15044740334964557
3,256,devtest,ind_Latn,eng_Latn,0.05557933557290319,-0.36699625241314754
3,256,devtest,ind_Latn,deu_Latn,0.04566421025832822,-0.14097447253481998
3,256,devtest,ind_Latn,fra_Latn,0.08495965859630122,-0.259138728396237
3,256,devtest,ind_Latn,spa_Latn,0.0803504537061526,-0.2768745964550259
3,256,devtest,ind_Latn,rus_Cyrl,0.021933129810058877,-0.23353781372364044
3,256,devtest,ind_Latn,hin_Deva,0.3088772236170507,-0.013339809624097634
3,256,devtest,ind_Latn,arb_Arab,0.06290494943310176,-0.2300300405483877
3,256,devtest,ind_Latn,zho_Hans,0.07301955458590238,-0.34187943221198275
3,256,devtest,ind_Latn,jpn_Jpan,-0.07651441027156289,-0.32245734993758757
3,256,devtest,ind_Latn,tur_Latn,0.11940435441616358,-0.195788593760177
3,256,devtest,ind_Latn,vie_Latn,0.06418253537338613,-0.29670249138745824
4,64,devtest,eng_Latn,deu_Latn,0.3684626835560201,-0.14181429768003262
4,64,devtest,eng_Latn,fra_Latn,0.3166873289776469,-0.17680879871608038
4,64,devtest,eng_Latn,spa_Latn,0.29905657991853485,-0.2396229445420304
4,64,devtest,eng_Latn,rus_Cyrl,0.22216687337931304,-0.2257100696792544
4,64,devtest,eng_Latn,hin_Deva,0.3060650490946103,0.07541818868805465
4,64,devtest,eng_Latn,arb_Arab,0.2969416421371595,-0.14936892033713806
4,64,devtest,eng_Latn,zho_Hans,0.11025734806000881,-0.32424886989332724
4,64,devtest,eng_Latn,jpn_Jpan,0.14405520747390096,-0.3444166273727975
4,64,devtest,eng_Latn,tur_Latn,0.3552621818575604,-0.1628823090483331
4,64,devtest,eng_Latn,vie_Latn,0.2987235340588013,-0.2781555469604235
4,64,devtest,eng_Latn,ind_Latn,0.3185069219073982,-0.1833178303430087
4,64,devtest,deu_Latn,eng_Latn,0.13804887072590055,-0.3257729360790226
4,64,devtest,deu_Latn,fra_Latn,0.07380903930284656,-0.2654301812374656
4,64,devtest,deu_Latn,spa_Latn,0.1202821134914661,-0.289803236816795
4,64,devtest,deu_Latn,rus_Cyrl,0.0608663440240486,-0.3113697754143964
4,64,devtest,deu_Latn,hin_Deva,0.20209481738201251,-0.04998934653155303
4,64,devtest,deu_Latn,arb_Arab,0.022467937612178673,-0.2549367293085852
4,64,devtest,deu_Latn,zho_Hans,0.11472479871758941,-0.3186754199381238
4,64,devtest,deu_Latn,jpn_Jpan,-0.003151301814177607,-0.37406435566640117
4,64,devtest,deu_Latn,tur_Latn,0.17488371240354497,-0.24409472977437557
4,64,devtest,deu_Latn,vie_Latn,0.0052679094507296015,-0.31929443095153864
4,64,devtest,deu_Latn,ind_Latn,0.04241693130859512,-0.23758182742602038
4,64,devtest,fra_Latn,eng_Latn,0.08458397853251069,-0.30385044427223684
4,64,devtest,fra_Latn,deu_Latn,0.057135462697142245,-0.20576971760159246
4,64,devtest,fra_Latn,spa_Latn,0.14721275363484357,-0.2862540209291518
4,64,devtest,fra_Latn,rus_Cyrl,0.0574516040247374,-0.2938225316057552
4,64,devtest,fra_Latn,hin_Deva,0.22712813048402372,-0.03256614376507348
4,64,devtest,fra_Latn,arb_Arab,0.09473759546751395,-0.24361252918397663
4,64,devtest,fra_Latn,zho_Hans,0.12103138576310842,-0.36289309985985413
4,64,devtest,fra_Latn,jpn_Jpan,-0.04077032170820957,-0.38540569799037666
4,64,devtest,fra_Latn,tur_Latn,0.1088146488018571,-0.21869716386267962
4,64,devtest,fra_Latn,vie_Latn,0.06971320458551894,-0.3115000360237169
4,64,devtest,fra_Latn,ind_Latn,0.08894287676918256,-0.2551560702398773
4,64,devtest,spa_Latn,eng_Latn,0.04219539424023018,-0.3840582400772891
4,64,devtest,spa_Latn,deu_Latn,0.09380717108349017,-0.2267686829050816
4,64,devtest,spa_Latn,fra_Latn,0.15311790862474847,-0.27705624838889686
4,64,devtest,spa_Latn,rus_Cyrl,0.06102616354575223,-0.32194682147084197
4,64,devtest,spa_Latn,hin_Deva,0.20840392104032823,-0.04658730250811355
4,64,devtest,spa_Latn,arb_Arab,0.07698602678788954,-0.2653503320900691
4,64,devtest,spa_Latn,zho_Hans,0.042778405153554154,-0.3653506132497188
4,64,devtest,spa_Latn,jpn_Jpan,-0.027228895345254946,-0.39202086362256877
4,64,devtest,spa_Latn,tur_Latn,0.15972568246510035,-0.23910424825395588
4,64,devtest,spa_Latn,vie_Latn,0.05201754879103636,-0.33972977159737533
4,64,devtest,spa_Latn,ind_Latn,0.05370385518118141,-0.25972241364273546
4,64,devtest,rus_Cyrl,eng_Latn,-0.02274907560797359,-0.32421996464813196
4,64,devtest,rus_Cyrl,deu_Latn,-0.07525467749821527,-0.23160563270001494
4,64,devtest,rus_Cyrl,fra_Latn,-0.04303624900992907,-0.27261795056613725
4,64,devtest,rus_Cyrl,spa_Latn,-0.04170117412599598,-0.3082383779916078
4,64,devtest,rus_Cyrl,hin_Deva,0.21966206887922402,0.00025484156723167147
4,64,devtest,rus_Cyrl,arb_Arab,-0.028780331929547067,-0.2015141723406794
4,64,devtest,rus_Cyrl,zho_Hans,0.07841355571539525,-0.32281622968935475
4,64,devtest,rus_Cyrl,jpn_Jpan,-0.07947774974668023,-0.34397459948614834
4,64,devtest,rus_Cyrl,tur_Latn,-0.06621315474379579,-0.21788996838884003
4,64,devtest,rus_Cyrl,vie_Latn,-0.07054798663807169,-0.31534355668727915
4,64,devtest,rus_Cyrl,ind_Latn,-0.07838659835016312,-0.24414230491680716
4,64,devtest,hin_Deva,eng_Latn,-0.04502392533525709,-0.302236437451953
4,64,devtest,hin_Deva,deu_Latn,-0.11200832427195287,-0.2448721264183916
4,64,devtest,hin_Deva,fra_Latn,-0.07844370496219104,-0.2676369738396538
4,64,devtest,hin_Deva,spa_Latn,-0.1605469337673904,-0.31006196977487577
4,64,devtest,hin_Deva,rus_Cyrl,-0.07557695330579807,-0.2875513912937633
4,64,devtest,hin_Deva,arb_Arab,-0.10033641716071301,-0.25586118029495275
4,64,devtest,hin_Deva,zho_Hans,-0.018323188289502402,-0.30032435950050185
4,64,devtest,hin_Deva,jpn_Jpan,-0.03452813152771823,-0.31576298465913444
4,64,devtest,hin_Deva,tur_Latn,-0.1073387143993269,-0.2937359903653898
4,64,devtest,hin_Deva,vie_Latn,-0.07642742017182443,-0.32307673954082444
4,64,devtest,hin_Deva,ind_Latn,-0.13044276712526828,-0.2668641347945015
4,64,devtest,arb_Arab,eng_Latn,0.035786420641838,-0.3005639818092653
4,64,devtest,arb_Arab,deu_Latn,-0.023273414886702103,-0.18785615155794583
4,64,devtest,arb_Arab,fra_Latn,0.049496342351346534,-0.2521491820093311
4,64,devtest,arb_Arab,spa_Latn,0.03924749635444696,-0.2950709118618332
4,64,devtest,arb_Arab,rus_Cyrl,0.05888657218287256,-0.23715315289715455
4,64,devtest,arb_Arab,hin_Deva,0.24471133254976485,-0.019572608237832065
4,64,devtest,arb_Arab,zho_Hans,0.13853833226335263,-0.33631441807321916
4,64,devtest,arb_Arab,jpn_Jpan,-0.05009557268339149,-0.31698225602375607
4,64,devtest,arb_Arab,tur_Latn,-0.0001572095548886944,-0.20923303460333792
4,64,devtest,arb_Arab,vie_Latn,-0.0303123188258089,-0.2740993398194044
4,64,devtest,arb_Arab,ind_Latn,-0.02409399014351094,-0.23499107250999127
4,64,devtest,zho_Hans,eng_Latn,0.20081747803482627,-0.3079255744175087
4,64,devtest,zho_Hans,deu_Latn,0.2879614792812388,-0.09936874596452859
4,64,devtest,zho_Hans,fra_Latn,0.2989756352265339,-0.19833809772788707
4,64,devtest,zho_Hans,spa_Latn,0.2706120303434606,-0.21450748087332833
4,64,devtest,zho_Hans,rus_Cyrl,0.2704113361448577,-0.19480339623199758
4,64,devtest,zho_Hans,hin_Deva,0.24462267770493493,0.08911337981266841
4,64,devtest,zho_Hans,arb_Arab,0.37322848566313704,-0.1636051832950263
4,64,devtest,zho_Hans,jpn_Jpan,0.2696189501659426,-0.3500098633758418
4,64,devtest,zho_Hans,tur_Latn,0.34363511565787697,-0.1467815271493265
4,64,devtest,zho_Hans,vie_Latn,0.25896746088790706,-0.24958721919942148
4,64,devtest,zho_Hans,ind_Latn,0.24998844116140365,-0.13792175258731057
4,64,devtest,jpn_Jpan,eng_Latn,-0.06193676771942242,-0.353730417625725
4,64,devtest,jpn_Jpan,deu_Latn,0.12067540288560469,-0.19026133697476527
4,64,devtest,jpn_Jpan,fra_Latn,0.11824593203243061,-0.25182294776658815
4,64,devtest,jpn_Jpan,spa_Latn,0.13802179635196846,-0.26654915202146434
4,64,devtest,jpn_Jpan,rus_Cyrl,0.1292029161107982,-0.22506027761267516
4,64,devtest,jpn_Jpan,hin_Deva,0.25354505000630095,0.07467073364447341
4,64,devtest,jpn_Jpan,arb_Arab,0.17919245299488326,-0.14704649651346258
4,64,devtest,jpn_Jpan,zho_Hans,0.10034045004102222,-0.3431911092047597
4,64,devtest,jpn_Jpan,tur_Latn,0.16377681283184778,-0.17595236219492966
4,64,devtest,jpn_Jpan,vie_Latn,0.02970721142879827,-0.27731711353567345
4,64,devtest,jpn_Jpan,ind_Latn,0.0755911289060815,-0.18309707648261198
4,64,devtest,tur_Latn,eng_Latn,0.026307059716233833,-0.3563261719028137
4,64,devtest,tur_Latn,deu_Latn,0.06604233291717186,-0.2398360733089813
4,64,devtest,tur_Latn,fra_Latn,0.051753744938958166,-0.28450956439731523
4,64,devtest,tur_Latn,spa_Latn,0.05871159829106487,-0.32724796546972834
4,64,devtest,tur_Latn,rus_Cyrl,-0.033682809527453596,-0.28835068731102576
4,64,devtest,tur_Latn,hin_Deva,0.263809563255085,-0.09649639784119311
4,64,devtest,tur_Latn,arb_Arab,0.033881814385555487,-0.2344516647478568
4,64,devtest,tur_Latn,zho_Hans,0.10142693857489231,-0.3638844792145271
4,64,devtest,tur_Latn,jpn_Jpan,-0.039031031923041075,-0.3582593959930797
4,64,devtest,tur_Latn,vie_Latn,-0.022330197131367198,-0.3135588055578232
4,64,devtest,tur_Latn,ind_Latn,0.05513450121606276,-0.2694587779786364
4,64,devtest,vie_Latn,eng_Latn,0.08645282436884986,-0.31413632507532285
4,64,devtest,vie_Latn,deu_Latn,0.0960710034080008,-0.17686110533039587
4,64,devtest,vie_Latn,fra_Latn,0.1547925646584832,-0.2358898710784962
4,64,devtest,vie_Latn,spa_Latn,0.13785125570002582,-0.27588722867880516
4,64,devtest,vie_Latn,rus_Cyrl,0.1235958411730465,-0.24418366428529617
4,64,devtest,vie_Latn,hin_Deva,0.21364535699145182,0.014895555080535937
4,64,devtest,vie_Latn,arb_Arab,0.10893460214677536,-0.1612582092441217
4,64,devtest,vie_Latn,zho_Hans,0.0824733191781731,-0.3081558741239595
4,64,devtest,vie_Latn,jpn_Jpan,-0.02155122791088985,-0.3211245556196449
4,64,devtest,vie_Latn,tur_Latn,0.11754305257662012,-0.17370664340690042
4,64,devtest,vie_Latn,ind_Latn,0.15386410047266752,-0.18603364747977136
4,64,devtest,ind_Latn,eng_Latn,0.11384471532080095,-0.343161967439349
4,64,devtest,ind_Latn,deu_Latn,0.07175620003596075,-0.18112627787980723
4,64,devtest,ind_Latn,fra_Latn,0.055762900474991925,-0.2710586351834787
4,64,devtest,ind_Latn,spa_Latn,0.09964978787018237,-0.28361502023865653
4,64,devtest,ind_Latn,rus_Cyrl,-0.021745660580903187,-0.27751400787898234
4,64,devtest,ind_Latn,hin_Deva,0.17871824679394388,-0.056592785437845745
4,64,devtest,ind_Latn,arb_Arab,0.04922638282638828,-0.22261495378209248
4,64,devtest,ind_Latn,zho_Hans,0.09840192542237901,-0.30015095050513235
4,64,devtest,ind_Latn,jpn_Jpan,-0.029301764942931807,-0.331763115532527
4,64,devtest,ind_Latn,tur_Latn,0.114290783187307,-0.21640440396291657
4,64,devtest,ind_Latn,vie_Latn,0.09763326697345903,-0.28614500791746816
4,128,devtest,eng_Latn,deu_Latn,0.4133324285820743,-0.12411467145046298
4,128,devtest,eng_Latn,fra_Latn,0.34754937595854035,-0.1685765586034549
4,128,devtest,eng_Latn,spa_Latn,0.3236141467596884,-0.23850479306520544
4,128,devtest,eng_Latn,rus_Cyrl,0.237840852612819,-0.2274701412012682
4,128,devtest,eng_Latn,hin_Deva,0.34088002067040957,0.06252843433036569
4,128,devtest,eng_Latn,arb_Arab,0.34940839683288416,-0.14681077341928472
4,128,devtest,eng_Latn,zho_Hans,0.09389469132315816,-0.3461385412727427
4,128,devtest,eng_Latn,jpn_Jpan,0.17045231911624445,-0.3442352029838545
4,128,devtest,eng_Latn,tur_Latn,0.40301375509607607,-0.14763165310797624
4,128,devtest,eng_Latn,vie_Latn,0.3240131393970344,-0.2877823108191973
4,128,devtest,eng_Latn,ind_Latn,0.33858245418442445,-0.18328363615109516
4,128,devtest,deu_Latn,eng_Latn,0.13132304475169462,-0.3295032582779829
4,128,devtest,deu_Latn,fra_Latn,0.06614588348762951,-0.26588468108635044
4,128,devtest,deu_Latn,spa_Latn,0.12454919267974646,-0.309152594294247
4,128,devtest,deu_Latn,rus_Cyrl,0.0927616782798451,-0.31078014102710017
4,128,devtest,deu_Latn,hin_Deva,0.26043667604020415,-0.06401545489734298
4,128,devtest,deu_Latn,arb_Arab,0.042643468976351594,-0.2622978260242631
4,128,devtest,deu_Latn,zho_Hans,0.08829929840495396,-0.35573827036295935
4,128,devtest,deu_Latn,jpn_Jpan,-0.017502201121096638,-0.3906493295229951
4,128,devtest,deu_Latn,tur_Latn,0.17320936958127853,-0.2571215005741828
4,128,devtest,deu_Latn,vie_Latn,-0.00671267913302183,-0.3125202796649283
4,128,devtest,deu_Latn,ind_Latn,0.05347677878991946,-0.2573908547462273
4,128,devtest,fra_Latn,eng_Latn,0.07918928822266871,-0.3084564116046039
4,128,devtest,fra_Latn,deu_Latn,0.04473861105662363,-0.19985271477298283
4,128,devtest,fra_Latn,spa_Latn,0.1278393992930127,-0.31635419878535775
4,128,devtest,fra_Latn,rus_Cyrl,0.08854813849552834,-0.33059120370939915
4,128,devtest,fra_Latn,hin_Deva,0.2772581588673115,-0.05390281435252166
4,128,devtest,fra_Latn,arb_Arab,0.09361069523097007,-0.2530109427994503
4,128,devtest,fra_Latn,zho_Hans,0.09262468392230476,-0.3866151523829459
4,128,devtest,fra_Latn,jpn_Jpan,-0.06344660024026731,-0.40605384374171133
4,128,devtest,fra_Latn,tur_Latn,0.13210051350373317,-0.22565422000528546
4,128,devtest,fra_Latn,vie_Latn,0.04415159376106481,-0.32641124654463666
4,128,devtest,fra_Latn,ind_Latn,0.10742835419163546,-0.26657847620864356
4,128,devtest,spa_Latn,eng_Latn,0.006434854357039953,-0.39228665962115555
4,128,devtest,spa_Latn,deu_Latn,0.11296795633962801,-0.23646632641818527
4,128,devtest,spa_Latn,fra_Latn,0.15027943062869495,-0.2943597012720852
4,128,devtest,spa_Latn,rus_Cyrl,0.08660101945358649,-0.32929353289550506
4,128,devtest,spa_Latn,hin_Deva,0.26794103336551606,-0.047673403447398205
4,128,devtest,spa_Latn,arb_Arab,0.12138330540860434,-0.2570263284963853
4,128,devtest,spa_Latn,zho_Hans,0.026576779234257296,-0.3843870578041797
4,128,devtest,spa_Latn,jpn_Jpan,-0.031822444888292424,-0.3938380805030365
4,128,devtest,spa_Latn,tur_Latn,0.18167308386668862,-0.23783220441031175
4,128,devtest,spa_Latn,vie_Latn,0.02924920051006576,-0.350940618329672
4,128,devtest,spa_Latn,ind_Latn,0.08841286547775923,-0.2673688504171044
4,128,devtest,rus_Cyrl,eng_Latn,-0.05437532033837078,-0.3549933679665175
4,128,devtest,rus_Cyrl,deu_Latn,-0.08287087465204636,-0.23319653859900258
4,128,devtest,rus_Cyrl,fra_Latn,-0.045397452270382666,-0.30619995845230924
4,128,devtest,rus_Cyrl,spa_Latn,-0.07364874487390075,-0.321172031167006
4,128,devtest,rus_Cyrl,hin_Deva,0.27994018640124474,-0.01547838324481587
4,128,devtest,rus_Cyrl,arb_Arab,-0.05359802138107702,-0.23936051231280453
4,128,devtest,rus_Cyrl,zho_Hans,0.05646706562422932,-0.3733713967670049
4,128,devtest,rus_Cyrl,jpn_Jpan,-0.07743774657311253,-0.37881051106598723
4,128,devtest,rus_Cyrl,tur_Latn,-0.06511612960201703,-0.24529741520027892
4,128,devtest,rus_Cyrl,vie_Latn,-0.11404089875679807,-0.3545205320677902
4,128,devtest,rus_Cyrl,ind_Latn,-0.11547580567834818,-0.2538064036238423
4,128,devtest,hin_Deva,eng_Latn,-0.06346260538722223,-0.3363919490868447
4,128,devtest,hin_Deva,deu_Latn,-0.14597999880658435,-0.25959865618726075
4,128,devtest,hin_Deva,fra_Latn,-0.10341263136124601,-0.29425019771876654
4,128,devtest,hin_Deva,spa_Latn,-0.19661999058780694,-0.33149346161041743
4,128,devtest,hin_Deva,rus_Cyrl,-0.09872884188951381,-0.3003630859233516
4,128,devtest,hin_Deva,arb_Arab,-0.11442145480476458,-0.24453255847936642
4,128,devtest,hin_Deva,zho_Hans,-0.008965852190475875,-0.30631026030389874
4,128,devtest,hin_Deva,jpn_Jpan,-0.04143119093859156,-0.31904924847586685
4,128,devtest,hin_Deva,tur_Latn,-0.13579748220967558,-0.2861483340802236
4,128,devtest,hin_Deva,vie_Latn,-0.10240372751217437,-0.3375774855971516
4,128,devtest,hin_Deva,ind_Latn,-0.15772159685642992,-0.28193756755160404
4,128,devtest,arb_Arab,eng_Latn,0.03379216181051688,-0.319516697215769
4,128,devtest,arb_Arab,deu_Latn,-0.023394261952277617,-0.18997027662110616
4,128,devtest,arb_Arab,fra_Latn,0.043157067516408194,-0.26055701766831346
4,128,devtest,arb_Arab,spa_Latn,0.04489927909772879,-0.28467252339863636
4,128,devtest,arb_Arab,rus_Cyrl,0.06277579480435583,-0.26155698349970424
4,128,devtest,arb_Arab,hin_Deva,0.2915550076575192,-0.003840396334702042
4,128,devtest,arb_Arab,zho_Hans,0.10597535546215991,-0.3326210644408351
4,128,devtest,arb_Arab,jpn_Jpan,-0.04666164570014588,-0.3353220780650512
4,128,devtest,arb_Arab,tur_Latn,0.01834537198920659,-0.214575025689859
4,128,devtest,arb_Arab,vie_Latn,-0.02613507127481931,-0.31246047924874853
4,128,devtest,arb_Arab,ind_Latn,-0.036816045292635546,-0.2407371512054316
4,128,devtest,zho_Hans,eng_Latn,0.18894126579664497,-0.3393232686569801
4,128,devtest,zho_Hans,deu_Latn,0.33852969658133825,-0.12139750685144382
4,128,devtest,zho_Hans,fra_Latn,0.32812329104956234,-0.22081887137629416
4,128,devtest,zho_Hans,spa_Latn,0.33383144700638206,-0.23688811350128391
4,128,devtest,zho_Hans,rus_Cyrl,0.315942367528817,-0.2304668176711449
4,128,devtest,zho_Hans,hin_Deva,0.31849065586598074,0.08173818332353565
4,128,devtest,zho_Hans,arb_Arab,0.40782224393170124,-0.1701339247906327
4,128,devtest,zho_Hans,jpn_Jpan,0.30956784803201826,-0.38139566502266015
4,128,devtest,zho_Hans,tur_Latn,0.39753566985711025,-0.15578668023548345
4,128,devtest,zho_Hans,vie_Latn,0.31720015556962694,-0.28428693582795694
4,128,devtest,zho_Hans,ind_Latn,0.29085569667385075,-0.1546794259864565
4,128,devtest,jpn_Jpan,eng_Latn,-0.09691112384360098,-0.3662808340309577
4,128,devtest,jpn_Jpan,deu_Latn,0.16339736296700658,-0.20003545853127958
4,128,devtest,jpn_Jpan,fra_Latn,0.14301995635995005,-0.2621359191493447
4,128,devtest,jpn_Jpan,spa_Latn,0.1640781752846804,-0.27545131757508373
4,128,devtest,jpn_Jpan,rus_Cyrl,0.1751668043715495,-0.25337271018473456
4,128,devtest,jpn_Jpan,hin_Deva,0.31174445432771997,0.08018707756533225
4,128,devtest,jpn_Jpan,arb_Arab,0.2333630436851034,-0.1630796281749579
4,128,devtest,jpn_Jpan,zho_Hans,0.08289758685145789,-0.3778586026445222
4,128,devtest,jpn_Jpan,tur_Latn,0.1895952870720708,-0.15970534974520945
4,128,devtest,jpn_Jpan,vie_Latn,0.04475237364199323,-0.2977985394662306
4,128,devtest,jpn_Jpan,ind_Latn,0.08671756209625905,-0.19356846400521707
4,128,devtest,tur_Latn,eng_Latn,0.028233116179311447,-0.3697203112332952
4,128,devtest,tur_Latn,deu_Latn,0.06139444223928418,-0.24885628589638192
4,128,devtest,tur_Latn,fra_Latn,0.05987361934963915,-0.29657286636229463
4,128,devtest,tur_Latn,spa_Latn,0.061742715136653595,-0.33773706301306206
4,128,devtest,tur_Latn,rus_Cyrl,-0.0001547213664059634,-0.32122334497100447
4,128,devtest,tur_Latn,hin_Deva,0.3149284979791857,-0.07635762952173228
4,128,devtest,tur_Latn,arb_Arab,0.05260300949644008,-0.25995635450814003
4,128,devtest,tur_Latn,zho_Hans,0.08197568871349713,-0.38454950236981417
4,128,devtest,tur_Latn,jpn_Jpan,-0.053856198919275226,-0.35933091012635415
4,128,devtest,tur_Latn,vie_Latn,-0.02295671835397274,-0.3347670249219235
4,128,devtest,tur_Latn,ind_Latn,0.04175079099188392,-0.275737779296389
4,128,devtest,vie_Latn,eng_Latn,0.04713876708664812,-0.3296393995751395
4,128,devtest,vie_Latn,deu_Latn,0.12974215047690463,-0.15193956633564001
4,128,devtest,vie_Latn,fra_Latn,0.15800594182758768,-0.2366334136507971
4,128,devtest,vie_Latn,spa_Latn,0.14136584134421437,-0.2753484171248334
4,128,devtest,vie_Latn,rus_Cyrl,0.13501590219853724,-0.2704080820773058
4,128,devtest,vie_Latn,hin_Deva,0.2707271526092031,0.024091681197816364
4,128,devtest,vie_Latn,arb_Arab,0.15529865850516517,-0.19119331411606527
4,128,devtest,vie_Latn,zho_Hans,0.07197994605878602,-0.3438421791939984
4,128,devtest,vie_Latn,jpn_Jpan,-0.009709568704200781,-0.33096095263129177
4,128,devtest,vie_Latn,tur_Latn,0.17374872507147637,-0.1722984945542976
4,128,devtest,vie_Latn,ind_Latn,0.1586949560273171,-0.19234923906093285
4,128,devtest,ind_Latn,eng_Latn,0.09043261938208055,-0.36916218071192725
4,128,devtest,ind_Latn,deu_Latn,0.08386353649611848,-0.20178812063921758
4,128,devtest,ind_Latn,fra_Latn,0.08107485024897741,-0.27419124437412584
4,128,devtest,ind_Latn,spa_Latn,0.11590032686736368,-0.29155128205290864
4,128,devtest,ind_Latn,rus_Cyrl,-0.0033616050528693536,-0.28247908521576726
4,128,devtest,ind_Latn,hin_Deva,0.23422299509702324,-0.05451444885405612
4,128,devtest,ind_Latn,arb_Arab,0.057253503681885594,-0.2300614836393961
4,128,devtest,ind_Latn,zho_Hans,0.07568655092248812,-0.32891433816333215
4,128,devtest,ind_Latn,jpn_Jpan,-0.045884425340239475,-0.349356184338762
4,128,devtest,ind_Latn,tur_Latn,0.12005411238302292,-0.21454826737310814
4,128,devtest,ind_Latn,vie_Latn,0.06492563703106642,-0.2955365125929065
4,256,devtest,eng_Latn,deu_Latn,0.4465804663888433,-0.11891255267803945
4,256,devtest,eng_Latn,fra_Latn,0.36145760090096485,-0.18118556229466237
4,256,devtest,eng_Latn,spa_Latn,0.35084331434338895,-0.2473329818240144
4,256,devtest,eng_Latn,rus_Cyrl,0.2755233564972692,-0.22267657163003393
4,256,devtest,eng_Latn,hin_Deva,0.3904948418229456,0.07353185733243567
4,256,devtest,eng_Latn,arb_Arab,0.3624154478164192,-0.15026673788929668
4,256,devtest,eng_Latn,zho_Hans,0.05279487023587885,-0.36205880285221387
4,256,devtest,eng_Latn,jpn_Jpan,0.20169233375618564,-0.3573871723993825
4,256,devtest,eng_Latn,tur_Latn,0.41226624442665355,-0.14360480606387532
4,256,devtest,eng_Latn,vie_Latn,0.36095632888377605,-0.3049121300285445
4,256,devtest,eng_Latn,ind_Latn,0.3651187974270864,-0.18484656431206148
4,256,devtest,deu_Latn,eng_Latn,0.1071382384909636,-0.3556106908416719
4,256,devtest,deu_Latn,fra_Latn,0.08006030455017109,-0.275343533662136
4,256,devtest,deu_Latn,spa_Latn,0.12371903877617321,-0.32621573810659243
4,256,devtest,deu_Latn,rus_Cyrl,0.0932341094180777,-0.3153832156667358
4,256,devtest,deu_Latn,hin_Deva,0.30354620645367414,-0.06451114023026673
4,256,devtest,deu_Latn,arb_Arab,0.06249625130983546,-0.2774994716292405
4,256,devtest,deu_Latn,zho_Hans,0.059282900976491394,-0.3729899373954951
4,256,devtest,deu_Latn,jpn_Jpan,-0.02839344923551264,-0.39502028006042816
4,256,devtest,deu_Latn,tur_Latn,0.17604149168900338,-0.2576791458003395
4,256,devtest,deu_Latn,vie_Latn,-0.01771634906010255,-0.3371341361182861
4,256,devtest,deu_Latn,ind_Latn,0.03636713117034899,-0.2536409749772145
4,256,devtest,fra_Latn,eng_Latn,0.05415671336729605,-0.3370120855364041
4,256,devtest,fra_Latn,deu_Latn,0.05101334166208267,-0.19742395427677467
4,256,devtest,fra_Latn,spa_Latn,0.12759831701973084,-0.32880173748094965
4,256,devtest,fra_Latn,rus_Cyrl,0.10368243849802701,-0.3212517555958205
4,256,devtest,fra_Latn,hin_Deva,0.3131452473983584,-0.03781241941629559
4,256,devtest,fra_Latn,arb_Arab,0.09250537318369763,-0.2554618268911489
4,256,devtest,fra_Latn,zho_Hans,0.07401526864628277,-0.38694116358728664
4,256,devtest,fra_Latn,jpn_Jpan,-0.06867012193855142,-0.42176148066857255
4,256,devtest,fra_Latn,tur_Latn,0.13513230808471532,-0.2294256909557861
4,256,devtest,fra_Latn,vie_Latn,0.009433158065819491,-0.35312579302589314
4,256,devtest,fra_Latn,ind_Latn,0.1035434937327307,-0.2577735263096722
4,256,devtest,spa_Latn,eng_Latn,-0.017307748918706668,-0.41004032283076103
4,256,devtest,spa_Latn,deu_Latn,0.1309338223564895,-0.24468040093222748
4,256,devtest,spa_Latn,fra_Latn,0.15072256319321925,-0.29590678991058195
4,256,devtest,spa_Latn,rus_Cyrl,0.09584180332800914,-0.3191990502895797
4,256,devtest,spa_Latn,hin_Deva,0.3081023475741671,-0.046043305498610916
4,256,devtest,spa_Latn,arb_Arab,0.12587982293952218,-0.25099195433378974
4,256,devtest,spa_Latn,zho_Hans,-0.006199038161990536,-0.4091971023416421
4,256,devtest,spa_Latn,jpn_Jpan,-0.059180856269340304,-0.3989332121534966
4,256,devtest,spa_Latn,tur_Latn,0.18002558257439497,-0.235974313955232
4,256,devtest,spa_Latn,vie_Latn,0.01273494317729124,-0.34564732528639186
4,256,devtest,spa_Latn,ind_Latn,0.07585135971606428,-0.2705520221041457
4,256,devtest,rus_Cyrl,eng_Latn,-0.08669155220661232,-0.3833083844012922
4,256,devtest,rus_Cyrl,deu_Latn,-0.128198066315722,-0.22972118329083463
4,256,devtest,rus_Cyrl,fra_Latn,-0.07435476284749548,-0.3007268597785337
4,256,devtest,rus_Cyrl,spa_Latn,-0.10007314171315755,-0.3221529694417048
4,256,devtest,rus_Cyrl,hin_Deva,0.34089124093233303,-0.011842230587784053
4,256,devtest,rus_Cyrl,arb_Arab,-0.06684637602892471,-0.2564974798572051
4,256,devtest,rus_Cyrl,zho_Hans,0.01462827241729272,-0.39671364808296217
4,256,devtest,rus_Cyrl,jpn_Jpan,-0.11322006324429912,-0.38608901923034183
4,256,devtest,rus_Cyrl,tur_Latn,-0.08540698136550358,-0.24689289793079383
4,256,devtest,rus_Cyrl,vie_Latn,-0.15856720586501083,-0.3629511006877066
4,256,devtest,rus_Cyrl,ind_Latn,-0.13350629751704138,-0.25430360493830184
4,256,devtest,hin_Deva,eng_Latn,-0.07207614038381183,-0.35296487001380156
4,256,devtest,hin_Deva,deu_Latn,-0.17084837281496773,-0.2637212237800328
4,256,devtest,hin_Deva,fra_Latn,-0.1310591698983404,-0.2920811202937636
4,256,devtest,hin_Deva,spa_Latn,-0.21740277419712997,-0.3463684484052527
4,256,devtest,hin_Deva,rus_Cyrl,-0.11909632725838147,-0.30223374488893145
4,256,devtest,hin_Deva,arb_Arab,-0.1333686774682443,-0.26087107074886423
4,256,devtest,hin_Deva,zho_Hans,-0.016617587125561797,-0.30811850266650226
4,256,devtest,hin_Deva,jpn_Jpan,-0.07558973942019385,-0.33957119459472485
4,256,devtest,hin_Deva,tur_Latn,-0.1696786685945849,-0.2949286330091432
4,256,devtest,hin_Deva,vie_Latn,-0.12631909524853632,-0.3469325380210523
4,256,devtest,hin_Deva,ind_Latn,-0.17059156608145407,-0.2804068624483495
4,256,devtest,arb_Arab,eng_Latn,-0.009323677303208397,-0.34530274033390373
4,256,devtest,arb_Arab,deu_Latn,-0.02280052323389023,-0.19747487203960468
4,256,devtest,arb_Arab,fra_Latn,0.035377455784720284,-0.2657294408499457
4,256,devtest,arb_Arab,spa_Latn,0.02362525378461295,-0.2948815987756276
4,256,devtest,arb_Arab,rus_Cyrl,0.07764324005802489,-0.2727395128511136
4,256,devtest,arb_Arab,hin_Deva,0.3313629082701928,-0.0004926809200793946
4,256,devtest,arb_Arab,zho_Hans,0.07496718586199756,-0.3541957924547647
4,256,devtest,arb_Arab,jpn_Jpan,-0.07741610806790944,-0.35130844274838374
4,256,devtest,arb_Arab,tur_Latn,0.007643760278772814,-0.21844671382601794
4,256,devtest,arb_Arab,vie_Latn,-0.04955614858309047,-0.31531094674481946
4,256,devtest,arb_Arab,ind_Latn,-0.034607840461290985,-0.24795287453242018
4,256,devtest,zho_Hans,eng_Latn,0.16375385175378346,-0.3705949945386631
4,256,devtest,zho_Hans,deu_Latn,0.38876138216894407,-0.13042741856048054
4,256,devtest,zho_Hans,fra_Latn,0.37820477983732464,-0.21421390950357128
4,256,devtest,zho_Hans,spa_Latn,0.36889587809151964,-0.2627950105500851
4,256,devtest,zho_Hans,rus_Cyrl,0.35105663704629736,-0.23908502558617434
4,256,devtest,zho_Hans,hin_Deva,0.37366917347604756,0.08174352102375088
4,256,devtest,zho_Hans,arb_Arab,0.4504750229922583,-0.19540743136002225
4,256,devtest,zho_Hans,jpn_Jpan,0.3569467874641781,-0.4042627527724907
4,256,devtest,zho_Hans,tur_Latn,0.4285124363535432,-0.15026091360995672
4,256,devtest,zho_Hans,vie_Latn,0.3568030070819013,-0.3032178947571462
4,256,devtest,zho_Hans,ind_Latn,0.358082810065811,-0.17758732805211339
4,256,devtest,jpn_Jpan,eng_Latn,-0.12491445453959911,-0.3870610220041648
4,256,devtest,jpn_Jpan,deu_Latn,0.1818711202415569,-0.18422262512628937
4,256,devtest,jpn_Jpan,fra_Latn,0.1771977845293708,-0.27207403349872783
4,256,devtest,jpn_Jpan,spa_Latn,0.16283562954984737,-0.282389464651354
4,256,devtest,jpn_Jpan,rus_Cyrl,0.18891509182209898,-0.2523919648669839
4,256,devtest,jpn_Jpan,hin_Deva,0.3510174507086117,0.07798949248243958
4,256,devtest,jpn_Jpan,arb_Arab,0.2479505754148024,-0.1752599003193042
4,256,devtest,jpn_Jpan,zho_Hans,0.0837457000032204,-0.39999863661069673
4,256,devtest,jpn_Jpan,tur_Latn,0.20536694899835262,-0.16777967077515482
4,256,devtest,jpn_Jpan,vie_Latn,0.03845103371990829,-0.31432350938237774
4,256,devtest,jpn_Jpan,ind_Latn,0.10144785292515142,-0.19868785957860033
4,256,devtest,tur_Latn,eng_Latn,-0.020194238617172917,-0.39371877793234
4,256,devtest,tur_Latn,deu_Latn,0.04841145899495272,-0.25668076863391703
4,256,devtest,tur_Latn,fra_Latn,0.04041768427980929,-0.3020794039613952
4,256,devtest,tur_Latn,spa_Latn,0.03126593567070095,-0.3476863641865586
4,256,devtest,tur_Latn,rus_Cyrl,0.005467149662446657,-0.3243589591626135
4,256,devtest,tur_Latn,hin_Deva,0.3535862695435659,-0.08092874994911992
4,256,devtest,tur_Latn,arb_Arab,0.04519988916555557,-0.2799062366383709
4,256,devtest,tur_Latn,zho_Hans,0.04081310531792579,-0.38056060950724646
4,256,devtest,tur_Latn,jpn_Jpan,-0.07672431210766328,-0.3802482321121138
4,256,devtest,tur_Latn,vie_Latn,-0.05158375048936398,-0.34929044808530224
4,256,devtest,tur_Latn,ind_Latn,0.01943595133367562,-0.3048312052297053
4,256,devtest,vie_Latn,eng_Latn,0.011222127369768162,-0.34685830045852756
4,256,devtest,vie_Latn,deu_Latn,0.15745274185398603,-0.15427864029691302
4,256,devtest,vie_Latn,fra_Latn,0.147318669099658,-0.24828679402383855
4,256,devtest,vie_Latn,spa_Latn,0.1394043690012329,-0.27127095135438
4,256,devtest,vie_Latn,rus_Cyrl,0.15087177235662477,-0.2653316151324545
4,256,devtest,vie_Latn,hin_Deva,0.3184574419189559,0.034694286703531155
4,256,devtest,vie_Latn,arb_Arab,0.16067858245575722,-0.18204652685363315
4,256,devtest,vie_Latn,zho_Hans,0.048147185972417204,-0.34870307265406175
4,256,devtest,vie_Latn,jpn_Jpan,-0.027952727713127564,-0.3523967644178438
4,256,devtest,vie_Latn,tur_Latn,0.19329720618581414,-0.1648909062732776
4,256,devtest,vie_Latn,ind_Latn,0.180080252884261,-0.19593781784671901
4,256,devtest,ind_Latn,eng_Latn,0.07271225640971458,-0.382659785049816
4,256,devtest,ind_Latn,deu_Latn,0.06755250968514431,-0.19677163342104273
4,256,devtest,ind_Latn,fra_Latn,0.08842527559619708,-0.2747484063851207
4,256,devtest,ind_Latn,spa_Latn,0.1064263215555171,-0.303776057076665
4,256,devtest,ind_Latn,rus_Cyrl,0.02812851280662478,-0.28219709657553227
4,256,devtest,ind_Latn,hin_Deva,0.2878772449138294,-0.04185476285134168
4,256,devtest,ind_Latn,arb_Arab,0.08390344047395261,-0.24311436120309796
4,256,devtest,ind_Latn,zho_Hans,0.07832335067510694,-0.3487321855228575
4,256,devtest,ind_Latn,jpn_Jpan,-0.053657922269598125,-0.367315669872575
4,256,devtest,ind_Latn,tur_Latn,0.12614675565156822,-0.23084591594027512
4,256,devtest,ind_Latn,vie_Latn,0.05980575889955631,-0.3196839414756566
5,64,devtest,eng_Latn,deu_Latn,0.34202284763277024,-0.18206221865131045
5,64,devtest,eng_Latn,fra_Latn,0.2682930417734573,-0.2296372390492793
5,64,devtest,eng_Latn,spa_Latn,0.2595528290710146,-0.29015589931776264
5,64,devtest,eng_Latn,rus_Cyrl,0.1868442536815776,-0.24268469568182463
5,64,devtest,eng_Latn,hin_Deva,0.2994670163445994,0.055617455292784
5,64,devtest,eng_Latn,arb_Arab,0.261722947116558,-0.15959390031747084
5,64,devtest,eng_Latn,zho_Hans,0.11425502746831641,-0.3271821157116738
5,64,devtest,eng_Latn,jpn_Jpan,0.11349235267704598,-0.3524651714061204
5,64,devtest,eng_Latn,tur_Latn,0.35483672621615686,-0.18409333756627946
5,64,devtest,eng_Latn,vie_Latn,0.29276397231194234,-0.2895200170273805
5,64,devtest,eng_Latn,ind_Latn,0.3060452473500356,-0.1997987881844137
5,64,devtest,deu_Latn,eng_Latn,0.1519032956564435,-0.34416759392217783
5,64,devtest,deu_Latn,fra_Latn,0.056667727660278305,-0.2983703738927513
5,64,devtest,deu_Latn,spa_Latn,0.14977529416269392,-0.3314322773297973
5,64,devtest,deu_Latn,rus_Cyrl,0.054377471858567825,-0.3478024543427648
5,64,devtest,deu_Latn,hin_Deva,0.18627393084001417,-0.06608703773144445
5,64,devtest,deu_Latn,arb_Arab,0.029539554953466524,-0.25853335587804616
5,64,devtest,deu_Latn,zho_Hans,0.10136904267995608,-0.34788861269131144
5,64,devtest,deu_Latn,jpn_Jpan,0.01955808943845107,-0.3835881873921232
5,64,devtest,deu_Latn,tur_Latn,0.17964106820833553,-0.2789453390283368
5,64,devtest,deu_Latn,vie_Latn,0.027720294850981785,-0.34627571883056363
5,64,devtest,deu_Latn,ind_Latn,0.07427603694324049,-0.26116005768144906
5,64,devtest,fra_Latn,eng_Latn,0.08107320971589867,-0.32109258063913465
5,64,devtest,fra_Latn,deu_Latn,0.02875755491303107,-0.23761990725640367
5,64,devtest,fra_Latn,spa_Latn,0.15515463577892852,-0.33607220301523544
5,64,devtest,fra_Latn,rus_Cyrl,0.08610759858321415,-0.3412671827599563
5,64,devtest,fra_Latn,hin_Deva,0.20278327687258624,-0.03302599917869932
5,64,devtest,fra_Latn,arb_Arab,0.09137040211381746,-0.26449420290991654
5,64,devtest,fra_Latn,zho_Hans,0.08711766142069594,-0.36007751960122886
5,64,devtest,fra_Latn,jpn_Jpan,-0.02350230147308354,-0.40120853275188284
5,64,devtest,fra_Latn,tur_Latn,0.11358266749590917,-0.24564911296473715
5,64,devtest,fra_Latn,vie_Latn,0.07578595518232756,-0.347080793728267
5,64,devtest,fra_Latn,ind_Latn,0.08949396252802345,-0.2558619654906416
5,64,devtest,spa_Latn,eng_Latn,0.057379994312168954,-0.3958095735228004
5,64,devtest,spa_Latn,deu_Latn,0.11876854184408207,-0.2651301762930355
5,64,devtest,spa_Latn,fra_Latn,0.15834784101362326,-0.3214128057849958
5,64,devtest,spa_Latn,rus_Cyrl,0.06789444006963788,-0.3617099611785067
5,64,devtest,spa_Latn,hin_Deva,0.20652877788153645,-0.04095743393909413
5,64,devtest,spa_Latn,arb_Arab,0.10857061767051096,-0.25634611793382345
5,64,devtest,spa_Latn,zho_Hans,0.026088915476832533,-0.38436102704681235
5,64,devtest,spa_Latn,jpn_Jpan,-0.014339273737228308,-0.3981182131792343
5,64,devtest,spa_Latn,tur_Latn,0.14499723291909825,-0.23231870404845884
5,64,devtest,spa_Latn,vie_Latn,0.0667667872771721,-0.3679544594191371
5,64,devtest,spa_Latn,ind_Latn,0.06154505337798225,-0.2698817076191742
5,64,devtest,rus_Cyrl,eng_Latn,-0.01053315159914794,-0.31389715030656984
5,64,devtest,rus_Cyrl,deu_Latn,-0.04715064350868148,-0.2566289852341425
5,64,devtest,rus_Cyrl,fra_Latn,0.0014081097844020573,-0.3198345482229546
5,64,devtest,rus_Cyrl,spa_Latn,-0.013157741632492803,-0.3516571863823405
5,64,devtest,rus_Cyrl,hin_Deva,0.21450775763877486,-0.011656379183130752
5,64,devtest,rus_Cyrl,arb_Arab,-0.020824661975801247,-0.2325478341228906
5,64,devtest,rus_Cyrl,zho_Hans,0.0738120597148273,-0.34474904924333344
5,64,devtest,rus_Cyrl,jpn_Jpan,-0.06024248055208003,-0.3683813267259783
5,64,devtest,rus_Cyrl,tur_Latn,-0.05327414140001868,-0.23527280387414046
5,64,devtest,rus_Cyrl,vie_Latn,-0.07909325806509657,-0.3472740845050376
5,64,devtest,rus_Cyrl,ind_Latn,-0.08479831114558119,-0.24670840906928093
5,64,devtest,hin_Deva,eng_Latn,-0.010106856406518169,-0.30808599074056325
5,64,devtest,hin_Deva,deu_Latn,-0.09004727750301546,-0.2881698309508178
5,64,devtest,hin_Deva,fra_Latn,-0.05879019106974666,-0.2811136847527244
5,64,devtest,hin_Deva,spa_Latn,-0.13210996799243338,-0.3294022511241767
5,64,devtest,hin_Deva,rus_Cyrl,-0.016485978363606033,-0.32139931857489357
5,64,devtest,hin_Deva,arb_Arab,-0.06924550991704907,-0.282899169708408
5,64,devtest,hin_Deva,zho_Hans,0.035187768562367716,-0.3064698016926496
5,64,devtest,hin_Deva,jpn_Jpan,0.0020164190717365613,-0.31477399090135433
5,64,devtest,hin_Deva,tur_Latn,-0.06830290220778505,-0.31858728655755103
5,64,devtest,hin_Deva,vie_Latn,-0.04219382523351084,-0.330089892536201
5,64,devtest,hin_Deva,ind_Latn,-0.09835141055485823,-0.2814040849302944
5,64,devtest,arb_Arab,eng_Latn,0.05627727121958118,-0.30688307823749955
5,64,devtest,arb_Arab,deu_Latn,-0.030278642475632632,-0.2237374967743432
5,64,devtest,arb_Arab,fra_Latn,0.06171547980799894,-0.2894398758645253
5,64,devtest,arb_Arab,spa_Latn,0.0713397387730732,-0.29559164298243595
5,64,devtest,arb_Arab,rus_Cyrl,0.072429388650858,-0.28875432025281683
5,64,devtest,arb_Arab,hin_Deva,0.22868911000957162,-0.04286880928706474
5,64,devtest,arb_Arab,zho_Hans,0.1412422199390618,-0.3493430858646998
5,64,devtest,arb_Arab,jpn_Jpan,-0.019435566574044903,-0.3384461951865902
5,64,devtest,arb_Arab,tur_Latn,-0.0013044270893167514,-0.22203077212499747
5,64,devtest,arb_Arab,vie_Latn,-0.005741225920736824,-0.2811024883103038
5,64,devtest,arb_Arab,ind_Latn,-0.00048819683367368183,-0.2669714982117503
5,64,devtest,zho_Hans,eng_Latn,0.19654536121511448,-0.31407731293535845
5,64,devtest,zho_Hans,deu_Latn,0.25971342532161834,-0.16563020679804058
5,64,devtest,zho_Hans,fra_Latn,0.2523215803664089,-0.23429434467684274
5,64,devtest,zho_Hans,spa_Latn,0.22456275374066903,-0.2754915124560279
5,64,devtest,zho_Hans,rus_Cyrl,0.22370020553634895,-0.24758498622853128
5,64,devtest,zho_Hans,hin_Deva,0.2393185697668009,0.06428574460530126
5,64,devtest,zho_Hans,arb_Arab,0.3331283194950414,-0.19054555392881292
5,64,devtest,zho_Hans,jpn_Jpan,0.25166843366940544,-0.3783811665807966
5,64,devtest,zho_Hans,tur_Latn,0.3286163813886179,-0.16802894920445338
5,64,devtest,zho_Hans,vie_Latn,0.26420490490614396,-0.2792887942516621
5,64,devtest,zho_Hans,ind_Latn,0.25088556800849593,-0.17068691955459153
5,64,devtest,jpn_Jpan,eng_Latn,-0.0789359955953292,-0.3591243236398894
5,64,devtest,jpn_Jpan,deu_Latn,0.12883866305102348,-0.23163413426561627
5,64,devtest,jpn_Jpan,fra_Latn,0.12567854634406506,-0.30383087438100653
5,64,devtest,jpn_Jpan,spa_Latn,0.1178163337177175,-0.303518288018998
5,64,devtest,jpn_Jpan,rus_Cyrl,0.1146079459765103,-0.2758838778851585
5,64,devtest,jpn_Jpan,hin_Deva,0.25225521727461175,0.062492609330064064
5,64,devtest,jpn_Jpan,arb_Arab,0.18135606065939364,-0.17840297243165307
5,64,devtest,jpn_Jpan,zho_Hans,0.10965109385881723,-0.3777678823121622
5,64,devtest,jpn_Jpan,tur_Latn,0.17388708142734727,-0.18828941362645477
5,64,devtest,jpn_Jpan,vie_Latn,0.039246990826006724,-0.29636118263096384
5,64,devtest,jpn_Jpan,ind_Latn,0.09199858260166877,-0.21088676513501328
5,64,devtest,tur_Latn,eng_Latn,0.04879970591354351,-0.3705438742246702
5,64,devtest,tur_Latn,deu_Latn,0.05893532142243715,-0.28407511931639406
5,64,devtest,tur_Latn,fra_Latn,0.07640104047919428,-0.32398977594916895
5,64,devtest,tur_Latn,spa_Latn,0.06283306963580391,-0.3315681601430466
5,64,devtest,tur_Latn,rus_Cyrl,-0.0029471163684867555,-0.325715996300552
5,64,devtest,tur_Latn,hin_Deva,0.23608486138742354,-0.09866751996845381
5,64,devtest,tur_Latn,arb_Arab,0.0397908765686853,-0.24446001127710826
5,64,devtest,tur_Latn,zho_Hans,0.10833136098078337,-0.36001140378865804
5,64,devtest,tur_Latn,jpn_Jpan,-0.019592359949593203,-0.3628916970770427
5,64,devtest,tur_Latn,vie_Latn,-0.014616526197783931,-0.34043662721273954
5,64,devtest,tur_Latn,ind_Latn,0.032845895748546475,-0.30444400931515087
5,64,devtest,vie_Latn,eng_Latn,0.09614041282808455,-0.32585368620078364
5,64,devtest,vie_Latn,deu_Latn,0.09805774337180513,-0.2301436982718593
5,64,devtest,vie_Latn,fra_Latn,0.15270359709652823,-0.29935076182732473
5,64,devtest,vie_Latn,spa_Latn,0.13746651762501177,-0.32378211910428556
5,64,devtest,vie_Latn,rus_Cyrl,0.07588012647752375,-0.3163143867007916
5,64,devtest,vie_Latn,hin_Deva,0.22466745479455422,0.004499978804308554
5,64,devtest,vie_Latn,arb_Arab,0.12549953934993027,-0.1802817187746672
5,64,devtest,vie_Latn,zho_Hans,0.10156292740546895,-0.33476598819036113
5,64,devtest,vie_Latn,jpn_Jpan,0.0005221462671161863,-0.3440915567835527
5,64,devtest,vie_Latn,tur_Latn,0.12887174778035912,-0.22222628209396514
5,64,devtest,vie_Latn,ind_Latn,0.14525350424379763,-0.21736943686256374
5,64,devtest,ind_Latn,eng_Latn,0.13116549582797524,-0.32826485029212926
5,64,devtest,ind_Latn,deu_Latn,0.07213740516712375,-0.21504552060079432
5,64,devtest,ind_Latn,fra_Latn,0.08317338361428707,-0.28008109224807487
5,64,devtest,ind_Latn,spa_Latn,0.11536684242743961,-0.30014541660201816
5,64,devtest,ind_Latn,rus_Cyrl,-0.03430942209722455,-0.2983210434132083
5,64,devtest,ind_Latn,hin_Deva,0.1489390450947413,-0.06495100982403348
5,64,devtest,ind_Latn,arb_Arab,0.07019308201698174,-0.24560818448360192
5,64,devtest,ind_Latn,zho_Hans,0.13794199012432312,-0.30947361580594895
5,64,devtest,ind_Latn,jpn_Jpan,0.007059609080310654,-0.3494084237189534
5,64,devtest,ind_Latn,tur_Latn,0.11956122688639298,-0.2551370681074678
5,64,devtest,ind_Latn,vie_Latn,0.10832709652746796,-0.2954270828507838
5,128,devtest,eng_Latn,deu_Latn,0.36702169381906,-0.17828011669052876
5,128,devtest,eng_Latn,fra_Latn,0.3047086964533798,-0.22084333918505114
5,128,devtest,eng_Latn,spa_Latn,0.28786883280657577,-0.29985608121973345
5,128,devtest,eng_Latn,rus_Cyrl,0.21244291949151958,-0.2721952559913429
5,128,devtest,eng_Latn,hin_Deva,0.3309821408031529,0.061685738333377635
5,128,devtest,eng_Latn,arb_Arab,0.30245043784484116,-0.16212343444284344
5,128,devtest,eng_Latn,zho_Hans,0.0938734618164964,-0.3597624105750284
5,128,devtest,eng_Latn,jpn_Jpan,0.1384253127214085,-0.3533273874130453
5,128,devtest,eng_Latn,tur_Latn,0.3888578766173058,-0.16989468338807284
5,128,devtest,eng_Latn,vie_Latn,0.32814928809849564,-0.3142634063852999
5,128,devtest,eng_Latn,ind_Latn,0.3194939955562179,-0.1950981115799113
5,128,devtest,deu_Latn,eng_Latn,0.13354930160731995,-0.36548800102380774
5,128,devtest,deu_Latn,fra_Latn,0.07134991998698521,-0.30934009225326237
5,128,devtest,deu_Latn,spa_Latn,0.14848523996436755,-0.3464050607980372
5,128,devtest,deu_Latn,rus_Cyrl,0.0533752353761507,-0.3524991736637283
5,128,devtest,deu_Latn,hin_Deva,0.24416012081706426,-0.060811828931150336
5,128,devtest,deu_Latn,arb_Arab,0.04058500453731961,-0.27241754722194245
5,128,devtest,deu_Latn,zho_Hans,0.09908910835202706,-0.3875899314776379
5,128,devtest,deu_Latn,jpn_Jpan,0.008385431072430964,-0.4071351867513199
5,128,devtest,deu_Latn,tur_Latn,0.18532889496170307,-0.2811827052340957
5,128,devtest,deu_Latn,vie_Latn,0.01365464046974457,-0.3425536713628014
5,128,devtest,deu_Latn,ind_Latn,0.06704043535394871,-0.279199902861395
5,128,devtest,fra_Latn,eng_Latn,0.07779165113535504,-0.3411491670004032
5,128,devtest,fra_Latn,deu_Latn,0.04405053175834497,-0.24982350377973309
5,128,devtest,fra_Latn,spa_Latn,0.13532838074415018,-0.35998281050795644
5,128,devtest,fra_Latn,rus_Cyrl,0.09569759005604926,-0.3612236787837334
5,128,devtest,fra_Latn,hin_Deva,0.2572563542250462,-0.041082207750468475
5,128,devtest,fra_Latn,arb_Arab,0.10254559985822707,-0.27506844225142785
5,128,devtest,fra_Latn,zho_Hans,0.08023333765301184,-0.40440263031333434
5,128,devtest,fra_Latn,jpn_Jpan,-0.042929831639134886,-0.425493400210333
5,128,devtest,fra_Latn,tur_Latn,0.11323227874528172,-0.2535599717619247
5,128,devtest,fra_Latn,vie_Latn,0.04360289905639425,-0.35575834988594873
5,128,devtest,fra_Latn,ind_Latn,0.12033666493399393,-0.2814341189355258
5,128,devtest,spa_Latn,eng_Latn,0.034770842849493784,-0.42602670167485707
5,128,devtest,spa_Latn,deu_Latn,0.13807518614652192,-0.2803204406068694
5,128,devtest,spa_Latn,fra_Latn,0.15183007324642242,-0.3378493864960335
5,128,devtest,spa_Latn,rus_Cyrl,0.08430380737477494,-0.37388058259554646
5,128,devtest,spa_Latn,hin_Deva,0.2604875497452286,-0.038782569012599785
5,128,devtest,spa_Latn,arb_Arab,0.13624640694728235,-0.2610147966747868
5,128,devtest,spa_Latn,zho_Hans,0.031483928740312035,-0.40842998819631465
5,128,devtest,spa_Latn,jpn_Jpan,-0.020996499871501456,-0.4177144084223146
5,128,devtest,spa_Latn,tur_Latn,0.16802152851086657,-0.2472069254760377
5,128,devtest,spa_Latn,vie_Latn,0.03595732928134477,-0.3586745687872075
5,128,devtest,spa_Latn,ind_Latn,0.07387589070666067,-0.28270409770669125
5,128,devtest,rus_Cyrl,eng_Latn,-0.042553025847481,-0.3715779554223182
5,128,devtest,rus_Cyrl,deu_Latn,-0.08440274858238439,-0.27442985204988957
5,128,devtest,rus_Cyrl,fra_Latn,-0.01941539350277818,-0.3359707559281285
5,128,devtest,rus_Cyrl,spa_Latn,-0.04985978096265931,-0.37746341313944454
5,128,devtest,rus_Cyrl,hin_Deva,0.26436226949934194,-0.0020831590300600016
5,128,devtest,rus_Cyrl,arb_Arab,-0.04510860742938457,-0.25908892225457464
5,128,devtest,rus_Cyrl,zho_Hans,0.06650803164559384,-0.3965462932228041
5,128,devtest,rus_Cyrl,jpn_Jpan,-0.07483702228819084,-0.40060079622072214
5,128,devtest,rus_Cyrl,tur_Latn,-0.06407786094828725,-0.24758244256762751
5,128,devtest,rus_Cyrl,vie_Latn,-0.12746248849845954,-0.3696188875242858
5,128,devtest,rus_Cyrl,ind_Latn,-0.11991426024457993,-0.256188297815633
5,128,devtest,hin_Deva,eng_Latn,-0.023581391336745684,-0.3526801427187392
5,128,devtest,hin_Deva,deu_Latn,-0.1082207473303695,-0.302153614266165
5,128,devtest,hin_Deva,fra_Latn,-0.07717723103707433,-0.313130848003864
5,128,devtest,hin_Deva,spa_Latn,-0.13984342689396134,-0.35749185485723395
5,128,devtest,hin_Deva,rus_Cyrl,-0.04637576410218524,-0.33145279524529364
5,128,devtest,hin_Deva,arb_Arab,-0.08873240345909644,-0.28907580233896296
5,128,devtest,hin_Deva,zho_Hans,0.03544484331833273,-0.30650554950277087
5,128,devtest,hin_Deva,jpn_Jpan,-0.0005945192040212738,-0.34620263935469897
5,128,devtest,hin_Deva,tur_Latn,-0.10854731321365357,-0.33195195743446415
5,128,devtest,hin_Deva,vie_Latn,-0.06885753890730031,-0.3537073941843911
5,128,devtest,hin_Deva,ind_Latn,-0.12713231831298816,-0.2999109548953558
5,128,devtest,arb_Arab,eng_Latn,0.05671159006154896,-0.3312504375018306
5,128,devtest,arb_Arab,deu_Latn,-0.031508772158471456,-0.24271540574984346
5,128,devtest,arb_Arab,fra_Latn,0.07305330426516542,-0.30809450052286896
5,128,devtest,arb_Arab,spa_Latn,0.07665486662499853,-0.31536781748136755
5,128,devtest,arb_Arab,rus_Cyrl,0.08569909031789989,-0.30601359998296673
5,128,devtest,arb_Arab,hin_Deva,0.2706838224521833,-0.03004239764452824
5,128,devtest,arb_Arab,zho_Hans,0.13013030265742612,-0.3481519649743425
5,128,devtest,arb_Arab,jpn_Jpan,-0.014602416588066717,-0.36984612168695186
5,128,devtest,arb_Arab,tur_Latn,0.009253635541500759,-0.2553718453472972
5,128,devtest,arb_Arab,vie_Latn,-0.019275943815454416,-0.3252575726056468
5,128,devtest,arb_Arab,ind_Latn,0.002462365939084217,-0.26775817760102144
5,128,devtest,zho_Hans,eng_Latn,0.19065724230319908,-0.36284613403864807
5,128,devtest,zho_Hans,deu_Latn,0.31982815517481705,-0.19019695243316356
5,128,devtest,zho_Hans,fra_Latn,0.29790474955244217,-0.26752546935890836
5,128,devtest,zho_Hans,spa_Latn,0.2909909466283481,-0.29692692636611706
5,128,devtest,zho_Hans,rus_Cyrl,0.2718872402853876,-0.27980396952271036
5,128,devtest,zho_Hans,hin_Deva,0.30083231984013475,0.07674302220412114
5,128,devtest,zho_Hans,arb_Arab,0.38279031403491515,-0.1947981030737821
5,128,devtest,zho_Hans,jpn_Jpan,0.27774137413127103,-0.40458925101631266
5,128,devtest,zho_Hans,tur_Latn,0.3550757363013535,-0.17671547696598333
5,128,devtest,zho_Hans,vie_Latn,0.3168996412667956,-0.3133008286293107
5,128,devtest,zho_Hans,ind_Latn,0.2834899416688746,-0.1963511163282454
5,128,devtest,jpn_Jpan,eng_Latn,-0.10536724047804157,-0.3750212051022506
5,128,devtest,jpn_Jpan,deu_Latn,0.15584033392504967,-0.2399064415726871
5,128,devtest,jpn_Jpan,fra_Latn,0.1554856992695011,-0.31781732542576285
5,128,devtest,jpn_Jpan,spa_Latn,0.1455522295458518,-0.3290320882858214
5,128,devtest,jpn_Jpan,rus_Cyrl,0.13798127526040868,-0.30143264078398596
5,128,devtest,jpn_Jpan,hin_Deva,0.3018494979792147,0.06027165886222589
5,128,devtest,jpn_Jpan,arb_Arab,0.22358949283751034,-0.20529765541076206
5,128,devtest,jpn_Jpan,zho_Hans,0.0940829857811852,-0.39959845740768074
5,128,devtest,jpn_Jpan,tur_Latn,0.18325418034274077,-0.19851602621667672
5,128,devtest,jpn_Jpan,vie_Latn,0.046439155861784605,-0.3279940217255887
5,128,devtest,jpn_Jpan,ind_Latn,0.09632575334503746,-0.2309998181040428
5,128,devtest,tur_Latn,eng_Latn,0.03679106108661992,-0.39006259386836384
5,128,devtest,tur_Latn,deu_Latn,0.057498402010399144,-0.29351878795790126
5,128,devtest,tur_Latn,fra_Latn,0.060266853528074364,-0.33307493627437684
5,128,devtest,tur_Latn,spa_Latn,0.061808001977194306,-0.35808676551398955
5,128,devtest,tur_Latn,rus_Cyrl,0.0031876943427576435,-0.3505801527562667
5,128,devtest,tur_Latn,hin_Deva,0.27922286698782306,-0.09432265058904724
5,128,devtest,tur_Latn,arb_Arab,0.05418274146732373,-0.2879531671565805
5,128,devtest,tur_Latn,zho_Hans,0.07217938370144553,-0.38610093726321193
5,128,devtest,tur_Latn,jpn_Jpan,-0.046768396839237066,-0.38464119284438764
5,128,devtest,tur_Latn,vie_Latn,-0.027527772961582903,-0.34803901688690464
5,128,devtest,tur_Latn,ind_Latn,0.02515117196826596,-0.31386491393393257
5,128,devtest,vie_Latn,eng_Latn,0.07664495756126576,-0.3653333835031326
5,128,devtest,vie_Latn,deu_Latn,0.1214228342849159,-0.21911184565759376
5,128,devtest,vie_Latn,fra_Latn,0.14824755136153533,-0.2929704326714094
5,128,devtest,vie_Latn,spa_Latn,0.12843825413041582,-0.3236664307953459
5,128,devtest,vie_Latn,rus_Cyrl,0.09145917031922096,-0.320974686872461
5,128,devtest,vie_Latn,hin_Deva,0.27513637497043086,0.013365724385882969
5,128,devtest,vie_Latn,arb_Arab,0.12961417404006906,-0.2144243958094466
5,128,devtest,vie_Latn,zho_Hans,0.09183736546413598,-0.3806522281843597
5,128,devtest,vie_Latn,jpn_Jpan,-0.0029934390390041503,-0.3716865917501053
5,128,devtest,vie_Latn,tur_Latn,0.16795104594905988,-0.21257149268520495
5,128,devtest,vie_Latn,ind_Latn,0.15646529787458133,-0.23228246839129987
5,128,devtest,ind_Latn,eng_Latn,0.10261556286673897,-0.3563353464560125
5,128,devtest,ind_Latn,deu_Latn,0.0773831766551268,-0.23748830396022927
5,128,devtest,ind_Latn,fra_Latn,0.09924279443810644,-0.3049784344735034
5,128,devtest,ind_Latn,spa_Latn,0.12888367099985978,-0.32347578230504725
5,128,devtest,ind_Latn,rus_Cyrl,-0.02677655287974056,-0.31440939647257404
5,128,devtest,ind_Latn,hin_Deva,0.1909037407413165,-0.06015268241704845
5,128,devtest,ind_Latn,arb_Arab,0.09184130560853064,-0.2529286235511667
5,128,devtest,ind_Latn,zho_Hans,0.12189405725750631,-0.34954638228969115
5,128,devtest,ind_Latn,jpn_Jpan,-0.01942366285778863,-0.37966109232963136
5,128,devtest,ind_Latn,tur_Latn,0.12954208871394157,-0.2592272682134783
5,128,devtest,ind_Latn,vie_Latn,0.09584146479490299,-0.3162237592504257
5,256,devtest,eng_Latn,deu_Latn,0.402699359639086,-0.16932766885769815
5,256,devtest,eng_Latn,fra_Latn,0.3088580605493351,-0.2354147494456129
5,256,devtest,eng_Latn,spa_Latn,0.30743692025457825,-0.30255932423010545
5,256,devtest,eng_Latn,rus_Cyrl,0.23260999830837567,-0.2673087332543862
5,256,devtest,eng_Latn,hin_Deva,0.3766151536127518,0.07846150907717178
5,256,devtest,eng_Latn,arb_Arab,0.33405251467772784,-0.16279799463141517
5,256,devtest,eng_Latn,zho_Hans,0.07397664814862337,-0.3745210257265549
5,256,devtest,eng_Latn,jpn_Jpan,0.16913982192204632,-0.35668315094053105
5,256,devtest,eng_Latn,tur_Latn,0.40101371817768416,-0.15403600954446928
5,256,devtest,eng_Latn,vie_Latn,0.3470547391626125,-0.32865595385693946
5,256,devtest,eng_Latn,ind_Latn,0.3455847314919983,-0.20061481121029676
5,256,devtest,deu_Latn,eng_Latn,0.12286865043095989,-0.37931896570637536
5,256,devtest,deu_Latn,fra_Latn,0.07780245044118721,-0.3160222311963219
5,256,devtest,deu_Latn,spa_Latn,0.13928075505092588,-0.3714489104655352
5,256,devtest,deu_Latn,rus_Cyrl,0.0762778141706916,-0.35081215097961516
5,256,devtest,deu_Latn,hin_Deva,0.27762335869621,-0.055913759429322925
5,256,devtest,deu_Latn,arb_Arab,0.05735253054369519,-0.28700394778334515
5,256,devtest,deu_Latn,zho_Hans,0.08871062201825101,-0.39937083583897864
5,256,devtest,deu_Latn,jpn_Jpan,0.005425701974352188,-0.41235900662597347
5,256,devtest,deu_Latn,tur_Latn,0.1905683582062849,-0.2670736441666625
5,256,devtest,deu_Latn,vie_Latn,0.009140191872189885,-0.35500512249779825
5,256,devtest,deu_Latn,ind_Latn,0.06634847687688354,-0.2909160414330677
5,256,devtest,fra_Latn,eng_Latn,0.04868943672840212,-0.36666673424290946
5,256,devtest,fra_Latn,deu_Latn,0.03966286455190459,-0.2420999705788266
5,256,devtest,fra_Latn,spa_Latn,0.13460946502096172,-0.38409131704955507
5,256,devtest,fra_Latn,rus_Cyrl,0.1105128819202325,-0.3564443916691076
5,256,devtest,fra_Latn,hin_Deva,0.3007468076085173,-0.027440075556709215
5,256,devtest,fra_Latn,arb_Arab,0.09617433117464,-0.2792878384042582
5,256,devtest,fra_Latn,zho_Hans,0.07087872922156258,-0.41794671713539183
5,256,devtest,fra_Latn,jpn_Jpan,-0.058589222682483184,-0.441890690245685
5,256,devtest,fra_Latn,tur_Latn,0.13011545588378562,-0.24196516766588405
5,256,devtest,fra_Latn,vie_Latn,0.012566603619123097,-0.37612326928763545
5,256,devtest,fra_Latn,ind_Latn,0.11976766437165368,-0.2838590091708336
5,256,devtest,spa_Latn,eng_Latn,0.01125396543447897,-0.4327627472398683
5,256,devtest,spa_Latn,deu_Latn,0.1390858170788278,-0.2855027080164672
5,256,devtest,spa_Latn,fra_Latn,0.1533137807339948,-0.3470724362947111
5,256,devtest,spa_Latn,rus_Cyrl,0.09086863920640392,-0.3754136167123396
5,256,devtest,spa_Latn,hin_Deva,0.3058287655846533,-0.026975123965667112
5,256,devtest,spa_Latn,arb_Arab,0.14243839271596098,-0.2652153309418951
5,256,devtest,spa_Latn,zho_Hans,0.011945480523626139,-0.4308339651333684
5,256,devtest,spa_Latn,jpn_Jpan,-0.048465681013079756,-0.4182246302368108
5,256,devtest,spa_Latn,tur_Latn,0.17561874110072684,-0.22276360892225977
5,256,devtest,spa_Latn,vie_Latn,0.022494032436108428,-0.3746539368521305
5,256,devtest,spa_Latn,ind_Latn,0.07340116187060837,-0.28928973778194644
5,256,devtest,rus_Cyrl,eng_Latn,-0.08369785454103569,-0.4042835340188223
5,256,devtest,rus_Cyrl,deu_Latn,-0.0945772216318812,-0.26347776064774947
5,256,devtest,rus_Cyrl,fra_Latn,-0.03867991768656284,-0.3327999433132012
5,256,devtest,rus_Cyrl,spa_Latn,-0.07894912443862415,-0.38735320673731377
5,256,devtest,rus_Cyrl,hin_Deva,0.31765427017519277,0.0001087736984715101
5,256,devtest,rus_Cyrl,arb_Arab,-0.069934729590552,-0.27477543133153476
5,256,devtest,rus_Cyrl,zho_Hans,0.03588566644535604,-0.41977285627972577
5,256,devtest,rus_Cyrl,jpn_Jpan,-0.0876275156196878,-0.41041593788572556
5,256,devtest,rus_Cyrl,tur_Latn,-0.08725188530151379,-0.24222383726984392
5,256,devtest,rus_Cyrl,vie_Latn,-0.156481450579825,-0.3867962589430584
5,256,devtest,rus_Cyrl,ind_Latn,-0.13924297403464633,-0.2651428078046113
5,256,devtest,hin_Deva,eng_Latn,-0.02955854991415084,-0.3555239826392711
5,256,devtest,hin_Deva,deu_Latn,-0.13410669513517648,-0.3099263599747533
5,256,devtest,hin_Deva,fra_Latn,-0.08468809156139998,-0.3170684811949084
5,256,devtest,hin_Deva,spa_Latn,-0.15978904029898788,-0.3771263103744967
5,256,devtest,hin_Deva,rus_Cyrl,-0.07768849998748244,-0.3378418157506611
5,256,devtest,hin_Deva,arb_Arab,-0.10828561666727794,-0.2939483221899413
5,256,devtest,hin_Deva,zho_Hans,0.03253352041240316,-0.31414964566608644
5,256,devtest,hin_Deva,jpn_Jpan,-0.027758667579873636,-0.34613195848631434
5,256,devtest,hin_Deva,tur_Latn,-0.13352986367086023,-0.3289690685132351
5,256,devtest,hin_Deva,vie_Latn,-0.08192743500366478,-0.3560893667549239
5,256,devtest,hin_Deva,ind_Latn,-0.1331385926373327,-0.29256572283257365
5,256,devtest,arb_Arab,eng_Latn,0.03134439866306998,-0.3586747916833929
5,256,devtest,arb_Arab,deu_Latn,-0.029453260433636934,-0.24840341041226455
5,256,devtest,arb_Arab,fra_Latn,0.06430100658441243,-0.31828536260865026
5,256,devtest,arb_Arab,spa_Latn,0.06438534640226434,-0.34006986649304755
5,256,devtest,arb_Arab,rus_Cyrl,0.08384934720377618,-0.3266866072881431
5,256,devtest,arb_Arab,hin_Deva,0.305881324321672,-0.021998214949468374
5,256,devtest,arb_Arab,zho_Hans,0.10559440121179443,-0.37541402138822183
5,256,devtest,arb_Arab,jpn_Jpan,-0.04210949011357528,-0.38079559891948017
5,256,devtest,arb_Arab,tur_Latn,0.007738955001667036,-0.2516028637245117
5,256,devtest,arb_Arab,vie_Latn,-0.0293052360567935,-0.3357327230529324
5,256,devtest,arb_Arab,ind_Latn,-0.004843877172496553,-0.28721951143320373
5,256,devtest,zho_Hans,eng_Latn,0.18071095204991855,-0.3923057880707943
5,256,devtest,zho_Hans,deu_Latn,0.37513738237887734,-0.1928573830013744
5,256,devtest,zho_Hans,fra_Latn,0.3398790194856658,-0.27901049630163316
5,256,devtest,zho_Hans,spa_Latn,0.33749552259944465,-0.3320247245506036
5,256,devtest,zho_Hans,rus_Cyrl,0.31132199258058263,-0.29699863637689555
5,256,devtest,zho_Hans,hin_Deva,0.35707097707869506,0.07501589988242101
5,256,devtest,zho_Hans,arb_Arab,0.4239592107842072,-0.21733968322644603
5,256,devtest,zho_Hans,jpn_Jpan,0.3289063134130621,-0.4285266290973325
5,256,devtest,zho_Hans,tur_Latn,0.4002748276775789,-0.17768646988283684
5,256,devtest,zho_Hans,vie_Latn,0.35834875484045714,-0.32927345811388126
5,256,devtest,zho_Hans,ind_Latn,0.3317454259476015,-0.21345330123586526
5,256,devtest,jpn_Jpan,eng_Latn,-0.12822995233908058,-0.39044608787192314
5,256,devtest,jpn_Jpan,deu_Latn,0.18979140741912046,-0.23798725567091497
5,256,devtest,jpn_Jpan,fra_Latn,0.18041407024937564,-0.3287821845776324
5,256,devtest,jpn_Jpan,spa_Latn,0.1405685166357696,-0.341379037028163
5,256,devtest,jpn_Jpan,rus_Cyrl,0.16723461845919657,-0.30979757044250733
5,256,devtest,jpn_Jpan,hin_Deva,0.33983394200703443,0.07163203543558495
5,256,devtest,jpn_Jpan,arb_Arab,0.23557092381633402,-0.2112941831234635
5,256,devtest,jpn_Jpan,zho_Hans,0.09575505934495164,-0.42391621937508256
5,256,devtest,jpn_Jpan,tur_Latn,0.22049131748564577,-0.19882406547047377
5,256,devtest,jpn_Jpan,vie_Latn,0.0458406348035845,-0.34243063336515733
5,256,devtest,jpn_Jpan,ind_Latn,0.11853477028684284,-0.22561614557315102
5,256,devtest,tur_Latn,eng_Latn,-0.009344173223746872,-0.4034566405634962
5,256,devtest,tur_Latn,deu_Latn,0.05235010180522733,-0.30023684397693995
5,256,devtest,tur_Latn,fra_Latn,0.05944951330349164,-0.34319462803354017
5,256,devtest,tur_Latn,spa_Latn,0.04189615244409583,-0.36483474698784324
5,256,devtest,tur_Latn,rus_Cyrl,0.011050474952608243,-0.3591412561625916
5,256,devtest,tur_Latn,hin_Deva,0.3238630437719811,-0.09428921206435527
5,256,devtest,tur_Latn,arb_Arab,0.04860855288897836,-0.3084366451286761
5,256,devtest,tur_Latn,zho_Hans,0.04829253827877142,-0.4110080143107153
5,256,devtest,tur_Latn,jpn_Jpan,-0.057514073651456825,-0.4143549658063409
5,256,devtest,tur_Latn,vie_Latn,-0.06020821764024997,-0.37333768918552007
5,256,devtest,tur_Latn,ind_Latn,0.014251146547528404,-0.3330052239588659
5,256,devtest,vie_Latn,eng_Latn,0.04031586546424489,-0.38619156678859395
5,256,devtest,vie_Latn,deu_Latn,0.14162887705655527,-0.2101362971151607
5,256,devtest,vie_Latn,fra_Latn,0.13935110925831107,-0.29989829280302815
5,256,devtest,vie_Latn,spa_Latn,0.1283013219966376,-0.33838042396718865
5,256,devtest,vie_Latn,rus_Cyrl,0.11004368291098317,-0.3311388823020745
5,256,devtest,vie_Latn,hin_Deva,0.31947999706710695,0.02883581554836563
5,256,devtest,vie_Latn,arb_Arab,0.15713905977405082,-0.20908011156422904
5,256,devtest,vie_Latn,zho_Hans,0.07367841429565372,-0.3831349455743086
5,256,devtest,vie_Latn,jpn_Jpan,-0.015026200236028726,-0.3790831921370458
5,256,devtest,vie_Latn,tur_Latn,0.17954617839961592,-0.2030518432330172
5,256,devtest,vie_Latn,ind_Latn,0.17863482155924978,-0.23737261012817226
5,256,devtest,ind_Latn,eng_Latn,0.09520156295648621,-0.3853712814112228
5,256,devtest,ind_Latn,deu_Latn,0.08265123538907944,-0.2466984316500765
5,256,devtest,ind_Latn,fra_Latn,0.10595300585251446,-0.3135124571366533
5,256,devtest,ind_Latn,spa_Latn,0.12354590850598439,-0.3457963456947254
5,256,devtest,ind_Latn,rus_Cyrl,0.0036903550207016316,-0.32197917648492896
5,256,devtest,ind_Latn,hin_Deva,0.2450401116157103,-0.04700116724724972
5,256,devtest,ind_Latn,arb_Arab,0.10234099404947049,-0.275804772015618
5,256,devtest,ind_Latn,zho_Hans,0.10567736276890659,-0.36944235034335204
5,256,devtest,ind_Latn,jpn_Jpan,-0.027519517423594174,-0.3841456257203398
5,256,devtest,ind_Latn,tur_Latn,0.13587140711224135,-0.2649697740122487
5,256,devtest,ind_Latn,vie_Latn,0.09211424367825996,-0.34043735199185937
6,64,devtest,eng_Latn,deu_Latn,0.3254901085777337,-0.18069043933060608
6,64,devtest,eng_Latn,fra_Latn,0.26216583625954637,-0.21125078285888937
6,64,devtest,eng_Latn,spa_Latn,0.24145719326940016,-0.2914849030430433
6,64,devtest,eng_Latn,rus_Cyrl,0.202250124255789,-0.2230251850817711
6,64,devtest,eng_Latn,hin_Deva,0.20191173357721331,0.03548444163588514
6,64,devtest,eng_Latn,arb_Arab,0.25460868499563094,-0.17332067039559465
6,64,devtest,eng_Latn,zho_Hans,0.09788011135732419,-0.3339548430299079
6,64,devtest,eng_Latn,jpn_Jpan,0.12382421707475012,-0.34289584691333347
6,64,devtest,eng_Latn,tur_Latn,0.31350300234261097,-0.2119600364330019
6,64,devtest,eng_Latn,vie_Latn,0.29364727366924964,-0.2742639083700656
6,64,devtest,eng_Latn,ind_Latn,0.2886501729065838,-0.202487142963518
6,64,devtest,deu_Latn,eng_Latn,0.15486229227522597,-0.34319712261060387
6,64,devtest,deu_Latn,fra_Latn,0.05992999700304327,-0.2927267460305701
6,64,devtest,deu_Latn,spa_Latn,0.16961674658209516,-0.3366537144781423
6,64,devtest,deu_Latn,rus_Cyrl,0.06559763757513112,-0.3529298755136636
6,64,devtest,deu_Latn,hin_Deva,0.16261830602877017,-0.10650520630796699
6,64,devtest,deu_Latn,arb_Arab,0.065285801994522,-0.2779606058049713
6,64,devtest,deu_Latn,zho_Hans,0.1000097336054961,-0.35392369382874517
6,64,devtest,deu_Latn,jpn_Jpan,0.013328582736165261,-0.3786991921878271
6,64,devtest,deu_Latn,tur_Latn,0.19405375077514359,-0.29930477981322096
6,64,devtest,deu_Latn,vie_Latn,0.023587269201253373,-0.3291977572219657
6,64,devtest,deu_Latn,ind_Latn,0.06751387575160463,-0.2722350909845911
6,64,devtest,fra_Latn,eng_Latn,0.09371453169787594,-0.308705155135124
6,64,devtest,fra_Latn,deu_Latn,0.03740265957914464,-0.23868964696493009
6,64,devtest,fra_Latn,spa_Latn,0.1631249074509676,-0.31454503951475943
6,64,devtest,fra_Latn,rus_Cyrl,0.11525329897265885,-0.3251657466854922
6,64,devtest,fra_Latn,hin_Deva,0.13795572966745548,-0.07120311074789559
6,64,devtest,fra_Latn,arb_Arab,0.08951954696906958,-0.25716999462306284
6,64,devtest,fra_Latn,zho_Hans,0.09319561221829606,-0.34539963356133324
6,64,devtest,fra_Latn,jpn_Jpan,-0.016385003841765805,-0.3934118804636808
6,64,devtest,fra_Latn,tur_Latn,0.13369043206068487,-0.27808088112625023
6,64,devtest,fra_Latn,vie_Latn,0.07929817250922017,-0.3333639091833391
6,64,devtest,fra_Latn,ind_Latn,0.09579315832303872,-0.26568912785672794
6,64,devtest,spa_Latn,eng_Latn,0.06498380063560191,-0.3959319289669932
6,64,devtest,spa_Latn,deu_Latn,0.1459369881889125,-0.26583059116710034
6,64,devtest,spa_Latn,fra_Latn,0.1681177238783388,-0.30020632651356827
6,64,devtest,spa_Latn,rus_Cyrl,0.0907217653755816,-0.3301749780121373
6,64,devtest,spa_Latn,hin_Deva,0.14608810528288071,-0.07752277819548774
6,64,devtest,spa_Latn,arb_Arab,0.128553532334743,-0.25505070786851824
6,64,devtest,spa_Latn,zho_Hans,0.056709908167756555,-0.391589859845931
6,64,devtest,spa_Latn,jpn_Jpan,-0.02883695292147867,-0.3869869977276774
6,64,devtest,spa_Latn,tur_Latn,0.14359140351396715,-0.26390394759272773
6,64,devtest,spa_Latn,vie_Latn,0.06363610602681781,-0.3437721290750948
6,64,devtest,spa_Latn,ind_Latn,0.07762824196382044,-0.2909361478007602
6,64,devtest,rus_Cyrl,eng_Latn,0.0024450449126377847,-0.31366755999986673
6,64,devtest,rus_Cyrl,deu_Latn,-0.022053793707558313,-0.2737859587473906
6,64,devtest,rus_Cyrl,fra_Latn,0.02797830995591562,-0.31177843149347534
6,64,devtest,rus_Cyrl,spa_Latn,-0.002691942012077528,-0.3354707524713108
6,64,devtest,rus_Cyrl,hin_Deva,0.18209822971734677,-0.04595524635968076
6,64,devtest,rus_Cyrl,arb_Arab,-0.022634930471235205,-0.2542773466422116
6,64,devtest,rus_Cyrl,zho_Hans,0.07725598849462295,-0.34204659768136325
6,64,devtest,rus_Cyrl,jpn_Jpan,-0.040510524195274455,-0.36669138212140057
6,64,devtest,rus_Cyrl,tur_Latn,-0.05536996300116938,-0.2671540169746661
6,64,devtest,rus_Cyrl,vie_Latn,-0.09498316851638701,-0.34707337404926
6,64,devtest,rus_Cyrl,ind_Latn,-0.08894979264888131,-0.26103008219488727
6,64,devtest,hin_Deva,eng_Latn,-0.02318122829936473,-0.29806488327464237
6,64,devtest,hin_Deva,deu_Latn,-0.05911502671233736,-0.26221102244523775
6,64,devtest,hin_Deva,fra_Latn,-0.0643862195282889,-0.2741891710158704
6,64,devtest,hin_Deva,spa_Latn,-0.12125599637593854,-0.31194380101262836
6,64,devtest,hin_Deva,rus_Cyrl,0.0022511769783727753,-0.3078752097944291
6,64,devtest,hin_Deva,arb_Arab,-0.05145154400469457,-0.2739780227331763
6,64,devtest,hin_Deva,zho_Hans,0.04697641912494969,-0.2866881274978546
6,64,devtest,hin_Deva,jpn_Jpan,0.019569897288924273,-0.30533442169730307
6,64,devtest,hin_Deva,tur_Latn,-0.04421802890854544,-0.31274054083181596
6,64,devtest,hin_Deva,vie_Latn,-0.03364717986725902,-0.32741202595220237
6,64,devtest,hin_Deva,ind_Latn,-0.09498404274356034,-0.25657646104283804
6,64,devtest,arb_Arab,eng_Latn,0.11268125688043282,-0.29434329323894154
6,64,devtest,arb_Arab,deu_Latn,0.019492771207550056,-0.21218002116445261
6,64,devtest,arb_Arab,fra_Latn,0.07901508526627345,-0.26537796972472705
6,64,devtest,arb_Arab,spa_Latn,0.109214195703308,-0.26931908678920424
6,64,devtest,arb_Arab,rus_Cyrl,0.05988172280402442,-0.27736431902201847
6,64,devtest,arb_Arab,hin_Deva,0.16177335691896574,-0.05799942746857543
6,64,devtest,arb_Arab,zho_Hans,0.17418085955732918,-0.33536161167982337
6,64,devtest,arb_Arab,jpn_Jpan,0.01350890344968602,-0.3364772324897184
6,64,devtest,arb_Arab,tur_Latn,0.014147881505321813,-0.23389808931210407
6,64,devtest,arb_Arab,vie_Latn,0.02667873501139395,-0.2713027097847089
6,64,devtest,arb_Arab,ind_Latn,0.018401853603074423,-0.2592582260358993
6,64,devtest,zho_Hans,eng_Latn,0.18330599575253442,-0.3237569760784757
6,64,devtest,zho_Hans,deu_Latn,0.230271034034987,-0.16477525718584993
6,64,devtest,zho_Hans,fra_Latn,0.2315038226854429,-0.22502963183681274
6,64,devtest,zho_Hans,spa_Latn,0.22379904854560306,-0.2884523292839496
6,64,devtest,zho_Hans,rus_Cyrl,0.20793402061380897,-0.23345021071893718
6,64,devtest,zho_Hans,hin_Deva,0.16167531099924173,0.03600343055983085
6,64,devtest,zho_Hans,arb_Arab,0.30115110551700236,-0.2025549672563077
6,64,devtest,zho_Hans,jpn_Jpan,0.23592074314035655,-0.36698213279210445
6,64,devtest,zho_Hans,tur_Latn,0.25714670478738494,-0.19718038445030195
6,64,devtest,zho_Hans,vie_Latn,0.26200574738621035,-0.28413817751324133
6,64,devtest,zho_Hans,ind_Latn,0.22180272043347687,-0.18894875067218508
6,64,devtest,jpn_Jpan,eng_Latn,-0.08326924982685462,-0.356427194042928
6,64,devtest,jpn_Jpan,deu_Latn,0.12254502754424444,-0.22319070979172312
6,64,devtest,jpn_Jpan,fra_Latn,0.14693748039296728,-0.2966064743808288
6,64,devtest,jpn_Jpan,spa_Latn,0.12511858687858013,-0.3030237908115822
6,64,devtest,jpn_Jpan,rus_Cyrl,0.13774222907758218,-0.2728812224623904
6,64,devtest,jpn_Jpan,hin_Deva,0.2100007270001173,0.036791293760497036
6,64,devtest,jpn_Jpan,arb_Arab,0.18555668232327688,-0.206619739966774
6,64,devtest,jpn_Jpan,zho_Hans,0.1212263985945706,-0.37563316671434943
6,64,devtest,jpn_Jpan,tur_Latn,0.15342452344896154,-0.22702827641329815
6,64,devtest,jpn_Jpan,vie_Latn,0.035814716631167295,-0.29312759871168703
6,64,devtest,jpn_Jpan,ind_Latn,0.09811302033403742,-0.22119394280054533
6,64,devtest,tur_Latn,eng_Latn,0.039940125223839246,-0.366305274352043
6,64,devtest,tur_Latn,deu_Latn,0.06472114337694887,-0.2684753414850263
6,64,devtest,tur_Latn,fra_Latn,0.09704665991102446,-0.30990145762757204
6,64,devtest,tur_Latn,spa_Latn,0.0749338063487098,-0.3292233031464662
6,64,devtest,tur_Latn,rus_Cyrl,-0.003113132837374934,-0.32327394175725893
6,64,devtest,tur_Latn,hin_Deva,0.21366247000971575,-0.1165949021476289
6,64,devtest,tur_Latn,arb_Arab,0.06038238716556802,-0.24670296529776356
6,64,devtest,tur_Latn,zho_Hans,0.08695526356167496,-0.3544890588840416
6,64,devtest,tur_Latn,jpn_Jpan,-0.01768614737742054,-0.3530271519012846
6,64,devtest,tur_Latn,vie_Latn,-0.02802086134569665,-0.3254314140670934
6,64,devtest,tur_Latn,ind_Latn,0.05657442304787934,-0.2982823785139395
6,64,devtest,vie_Latn,eng_Latn,0.10779478617026386,-0.3215098780780882
6,64,devtest,vie_Latn,deu_Latn,0.10662681401314615,-0.2189697341179814
6,64,devtest,vie_Latn,fra_Latn,0.1388500400404997,-0.2911778378404639
6,64,devtest,vie_Latn,spa_Latn,0.1346504468098755,-0.31490906549913933
6,64,devtest,vie_Latn,rus_Cyrl,0.07731157869835993,-0.3043616876888943
6,64,devtest,vie_Latn,hin_Deva,0.19892276450302973,-0.035918636297416554
6,64,devtest,vie_Latn,arb_Arab,0.1333995397659889,-0.20598091140705355
6,64,devtest,vie_Latn,zho_Hans,0.12283229336790605,-0.3462510471967913
6,64,devtest,vie_Latn,jpn_Jpan,0.0007302069234425058,-0.3505891433409398
6,64,devtest,vie_Latn,tur_Latn,0.1037382510149235,-0.2512695678400828
6,64,devtest,vie_Latn,ind_Latn,0.160241060934861,-0.238495722523556
6,64,devtest,ind_Latn,eng_Latn,0.1254716613499814,-0.3142705848697643
6,64,devtest,ind_Latn,deu_Latn,0.06259292827919917,-0.21218303907171807
6,64,devtest,ind_Latn,fra_Latn,0.09548007194462353,-0.2768648068599039
6,64,devtest,ind_Latn,spa_Latn,0.12853734411759782,-0.3115071776476454
6,64,devtest,ind_Latn,rus_Cyrl,-0.020357105335854206,-0.2879248869813461
6,64,devtest,ind_Latn,hin_Deva,0.12008470765968483,-0.07792349908438598
6,64,devtest,ind_Latn,arb_Arab,0.07765178821230456,-0.24985048331188625
6,64,devtest,ind_Latn,zho_Hans,0.12222769014362851,-0.3115158353778605
6,64,devtest,ind_Latn,jpn_Jpan,0.000540047462022308,-0.3550259952811801
6,64,devtest,ind_Latn,tur_Latn,0.1196918651659304,-0.27719917046473386
6,64,devtest,ind_Latn,vie_Latn,0.11006625756199434,-0.2909423276836862
6,128,devtest,eng_Latn,deu_Latn,0.35564029347329784,-0.1661581959365816
6,128,devtest,eng_Latn,fra_Latn,0.3024089753649057,-0.19773050116731586
6,128,devtest,eng_Latn,spa_Latn,0.27522914563388073,-0.28879841565920294
6,128,devtest,eng_Latn,rus_Cyrl,0.20677048569218953,-0.2483145774197005
6,128,devtest,eng_Latn,hin_Deva,0.2656483449642081,0.04915085392267602
6,128,devtest,eng_Latn,arb_Arab,0.28092446899162304,-0.17898313739574134
6,128,devtest,eng_Latn,zho_Hans,0.08440769038585086,-0.3427044502201135
6,128,devtest,eng_Latn,jpn_Jpan,0.14618306418417684,-0.34103095357266844
6,128,devtest,eng_Latn,tur_Latn,0.33371974366185814,-0.19158652989559166
6,128,devtest,eng_Latn,vie_Latn,0.3238590747355849,-0.2944440371066763
6,128,devtest,eng_Latn,ind_Latn,0.3152081275623311,-0.21345721986110602
6,128,devtest,deu_Latn,eng_Latn,0.1310190024433585,-0.3679640866091844
6,128,devtest,deu_Latn,fra_Latn,0.07918769402608108,-0.3101284848373568
6,128,devtest,deu_Latn,spa_Latn,0.14806056607516996,-0.35538386074348716
6,128,devtest,deu_Latn,rus_Cyrl,0.07170770682222342,-0.363884960071924
6,128,devtest,deu_Latn,hin_Deva,0.2166713580934664,-0.1118759747021974
6,128,devtest,deu_Latn,arb_Arab,0.0551363101116195,-0.2831453171068823
6,128,devtest,deu_Latn,zho_Hans,0.0962441272633411,-0.38614462036494707
6,128,devtest,deu_Latn,jpn_Jpan,0.006883638325025878,-0.41423617167252846
6,128,devtest,deu_Latn,tur_Latn,0.18668671762674965,-0.30473725863745316
6,128,devtest,deu_Latn,vie_Latn,0.02791333376911207,-0.3414626211045129
6,128,devtest,deu_Latn,ind_Latn,0.061826580545518095,-0.2966487045165702
6,128,devtest,fra_Latn,eng_Latn,0.09070157958638833,-0.3255015992324076
6,128,devtest,fra_Latn,deu_Latn,0.058957607945482444,-0.24720256275648045
6,128,devtest,fra_Latn,spa_Latn,0.14106211000192945,-0.35845616483773507
6,128,devtest,fra_Latn,rus_Cyrl,0.11423126064933586,-0.3439060577409161
6,128,devtest,fra_Latn,hin_Deva,0.20101411061214813,-0.0768077219842926
6,128,devtest,fra_Latn,arb_Arab,0.08984537936397613,-0.26819575405393115
6,128,devtest,fra_Latn,zho_Hans,0.09235505348508742,-0.39353610931013094
6,128,devtest,fra_Latn,jpn_Jpan,-0.03333880743273355,-0.42660610848960656
6,128,devtest,fra_Latn,tur_Latn,0.12937638962386955,-0.2838989574765614
6,128,devtest,fra_Latn,vie_Latn,0.042751852564676764,-0.3430749070355966
6,128,devtest,fra_Latn,ind_Latn,0.1202204329477477,-0.2972873164857635
6,128,devtest,spa_Latn,eng_Latn,0.051556776566066546,-0.4111153635974426
6,128,devtest,spa_Latn,deu_Latn,0.1372002895604223,-0.27989093633989987
6,128,devtest,spa_Latn,fra_Latn,0.15547168595079472,-0.3297560147768762
6,128,devtest,spa_Latn,rus_Cyrl,0.09999500969814856,-0.35372901777945426
6,128,devtest,spa_Latn,hin_Deva,0.20884804212042518,-0.06400974936956245
6,128,devtest,spa_Latn,arb_Arab,0.1469639703545377,-0.2702905821003264
6,128,devtest,spa_Latn,zho_Hans,0.049119487733579055,-0.408567529715892
6,128,devtest,spa_Latn,jpn_Jpan,-0.02919734687919669,-0.4096798752755671
6,128,devtest,spa_Latn,tur_Latn,0.16091249382780032,-0.27286078326892094
6,128,devtest,spa_Latn,vie_Latn,0.03389085942533262,-0.3403228898442634
6,128,devtest,spa_Latn,ind_Latn,0.07899517823438532,-0.27735902575111343
6,128,devtest,rus_Cyrl,eng_Latn,-0.05503199579593224,-0.36594660310804283
6,128,devtest,rus_Cyrl,deu_Latn,-0.05129475750962751,-0.2887313719927439
6,128,devtest,rus_Cyrl,fra_Latn,0.009140173961432253,-0.3255428909311337
6,128,devtest,rus_Cyrl,spa_Latn,-0.029374268287070498,-0.37044931628702965
6,128,devtest,rus_Cyrl,hin_Deva,0.22615037489671988,-0.0381175887491706
6,128,devtest,rus_Cyrl,arb_Arab,-0.028632843452500605,-0.2688232813905122
6,128,devtest,rus_Cyrl,zho_Hans,0.06530339731518417,-0.39533497659123956
6,128,devtest,rus_Cyrl,jpn_Jpan,-0.05761246888367197,-0.39278174338495603
6,128,devtest,rus_Cyrl,tur_Latn,-0.05872627323853994,-0.29046304917667476
6,128,devtest,rus_Cyrl,vie_Latn,-0.14117557430191538,-0.3770303937894216
6,128,devtest,rus_Cyrl,ind_Latn,-0.12505116954487802,-0.28892339435795894
6,128,devtest,hin_Deva,eng_Latn,-0.019078710503822358,-0.33223684798123854
6,128,devtest,hin_Deva,deu_Latn,-0.08484620196705196,-0.29439282910390613
6,128,devtest,hin_Deva,fra_Latn,-0.06735592165157187,-0.2942857898666518
6,128,devtest,hin_Deva,spa_Latn,-0.12406563707098617,-0.33603594403006665
6,128,devtest,hin_Deva,rus_Cyrl,-0.03302014522761191,-0.3226546593354588
6,128,devtest,hin_Deva,arb_Arab,-0.06488211563546649,-0.28621867420069486
6,128,devtest,hin_Deva,zho_Hans,0.049734822247305896,-0.29725464347531766
6,128,devtest,hin_Deva,jpn_Jpan,0.00703421765546227,-0.32751046455086197
6,128,devtest,hin_Deva,tur_Latn,-0.07702690955568418,-0.3216319695945283
6,128,devtest,hin_Deva,vie_Latn,-0.043650565578536756,-0.34519832388151667
6,128,devtest,hin_Deva,ind_Latn,-0.09566470875541101,-0.27423792509073663
6,128,devtest,arb_Arab,eng_Latn,0.10123481743573882,-0.32149652065824635
6,128,devtest,arb_Arab,deu_Latn,-0.00438357633900132,-0.219520223551942
6,128,devtest,arb_Arab,fra_Latn,0.09063075134537336,-0.2798436569768598
6,128,devtest,arb_Arab,spa_Latn,0.11158435174841277,-0.29756965470191443
6,128,devtest,arb_Arab,rus_Cyrl,0.07982126285529748,-0.28099756638861756
6,128,devtest,arb_Arab,hin_Deva,0.20834681897565602,-0.05137050911351778
6,128,devtest,arb_Arab,zho_Hans,0.15370484214528704,-0.3498313463105541
6,128,devtest,arb_Arab,jpn_Jpan,0.008623630406576556,-0.3701462114971691
6,128,devtest,arb_Arab,tur_Latn,0.009769658507812511,-0.25789070997528873
6,128,devtest,arb_Arab,vie_Latn,-0.0024096833049762284,-0.3009504480155761
6,128,devtest,arb_Arab,ind_Latn,0.025848354877555397,-0.2629907021517716
6,128,devtest,zho_Hans,eng_Latn,0.17469145457345445,-0.3496252696824528
6,128,devtest,zho_Hans,deu_Latn,0.2892782254595994,-0.1827823714098571
6,128,devtest,zho_Hans,fra_Latn,0.278878597955884,-0.25453455770456357
6,128,devtest,zho_Hans,spa_Latn,0.27429941914452066,-0.3030935873115105
6,128,devtest,zho_Hans,rus_Cyrl,0.24033662252769053,-0.26768643783086116
6,128,devtest,zho_Hans,hin_Deva,0.22497218158660162,0.0487005167877344
6,128,devtest,zho_Hans,arb_Arab,0.34610964689662244,-0.2119018202325766
6,128,devtest,zho_Hans,jpn_Jpan,0.2592292311751318,-0.395485941295827
6,128,devtest,zho_Hans,tur_Latn,0.2948886061378151,-0.19299375548917536
6,128,devtest,zho_Hans,vie_Latn,0.30545482767247895,-0.3008076835118742
6,128,devtest,zho_Hans,ind_Latn,0.24585530109859904,-0.21185436000865812
6,128,devtest,jpn_Jpan,eng_Latn,-0.11443514450095955,-0.3689472080397887
6,128,devtest,jpn_Jpan,deu_Latn,0.15629275221060676,-0.24236391474558203
6,128,devtest,jpn_Jpan,fra_Latn,0.17154763407086526,-0.3183593214415828
6,128,devtest,jpn_Jpan,spa_Latn,0.14408615850477724,-0.3283103485055396
6,128,devtest,jpn_Jpan,rus_Cyrl,0.1632351278126993,-0.29533935812556167
6,128,devtest,jpn_Jpan,hin_Deva,0.25481103231172303,0.04306098332009216
6,128,devtest,jpn_Jpan,arb_Arab,0.21699357267013672,-0.2335632983375805
6,128,devtest,jpn_Jpan,zho_Hans,0.10119894331320352,-0.40149862832083566
6,128,devtest,jpn_Jpan,tur_Latn,0.17220483627603636,-0.23883369363520945
6,128,devtest,jpn_Jpan,vie_Latn,0.041616444753199436,-0.32111689593844644
6,128,devtest,jpn_Jpan,ind_Latn,0.1008385344660011,-0.23160787453139378
6,128,devtest,tur_Latn,eng_Latn,0.02254565230489688,-0.38584917923126155
6,128,devtest,tur_Latn,deu_Latn,0.05054382878188142,-0.28131665703639624
6,128,devtest,tur_Latn,fra_Latn,0.08705209538645967,-0.3284193566628474
6,128,devtest,tur_Latn,spa_Latn,0.07409473989723793,-0.35899159428674204
6,128,devtest,tur_Latn,rus_Cyrl,0.011813290365143593,-0.3588496631281696
6,128,devtest,tur_Latn,hin_Deva,0.2644346021579269,-0.11187419989873998
6,128,devtest,tur_Latn,arb_Arab,0.05758912410638966,-0.2919188010151212
6,128,devtest,tur_Latn,zho_Hans,0.0756112798447628,-0.38325443600756115
6,128,devtest,tur_Latn,jpn_Jpan,-0.03481973706910669,-0.39034423226077536
6,128,devtest,tur_Latn,vie_Latn,-0.037289050611415325,-0.3395550969210924
6,128,devtest,tur_Latn,ind_Latn,0.06501067524800276,-0.3091633774532535
6,128,devtest,vie_Latn,eng_Latn,0.08826360517723865,-0.35425538918160165
6,128,devtest,vie_Latn,deu_Latn,0.13163079619351678,-0.21766970243160494
6,128,devtest,vie_Latn,fra_Latn,0.13514481074270127,-0.2830567999573574
6,128,devtest,vie_Latn,spa_Latn,0.1234773879545369,-0.31483458774885414
6,128,devtest,vie_Latn,rus_Cyrl,0.08429860939069893,-0.3176967518858756
6,128,devtest,vie_Latn,hin_Deva,0.24910855021856107,-0.03105976493423047
6,128,devtest,vie_Latn,arb_Arab,0.1379969911129481,-0.2292443974741652
6,128,devtest,vie_Latn,zho_Hans,0.11805783936282988,-0.3719374689114247
6,128,devtest,vie_Latn,jpn_Jpan,0.0016662222256181507,-0.37489225807093984
6,128,devtest,vie_Latn,tur_Latn,0.13970874989282406,-0.24395562572466808
6,128,devtest,vie_Latn,ind_Latn,0.16288008330311288,-0.24763603843693227
6,128,devtest,ind_Latn,eng_Latn,0.1139328861810445,-0.35933204530533985
6,128,devtest,ind_Latn,deu_Latn,0.058759232455914384,-0.23489080172456595
6,128,devtest,ind_Latn,fra_Latn,0.1082611725276799,-0.30324451405913794
6,128,devtest,ind_Latn,spa_Latn,0.12153168210474816,-0.31404028091772307
6,128,devtest,ind_Latn,rus_Cyrl,-0.02211568955815086,-0.3214985273194918
6,128,devtest,ind_Latn,hin_Deva,0.1785315290889682,-0.0721083295211865
6,128,devtest,ind_Latn,arb_Arab,0.09354882498463803,-0.2657421318278601
6,128,devtest,ind_Latn,zho_Hans,0.10601269189718796,-0.3513341668193972
6,128,devtest,ind_Latn,jpn_Jpan,-0.021912984021107848,-0.38146382279700536
6,128,devtest,ind_Latn,tur_Latn,0.13088974794838948,-0.2771419933709953
6,128,devtest,ind_Latn,vie_Latn,0.09611580436018642,-0.3131309230760883
6,256,devtest,eng_Latn,deu_Latn,0.39031747138809736,-0.15929199271812597
6,256,devtest,eng_Latn,fra_Latn,0.3125001771593377,-0.21637369069508552
6,256,devtest,eng_Latn,spa_Latn,0.28577467690955255,-0.2962085480694818
6,256,devtest,eng_Latn,rus_Cyrl,0.24725460378025832,-0.24707592365570336
6,256,devtest,eng_Latn,hin_Deva,0.309751037941184,0.0666563780259207
6,256,devtest,eng_Latn,arb_Arab,0.3092728769780325,-0.18007076510344142
6,256,devtest,eng_Latn,zho_Hans,0.06197768002331277,-0.36181958108946405
6,256,devtest,eng_Latn,jpn_Jpan,0.17737826388927688,-0.3477026292132759
6,256,devtest,eng_Latn,tur_Latn,0.3579233246586552,-0.16856839414707334
6,256,devtest,eng_Latn,vie_Latn,0.34657863350753404,-0.31261665864354976
6,256,devtest,eng_Latn,ind_Latn,0.32861323032429957,-0.2202948597680661
6,256,devtest,deu_Latn,eng_Latn,0.11586928016586548,-0.3937790461459346
6,256,devtest,deu_Latn,fra_Latn,0.08380037826996398,-0.32491233948321896
6,256,devtest,deu_Latn,spa_Latn,0.14104267169947513,-0.3744731766067593
6,256,devtest,deu_Latn,rus_Cyrl,0.08093690653888544,-0.36155358092769174
6,256,devtest,deu_Latn,hin_Deva,0.25999676538716615,-0.098441340246082
6,256,devtest,deu_Latn,arb_Arab,0.0682601115330698,-0.29707030131207424
6,256,devtest,deu_Latn,zho_Hans,0.08552945078547053,-0.4049036222104183
6,256,devtest,deu_Latn,jpn_Jpan,0.007288732255667677,-0.4168763759328252
6,256,devtest,deu_Latn,tur_Latn,0.17527300087320083,-0.2904229885268189
6,256,devtest,deu_Latn,vie_Latn,0.009814832263742053,-0.35717453799916743
6,256,devtest,deu_Latn,ind_Latn,0.060792722166052186,-0.30592689927261196
6,256,devtest,fra_Latn,eng_Latn,0.07360483601350745,-0.3587896473466981
6,256,devtest,fra_Latn,deu_Latn,0.05223004959070032,-0.24771694931734003
6,256,devtest,fra_Latn,spa_Latn,0.13445477307137488,-0.3794240617586507
6,256,devtest,fra_Latn,rus_Cyrl,0.12032403067836583,-0.3492383562050911
6,256,devtest,fra_Latn,hin_Deva,0.2479352362755762,-0.06282780016060321
6,256,devtest,fra_Latn,arb_Arab,0.09016676527394561,-0.28798964352120504
6,256,devtest,fra_Latn,zho_Hans,0.07299770813123271,-0.4057548163366162
6,256,devtest,fra_Latn,jpn_Jpan,-0.0435184899358284,-0.4322561112654419
6,256,devtest,fra_Latn,tur_Latn,0.12730201086678813,-0.27735588527671945
6,256,devtest,fra_Latn,vie_Latn,0.008557853029251525,-0.3654019282249036
6,256,devtest,fra_Latn,ind_Latn,0.12050114066385897,-0.2981848801925734
6,256,devtest,spa_Latn,eng_Latn,0.01313506830762962,-0.43564392759308695
6,256,devtest,spa_Latn,deu_Latn,0.14735273765979076,-0.28096486721673525
6,256,devtest,spa_Latn,fra_Latn,0.15209081916174638,-0.33714913233124494
6,256,devtest,spa_Latn,rus_Cyrl,0.10285093283982963,-0.3555654177379426
6,256,devtest,spa_Latn,hin_Deva,0.2541690516379633,-0.050255613540283246
6,256,devtest,spa_Latn,arb_Arab,0.1524168022392288,-0.2791296372483398
6,256,devtest,spa_Latn,zho_Hans,0.02513383233737878,-0.42147973489062474
6,256,devtest,spa_Latn,jpn_Jpan,-0.048125579116756134,-0.41743410977460144
6,256,devtest,spa_Latn,tur_Latn,0.1729990523485909,-0.25763080351074574
6,256,devtest,spa_Latn,vie_Latn,0.027799793673951242,-0.35920613751891506
6,256,devtest,spa_Latn,ind_Latn,0.08963266956409176,-0.303230889576554
6,256,devtest,rus_Cyrl,eng_Latn,-0.06746021087802265,-0.405854520680087
6,256,devtest,rus_Cyrl,deu_Latn,-0.07628093472538464,-0.2749523748980234
6,256,devtest,rus_Cyrl,fra_Latn,-0.017846630471942116,-0.34016957217864363
6,256,devtest,rus_Cyrl,spa_Latn,-0.06835878020951827,-0.38647042423810873
6,256,devtest,rus_Cyrl,hin_Deva,0.27534356269053106,-0.03029146905877613
6,256,devtest,rus_Cyrl,arb_Arab,-0.0532469588169805,-0.2972828004977175
6,256,devtest,rus_Cyrl,zho_Hans,0.05099664015014483,-0.41918403418941025
6,256,devtest,rus_Cyrl,jpn_Jpan,-0.07599301424496613,-0.42080852664631596
6,256,devtest,rus_Cyrl,tur_Latn,-0.07914271996229198,-0.28805716058972186
6,256,devtest,rus_Cyrl,vie_Latn,-0.16487113818375,-0.37688904888728253
6,256,devtest,rus_Cyrl,ind_Latn,-0.1407572884160938,-0.2946076420170792
6,256,devtest,hin_Deva,eng_Latn,-0.026775360789673196,-0.34604117776529
6,256,devtest,hin_Deva,deu_Latn,-0.10609474503764758,-0.2904287300661563
6,256,devtest,hin_Deva,fra_Latn,-0.07780922912822565,-0.30605557130096767
6,256,devtest,hin_Deva,spa_Latn,-0.13103956996142707,-0.35088221043195394
6,256,devtest,hin_Deva,rus_Cyrl,-0.05380298750487443,-0.32818110308042603
6,256,devtest,hin_Deva,arb_Arab,-0.08747258319083784,-0.29175780456802675
6,256,devtest,hin_Deva,zho_Hans,0.04796490673143726,-0.3056186460346889
6,256,devtest,hin_Deva,jpn_Jpan,-0.001100233346602118,-0.3369232816627841
6,256,devtest,hin_Deva,tur_Latn,-0.10071086365499957,-0.3249661772260989
6,256,devtest,hin_Deva,vie_Latn,-0.06449302594815905,-0.34728701338730444
6,256,devtest,hin_Deva,ind_Latn,-0.11000126268122587,-0.2725717348187209
6,256,devtest,arb_Arab,eng_Latn,0.07223339704315142,-0.35027179581963547
6,256,devtest,arb_Arab,deu_Latn,-0.00149132330696442,-0.22210737443674583
6,256,devtest,arb_Arab,fra_Latn,0.08105406493583917,-0.30274832179979144
6,256,devtest,arb_Arab,spa_Latn,0.09488408282578234,-0.31741693088627043
6,256,devtest,arb_Arab,rus_Cyrl,0.07576349438097213,-0.3061174690807488
6,256,devtest,arb_Arab,hin_Deva,0.2401289299998044,-0.040413144888425
6,256,devtest,arb_Arab,zho_Hans,0.13012356968486902,-0.37236614675679125
6,256,devtest,arb_Arab,jpn_Jpan,-0.012207332296851621,-0.38135298217703517
6,256,devtest,arb_Arab,tur_Latn,0.02143966870883984,-0.2609470204683081
6,256,devtest,arb_Arab,vie_Latn,-0.017849899001857916,-0.32337285039612834
6,256,devtest,arb_Arab,ind_Latn,0.02202558324887423,-0.2832715082512541
6,256,devtest,zho_Hans,eng_Latn,0.1637692961330161,-0.3861011169032432
6,256,devtest,zho_Hans,deu_Latn,0.3426461747194523,-0.19425887206992107
6,256,devtest,zho_Hans,fra_Latn,0.3111610622056353,-0.2674385257041536
6,256,devtest,zho_Hans,spa_Latn,0.3205404001351012,-0.3258965770834148
6,256,devtest,zho_Hans,rus_Cyrl,0.29162506717896225,-0.2820608863891637
6,256,devtest,zho_Hans,hin_Deva,0.2744679592114085,0.05260375927884827
6,256,devtest,zho_Hans,arb_Arab,0.38658750793111984,-0.23285869756243474
6,256,devtest,zho_Hans,jpn_Jpan,0.31526538787096103,-0.42403917729826407
6,256,devtest,zho_Hans,tur_Latn,0.3327322101535314,-0.2033311449007731
6,256,devtest,zho_Hans,vie_Latn,0.33794854091933607,-0.320540459773801
6,256,devtest,zho_Hans,ind_Latn,0.2856311550391146,-0.22736194597919177
6,256,devtest,jpn_Jpan,eng_Latn,-0.1355149618962717,-0.39544880966989027
6,256,devtest,jpn_Jpan,deu_Latn,0.19159626938702343,-0.23140176322056344
6,256,devtest,jpn_Jpan,fra_Latn,0.19953481191017008,-0.3180656514930008
6,256,devtest,jpn_Jpan,spa_Latn,0.1495435419697937,-0.34193003513414183
6,256,devtest,jpn_Jpan,rus_Cyrl,0.1819951008081268,-0.3156757201891117
6,256,devtest,jpn_Jpan,hin_Deva,0.30378846444879926,0.04638656465634962
6,256,devtest,jpn_Jpan,arb_Arab,0.23644914782859192,-0.23654921887065486
6,256,devtest,jpn_Jpan,zho_Hans,0.11032565116560789,-0.429661464087731
6,256,devtest,jpn_Jpan,tur_Latn,0.19150807626461117,-0.23054913277846173
6,256,devtest,jpn_Jpan,vie_Latn,0.04987360706530021,-0.34260428754343936
6,256,devtest,jpn_Jpan,ind_Latn,0.11992573075127926,-0.24442940888797635
6,256,devtest,tur_Latn,eng_Latn,0.006862531009354707,-0.3971936630387925
6,256,devtest,tur_Latn,deu_Latn,0.034698349259946096,-0.27313919390233343
6,256,devtest,tur_Latn,fra_Latn,0.07304410121045518,-0.33453446906841894
6,256,devtest,tur_Latn,spa_Latn,0.05985388353062934,-0.3613792014698907
6,256,devtest,tur_Latn,rus_Cyrl,0.0198549167163292,-0.36011632645704394
6,256,devtest,tur_Latn,hin_Deva,0.3035897916391796,-0.10616230243402472
6,256,devtest,tur_Latn,arb_Arab,0.06271796859616066,-0.3093657396657789
6,256,devtest,tur_Latn,zho_Hans,0.04921377904917393,-0.4065881988328682
6,256,devtest,tur_Latn,jpn_Jpan,-0.05431150830488948,-0.4035724414966968
6,256,devtest,tur_Latn,vie_Latn,-0.05963199064543886,-0.3593481215356167
6,256,devtest,tur_Latn,ind_Latn,0.03740858371247431,-0.32974846278393244
6,256,devtest,vie_Latn,eng_Latn,0.05719974177784012,-0.39017240952232135
6,256,devtest,vie_Latn,deu_Latn,0.15172236576351045,-0.21946127122028278
6,256,devtest,vie_Latn,fra_Latn,0.12627724151851505,-0.2994838581941188
6,256,devtest,vie_Latn,spa_Latn,0.1370890916286787,-0.3291294930450637
6,256,devtest,vie_Latn,rus_Cyrl,0.11462981319670441,-0.31806637106287494
6,256,devtest,vie_Latn,hin_Deva,0.3002414365661463,-0.012050194109857413
6,256,devtest,vie_Latn,arb_Arab,0.16322099460473397,-0.24361848438728298
6,256,devtest,vie_Latn,zho_Hans,0.09248723799229741,-0.3875465070556176
6,256,devtest,vie_Latn,jpn_Jpan,-0.006573616655740222,-0.38824909203637564
6,256,devtest,vie_Latn,tur_Latn,0.15794085037246403,-0.23912725837386936
6,256,devtest,vie_Latn,ind_Latn,0.18532512767860174,-0.2629460878555325
6,256,devtest,ind_Latn,eng_Latn,0.09515461182867432,-0.38696057603849016
6,256,devtest,ind_Latn,deu_Latn,0.07645046496629422,-0.2366616396597517
6,256,devtest,ind_Latn,fra_Latn,0.11090922830440163,-0.3060257214311377
6,256,devtest,ind_Latn,spa_Latn,0.130488032482089,-0.3397900256946966
6,256,devtest,ind_Latn,rus_Cyrl,0.0001661118286320741,-0.31765806400849955
6,256,devtest,ind_Latn,hin_Deva,0.22902812333404313,-0.05295661545524909
6,256,devtest,ind_Latn,arb_Arab,0.10577326906797853,-0.2844245848057718
6,256,devtest,ind_Latn,zho_Hans,0.09311307710537586,-0.36477982501059053
6,256,devtest,ind_Latn,jpn_Jpan,-0.033231326531201734,-0.3837584070318808
6,256,devtest,ind_Latn,tur_Latn,0.11959099872672369,-0.2829122829762512
6,256,devtest,ind_Latn,vie_Latn,0.08586672646915391,-0.3255850710204531
7,64,devtest,eng_Latn,deu_Latn,0.27120039551453995,-0.21903044797841698
7,64,devtest,eng_Latn,fra_Latn,0.21559712683100538,-0.24656017105269784
7,64,devtest,eng_Latn,spa_Latn,0.22379485964902385,-0.2903586169237592
7,64,devtest,eng_Latn,rus_Cyrl,0.13045981756049982,-0.2643800629858303
7,64,devtest,eng_Latn,hin_Deva,0.21499970995970655,0.005066955580631236
7,64,devtest,eng_Latn,arb_Arab,0.24718558537020577,-0.20018640930607168
7,64,devtest,eng_Latn,zho_Hans,0.09696097100629805,-0.32064608569378855
7,64,devtest,eng_Latn,jpn_Jpan,0.07380797989203276,-0.3474593752073066
7,64,devtest,eng_Latn,tur_Latn,0.28104660312117163,-0.2513920328308613
7,64,devtest,eng_Latn,vie_Latn,0.25555097677115735,-0.27912358011098226
7,64,devtest,eng_Latn,ind_Latn,0.2644877041589595,-0.24792955078231965
7,64,devtest,deu_Latn,eng_Latn,0.12871405167141473,-0.3438717976012834
7,64,devtest,deu_Latn,fra_Latn,0.06875645980790102,-0.32088707127479216
7,64,devtest,deu_Latn,spa_Latn,0.17145274637645036,-0.3473852363560545
7,64,devtest,deu_Latn,rus_Cyrl,0.06964200961642629,-0.37073172074988325
7,64,devtest,deu_Latn,hin_Deva,0.16665951612465787,-0.13075904325738227
7,64,devtest,deu_Latn,arb_Arab,0.09338820147245823,-0.28871672111269053
7,64,devtest,deu_Latn,zho_Hans,0.09244721820366585,-0.3610929374071308
7,64,devtest,deu_Latn,jpn_Jpan,0.036022286935900434,-0.38852645421253623
7,64,devtest,deu_Latn,tur_Latn,0.18138222146640712,-0.32285167370002726
7,64,devtest,deu_Latn,vie_Latn,0.050332179656055846,-0.3488432214887895
7,64,devtest,deu_Latn,ind_Latn,0.11636127103256379,-0.3046127654725587
7,64,devtest,fra_Latn,eng_Latn,0.06649307782262305,-0.32269406215788526
7,64,devtest,fra_Latn,deu_Latn,0.05739225113739084,-0.2755708009551144
7,64,devtest,fra_Latn,spa_Latn,0.1763150249204689,-0.3489199109332069
7,64,devtest,fra_Latn,rus_Cyrl,0.10730234691835212,-0.35199648294252084
7,64,devtest,fra_Latn,hin_Deva,0.13915585450287093,-0.0935313595867737
7,64,devtest,fra_Latn,arb_Arab,0.1173555616612375,-0.27424624135784
7,64,devtest,fra_Latn,zho_Hans,0.08621273735058298,-0.3622651162108811
7,64,devtest,fra_Latn,jpn_Jpan,0.0067016576533525975,-0.4213354265025732
7,64,devtest,fra_Latn,tur_Latn,0.1498462096334663,-0.30117277993727226
7,64,devtest,fra_Latn,vie_Latn,0.08874579885751731,-0.3615447736306472
7,64,devtest,fra_Latn,ind_Latn,0.12505602287988524,-0.2985166496867342
7,64,devtest,spa_Latn,eng_Latn,0.0815557318786699,-0.37268904955436616
7,64,devtest,spa_Latn,deu_Latn,0.13163059185756712,-0.3016559146015289
7,64,devtest,spa_Latn,fra_Latn,0.17244279868981477,-0.34010736473764275
7,64,devtest,spa_Latn,rus_Cyrl,0.08208278790484996,-0.35354049315297054
7,64,devtest,spa_Latn,hin_Deva,0.14522757003505646,-0.10651581514787645
7,64,devtest,spa_Latn,arb_Arab,0.14211866784149918,-0.2830663293195229
7,64,devtest,spa_Latn,zho_Hans,0.07101808708917308,-0.3857989426931596
7,64,devtest,spa_Latn,jpn_Jpan,-0.01077990143212059,-0.40319139059182657
7,64,devtest,spa_Latn,tur_Latn,0.14462590207292622,-0.2907231937665032
7,64,devtest,spa_Latn,vie_Latn,0.07805511992397263,-0.35781939469368085
7,64,devtest,spa_Latn,ind_Latn,0.0886532608928909,-0.3165109206968838
7,64,devtest,rus_Cyrl,eng_Latn,-0.0275893194883003,-0.31666960855695375
7,64,devtest,rus_Cyrl,deu_Latn,-0.006061165118164314,-0.2932635198323209
7,64,devtest,rus_Cyrl,fra_Latn,0.042159742265303675,-0.3248623141285279
7,64,devtest,rus_Cyrl,spa_Latn,0.008913070553911861,-0.3319439125198866
7,64,devtest,rus_Cyrl,hin_Deva,0.17201791212475556,-0.06768253935088771
7,64,devtest,rus_Cyrl,arb_Arab,-0.013417265411035105,-0.24868203801328242
7,64,devtest,rus_Cyrl,zho_Hans,0.06915698362819615,-0.3477314059484989
7,64,devtest,rus_Cyrl,jpn_Jpan,-0.029953519495119776,-0.3689207308612174
7,64,devtest,rus_Cyrl,tur_Latn,-0.015598906801625774,-0.2923062580389032
7,64,devtest,rus_Cyrl,vie_Latn,-0.08127205102920475,-0.3531128204428944
7,64,devtest,rus_Cyrl,ind_Latn,-0.08848466563395378,-0.27815473062550344
7,64,devtest,hin_Deva,eng_Latn,0.009766917839687883,-0.3001520555745154
7,64,devtest,hin_Deva,deu_Latn,-0.034641147585326534,-0.29915269235088204
7,64,devtest,hin_Deva,fra_Latn,-0.05336125394494905,-0.31415275020952665
7,64,devtest,hin_Deva,spa_Latn,-0.08703675545456255,-0.3394566869821128
7,64,devtest,hin_Deva,rus_Cyrl,0.024542303681053868,-0.3512951927037823
7,64,devtest,hin_Deva,arb_Arab,-0.026450462958122724,-0.3064645178929404
7,64,devtest,hin_Deva,zho_Hans,0.09296150818216878,-0.2951279751879412
7,64,devtest,hin_Deva,jpn_Jpan,0.06436975829511697,-0.31846108453906646
7,64,devtest,hin_Deva,tur_Latn,-0.03254937209925699,-0.3477120852553737
7,64,devtest,hin_Deva,vie_Latn,-0.013464749065251169,-0.3501785898871156
7,64,devtest,hin_Deva,ind_Latn,-0.06593266283152246,-0.3057738430081833
7,64,devtest,arb_Arab,eng_Latn,0.12502170815910293,-0.3013102360911773
7,64,devtest,arb_Arab,deu_Latn,0.054564369371572156,-0.24745445243682168
7,64,devtest,arb_Arab,fra_Latn,0.10353129524954946,-0.2858993895999926
7,64,devtest,arb_Arab,spa_Latn,0.1206672073820979,-0.30845404266688325
7,64,devtest,arb_Arab,rus_Cyrl,0.05575469715915538,-0.2929625210835899
7,64,devtest,arb_Arab,hin_Deva,0.15739352732047573,-0.09124916904529719
7,64,devtest,arb_Arab,zho_Hans,0.16785874305906767,-0.3466180375788325
7,64,devtest,arb_Arab,jpn_Jpan,0.05033269423871466,-0.3539315321118797
7,64,devtest,arb_Arab,tur_Latn,0.025972594384266974,-0.26999412331966866
7,64,devtest,arb_Arab,vie_Latn,0.029421253579459617,-0.28508317775065545
7,64,devtest,arb_Arab,ind_Latn,0.04895826827499168,-0.2796109492083706
7,64,devtest,zho_Hans,eng_Latn,0.18149774096211363,-0.3141972654297647
7,64,devtest,zho_Hans,deu_Latn,0.19780555400209426,-0.20990514241804614
7,64,devtest,zho_Hans,fra_Latn,0.20011092930617608,-0.2678896229883356
7,64,devtest,zho_Hans,spa_Latn,0.20976912516854115,-0.2977106802793879
7,64,devtest,zho_Hans,rus_Cyrl,0.15884667831816224,-0.2853911705253539
7,64,devtest,zho_Hans,hin_Deva,0.16523154841623913,0.002530868820268563
7,64,devtest,zho_Hans,arb_Arab,0.2801240148532272,-0.22875060653450768
7,64,devtest,zho_Hans,jpn_Jpan,0.22392692213839327,-0.38992039451894084
7,64,devtest,zho_Hans,tur_Latn,0.21570752626818912,-0.22828312117951005
7,64,devtest,zho_Hans,vie_Latn,0.24170782376574482,-0.29886680813658545
7,64,devtest,zho_Hans,ind_Latn,0.2038456409649971,-0.24724568035415187
7,64,devtest,jpn_Jpan,eng_Latn,-0.10259626541830712,-0.3464337306123821
7,64,devtest,jpn_Jpan,deu_Latn,0.12469408242867695,-0.25500097772716473
7,64,devtest,jpn_Jpan,fra_Latn,0.14856279539636916,-0.32466914369202676
7,64,devtest,jpn_Jpan,spa_Latn,0.11333912339685422,-0.33004361011087013
7,64,devtest,jpn_Jpan,rus_Cyrl,0.10789039625788009,-0.30689110216678234
7,64,devtest,jpn_Jpan,hin_Deva,0.24222018744066892,0.004234211841295538
7,64,devtest,jpn_Jpan,arb_Arab,0.21551474375431354,-0.23416864223773462
7,64,devtest,jpn_Jpan,zho_Hans,0.1376135983272226,-0.3907091733305686
7,64,devtest,jpn_Jpan,tur_Latn,0.13829276784231173,-0.27050016702427593
7,64,devtest,jpn_Jpan,vie_Latn,0.04064193808485551,-0.33507500619351666
7,64,devtest,jpn_Jpan,ind_Latn,0.1299544111368238,-0.262069002758959
7,64,devtest,tur_Latn,eng_Latn,0.05577487200691052,-0.3654317461692702
7,64,devtest,tur_Latn,deu_Latn,0.07019697046769356,-0.3067551909835589
7,64,devtest,tur_Latn,fra_Latn,0.11412617911741883,-0.33444593604387907
7,64,devtest,tur_Latn,spa_Latn,0.09010808448532644,-0.34252931608454223
7,64,devtest,tur_Latn,rus_Cyrl,0.02829950176666477,-0.3536304280229295
7,64,devtest,tur_Latn,hin_Deva,0.18300296527773954,-0.152393013787244
7,64,devtest,tur_Latn,arb_Arab,0.08078071191773076,-0.27444327377141264
7,64,devtest,tur_Latn,zho_Hans,0.10495013959293086,-0.3641566362954557
7,64,devtest,tur_Latn,jpn_Jpan,0.0019881308628441636,-0.38253463879689154
7,64,devtest,tur_Latn,vie_Latn,-0.01317742641169905,-0.3399103743780765
7,64,devtest,tur_Latn,ind_Latn,0.0871230235464512,-0.3402946665656207
7,64,devtest,vie_Latn,eng_Latn,0.10765081803555294,-0.3095540969214849
7,64,devtest,vie_Latn,deu_Latn,0.11755623152210494,-0.2598894278676718
7,64,devtest,vie_Latn,fra_Latn,0.12918686002076385,-0.3165089845411151
7,64,devtest,vie_Latn,spa_Latn,0.14439330244349763,-0.3300894420023117
7,64,devtest,vie_Latn,rus_Cyrl,0.051695540206669825,-0.3293288340658092
7,64,devtest,vie_Latn,hin_Deva,0.2014566118303175,-0.06291167202695
7,64,devtest,vie_Latn,arb_Arab,0.12223583746495556,-0.2160072773856918
7,64,devtest,vie_Latn,zho_Hans,0.12177192231981818,-0.32609967141765644
7,64,devtest,vie_Latn,jpn_Jpan,0.00637452458036978,-0.37924446808524276
7,64,devtest,vie_Latn,tur_Latn,0.10614279795587421,-0.27287847700173345
7,64,devtest,vie_Latn,ind_Latn,0.17080593358159185,-0.23575182717550996
7,64,devtest,ind_Latn,eng_Latn,0.11416600345152556,-0.3274880411609008
7,64,devtest,ind_Latn,deu_Latn,0.10811592228545697,-0.25276729636673206
7,64,devtest,ind_Latn,fra_Latn,0.109041520291872,-0.3008947199255448
7,64,devtest,ind_Latn,spa_Latn,0.15448193244762956,-0.32937914667814355
7,64,devtest,ind_Latn,rus_Cyrl,-0.007337196291786691,-0.29948693070601057
7,64,devtest,ind_Latn,hin_Deva,0.10953621963900666,-0.10062845831313902
7,64,devtest,ind_Latn,arb_Arab,0.08710969865427137,-0.2526935732746337
7,64,devtest,ind_Latn,zho_Hans,0.12064223633325048,-0.3333321957118002
7,64,devtest,ind_Latn,jpn_Jpan,0.038736144752029744,-0.3693543257242781
7,64,devtest,ind_Latn,tur_Latn,0.13338388358259642,-0.30232351261453955
7,64,devtest,ind_Latn,vie_Latn,0.12581775930256675,-0.28484380659199116
7,128,devtest,eng_Latn,deu_Latn,0.3079845707634345,-0.2234759557739934
7,128,devtest,eng_Latn,fra_Latn,0.247440010670552,-0.25646797736691473
7,128,devtest,eng_Latn,spa_Latn,0.23895605926112473,-0.3374550065933177
7,128,devtest,eng_Latn,rus_Cyrl,0.15531980814931987,-0.2920381949437113
7,128,devtest,eng_Latn,hin_Deva,0.2681121875089504,0.011471056119591785
7,128,devtest,eng_Latn,arb_Arab,0.27724792080134836,-0.21048408500117316
7,128,devtest,eng_Latn,zho_Hans,0.07439172959393213,-0.34453853584499095
7,128,devtest,eng_Latn,jpn_Jpan,0.10040648691530445,-0.36535796374292334
7,128,devtest,eng_Latn,tur_Latn,0.3003389158399784,-0.24451693828871504
7,128,devtest,eng_Latn,vie_Latn,0.3018292060000029,-0.31387322872438805
7,128,devtest,eng_Latn,ind_Latn,0.28637817830639617,-0.2709422940477497
7,128,devtest,deu_Latn,eng_Latn,0.11569190189012933,-0.3751158673091064
7,128,devtest,deu_Latn,fra_Latn,0.08799065398348302,-0.34240013359615346
7,128,devtest,deu_Latn,spa_Latn,0.1771313946502028,-0.3756293937838516
7,128,devtest,deu_Latn,rus_Cyrl,0.062171876422429884,-0.4003487400344867
7,128,devtest,deu_Latn,hin_Deva,0.2117554553952643,-0.1311315511729528
7,128,devtest,deu_Latn,arb_Arab,0.08021357283936192,-0.324140000591689
7,128,devtest,deu_Latn,zho_Hans,0.08859782339643396,-0.4017013823496863
7,128,devtest,deu_Latn,jpn_Jpan,0.026280776323955993,-0.4356048592040379
7,128,devtest,deu_Latn,tur_Latn,0.18827674459123447,-0.3384059238350694
7,128,devtest,deu_Latn,vie_Latn,0.04321473944675165,-0.3653475436670797
7,128,devtest,deu_Latn,ind_Latn,0.11343685315314976,-0.3244443428670046
7,128,devtest,fra_Latn,eng_Latn,0.061918309671390344,-0.34399901531299176
7,128,devtest,fra_Latn,deu_Latn,0.07293102063401061,-0.28233116778411776
7,128,devtest,fra_Latn,spa_Latn,0.15571877269898754,-0.3738214205355927
7,128,devtest,fra_Latn,rus_Cyrl,0.1106814433589054,-0.3933719734829947
7,128,devtest,fra_Latn,hin_Deva,0.19207385878356154,-0.10734416967642656
7,128,devtest,fra_Latn,arb_Arab,0.11384286171973067,-0.30957573003961647
7,128,devtest,fra_Latn,zho_Hans,0.08118638809888357,-0.4029431267443021
7,128,devtest,fra_Latn,jpn_Jpan,-0.0033880129436630805,-0.453540553484503
7,128,devtest,fra_Latn,tur_Latn,0.14239262256681662,-0.32015136773351316
7,128,devtest,fra_Latn,vie_Latn,0.05017852791066176,-0.37382334623756663
7,128,devtest,fra_Latn,ind_Latn,0.1368553875990369,-0.3301314542907849
7,128,devtest,spa_Latn,eng_Latn,0.051243492923398144,-0.4350782717684432
7,128,devtest,spa_Latn,deu_Latn,0.14935854679374708,-0.31991866796558316
7,128,devtest,spa_Latn,fra_Latn,0.15740589697353904,-0.3606465498608185
7,128,devtest,spa_Latn,rus_Cyrl,0.0912910013349602,-0.39185341225172604
7,128,devtest,spa_Latn,hin_Deva,0.19218620727713662,-0.10359502470834682
7,128,devtest,spa_Latn,arb_Arab,0.1583620115885949,-0.29359022982883276
7,128,devtest,spa_Latn,zho_Hans,0.07008749815956215,-0.41308441035649845
7,128,devtest,spa_Latn,jpn_Jpan,-0.03160944482245462,-0.43051616652909114
7,128,devtest,spa_Latn,tur_Latn,0.15681981307080703,-0.30710941438460937
7,128,devtest,spa_Latn,vie_Latn,0.04805236425863146,-0.3734067992812983
7,128,devtest,spa_Latn,ind_Latn,0.0906534063295414,-0.3265230847544542
7,128,devtest,rus_Cyrl,eng_Latn,-0.04219682707223496,-0.36855159603727305
7,128,devtest,rus_Cyrl,deu_Latn,-0.04413259816887166,-0.31287290715489185
7,128,devtest,rus_Cyrl,fra_Latn,0.02462104498895885,-0.36451956158484494
7,128,devtest,rus_Cyrl,spa_Latn,-0.013190821532741866,-0.3780580215366557
7,128,devtest,rus_Cyrl,hin_Deva,0.21654452067699873,-0.058454414741267204
7,128,devtest,rus_Cyrl,arb_Arab,-0.009625571383249251,-0.29520756065044
7,128,devtest,rus_Cyrl,zho_Hans,0.06784634119882346,-0.40127613202308915
7,128,devtest,rus_Cyrl,jpn_Jpan,-0.03972775967739352,-0.4243166827534333
7,128,devtest,rus_Cyrl,tur_Latn,-0.04681670536859247,-0.3157812862597131
7,128,devtest,rus_Cyrl,vie_Latn,-0.12972695569846082,-0.385941882984907
7,128,devtest,rus_Cyrl,ind_Latn,-0.10694412917007115,-0.3212961673108251
7,128,devtest,hin_Deva,eng_Latn,0.005164542148805015,-0.3442328798204747
7,128,devtest,hin_Deva,deu_Latn,-0.0498799712406038,-0.31597145513234115
7,128,devtest,hin_Deva,fra_Latn,-0.04846774662185971,-0.3446630537670071
7,128,devtest,hin_Deva,spa_Latn,-0.07624113009224802,-0.3646824702945043
7,128,devtest,hin_Deva,rus_Cyrl,0.014455768590933893,-0.3618559268244869
7,128,devtest,hin_Deva,arb_Arab,-0.04943543022136877,-0.31836597253087157
7,128,devtest,hin_Deva,zho_Hans,0.08092466896950538,-0.3179900399212606
7,128,devtest,hin_Deva,jpn_Jpan,0.04068462056516136,-0.353584375803059
7,128,devtest,hin_Deva,tur_Latn,-0.05583533050048143,-0.3615828148576028
7,128,devtest,hin_Deva,vie_Latn,-0.0170981188616426,-0.3628542827875449
7,128,devtest,hin_Deva,ind_Latn,-0.06286514714972395,-0.3206925723881269
7,128,devtest,arb_Arab,eng_Latn,0.1129960283351457,-0.33078805894394103
7,128,devtest,arb_Arab,deu_Latn,0.02546280035739503,-0.2836740611370284
7,128,devtest,arb_Arab,fra_Latn,0.10188545316680875,-0.32564466127057734
7,128,devtest,arb_Arab,spa_Latn,0.118195650726228,-0.3206339506989506
7,128,devtest,arb_Arab,rus_Cyrl,0.08388623958721576,-0.3329819627202896
7,128,devtest,arb_Arab,hin_Deva,0.19352447298477587,-0.08081618177964123
7,128,devtest,arb_Arab,zho_Hans,0.1647600704610765,-0.37038332289834425
7,128,devtest,arb_Arab,jpn_Jpan,0.037643413124519715,-0.3956839452426066
7,128,devtest,arb_Arab,tur_Latn,0.029106896923458338,-0.2990543992083544
7,128,devtest,arb_Arab,vie_Latn,0.009365170307198323,-0.327524280838031
7,128,devtest,arb_Arab,ind_Latn,0.06067006243500711,-0.31161814672960003
7,128,devtest,zho_Hans,eng_Latn,0.16204849000056024,-0.35258820109421635
7,128,devtest,zho_Hans,deu_Latn,0.24857195623447986,-0.23143761243112965
7,128,devtest,zho_Hans,fra_Latn,0.22832390410355197,-0.29063231606122486
7,128,devtest,zho_Hans,spa_Latn,0.24444144048410327,-0.32097609232891144
7,128,devtest,zho_Hans,rus_Cyrl,0.20389867883867344,-0.32440792459229506
7,128,devtest,zho_Hans,hin_Deva,0.20630453446528402,0.006128073516938556
7,128,devtest,zho_Hans,arb_Arab,0.3268227604357424,-0.24731959715302257
7,128,devtest,zho_Hans,jpn_Jpan,0.2503037633483143,-0.41637041142034453
7,128,devtest,zho_Hans,tur_Latn,0.25906578608707886,-0.23693491644740097
7,128,devtest,zho_Hans,vie_Latn,0.2973437550726994,-0.3368245767675525
7,128,devtest,zho_Hans,ind_Latn,0.23366873324966222,-0.2685028984635207
7,128,devtest,jpn_Jpan,eng_Latn,-0.12248865562857955,-0.37137593260012597
7,128,devtest,jpn_Jpan,deu_Latn,0.14659836910649326,-0.2774736072000122
7,128,devtest,jpn_Jpan,fra_Latn,0.16831404883485318,-0.35207883100612714
7,128,devtest,jpn_Jpan,spa_Latn,0.09803453227283025,-0.3525106345946195
7,128,devtest,jpn_Jpan,rus_Cyrl,0.1372550014102605,-0.3481128815651587
7,128,devtest,jpn_Jpan,hin_Deva,0.2802723689479219,-0.0001610509523785442
7,128,devtest,jpn_Jpan,arb_Arab,0.23048622493451035,-0.26749260451722673
7,128,devtest,jpn_Jpan,zho_Hans,0.12419478304724478,-0.407384292985027
7,128,devtest,jpn_Jpan,tur_Latn,0.14850047331932353,-0.26867193520406946
7,128,devtest,jpn_Jpan,vie_Latn,0.04194818960989985,-0.3611180496401995
7,128,devtest,jpn_Jpan,ind_Latn,0.13324522060531668,-0.28310255841831106
7,128,devtest,tur_Latn,eng_Latn,0.030818686489313643,-0.3956946320306384
7,128,devtest,tur_Latn,deu_Latn,0.07557103308840521,-0.33152543645376464
7,128,devtest,tur_Latn,fra_Latn,0.09239355960226006,-0.3630288276481627
7,128,devtest,tur_Latn,spa_Latn,0.08066950741772017,-0.3753411032400284
7,128,devtest,tur_Latn,rus_Cyrl,0.011584505372068465,-0.38649539342669786
7,128,devtest,tur_Latn,hin_Deva,0.2275721154401303,-0.1573919690227665
7,128,devtest,tur_Latn,arb_Arab,0.0881424195673853,-0.31915894226907565
7,128,devtest,tur_Latn,zho_Hans,0.09936308714665362,-0.3953682485944058
7,128,devtest,tur_Latn,jpn_Jpan,-0.020885169519073345,-0.4006131665242157
7,128,devtest,tur_Latn,vie_Latn,-0.016645623572918922,-0.3709390620632571
7,128,devtest,tur_Latn,ind_Latn,0.08220302717908352,-0.35785626701116036
7,128,devtest,vie_Latn,eng_Latn,0.10797892620809359,-0.35744049297508956
7,128,devtest,vie_Latn,deu_Latn,0.13193339289005807,-0.2659815005022299
7,128,devtest,vie_Latn,fra_Latn,0.12294525222331226,-0.32304221038460557
7,128,devtest,vie_Latn,spa_Latn,0.12952452912875884,-0.34530801266893496
7,128,devtest,vie_Latn,rus_Cyrl,0.0552134366233876,-0.3533612363952571
7,128,devtest,vie_Latn,hin_Deva,0.24422350241570498,-0.05290905800632386
7,128,devtest,vie_Latn,arb_Arab,0.13709928537178645,-0.25160674436629427
7,128,devtest,vie_Latn,zho_Hans,0.13408475905123285,-0.372446058808301
7,128,devtest,vie_Latn,jpn_Jpan,0.0015770169791448068,-0.3993909233619071
7,128,devtest,vie_Latn,tur_Latn,0.14312654575685052,-0.2797204366529355
7,128,devtest,vie_Latn,ind_Latn,0.18805873851693855,-0.27546139742075243
7,128,devtest,ind_Latn,eng_Latn,0.1056909891027597,-0.37456012123893817
7,128,devtest,ind_Latn,deu_Latn,0.09994021466774372,-0.2611639887470224
7,128,devtest,ind_Latn,fra_Latn,0.11359302683548711,-0.3317191599145556
7,128,devtest,ind_Latn,spa_Latn,0.15175882906527022,-0.34244162375285425
7,128,devtest,ind_Latn,rus_Cyrl,0.0029079527920317667,-0.34329161125002433
7,128,devtest,ind_Latn,hin_Deva,0.14647123713905547,-0.10075102193779581
7,128,devtest,ind_Latn,arb_Arab,0.11626353169718659,-0.28782081495596806
7,128,devtest,ind_Latn,zho_Hans,0.11988313612629228,-0.366102816595473
7,128,devtest,ind_Latn,jpn_Jpan,0.019700173688865136,-0.39439627392691257
7,128,devtest,ind_Latn,tur_Latn,0.12791497831777426,-0.3105418340460815
7,128,devtest,ind_Latn,vie_Latn,0.11744025588248366,-0.32848086881514593
7,256,devtest,eng_Latn,deu_Latn,0.3429218039067359,-0.21850775868395575
7,256,devtest,eng_Latn,fra_Latn,0.26731148216811557,-0.26771781648611315
7,256,devtest,eng_Latn,spa_Latn,0.24992207514799974,-0.3380802740042677
7,256,devtest,eng_Latn,rus_Cyrl,0.17503141892054222,-0.312186266919628
7,256,devtest,eng_Latn,hin_Deva,0.3135627322720928,0.02610492291682267
7,256,devtest,eng_Latn,arb_Arab,0.29626452342006004,-0.22431904756272192
7,256,devtest,eng_Latn,zho_Hans,0.055355996529733685,-0.3741028797961099
7,256,devtest,eng_Latn,jpn_Jpan,0.1260909571697698,-0.369965824781308
7,256,devtest,eng_Latn,tur_Latn,0.33017202218730046,-0.22257912756032128
7,256,devtest,eng_Latn,vie_Latn,0.30766100473338964,-0.33651102030102675
7,256,devtest,eng_Latn,ind_Latn,0.30677606394318746,-0.2726043598904185
7,256,devtest,deu_Latn,eng_Latn,0.10031107665923995,-0.3990966870164362
7,256,devtest,deu_Latn,fra_Latn,0.09834850187777676,-0.3604422850606932
7,256,devtest,deu_Latn,spa_Latn,0.17695803603601165,-0.40132654908562065
7,256,devtest,deu_Latn,rus_Cyrl,0.07809361226188628,-0.414802395676626
7,256,devtest,deu_Latn,hin_Deva,0.24841288377931983,-0.13520280304323495
7,256,devtest,deu_Latn,arb_Arab,0.08663855735067813,-0.336840504217257
7,256,devtest,deu_Latn,zho_Hans,0.08788844372454377,-0.44036991010091614
7,256,devtest,deu_Latn,jpn_Jpan,0.01996068225319816,-0.4465409228296891
7,256,devtest,deu_Latn,tur_Latn,0.18817841013201214,-0.33874949530467724
7,256,devtest,deu_Latn,vie_Latn,0.02298532959834502,-0.3838951143675477
7,256,devtest,deu_Latn,ind_Latn,0.1146917831780067,-0.34709374164349743
7,256,devtest,fra_Latn,eng_Latn,0.049463432315917974,-0.37457899365844927
7,256,devtest,fra_Latn,deu_Latn,0.07891940025006144,-0.2930293869800836
7,256,devtest,fra_Latn,spa_Latn,0.14583348463711618,-0.3989286972111796
7,256,devtest,fra_Latn,rus_Cyrl,0.11942125206230557,-0.40258778141251794
7,256,devtest,fra_Latn,hin_Deva,0.22806251740262945,-0.10199350853097551
7,256,devtest,fra_Latn,arb_Arab,0.1103806710680558,-0.32055917954455904
7,256,devtest,fra_Latn,zho_Hans,0.08267102281937566,-0.42575079162871543
7,256,devtest,fra_Latn,jpn_Jpan,-0.017236327614435394,-0.46669330701731615
7,256,devtest,fra_Latn,tur_Latn,0.14531009513299162,-0.31553162221503267
7,256,devtest,fra_Latn,vie_Latn,0.027789842118588908,-0.38847421727762044
7,256,devtest,fra_Latn,ind_Latn,0.1281745767505791,-0.34029836413485465
7,256,devtest,spa_Latn,eng_Latn,0.01682950424048188,-0.44830663178073094
7,256,devtest,spa_Latn,deu_Latn,0.15787038469144246,-0.3327140284440226
7,256,devtest,spa_Latn,fra_Latn,0.15014905767103295,-0.3744305526732826
7,256,devtest,spa_Latn,rus_Cyrl,0.08890703122584896,-0.40896615438569334
7,256,devtest,spa_Latn,hin_Deva,0.2311247528042241,-0.08973170087405705
7,256,devtest,spa_Latn,arb_Arab,0.15479600808474614,-0.3148197306516507
7,256,devtest,spa_Latn,zho_Hans,0.06135327164887911,-0.44637243982019875
7,256,devtest,spa_Latn,jpn_Jpan,-0.042615117871749986,-0.43686737932996134
7,256,devtest,spa_Latn,tur_Latn,0.17631130728618086,-0.3059381553795053
7,256,devtest,spa_Latn,vie_Latn,0.03804010223598364,-0.39588574635849816
7,256,devtest,spa_Latn,ind_Latn,0.10111888640230789,-0.35150200840058377
7,256,devtest,rus_Cyrl,eng_Latn,-0.07679903681671303,-0.41183891554431057
7,256,devtest,rus_Cyrl,deu_Latn,-0.054813353717065326,-0.3143342273412265
7,256,devtest,rus_Cyrl,fra_Latn,0.006813538648166317,-0.37251247453602615
7,256,devtest,rus_Cyrl,spa_Latn,-0.049471303443161106,-0.4093863530426218
7,256,devtest,rus_Cyrl,hin_Deva,0.24916189479374826,-0.05341433514319379
7,256,devtest,rus_Cyrl,arb_Arab,-0.028419936419194904,-0.31566161553328637
7,256,devtest,rus_Cyrl,zho_Hans,0.07287540686510686,-0.45458035134317065
7,256,devtest,rus_Cyrl,jpn_Jpan,-0.06286589854402747,-0.4435320698343314
7,256,devtest,rus_Cyrl,tur_Latn,-0.05863273411375845,-0.3159162332882511
7,256,devtest,rus_Cyrl,vie_Latn,-0.1421155726842178,-0.40847165658158546
7,256,devtest,rus_Cyrl,ind_Latn,-0.12438343380435422,-0.3341750129377935
7,256,devtest,hin_Deva,eng_Latn,0.002621023607889597,-0.35473624407004173
7,256,devtest,hin_Deva,deu_Latn,-0.06315787560440972,-0.32657519731775064
7,256,devtest,hin_Deva,fra_Latn,-0.06123728628929605,-0.3507915376537436
7,256,devtest,hin_Deva,spa_Latn,-0.09618845397291494,-0.377602324401861
7,256,devtest,hin_Deva,rus_Cyrl,-0.017080253029637445,-0.3717790591539915
7,256,devtest,hin_Deva,arb_Arab,-0.05156551444638405,-0.3312772369311911
7,256,devtest,hin_Deva,zho_Hans,0.08368047856306958,-0.3272525649989653
7,256,devtest,hin_Deva,jpn_Jpan,0.03217167706524982,-0.35025152594751163
7,256,devtest,hin_Deva,tur_Latn,-0.07474551292902092,-0.37012088131592646
7,256,devtest,hin_Deva,vie_Latn,-0.03068222228955303,-0.3713304875562986
7,256,devtest,hin_Deva,ind_Latn,-0.07060940189027355,-0.3250078065644315
7,256,devtest,arb_Arab,eng_Latn,0.08637219995775744,-0.36719974798292626
7,256,devtest,arb_Arab,deu_Latn,0.023699335225231696,-0.2900974430984721
7,256,devtest,arb_Arab,fra_Latn,0.09918606626959796,-0.3392220485015505
7,256,devtest,arb_Arab,spa_Latn,0.10044554126552191,-0.35172828497109543
7,256,devtest,arb_Arab,rus_Cyrl,0.08718316344563355,-0.35796697626971835
7,256,devtest,arb_Arab,hin_Deva,0.23629955326247168,-0.07936653519712873
7,256,devtest,arb_Arab,zho_Hans,0.14684369416908336,-0.40837063171325566
7,256,devtest,arb_Arab,jpn_Jpan,0.0114551577347617,-0.41551491831567156
7,256,devtest,arb_Arab,tur_Latn,0.03435231987670576,-0.3122953699229645
7,256,devtest,arb_Arab,vie_Latn,-0.0037982530332017427,-0.3510080089600069
7,256,devtest,arb_Arab,ind_Latn,0.05140212418944053,-0.32789221203652535
7,256,devtest,zho_Hans,eng_Latn,0.15644876461326634,-0.39678678410320256
7,256,devtest,zho_Hans,deu_Latn,0.3009998513671818,-0.2535903534017153
7,256,devtest,zho_Hans,fra_Latn,0.28158369047173615,-0.31727968068609086
7,256,devtest,zho_Hans,spa_Latn,0.30142478531442096,-0.3552695134778534
7,256,devtest,zho_Hans,rus_Cyrl,0.26754689437690216,-0.3608848460453087
7,256,devtest,zho_Hans,hin_Deva,0.25722567035898924,0.00979905078827511
7,256,devtest,zho_Hans,arb_Arab,0.3665608049929636,-0.27970447732463943
7,256,devtest,zho_Hans,jpn_Jpan,0.28650251417332173,-0.448467055418653
7,256,devtest,zho_Hans,tur_Latn,0.29766511147884855,-0.24606736797290474
7,256,devtest,zho_Hans,vie_Latn,0.3416095888768116,-0.3545024988979732
7,256,devtest,zho_Hans,ind_Latn,0.2750848533581092,-0.29898660883210787
7,256,devtest,jpn_Jpan,eng_Latn,-0.13722987934225442,-0.3934721262509834
7,256,devtest,jpn_Jpan,deu_Latn,0.17230802835305556,-0.2802497510690851
7,256,devtest,jpn_Jpan,fra_Latn,0.18624714514169938,-0.3553454836509968
7,256,devtest,jpn_Jpan,spa_Latn,0.11072277326358355,-0.36504239957673257
7,256,devtest,jpn_Jpan,rus_Cyrl,0.14599577730357655,-0.3689752044898757
7,256,devtest,jpn_Jpan,hin_Deva,0.31950201641746645,0.014370180670190243
7,256,devtest,jpn_Jpan,arb_Arab,0.23750332696162438,-0.27780132316457207
7,256,devtest,jpn_Jpan,zho_Hans,0.12042616251802464,-0.44232624018156147
7,256,devtest,jpn_Jpan,tur_Latn,0.16711561710270648,-0.2758768374444029
7,256,devtest,jpn_Jpan,vie_Latn,0.049268722888655636,-0.37765642453602843
7,256,devtest,jpn_Jpan,ind_Latn,0.14077268825812278,-0.2970201992156969
7,256,devtest,tur_Latn,eng_Latn,0.014668299798218206,-0.41109793944682305
7,256,devtest,tur_Latn,deu_Latn,0.06984744170534976,-0.33277063184362476
7,256,devtest,tur_Latn,fra_Latn,0.0846510144524213,-0.37056507109837966
7,256,devtest,tur_Latn,spa_Latn,0.07601710938277378,-0.3928853305369853
7,256,devtest,tur_Latn,rus_Cyrl,0.02535082805309129,-0.39984115607472775
7,256,devtest,tur_Latn,hin_Deva,0.2662533676449774,-0.16051364287343473
7,256,devtest,tur_Latn,arb_Arab,0.0881877401977038,-0.343400494429913
7,256,devtest,tur_Latn,zho_Hans,0.08015618536353407,-0.4225472672703301
7,256,devtest,tur_Latn,jpn_Jpan,-0.045262159728845563,-0.42618443096390946
7,256,devtest,tur_Latn,vie_Latn,-0.04008387427570235,-0.38444033226318725
7,256,devtest,tur_Latn,ind_Latn,0.06746343601425886,-0.36872418168236487
7,256,devtest,vie_Latn,eng_Latn,0.0687851387894036,-0.3928495423935721
7,256,devtest,vie_Latn,deu_Latn,0.1392566671710247,-0.2664394694994766
7,256,devtest,vie_Latn,fra_Latn,0.12209062774097006,-0.32621008223298215
7,256,devtest,vie_Latn,spa_Latn,0.14267077817921686,-0.3637498418800454
7,256,devtest,vie_Latn,rus_Cyrl,0.0872243089106658,-0.36709260937351645
7,256,devtest,vie_Latn,hin_Deva,0.2874579920979888,-0.04504117534331969
7,256,devtest,vie_Latn,arb_Arab,0.1511244619923326,-0.2652397512997392
7,256,devtest,vie_Latn,zho_Hans,0.13243537247955228,-0.39395548282326026
7,256,devtest,vie_Latn,jpn_Jpan,-0.0029033016159433983,-0.41501236552167536
7,256,devtest,vie_Latn,tur_Latn,0.15824322364689936,-0.27148608733693763
7,256,devtest,vie_Latn,ind_Latn,0.19465834693268022,-0.2945549392116316
7,256,devtest,ind_Latn,eng_Latn,0.09458818207574665,-0.3930486359514669
7,256,devtest,ind_Latn,deu_Latn,0.10731815005612289,-0.2747539371718306
7,256,devtest,ind_Latn,fra_Latn,0.10866261119652708,-0.3424282889711832
7,256,devtest,ind_Latn,spa_Latn,0.1567610454153946,-0.3702033077879158
7,256,devtest,ind_Latn,rus_Cyrl,0.018893188398580785,-0.35540858907335626
7,256,devtest,ind_Latn,hin_Deva,0.19446484850594328,-0.08976843889107412
7,256,devtest,ind_Latn,arb_Arab,0.11942658631046463,-0.2997852439842689
7,256,devtest,ind_Latn,zho_Hans,0.10645607107208717,-0.3949487714528922
7,256,devtest,ind_Latn,jpn_Jpan,-0.00012688200359859886,-0.4162599511434642
7,256,devtest,ind_Latn,tur_Latn,0.1333133158677091,-0.31490963484748175
7,256,devtest,ind_Latn,vie_Latn,0.10614384966053746,-0.35239732052409667
8,64,devtest,eng_Latn,deu_Latn,0.2611526187252983,-0.2136313400883166
8,64,devtest,eng_Latn,fra_Latn,0.21020734585335643,-0.2489667935143117
8,64,devtest,eng_Latn,spa_Latn,0.19451650766063563,-0.27389452903007677
8,64,devtest,eng_Latn,rus_Cyrl,0.12326881344342813,-0.28395287905436545
8,64,devtest,eng_Latn,hin_Deva,0.23775795441395112,0.002061960080565229
8,64,devtest,eng_Latn,arb_Arab,0.2552026068361086,-0.18001497536885144
8,64,devtest,eng_Latn,zho_Hans,0.08800178911268774,-0.31212395804213744
8,64,devtest,eng_Latn,jpn_Jpan,0.037628516602292945,-0.33833888428896497
8,64,devtest,eng_Latn,tur_Latn,0.21619706349629267,-0.2322198215000257
8,64,devtest,eng_Latn,vie_Latn,0.24863925581777716,-0.2746183453172097
8,64,devtest,eng_Latn,ind_Latn,0.26313321333053663,-0.23203171218113822
8,64,devtest,deu_Latn,eng_Latn,0.11472020342939014,-0.3191629429582165
8,64,devtest,deu_Latn,fra_Latn,0.07126475039269423,-0.30220893033965596
8,64,devtest,deu_Latn,spa_Latn,0.15574360493104428,-0.35944533490201447
8,64,devtest,deu_Latn,rus_Cyrl,0.07588372690278611,-0.3712213130912231
8,64,devtest,deu_Latn,hin_Deva,0.1682376461676831,-0.12895120031153393
8,64,devtest,deu_Latn,arb_Arab,0.10090812767345521,-0.2873427902177832
8,64,devtest,deu_Latn,zho_Hans,0.07124419773201102,-0.3560363517399919
8,64,devtest,deu_Latn,jpn_Jpan,0.03805640049195853,-0.3856151581191332
8,64,devtest,deu_Latn,tur_Latn,0.17361933981509908,-0.3218222647809864
8,64,devtest,deu_Latn,vie_Latn,0.03437886959044811,-0.35627902571606296
8,64,devtest,deu_Latn,ind_Latn,0.13809585813508873,-0.3067946342346174
8,64,devtest,fra_Latn,eng_Latn,0.04924245447416382,-0.32424663795305264
8,64,devtest,fra_Latn,deu_Latn,0.04533160775867872,-0.26648461347630314
8,64,devtest,fra_Latn,spa_Latn,0.15359735755054726,-0.3423299281854429
8,64,devtest,fra_Latn,rus_Cyrl,0.11502650869244962,-0.3646826049854522
8,64,devtest,fra_Latn,hin_Deva,0.14785061296282734,-0.11007944476692666
8,64,devtest,fra_Latn,arb_Arab,0.12785425103918696,-0.2898307679374217
8,64,devtest,fra_Latn,zho_Hans,0.06764012459720004,-0.3689517473380469
8,64,devtest,fra_Latn,jpn_Jpan,0.022448113663808292,-0.4182840646610309
8,64,devtest,fra_Latn,tur_Latn,0.11598711237502271,-0.3168478726703149
8,64,devtest,fra_Latn,vie_Latn,0.05331828994903264,-0.34513098508254964
8,64,devtest,fra_Latn,ind_Latn,0.12016193480303085,-0.31401838173340296
8,64,devtest,spa_Latn,eng_Latn,0.03984447590029041,-0.3513578805970319
8,64,devtest,spa_Latn,deu_Latn,0.10887335535740997,-0.3119170909282433
8,64,devtest,spa_Latn,fra_Latn,0.1570398324524719,-0.33535923495683806
8,64,devtest,spa_Latn,rus_Cyrl,0.09349643029536982,-0.35779818662751695
8,64,devtest,spa_Latn,hin_Deva,0.1393411652954926,-0.12429885027684354
8,64,devtest,spa_Latn,arb_Arab,0.1422168434114263,-0.2617025626236753
8,64,devtest,spa_Latn,zho_Hans,0.050638939235296346,-0.3843486774904367
8,64,devtest,spa_Latn,jpn_Jpan,-0.02192057313693514,-0.38201811452419615
8,64,devtest,spa_Latn,tur_Latn,0.12181320253816974,-0.30296440631683935
8,64,devtest,spa_Latn,vie_Latn,0.05009145000366901,-0.3513869000791461
8,64,devtest,spa_Latn,ind_Latn,0.1021015721401023,-0.3149627767668023
8,64,devtest,rus_Cyrl,eng_Latn,-0.0219297147962881,-0.32701942683201485
8,64,devtest,rus_Cyrl,deu_Latn,-0.01535788229091228,-0.30393872981965386
8,64,devtest,rus_Cyrl,fra_Latn,0.0407997821403824,-0.3364798135280359
8,64,devtest,rus_Cyrl,spa_Latn,0.017488574446356698,-0.33436721500457134
8,64,devtest,rus_Cyrl,hin_Deva,0.17774368896208967,-0.08411118870682749
8,64,devtest,rus_Cyrl,arb_Arab,0.003901936945719498,-0.25701737534691227
8,64,devtest,rus_Cyrl,zho_Hans,0.052656899154056226,-0.3574903491936263
8,64,devtest,rus_Cyrl,jpn_Jpan,-0.02079833204626142,-0.364022909586656
8,64,devtest,rus_Cyrl,tur_Latn,-0.03731016728255762,-0.29465344128159526
8,64,devtest,rus_Cyrl,vie_Latn,-0.08951997354810386,-0.34223036298357035
8,64,devtest,rus_Cyrl,ind_Latn,-0.08724444271712808,-0.29500742938979324
8,64,devtest,hin_Deva,eng_Latn,0.031038724176850656,-0.2788320413697919
8,64,devtest,hin_Deva,deu_Latn,-0.019021995064389334,-0.2912519989005574
8,64,devtest,hin_Deva,fra_Latn,-0.008935371601501893,-0.317452984071632
8,64,devtest,hin_Deva,spa_Latn,-0.0692824948323433,-0.34393746194995134
8,64,devtest,hin_Deva,rus_Cyrl,0.027062097965837344,-0.3433562815946151
8,64,devtest,hin_Deva,arb_Arab,-0.05071181580493639,-0.3024510235533458
8,64,devtest,hin_Deva,zho_Hans,0.10711355537677059,-0.28088505739998576
8,64,devtest,hin_Deva,jpn_Jpan,0.07069234290086437,-0.29996052210166346
8,64,devtest,hin_Deva,tur_Latn,-0.01007181116239011,-0.3393309992394925
8,64,devtest,hin_Deva,vie_Latn,0.006707660763687701,-0.3192725814652531
8,64,devtest,hin_Deva,ind_Latn,-0.04722897941100195,-0.2948828358888477
8,64,devtest,arb_Arab,eng_Latn,0.12614658249714442,-0.29425768066054986
8,64,devtest,arb_Arab,deu_Latn,0.04688022015447546,-0.2780373167632692
8,64,devtest,arb_Arab,fra_Latn,0.10920008878940717,-0.31763199036173995
8,64,devtest,arb_Arab,spa_Latn,0.12025139134471384,-0.3080307152394308
8,64,devtest,arb_Arab,rus_Cyrl,0.08614077413074606,-0.3298509529230901
8,64,devtest,arb_Arab,hin_Deva,0.15383427100825756,-0.1278990706796624
8,64,devtest,arb_Arab,zho_Hans,0.13385689586546756,-0.3393353996761675
8,64,devtest,arb_Arab,jpn_Jpan,0.040258389211014496,-0.35911339946387166
8,64,devtest,arb_Arab,tur_Latn,0.03712522107374433,-0.29788471006586165
8,64,devtest,arb_Arab,vie_Latn,0.012749182674035273,-0.32324347027467903
8,64,devtest,arb_Arab,ind_Latn,0.05646030541318942,-0.29451094481379514
8,64,devtest,zho_Hans,eng_Latn,0.14477585993642747,-0.337217096937729
8,64,devtest,zho_Hans,deu_Latn,0.23830144603986983,-0.24757470241095192
8,64,devtest,zho_Hans,fra_Latn,0.23883378870343144,-0.3132027139871576
8,64,devtest,zho_Hans,spa_Latn,0.23271609523092696,-0.3287251118331969
8,64,devtest,zho_Hans,rus_Cyrl,0.1968324930898866,-0.33312707459501756
8,64,devtest,zho_Hans,hin_Deva,0.23412029864423725,-0.03316136571204707
8,64,devtest,zho_Hans,arb_Arab,0.3040784838828185,-0.24692307985664722
8,64,devtest,zho_Hans,jpn_Jpan,0.21228516263281996,-0.38800088568313074
8,64,devtest,zho_Hans,tur_Latn,0.2279584740564319,-0.24346524475092793
8,64,devtest,zho_Hans,vie_Latn,0.2685975349001545,-0.3049927638895078
8,64,devtest,zho_Hans,ind_Latn,0.23847246209836095,-0.2787901021945977
8,64,devtest,jpn_Jpan,eng_Latn,-0.1166894030379339,-0.34644460291430357
8,64,devtest,jpn_Jpan,deu_Latn,0.11755218651866148,-0.26922788569717904
8,64,devtest,jpn_Jpan,fra_Latn,0.1497090157044567,-0.33837508447184445
8,64,devtest,jpn_Jpan,spa_Latn,0.0793862552195184,-0.32965540453135883
8,64,devtest,jpn_Jpan,rus_Cyrl,0.11809973268065303,-0.3128135707174444
8,64,devtest,jpn_Jpan,hin_Deva,0.2652927265528563,-0.018003555921651235
8,64,devtest,jpn_Jpan,arb_Arab,0.21333782019161346,-0.2249777006721521
8,64,devtest,jpn_Jpan,zho_Hans,0.10366929618792664,-0.3674521080003921
8,64,devtest,jpn_Jpan,tur_Latn,0.11788409646813586,-0.2797685903008645
8,64,devtest,jpn_Jpan,vie_Latn,0.03658601459337278,-0.3332211896545699
8,64,devtest,jpn_Jpan,ind_Latn,0.15451728145575547,-0.275653540071992
8,64,devtest,tur_Latn,eng_Latn,0.030822814203895304,-0.35371679044202187
8,64,devtest,tur_Latn,deu_Latn,0.0855639960193751,-0.3221046768878378
8,64,devtest,tur_Latn,fra_Latn,0.10593555185162823,-0.35494116911886703
8,64,devtest,tur_Latn,spa_Latn,0.08941067258864313,-0.36450833680792305
8,64,devtest,tur_Latn,rus_Cyrl,0.024619032175777777,-0.3650639132922584
8,64,devtest,tur_Latn,hin_Deva,0.17818256230544474,-0.1674136384455663
8,64,devtest,tur_Latn,arb_Arab,0.09516799148943864,-0.2965972681096666
8,64,devtest,tur_Latn,zho_Hans,0.09740656597769161,-0.34730504393881034
8,64,devtest,tur_Latn,jpn_Jpan,0.0154089404716011,-0.38887292015977254
8,64,devtest,tur_Latn,vie_Latn,3.474916026501391e-05,-0.3580536449436318
8,64,devtest,tur_Latn,ind_Latn,0.09729868770148441,-0.35770175106798624
8,64,devtest,vie_Latn,eng_Latn,0.11109961557496029,-0.3162584248891685
8,64,devtest,vie_Latn,deu_Latn,0.09104667662668448,-0.2896587442968739
8,64,devtest,vie_Latn,fra_Latn,0.10763541824524774,-0.31682264593847037
8,64,devtest,vie_Latn,spa_Latn,0.11531854393084735,-0.33208334291775193
8,64,devtest,vie_Latn,rus_Cyrl,0.03859354713619174,-0.33433663751678944
8,64,devtest,vie_Latn,hin_Deva,0.20012836108509868,-0.08228171587361699
8,64,devtest,vie_Latn,arb_Arab,0.12062761614720817,-0.24843542320080028
8,64,devtest,vie_Latn,zho_Hans,0.10582072312276009,-0.3180668333505971
8,64,devtest,vie_Latn,jpn_Jpan,0.014640227019591228,-0.3805350462071734
8,64,devtest,vie_Latn,tur_Latn,0.10806226931474494,-0.3017338625126289
8,64,devtest,vie_Latn,ind_Latn,0.19467665437850312,-0.2724655664487465
8,64,devtest,ind_Latn,eng_Latn,0.10371551605810812,-0.3208484450278306
8,64,devtest,ind_Latn,deu_Latn,0.12492389890530396,-0.2731517934762277
8,64,devtest,ind_Latn,fra_Latn,0.11931828883849782,-0.33055208740881575
8,64,devtest,ind_Latn,spa_Latn,0.17050458214954153,-0.3411122207268253
8,64,devtest,ind_Latn,rus_Cyrl,0.02316517218827252,-0.32407593834396303
8,64,devtest,ind_Latn,hin_Deva,0.11942485366995263,-0.10714348116721442
8,64,devtest,ind_Latn,arb_Arab,0.12055018591348746,-0.2634416624251701
8,64,devtest,ind_Latn,zho_Hans,0.0964432057094222,-0.3448940410746933
8,64,devtest,ind_Latn,jpn_Jpan,0.057985753012438,-0.37420536847584446
8,64,devtest,ind_Latn,tur_Latn,0.12890288000672487,-0.32040616219529333
8,64,devtest,ind_Latn,vie_Latn,0.14035673725232078,-0.311519559846744
8,128,devtest,eng_Latn,deu_Latn,0.2841625102842589,-0.2206109753192788
8,128,devtest,eng_Latn,fra_Latn,0.24445575615302761,-0.23515615181996577
8,128,devtest,eng_Latn,spa_Latn,0.22461401468719738,-0.3180217278837671
8,128,devtest,eng_Latn,rus_Cyrl,0.13027334393833923,-0.30273286917411896
8,128,devtest,eng_Latn,hin_Deva,0.2760827106442496,0.004171229978853396
8,128,devtest,eng_Latn,arb_Arab,0.2599964860111273,-0.1995854943462239
8,128,devtest,eng_Latn,zho_Hans,0.08238937003237623,-0.3409115029102795
8,128,devtest,eng_Latn,jpn_Jpan,0.0559706987581476,-0.35991471677957837
8,128,devtest,eng_Latn,tur_Latn,0.2476402506238494,-0.23161583902417232
8,128,devtest,eng_Latn,vie_Latn,0.27052706688529027,-0.29318996244907375
8,128,devtest,eng_Latn,ind_Latn,0.2649054939357379,-0.2558591757814285
8,128,devtest,deu_Latn,eng_Latn,0.10155189093060162,-0.36072979095202257
8,128,devtest,deu_Latn,fra_Latn,0.08421054030553377,-0.3331043426254306
8,128,devtest,deu_Latn,spa_Latn,0.1651272963662397,-0.38265912057801044
8,128,devtest,deu_Latn,rus_Cyrl,0.06931992089798787,-0.3924280326247614
8,128,devtest,deu_Latn,hin_Deva,0.2112755823366424,-0.14247495994225814
8,128,devtest,deu_Latn,arb_Arab,0.09181926230955048,-0.3232656172467243
8,128,devtest,deu_Latn,zho_Hans,0.05798151362590149,-0.3852297881523359
8,128,devtest,deu_Latn,jpn_Jpan,0.031462277910986075,-0.42155866175398654
8,128,devtest,deu_Latn,tur_Latn,0.1816460355488255,-0.3501279821429267
8,128,devtest,deu_Latn,vie_Latn,0.03449292014675092,-0.37818797491697903
8,128,devtest,deu_Latn,ind_Latn,0.1227024933747446,-0.33894109375085674
8,128,devtest,fra_Latn,eng_Latn,0.04860315289938709,-0.32859680988188866
8,128,devtest,fra_Latn,deu_Latn,0.05531028911935653,-0.28291933009620457
8,128,devtest,fra_Latn,spa_Latn,0.13154401555717893,-0.373396344587209
8,128,devtest,fra_Latn,rus_Cyrl,0.12417350245655934,-0.38281904987878035
8,128,devtest,fra_Latn,hin_Deva,0.1817959673933782,-0.11883377583600979
8,128,devtest,fra_Latn,arb_Arab,0.13074609894196804,-0.2977330902983466
8,128,devtest,fra_Latn,zho_Hans,0.059264803678257705,-0.384052338061544
8,128,devtest,fra_Latn,jpn_Jpan,0.006905598567460718,-0.4520030821124606
8,128,devtest,fra_Latn,tur_Latn,0.12173169416726749,-0.3252645831864498
8,128,devtest,fra_Latn,vie_Latn,0.024406828824396334,-0.35596180107675784
8,128,devtest,fra_Latn,ind_Latn,0.12060535803560582,-0.3302440608113577
8,128,devtest,spa_Latn,eng_Latn,0.035561410190814456,-0.418810075328829
8,128,devtest,spa_Latn,deu_Latn,0.13163836783762317,-0.33238009531853746
8,128,devtest,spa_Latn,fra_Latn,0.14418068488259575,-0.36538992061587355
8,128,devtest,spa_Latn,rus_Cyrl,0.0891800822400679,-0.4049979145003641
8,128,devtest,spa_Latn,hin_Deva,0.18559542983909433,-0.12235157753095065
8,128,devtest,spa_Latn,arb_Arab,0.15959318395605113,-0.2938662938029464
8,128,devtest,spa_Latn,zho_Hans,0.041393865745000896,-0.4120150418320865
8,128,devtest,spa_Latn,jpn_Jpan,-0.027004194778396284,-0.4107303612411352
8,128,devtest,spa_Latn,tur_Latn,0.129975140219858,-0.3070220787177104
8,128,devtest,spa_Latn,vie_Latn,0.043216029208981606,-0.36623301251882995
8,128,devtest,spa_Latn,ind_Latn,0.10982993734436736,-0.34567264609819837
8,128,devtest,rus_Cyrl,eng_Latn,-0.05273199042554809,-0.36729130048358605
8,128,devtest,rus_Cyrl,deu_Latn,-0.04746641020175876,-0.31020120068925056
8,128,devtest,rus_Cyrl,fra_Latn,0.029192825341731978,-0.35566430524468384
8,128,devtest,rus_Cyrl,spa_Latn,-0.00995381956118775,-0.3895018942108508
8,128,devtest,rus_Cyrl,hin_Deva,0.22402331920583665,-0.07469080981265006
8,128,devtest,rus_Cyrl,arb_Arab,-0.00672002406842047,-0.29386439502118
8,128,devtest,rus_Cyrl,zho_Hans,0.040180450465422485,-0.40710164551289213
8,128,devtest,rus_Cyrl,jpn_Jpan,-0.026079508990363414,-0.41718639218577147
8,128,devtest,rus_Cyrl,tur_Latn,-0.06189603784994595,-0.3045045743648653
8,128,devtest,rus_Cyrl,vie_Latn,-0.12706250926416016,-0.3746518695195194
8,128,devtest,rus_Cyrl,ind_Latn,-0.09613990135115781,-0.32037816856810686
8,128,devtest,hin_Deva,eng_Latn,0.0299930831026093,-0.31623688993485416
8,128,devtest,hin_Deva,deu_Latn,-0.03522488932147816,-0.31543048066392115
8,128,devtest,hin_Deva,fra_Latn,-0.030149753473558895,-0.3446221992146931
8,128,devtest,hin_Deva,spa_Latn,-0.07803313782035165,-0.367954078612542
8,128,devtest,hin_Deva,rus_Cyrl,0.030345874495847493,-0.35147247605937826
8,128,devtest,hin_Deva,arb_Arab,-0.054935999073601464,-0.3153128016076511
8,128,devtest,hin_Deva,zho_Hans,0.08675881777625229,-0.29905754145658076
8,128,devtest,hin_Deva,jpn_Jpan,0.04308969782495951,-0.3300026989479737
8,128,devtest,hin_Deva,tur_Latn,-0.03454511075669016,-0.3626911375373433
8,128,devtest,hin_Deva,vie_Latn,-0.004302517233782681,-0.34199643236322025
8,128,devtest,hin_Deva,ind_Latn,-0.05183179401068369,-0.3179790597046505
8,128,devtest,arb_Arab,eng_Latn,0.09424023033768293,-0.33588075196139017
8,128,devtest,arb_Arab,deu_Latn,0.02587707194893387,-0.31750229110751405
8,128,devtest,arb_Arab,fra_Latn,0.11954542654427315,-0.33914573663323816
8,128,devtest,arb_Arab,spa_Latn,0.11711334554905221,-0.3424938254824142
8,128,devtest,arb_Arab,rus_Cyrl,0.09570269890288301,-0.3718696948471744
8,128,devtest,arb_Arab,hin_Deva,0.19826394019941235,-0.12561139818423248
8,128,devtest,arb_Arab,zho_Hans,0.11968123905488548,-0.36614518530790074
8,128,devtest,arb_Arab,jpn_Jpan,0.02443707582930861,-0.3965088694532213
8,128,devtest,arb_Arab,tur_Latn,0.03816114021813113,-0.32822963736763794
8,128,devtest,arb_Arab,vie_Latn,0.016301442137421917,-0.3371107185082411
8,128,devtest,arb_Arab,ind_Latn,0.0691458210673269,-0.328371280615364
8,128,devtest,zho_Hans,eng_Latn,0.15004856058280397,-0.3779223508784337
8,128,devtest,zho_Hans,deu_Latn,0.2818401335837439,-0.2618529885352207
8,128,devtest,zho_Hans,fra_Latn,0.2719339729335502,-0.3250059650119187
8,128,devtest,zho_Hans,spa_Latn,0.27090610559219275,-0.34867431192568465
8,128,devtest,zho_Hans,rus_Cyrl,0.23240086469171323,-0.36698462558490796
8,128,devtest,zho_Hans,hin_Deva,0.27048614571832447,-0.02851292932537643
8,128,devtest,zho_Hans,arb_Arab,0.34487731608198563,-0.26275349751447574
8,128,devtest,zho_Hans,jpn_Jpan,0.23505645483162244,-0.4285936228407582
8,128,devtest,zho_Hans,tur_Latn,0.2661019466468144,-0.2570878394089269
8,128,devtest,zho_Hans,vie_Latn,0.3076298382206522,-0.32854108410137484
8,128,devtest,zho_Hans,ind_Latn,0.268884254618266,-0.2878553565370459
8,128,devtest,jpn_Jpan,eng_Latn,-0.14659298147569647,-0.37319423516185934
8,128,devtest,jpn_Jpan,deu_Latn,0.14561120413717812,-0.2829750623246549
8,128,devtest,jpn_Jpan,fra_Latn,0.1679090792076248,-0.36355487410327114
8,128,devtest,jpn_Jpan,spa_Latn,0.0924903589954419,-0.34449059865557785
8,128,devtest,jpn_Jpan,rus_Cyrl,0.14739222221016535,-0.3557042729597801
8,128,devtest,jpn_Jpan,hin_Deva,0.3027611450362807,-0.01835760286955239
8,128,devtest,jpn_Jpan,arb_Arab,0.23221099848989749,-0.2484089698784039
8,128,devtest,jpn_Jpan,zho_Hans,0.09019724877897463,-0.3954244825985265
8,128,devtest,jpn_Jpan,tur_Latn,0.1260021469701754,-0.27538040595441904
8,128,devtest,jpn_Jpan,vie_Latn,0.035317136980575176,-0.3585756202349903
8,128,devtest,jpn_Jpan,ind_Latn,0.15628115320034305,-0.29003194459236764
8,128,devtest,tur_Latn,eng_Latn,0.027431534848748836,-0.38901543230320185
8,128,devtest,tur_Latn,deu_Latn,0.0873978640281658,-0.3532137194124324
8,128,devtest,tur_Latn,fra_Latn,0.10506025450105147,-0.3761564943374098
8,128,devtest,tur_Latn,spa_Latn,0.08257398771843108,-0.38134828604484733
8,128,devtest,tur_Latn,rus_Cyrl,0.010785575763804517,-0.3837396059352982
8,128,devtest,tur_Latn,hin_Deva,0.21836310203264686,-0.18056816069950182
8,128,devtest,tur_Latn,arb_Arab,0.09175690773235808,-0.34063452199945116
8,128,devtest,tur_Latn,zho_Hans,0.08637834249954532,-0.388736658194905
8,128,devtest,tur_Latn,jpn_Jpan,-0.016473525104342586,-0.4114691330798552
8,128,devtest,tur_Latn,vie_Latn,-0.019421538413909454,-0.38636363055439243
8,128,devtest,tur_Latn,ind_Latn,0.09099524451797221,-0.35949896792480796
8,128,devtest,vie_Latn,eng_Latn,0.09078230650519413,-0.3480929038670777
8,128,devtest,vie_Latn,deu_Latn,0.11734383197347176,-0.30233854886401407
8,128,devtest,vie_Latn,fra_Latn,0.11135762273481269,-0.32255465932799327
8,128,devtest,vie_Latn,spa_Latn,0.12984682216762658,-0.3512051637155381
8,128,devtest,vie_Latn,rus_Cyrl,0.051690347325206734,-0.36553547070167175
8,128,devtest,vie_Latn,hin_Deva,0.2458484631162701,-0.079611213207075
8,128,devtest,vie_Latn,arb_Arab,0.15504597812496793,-0.2559394991928422
8,128,devtest,vie_Latn,zho_Hans,0.09997144455295316,-0.3606172628935163
8,128,devtest,vie_Latn,jpn_Jpan,0.011249906561101893,-0.413206469754671
8,128,devtest,vie_Latn,tur_Latn,0.11638832327543773,-0.31184988316893847
8,128,devtest,vie_Latn,ind_Latn,0.2019975483684777,-0.279655391724449
8,128,devtest,ind_Latn,eng_Latn,0.08004582573813125,-0.36745413277102323
8,128,devtest,ind_Latn,deu_Latn,0.11565553719615487,-0.29735204683210187
8,128,devtest,ind_Latn,fra_Latn,0.1143843933039647,-0.3504208103245285
8,128,devtest,ind_Latn,spa_Latn,0.17243022353508622,-0.3742257562844183
8,128,devtest,ind_Latn,rus_Cyrl,0.03657265234121866,-0.3569420278641764
8,128,devtest,ind_Latn,hin_Deva,0.15788054397166917,-0.11992885697461088
8,128,devtest,ind_Latn,arb_Arab,0.14226357961366815,-0.3005064955754391
8,128,devtest,ind_Latn,zho_Hans,0.09265165292429858,-0.3578021469077969
8,128,devtest,ind_Latn,jpn_Jpan,0.041971496896536925,-0.40173697502131955
8,128,devtest,ind_Latn,tur_Latn,0.12788759193022778,-0.32023740408417706
8,128,devtest,ind_Latn,vie_Latn,0.12560054800038722,-0.322179456030792
8,256,devtest,eng_Latn,deu_Latn,0.3205587910447279,-0.22563395465218794
8,256,devtest,eng_Latn,fra_Latn,0.2622636408091559,-0.2547700276149048
8,256,devtest,eng_Latn,spa_Latn,0.24962598580659762,-0.32648745318597977
8,256,devtest,eng_Latn,rus_Cyrl,0.1604963471627632,-0.31556636361512497
8,256,devtest,eng_Latn,hin_Deva,0.31609134955498674,0.02053096726314884
8,256,devtest,eng_Latn,arb_Arab,0.2931325266044756,-0.21217099496789552
8,256,devtest,eng_Latn,zho_Hans,0.07384747013304672,-0.36614648648453907
8,256,devtest,eng_Latn,jpn_Jpan,0.08961780096667281,-0.3639075934316621
8,256,devtest,eng_Latn,tur_Latn,0.2746087056838368,-0.21984985858872144
8,256,devtest,eng_Latn,vie_Latn,0.29453912581210323,-0.3101487024329899
8,256,devtest,eng_Latn,ind_Latn,0.28409477301904246,-0.26162951803855605
8,256,devtest,deu_Latn,eng_Latn,0.09626499476592658,-0.39280058503356136
8,256,devtest,deu_Latn,fra_Latn,0.0905460602789803,-0.36607659759809025
8,256,devtest,deu_Latn,spa_Latn,0.16577104676875187,-0.4126364256062379
8,256,devtest,deu_Latn,rus_Cyrl,0.07343200723926427,-0.415864948730936
8,256,devtest,deu_Latn,hin_Deva,0.2475991744059934,-0.14004988680860372
8,256,devtest,deu_Latn,arb_Arab,0.10089189932464056,-0.3426360373799398
8,256,devtest,deu_Latn,zho_Hans,0.06161730081923563,-0.422601822576934
8,256,devtest,deu_Latn,jpn_Jpan,0.023241688927073182,-0.4406430717427774
8,256,devtest,deu_Latn,tur_Latn,0.17473191103376082,-0.34273316759952793
8,256,devtest,deu_Latn,vie_Latn,0.026219324917406164,-0.39672580750901276
8,256,devtest,deu_Latn,ind_Latn,0.12231864203121502,-0.35866423973569495
8,256,devtest,fra_Latn,eng_Latn,0.03206611951096501,-0.3572359772953738
8,256,devtest,fra_Latn,deu_Latn,0.05568163874140179,-0.29836465964442194
8,256,devtest,fra_Latn,spa_Latn,0.12686472304784488,-0.3923571310825273
8,256,devtest,fra_Latn,rus_Cyrl,0.13952132364950767,-0.4064686508739362
8,256,devtest,fra_Latn,hin_Deva,0.21837108689571066,-0.11183197017228264
8,256,devtest,fra_Latn,arb_Arab,0.13023807066882642,-0.3252171445956823
8,256,devtest,fra_Latn,zho_Hans,0.046790253719273395,-0.4302755439137206
8,256,devtest,fra_Latn,jpn_Jpan,-0.0075019513275992175,-0.45919451053395416
8,256,devtest,fra_Latn,tur_Latn,0.11678462790436034,-0.31762999929974095
8,256,devtest,fra_Latn,vie_Latn,-0.0011763657363829901,-0.38742744610856295
8,256,devtest,fra_Latn,ind_Latn,0.1363470217562329,-0.3415369258599278
8,256,devtest,spa_Latn,eng_Latn,0.02350627715723077,-0.4509521667451386
8,256,devtest,spa_Latn,deu_Latn,0.1445724050142036,-0.352636008949654
8,256,devtest,spa_Latn,fra_Latn,0.151179835514477,-0.3853270831921387
8,256,devtest,spa_Latn,rus_Cyrl,0.08948082913156923,-0.43572189382180315
8,256,devtest,spa_Latn,hin_Deva,0.23336377351775664,-0.11356018477921358
8,256,devtest,spa_Latn,arb_Arab,0.18309848590755606,-0.32457800131114606
8,256,devtest,spa_Latn,zho_Hans,0.03583793519085938,-0.4563252501076899
8,256,devtest,spa_Latn,jpn_Jpan,-0.03832478556793376,-0.43787924274257184
8,256,devtest,spa_Latn,tur_Latn,0.14187034235682375,-0.306756082703126
8,256,devtest,spa_Latn,vie_Latn,0.03133367556378002,-0.3844918490174664
8,256,devtest,spa_Latn,ind_Latn,0.10814964750293686,-0.37830204183737043
8,256,devtest,rus_Cyrl,eng_Latn,-0.06547308288845338,-0.4023678129852993
8,256,devtest,rus_Cyrl,deu_Latn,-0.06587149374969613,-0.32343709826067035
8,256,devtest,rus_Cyrl,fra_Latn,0.016307219223427514,-0.38015504275514483
8,256,devtest,rus_Cyrl,spa_Latn,-0.036259982098241786,-0.41891698705051017
8,256,devtest,rus_Cyrl,hin_Deva,0.26799061349016406,-0.06867680934098773
8,256,devtest,rus_Cyrl,arb_Arab,-0.024538379446750257,-0.31642836295940924
8,256,devtest,rus_Cyrl,zho_Hans,0.04243065197932963,-0.4510174806575743
8,256,devtest,rus_Cyrl,jpn_Jpan,-0.06841821661728367,-0.4359853925423194
8,256,devtest,rus_Cyrl,tur_Latn,-0.06596632423163025,-0.3070293962740222
8,256,devtest,rus_Cyrl,vie_Latn,-0.14693180525001884,-0.400720862340495
8,256,devtest,rus_Cyrl,ind_Latn,-0.11472424981183334,-0.35457612424097606
8,256,devtest,hin_Deva,eng_Latn,0.026603874750391065,-0.32407003411625246
8,256,devtest,hin_Deva,deu_Latn,-0.04089810941954687,-0.32013351105353205
8,256,devtest,hin_Deva,fra_Latn,-0.04959428596916833,-0.3592690280409994
8,256,devtest,hin_Deva,spa_Latn,-0.0733542299623449,-0.3784290097378401
8,256,devtest,hin_Deva,rus_Cyrl,0.013757533198066782,-0.36096317663727134
8,256,devtest,hin_Deva,arb_Arab,-0.05641440764206458,-0.3346602377083496
8,256,devtest,hin_Deva,zho_Hans,0.09224102241027311,-0.31255440853809885
8,256,devtest,hin_Deva,jpn_Jpan,0.04348398882428455,-0.3376393936602092
8,256,devtest,hin_Deva,tur_Latn,-0.03833536430873895,-0.37263866444183796
8,256,devtest,hin_Deva,vie_Latn,-0.017534734568668893,-0.35065646297395675
8,256,devtest,hin_Deva,ind_Latn,-0.06163749835683208,-0.32159707468621157
8,256,devtest,arb_Arab,eng_Latn,0.07478140053008102,-0.37775321347402047
8,256,devtest,arb_Arab,deu_Latn,0.02305592722233454,-0.3388335475459386
8,256,devtest,arb_Arab,fra_Latn,0.10967428209123078,-0.3715015287929836
8,256,devtest,arb_Arab,spa_Latn,0.12404467048234107,-0.38022287159867124
8,256,devtest,arb_Arab,rus_Cyrl,0.09832107359000505,-0.3943160078544244
8,256,devtest,arb_Arab,hin_Deva,0.24954458353823022,-0.12748123872631398
8,256,devtest,arb_Arab,zho_Hans,0.11059863240836082,-0.4097687681313657
8,256,devtest,arb_Arab,jpn_Jpan,-0.0020115922128724683,-0.42841075583697086
8,256,devtest,arb_Arab,tur_Latn,0.033753934712270464,-0.3375434744553372
8,256,devtest,arb_Arab,vie_Latn,-0.00018730595350030253,-0.3695425059797863
8,256,devtest,arb_Arab,ind_Latn,0.0639278873882326,-0.34922152368890635
8,256,devtest,zho_Hans,eng_Latn,0.14530373688930795,-0.4153000275516662
8,256,devtest,zho_Hans,deu_Latn,0.33695196319962434,-0.28329716022682955
8,256,devtest,zho_Hans,fra_Latn,0.3223402930478429,-0.36360036162459963
8,256,devtest,zho_Hans,spa_Latn,0.336332421036906,-0.3879863542475859
8,256,devtest,zho_Hans,rus_Cyrl,0.2966081714942726,-0.39973381681994435
8,256,devtest,zho_Hans,hin_Deva,0.32019126974531115,-0.03146071189944021
8,256,devtest,zho_Hans,arb_Arab,0.402934760047763,-0.29277985040369087
8,256,devtest,zho_Hans,jpn_Jpan,0.2772655153705001,-0.46138258183951003
8,256,devtest,zho_Hans,tur_Latn,0.30755155190365363,-0.2630890862878469
8,256,devtest,zho_Hans,vie_Latn,0.3573706201227112,-0.3672163584401665
8,256,devtest,zho_Hans,ind_Latn,0.30669452282807463,-0.32082345898569825
8,256,devtest,jpn_Jpan,eng_Latn,-0.15244022090986617,-0.3896190798340156
8,256,devtest,jpn_Jpan,deu_Latn,0.17008819536257466,-0.2920952263611647
8,256,devtest,jpn_Jpan,fra_Latn,0.18935015608570635,-0.36159424913782295
8,256,devtest,jpn_Jpan,spa_Latn,0.10741070937119618,-0.35909574803100036
8,256,devtest,jpn_Jpan,rus_Cyrl,0.1482602321761263,-0.37445451973710264
8,256,devtest,jpn_Jpan,hin_Deva,0.34532829396516074,-0.011449849117338408
8,256,devtest,jpn_Jpan,arb_Arab,0.24163978915431708,-0.2812719275600884
8,256,devtest,jpn_Jpan,zho_Hans,0.09150792279044734,-0.43491942788825466
8,256,devtest,jpn_Jpan,tur_Latn,0.1536866040863254,-0.28048545923377444
8,256,devtest,jpn_Jpan,vie_Latn,0.04436579827421976,-0.36655733226311005
8,256,devtest,jpn_Jpan,ind_Latn,0.1615987689395886,-0.3042242256954326
8,256,devtest,tur_Latn,eng_Latn,0.01186419218422855,-0.4111896252835524
8,256,devtest,tur_Latn,deu_Latn,0.07569169022262338,-0.35061041589552644
8,256,devtest,tur_Latn,fra_Latn,0.09294191738905012,-0.38214705724278997
8,256,devtest,tur_Latn,spa_Latn,0.07506627315711738,-0.3914277772840753
8,256,devtest,tur_Latn,rus_Cyrl,0.03162400511218972,-0.3986192628077044
8,256,devtest,tur_Latn,hin_Deva,0.2706528326661806,-0.18084259859129947
8,256,devtest,tur_Latn,arb_Arab,0.08994796152093534,-0.35527399481211447
8,256,devtest,tur_Latn,zho_Hans,0.07413203203326382,-0.408497768058493
8,256,devtest,tur_Latn,jpn_Jpan,-0.024604300440509035,-0.434491712251989
8,256,devtest,tur_Latn,vie_Latn,-0.039172863843316356,-0.399589931295945
8,256,devtest,tur_Latn,ind_Latn,0.06679220318240797,-0.37133298790042074
8,256,devtest,vie_Latn,eng_Latn,0.07517959223401739,-0.37182942865966684
8,256,devtest,vie_Latn,deu_Latn,0.12647016918394113,-0.30052884704583793
8,256,devtest,vie_Latn,fra_Latn,0.11360125444166876,-0.3455754154405721
8,256,devtest,vie_Latn,spa_Latn,0.1369089470204154,-0.3549573567118526
8,256,devtest,vie_Latn,rus_Cyrl,0.07585793660612125,-0.38135379704946765
8,256,devtest,vie_Latn,hin_Deva,0.28742566563142774,-0.067726238311287
8,256,devtest,vie_Latn,arb_Arab,0.17291051624208587,-0.2756390752227602
8,256,devtest,vie_Latn,zho_Hans,0.09484109591486371,-0.38858072849658254
8,256,devtest,vie_Latn,jpn_Jpan,0.006376388933544598,-0.4177786220433872
8,256,devtest,vie_Latn,tur_Latn,0.12646793032861092,-0.3009828578966276
8,256,devtest,vie_Latn,ind_Latn,0.2035672699969298,-0.29823508095026
8,256,devtest,ind_Latn,eng_Latn,0.06511808227014472,-0.38671784127791214
8,256,devtest,ind_Latn,deu_Latn,0.11374870667487176,-0.30633355903246295
8,256,devtest,ind_Latn,fra_Latn,0.13489693595352675,-0.36430989541628883
8,256,devtest,ind_Latn,spa_Latn,0.16621006164699773,-0.39912747044729013
8,256,devtest,ind_Latn,rus_Cyrl,0.04465283027610586,-0.3858408526855388
8,256,devtest,ind_Latn,hin_Deva,0.1972951445742714,-0.10328438560270577
8,256,devtest,ind_Latn,arb_Arab,0.15210303857720864,-0.3040502552496782
8,256,devtest,ind_Latn,zho_Hans,0.07125564220624442,-0.3920490943251022
8,256,devtest,ind_Latn,jpn_Jpan,0.017039640557466828,-0.42030903285487087
8,256,devtest,ind_Latn,tur_Latn,0.11912081556108105,-0.3231519479635571
8,256,devtest,ind_Latn,vie_Latn,0.10766612941325496,-0.34824067510492646
9,64,devtest,eng_Latn,deu_Latn,0.2283826668674365,-0.26244616864441206
9,64,devtest,eng_Latn,fra_Latn,0.1863710675723154,-0.26351769081421816
9,64,devtest,eng_Latn,spa_Latn,0.1593607961398007,-0.28705038231588353
9,64,devtest,eng_Latn,rus_Cyrl,0.07221880235329028,-0.3291765481922146
9,64,devtest,eng_Latn,hin_Deva,0.2267789518056258,-0.049549299615870006
9,64,devtest,eng_Latn,arb_Arab,0.23335416686594762,-0.20480722475899757
9,64,devtest,eng_Latn,zho_Hans,0.08813763826620065,-0.3263772522496658
9,64,devtest,eng_Latn,jpn_Jpan,0.013310684326274308,-0.35118605853862955
9,64,devtest,eng_Latn,tur_Latn,0.1920120948450497,-0.2535394939132883
9,64,devtest,eng_Latn,vie_Latn,0.21742931119177578,-0.29361399333425253
9,64,devtest,eng_Latn,ind_Latn,0.22459189511370523,-0.2757888025699489
9,64,devtest,deu_Latn,eng_Latn,0.09160735467764397,-0.33877119561669633
9,64,devtest,deu_Latn,fra_Latn,0.08546556572427019,-0.3247300509088535
9,64,devtest,deu_Latn,spa_Latn,0.15348635893192425,-0.3790210853637238
9,64,devtest,deu_Latn,rus_Cyrl,0.0683182170519933,-0.41194843578955737
9,64,devtest,deu_Latn,hin_Deva,0.1556184760073524,-0.1603004290561798
9,64,devtest,deu_Latn,arb_Arab,0.1401308019867895,-0.30722899167656903
9,64,devtest,deu_Latn,zho_Hans,0.08596285476951333,-0.3772259109285852
9,64,devtest,deu_Latn,jpn_Jpan,0.06078775773930058,-0.38374197452750297
9,64,devtest,deu_Latn,tur_Latn,0.15717186578484127,-0.31947955851200155
9,64,devtest,deu_Latn,vie_Latn,0.06827629981801683,-0.3894708356710594
9,64,devtest,deu_Latn,ind_Latn,0.15321083208983005,-0.34106954865285666
9,64,devtest,fra_Latn,eng_Latn,0.056885242623464324,-0.31660533141521713
9,64,devtest,fra_Latn,deu_Latn,0.07533316334997914,-0.2895759546599454
9,64,devtest,fra_Latn,spa_Latn,0.14922581609378624,-0.3594792106347022
9,64,devtest,fra_Latn,rus_Cyrl,0.10314159572559058,-0.39957036113119937
9,64,devtest,fra_Latn,hin_Deva,0.13927869381308564,-0.14510856169212744
9,64,devtest,fra_Latn,arb_Arab,0.12822665573205416,-0.30423321609255305
9,64,devtest,fra_Latn,zho_Hans,0.09126546261190066,-0.3732036608582976
9,64,devtest,fra_Latn,jpn_Jpan,0.034782691735627064,-0.4278894410700917
9,64,devtest,fra_Latn,tur_Latn,0.11946548948198346,-0.3236144484937744
9,64,devtest,fra_Latn,vie_Latn,0.06660292333721457,-0.3631567918518964
9,64,devtest,fra_Latn,ind_Latn,0.13155691944409886,-0.3474327138002063
9,64,devtest,spa_Latn,eng_Latn,0.0440815164599121,-0.33941993671657145
9,64,devtest,spa_Latn,deu_Latn,0.11126773800594704,-0.33860671100231426
9,64,devtest,spa_Latn,fra_Latn,0.14879641217922712,-0.3529021212571871
9,64,devtest,spa_Latn,rus_Cyrl,0.05696694600664949,-0.398155899995183
9,64,devtest,spa_Latn,hin_Deva,0.1484875179558147,-0.15688780419113504
9,64,devtest,spa_Latn,arb_Arab,0.14367164370040256,-0.28160475286114184
9,64,devtest,spa_Latn,zho_Hans,0.07122728072487865,-0.39630768565912416
9,64,devtest,spa_Latn,jpn_Jpan,0.005335845306713247,-0.39880878743672027
9,64,devtest,spa_Latn,tur_Latn,0.13405437224664146,-0.31556066426144663
9,64,devtest,spa_Latn,vie_Latn,0.061973699438723134,-0.3602256443599616
9,64,devtest,spa_Latn,ind_Latn,0.09188497543233702,-0.3521963784796567
9,64,devtest,rus_Cyrl,eng_Latn,-0.04173056775582482,-0.34966766395649723
9,64,devtest,rus_Cyrl,deu_Latn,-0.004300130156545748,-0.34686612331889133
9,64,devtest,rus_Cyrl,fra_Latn,0.056560016137518834,-0.3733962505884904
9,64,devtest,rus_Cyrl,spa_Latn,-0.00041028570714929065,-0.3785473009245734
9,64,devtest,rus_Cyrl,hin_Deva,0.18892940119912438,-0.1308412472162944
9,64,devtest,rus_Cyrl,arb_Arab,0.017070838801762772,-0.27917673375185453
9,64,devtest,rus_Cyrl,zho_Hans,0.04645822449725321,-0.40542458260977776
9,64,devtest,rus_Cyrl,jpn_Jpan,-0.0001968605407104486,-0.40787118747282475
9,64,devtest,rus_Cyrl,tur_Latn,-0.023425422691687348,-0.32020500605540275
9,64,devtest,rus_Cyrl,vie_Latn,-0.09228779094626309,-0.3619460431382948
9,64,devtest,rus_Cyrl,ind_Latn,-0.06432942248380936,-0.34117699460694506
9,64,devtest,hin_Deva,eng_Latn,0.03873729645868562,-0.28817846289992616
9,64,devtest,hin_Deva,deu_Latn,-0.004439393127577378,-0.3133647044261258
9,64,devtest,hin_Deva,fra_Latn,-0.01229794647790288,-0.3390390891554669
9,64,devtest,hin_Deva,spa_Latn,-0.02868585906444822,-0.36252561172670483
9,64,devtest,hin_Deva,rus_Cyrl,0.0650064722907111,-0.37400656665377785
9,64,devtest,hin_Deva,arb_Arab,-0.024859235983216564,-0.3249040173279761
9,64,devtest,hin_Deva,zho_Hans,0.11123771513536895,-0.3013941234928239
9,64,devtest,hin_Deva,jpn_Jpan,0.06167466090317967,-0.3000867921504184
9,64,devtest,hin_Deva,tur_Latn,-0.006406069842876187,-0.3682002097401847
9,64,devtest,hin_Deva,vie_Latn,0.02492147111683814,-0.324925528594185
9,64,devtest,hin_Deva,ind_Latn,-0.0413658999036535,-0.3111106511448314
9,64,devtest,arb_Arab,eng_Latn,0.11063938750611975,-0.30244147196418786
9,64,devtest,arb_Arab,deu_Latn,0.08625047228132576,-0.32607516622602306
9,64,devtest,arb_Arab,fra_Latn,0.103486975142527,-0.3442512038360347
9,64,devtest,arb_Arab,spa_Latn,0.11954301141414467,-0.33421035465476373
9,64,devtest,arb_Arab,rus_Cyrl,0.09435777671338588,-0.36055602686104954
9,64,devtest,arb_Arab,hin_Deva,0.15509401865565328,-0.16916051157667975
9,64,devtest,arb_Arab,zho_Hans,0.13205711382887933,-0.3521385597261232
9,64,devtest,arb_Arab,jpn_Jpan,0.042593384064268304,-0.38502927774955065
9,64,devtest,arb_Arab,tur_Latn,0.03425784892512284,-0.334065173443078
9,64,devtest,arb_Arab,vie_Latn,0.047137260058627166,-0.33182001698213626
9,64,devtest,arb_Arab,ind_Latn,0.06867616899715248,-0.3301330084620429
9,64,devtest,zho_Hans,eng_Latn,0.14776718197247793,-0.35415455474335683
9,64,devtest,zho_Hans,deu_Latn,0.2432173447534422,-0.30754613380291
9,64,devtest,zho_Hans,fra_Latn,0.24044300317611317,-0.3418627399797225
9,64,devtest,zho_Hans,spa_Latn,0.24343370434570827,-0.37054724056931054
9,64,devtest,zho_Hans,rus_Cyrl,0.18327871126073447,-0.395478628732326
9,64,devtest,zho_Hans,hin_Deva,0.2572220174199987,-0.09249230035899683
9,64,devtest,zho_Hans,arb_Arab,0.2892130704494845,-0.2858223083981854
9,64,devtest,zho_Hans,jpn_Jpan,0.19849313773604516,-0.3856917987629817
9,64,devtest,zho_Hans,tur_Latn,0.26678887239631827,-0.2783878320661945
9,64,devtest,zho_Hans,vie_Latn,0.2631099199179566,-0.33165591287447854
9,64,devtest,zho_Hans,ind_Latn,0.24465826937500712,-0.3388543902735417
9,64,devtest,jpn_Jpan,eng_Latn,-0.11724543444981825,-0.3612370854827097
9,64,devtest,jpn_Jpan,deu_Latn,0.12904397455995484,-0.30979368340591357
9,64,devtest,jpn_Jpan,fra_Latn,0.1447407950295512,-0.3717462184781516
9,64,devtest,jpn_Jpan,spa_Latn,0.10311395076548331,-0.36330442522097356
9,64,devtest,jpn_Jpan,rus_Cyrl,0.10349978965401194,-0.38326105689622664
9,64,devtest,jpn_Jpan,hin_Deva,0.24330868045711448,-0.07062014501420423
9,64,devtest,jpn_Jpan,arb_Arab,0.1947631785412217,-0.28103104749055935
9,64,devtest,jpn_Jpan,zho_Hans,0.0976133729945363,-0.3642936115123147
9,64,devtest,jpn_Jpan,tur_Latn,0.13241905272281015,-0.29337292978904017
9,64,devtest,jpn_Jpan,vie_Latn,0.0516003049707661,-0.37276852895642787
9,64,devtest,jpn_Jpan,ind_Latn,0.15566451106285034,-0.33002750366590217
9,64,devtest,tur_Latn,eng_Latn,0.02393857361574505,-0.37704599569267455
9,64,devtest,tur_Latn,deu_Latn,0.10042842343603058,-0.356720625881141
9,64,devtest,tur_Latn,fra_Latn,0.1146216922799384,-0.39428430269386827
9,64,devtest,tur_Latn,spa_Latn,0.10413762847455307,-0.39196584257241396
9,64,devtest,tur_Latn,rus_Cyrl,0.034981693223651876,-0.4192067812498739
9,64,devtest,tur_Latn,hin_Deva,0.16989517561451106,-0.22543365281252242
9,64,devtest,tur_Latn,arb_Arab,0.09878748761879894,-0.34298099243236857
9,64,devtest,tur_Latn,zho_Hans,0.12442160030447197,-0.3755986741691073
9,64,devtest,tur_Latn,jpn_Jpan,0.027627496405060483,-0.398639042839674
9,64,devtest,tur_Latn,vie_Latn,0.0021283136962715367,-0.38831625876676956
9,64,devtest,tur_Latn,ind_Latn,0.08223820681771622,-0.3885958328206274
9,64,devtest,vie_Latn,eng_Latn,0.10179863030327023,-0.3159749077545858
9,64,devtest,vie_Latn,deu_Latn,0.10362354252368161,-0.325404138709932
9,64,devtest,vie_Latn,fra_Latn,0.11010996350886194,-0.3329469155856036
9,64,devtest,vie_Latn,spa_Latn,0.11303113119383662,-0.344756979214244
9,64,devtest,vie_Latn,rus_Cyrl,0.0065403328923683435,-0.3603388831690601
9,64,devtest,vie_Latn,hin_Deva,0.19017698486085255,-0.10541617464071369
9,64,devtest,vie_Latn,arb_Arab,0.12725452891875752,-0.26106797621440464
9,64,devtest,vie_Latn,zho_Hans,0.1200549863677945,-0.324812885651602
9,64,devtest,vie_Latn,jpn_Jpan,0.032366890720093196,-0.3937381249544777
9,64,devtest,vie_Latn,tur_Latn,0.09854728690430505,-0.3056164006960332
9,64,devtest,vie_Latn,ind_Latn,0.2064949675521784,-0.29348920202096906
9,64,devtest,ind_Latn,eng_Latn,0.09853579932429865,-0.31928698167054764
9,64,devtest,ind_Latn,deu_Latn,0.1511639955098783,-0.29847281736398884
9,64,devtest,ind_Latn,fra_Latn,0.12981083407135716,-0.35026975547988753
9,64,devtest,ind_Latn,spa_Latn,0.14500810662176247,-0.35828847650187706
9,64,devtest,ind_Latn,rus_Cyrl,0.034856030287259004,-0.35303371174222153
9,64,devtest,ind_Latn,hin_Deva,0.10438698959574343,-0.11683786963152956
9,64,devtest,ind_Latn,arb_Arab,0.12499637836213978,-0.2888807383377329
9,64,devtest,ind_Latn,zho_Hans,0.1096977056227366,-0.36449357545609906
9,64,devtest,ind_Latn,jpn_Jpan,0.07426260207583049,-0.37902872545592947
9,64,devtest,ind_Latn,tur_Latn,0.11921176384344481,-0.30986794213295155
9,64,devtest,ind_Latn,vie_Latn,0.15787047250420777,-0.31312429974266737
9,128,devtest,eng_Latn,deu_Latn,0.25794270817823234,-0.26115472156000463
9,128,devtest,eng_Latn,fra_Latn,0.20069873358398094,-0.2614267352001478
9,128,devtest,eng_Latn,spa_Latn,0.1865654517128745,-0.33391635027683536
9,128,devtest,eng_Latn,rus_Cyrl,0.07560544932355956,-0.34122428008289307
9,128,devtest,eng_Latn,hin_Deva,0.26549657675119676,-0.039805954967439196
9,128,devtest,eng_Latn,arb_Arab,0.2464038959772717,-0.23318493147966196
9,128,devtest,eng_Latn,zho_Hans,0.10375375876428933,-0.35285918128877664
9,128,devtest,eng_Latn,jpn_Jpan,0.019309219232594706,-0.36368451699057125
9,128,devtest,eng_Latn,tur_Latn,0.2212009187859301,-0.2515680052558142
9,128,devtest,eng_Latn,vie_Latn,0.22721888962323186,-0.31459286015086163
9,128,devtest,eng_Latn,ind_Latn,0.23302504132975402,-0.29822425107146167
9,128,devtest,deu_Latn,eng_Latn,0.08523029912164516,-0.36759274035305123
9,128,devtest,deu_Latn,fra_Latn,0.10057498990529526,-0.3704760072290476
9,128,devtest,deu_Latn,spa_Latn,0.15133742660287786,-0.40426931051038667
9,128,devtest,deu_Latn,rus_Cyrl,0.07594517114574958,-0.43348736670510224
9,128,devtest,deu_Latn,hin_Deva,0.18685238709502744,-0.18255567696883615
9,128,devtest,deu_Latn,arb_Arab,0.11860050166283102,-0.35314756920507373
9,128,devtest,deu_Latn,zho_Hans,0.06976717492436453,-0.40872464508237893
9,128,devtest,deu_Latn,jpn_Jpan,0.048762230232198334,-0.4210430407336455
9,128,devtest,deu_Latn,tur_Latn,0.17021784966631598,-0.3572369745603897
9,128,devtest,deu_Latn,vie_Latn,0.04514264486295716,-0.4027994576340359
9,128,devtest,deu_Latn,ind_Latn,0.1304645059322163,-0.3652897757586986
9,128,devtest,fra_Latn,eng_Latn,0.04444101180325489,-0.32910907808561934
9,128,devtest,fra_Latn,deu_Latn,0.08009915170552483,-0.3228165824606783
9,128,devtest,fra_Latn,spa_Latn,0.13447301810555468,-0.39147210282187156
9,128,devtest,fra_Latn,rus_Cyrl,0.10926343965024547,-0.4114222882481063
9,128,devtest,fra_Latn,hin_Deva,0.16803056615560089,-0.1563954002883271
9,128,devtest,fra_Latn,arb_Arab,0.1381807086021522,-0.3298203927461592
9,128,devtest,fra_Latn,zho_Hans,0.07405108141451161,-0.40878008269185495
9,128,devtest,fra_Latn,jpn_Jpan,0.01766209371472204,-0.453311425618304
9,128,devtest,fra_Latn,tur_Latn,0.13570791324762208,-0.3404069493444168
9,128,devtest,fra_Latn,vie_Latn,0.03144815226424695,-0.3840588557452278
9,128,devtest,fra_Latn,ind_Latn,0.12290997533309024,-0.36369090113589975
9,128,devtest,spa_Latn,eng_Latn,0.038908590661297794,-0.4122747614748936
9,128,devtest,spa_Latn,deu_Latn,0.11797799738173263,-0.3602185875966333
9,128,devtest,spa_Latn,fra_Latn,0.13951454199960966,-0.38995598258816233
9,128,devtest,spa_Latn,rus_Cyrl,0.0672808351295962,-0.4373815740155649
9,128,devtest,spa_Latn,hin_Deva,0.17684487368846283,-0.16432264277036093
9,128,devtest,spa_Latn,arb_Arab,0.16492597136732287,-0.3260544511698899
9,128,devtest,spa_Latn,zho_Hans,0.0698164813929392,-0.42099308826050885
9,128,devtest,spa_Latn,jpn_Jpan,-0.018975792661055885,-0.41958572350917367
9,128,devtest,spa_Latn,tur_Latn,0.13084255726618027,-0.32207010386274004
9,128,devtest,spa_Latn,vie_Latn,0.04304447035897948,-0.38523208745344795
9,128,devtest,spa_Latn,ind_Latn,0.10744588297729449,-0.38709328751927796
9,128,devtest,rus_Cyrl,eng_Latn,-0.06844450908478282,-0.3845558616236863
9,128,devtest,rus_Cyrl,deu_Latn,-0.017844130689479282,-0.3598754277120048
9,128,devtest,rus_Cyrl,fra_Latn,0.0422378226377237,-0.3911279875109342
9,128,devtest,rus_Cyrl,spa_Latn,-0.00831555400077816,-0.4203732345652994
9,128,devtest,rus_Cyrl,hin_Deva,0.21921644682170618,-0.12020884252306979
9,128,devtest,rus_Cyrl,arb_Arab,0.009829608496368282,-0.3275287569287197
9,128,devtest,rus_Cyrl,zho_Hans,0.04488565041862684,-0.44040349684915714
9,128,devtest,rus_Cyrl,jpn_Jpan,-0.01704920834322869,-0.4406987145506721
9,128,devtest,rus_Cyrl,tur_Latn,-0.043234001154952795,-0.3305276287374157
9,128,devtest,rus_Cyrl,vie_Latn,-0.10213790554440529,-0.3944659885769664
9,128,devtest,rus_Cyrl,ind_Latn,-0.08189031782717271,-0.38021625413148236
9,128,devtest,hin_Deva,eng_Latn,0.04731411091151834,-0.3134986981865723
9,128,devtest,hin_Deva,deu_Latn,-0.018426541906175365,-0.3453840826973955
9,128,devtest,hin_Deva,fra_Latn,-0.027303313266157512,-0.3768332262030211
9,128,devtest,hin_Deva,spa_Latn,-0.04307305829138401,-0.39271832861238065
9,128,devtest,hin_Deva,rus_Cyrl,0.04004830254589904,-0.3790062143230565
9,128,devtest,hin_Deva,arb_Arab,-0.04282072750341431,-0.35423398642467535
9,128,devtest,hin_Deva,zho_Hans,0.10784509259166611,-0.3275842492271982
9,128,devtest,hin_Deva,jpn_Jpan,0.06769680769887641,-0.32393154964639653
9,128,devtest,hin_Deva,tur_Latn,-0.0346118418569519,-0.39023908054289586
9,128,devtest,hin_Deva,vie_Latn,0.008441410676218359,-0.35345567788642207
9,128,devtest,hin_Deva,ind_Latn,-0.052121448729647905,-0.34868192212556937
9,128,devtest,arb_Arab,eng_Latn,0.0937234032634578,-0.35239471217311236
9,128,devtest,arb_Arab,deu_Latn,0.05220864187812016,-0.36586232659511936
9,128,devtest,arb_Arab,fra_Latn,0.11132830501149239,-0.36800632827565816
9,128,devtest,arb_Arab,spa_Latn,0.12419149958577239,-0.38232039737174595
9,128,devtest,arb_Arab,rus_Cyrl,0.10396973635880298,-0.4074233084141637
9,128,devtest,arb_Arab,hin_Deva,0.1958212665514548,-0.1790608259149721
9,128,devtest,arb_Arab,zho_Hans,0.13703723832060669,-0.3898942411157408
9,128,devtest,arb_Arab,jpn_Jpan,0.03516203602351436,-0.42397224268348704
9,128,devtest,arb_Arab,tur_Latn,0.02822928155970502,-0.35640254949660266
9,128,devtest,arb_Arab,vie_Latn,0.04186310929044324,-0.36673806577890133
9,128,devtest,arb_Arab,ind_Latn,0.08496787400198359,-0.3546429239561103
9,128,devtest,zho_Hans,eng_Latn,0.1666107781568262,-0.3896878858206693
9,128,devtest,zho_Hans,deu_Latn,0.28370604648695286,-0.3216527213486166
9,128,devtest,zho_Hans,fra_Latn,0.2683201990977514,-0.37552626127307553
9,128,devtest,zho_Hans,spa_Latn,0.2819847886535344,-0.3893578555661392
9,128,devtest,zho_Hans,rus_Cyrl,0.21637877479410564,-0.41841718696261776
9,128,devtest,zho_Hans,hin_Deva,0.3036700861013517,-0.0930553061571859
9,128,devtest,zho_Hans,arb_Arab,0.34336007574159416,-0.3161939168239951
9,128,devtest,zho_Hans,jpn_Jpan,0.2370120394144343,-0.4292743408774058
9,128,devtest,zho_Hans,tur_Latn,0.30174067485769357,-0.29620420598197683
9,128,devtest,zho_Hans,vie_Latn,0.3021250117910691,-0.37233851835224185
9,128,devtest,zho_Hans,ind_Latn,0.27166965213109623,-0.34829088147272813
9,128,devtest,jpn_Jpan,eng_Latn,-0.13728489429870377,-0.37949500836812583
9,128,devtest,jpn_Jpan,deu_Latn,0.13990108128448395,-0.32100362944778144
9,128,devtest,jpn_Jpan,fra_Latn,0.14996669627973588,-0.39304846361283236
9,128,devtest,jpn_Jpan,spa_Latn,0.09422491050872876,-0.3719315433119394
9,128,devtest,jpn_Jpan,rus_Cyrl,0.11816187936215655,-0.40889993952124126
9,128,devtest,jpn_Jpan,hin_Deva,0.28354789790512436,-0.06971355534198283
9,128,devtest,jpn_Jpan,arb_Arab,0.20840052830274988,-0.3075186902791116
9,128,devtest,jpn_Jpan,zho_Hans,0.10269805153522324,-0.3968006479159037
9,128,devtest,jpn_Jpan,tur_Latn,0.1374482336850772,-0.30064240375389684
9,128,devtest,jpn_Jpan,vie_Latn,0.03351514699844677,-0.3863549159829659
9,128,devtest,jpn_Jpan,ind_Latn,0.1491527594383042,-0.3366372355499077
9,128,devtest,tur_Latn,eng_Latn,0.01603972867248649,-0.4080304571020225
9,128,devtest,tur_Latn,deu_Latn,0.10260024606199004,-0.3921336856513099
9,128,devtest,tur_Latn,fra_Latn,0.12026464934936125,-0.422771829664342
9,128,devtest,tur_Latn,spa_Latn,0.08470269071437499,-0.4179878996631277
9,128,devtest,tur_Latn,rus_Cyrl,0.019201705977332447,-0.4302911086684115
9,128,devtest,tur_Latn,hin_Deva,0.19482887175098304,-0.2419971793979974
9,128,devtest,tur_Latn,arb_Arab,0.0863568689445059,-0.38131817992344
9,128,devtest,tur_Latn,zho_Hans,0.11572243587948991,-0.41634405201199604
9,128,devtest,tur_Latn,jpn_Jpan,-0.003100013900870893,-0.4302924064646511
9,128,devtest,tur_Latn,vie_Latn,-0.014767287299633475,-0.404379491212552
9,128,devtest,tur_Latn,ind_Latn,0.09649389267345529,-0.4034426560554228
9,128,devtest,vie_Latn,eng_Latn,0.08576858205705894,-0.3520536326789471
9,128,devtest,vie_Latn,deu_Latn,0.09851811415382325,-0.32852930150044024
9,128,devtest,vie_Latn,fra_Latn,0.09385503630816079,-0.34897554736753733
9,128,devtest,vie_Latn,spa_Latn,0.10970509065368814,-0.36674270804309217
9,128,devtest,vie_Latn,rus_Cyrl,0.030297175091133634,-0.38442108679482156
9,128,devtest,vie_Latn,hin_Deva,0.22092838717823593,-0.10836074587354251
9,128,devtest,vie_Latn,arb_Arab,0.1464163743281419,-0.28657841061975337
9,128,devtest,vie_Latn,zho_Hans,0.123323459330774,-0.37674444053107414
9,128,devtest,vie_Latn,jpn_Jpan,0.012204351168108111,-0.41341009106060483
9,128,devtest,vie_Latn,tur_Latn,0.10150641932705942,-0.3099931706304768
9,128,devtest,vie_Latn,ind_Latn,0.20884176556699155,-0.3228826409818131
9,128,devtest,ind_Latn,eng_Latn,0.09264428959856905,-0.3679295223585318
9,128,devtest,ind_Latn,deu_Latn,0.12775032007116874,-0.3134101370666952
9,128,devtest,ind_Latn,fra_Latn,0.11701071855142557,-0.3696739663665451
9,128,devtest,ind_Latn,spa_Latn,0.15661782718348954,-0.3950226713441697
9,128,devtest,ind_Latn,rus_Cyrl,0.02963736191669945,-0.396507476674546
9,128,devtest,ind_Latn,hin_Deva,0.13207067828513433,-0.13335699855208877
9,128,devtest,ind_Latn,arb_Arab,0.1580677478232392,-0.3105497639011985
9,128,devtest,ind_Latn,zho_Hans,0.1128456068737295,-0.38511080368856543
9,128,devtest,ind_Latn,jpn_Jpan,0.056810728164456245,-0.4024143558793935
9,128,devtest,ind_Latn,tur_Latn,0.12628786213167312,-0.31569216671241446
9,128,devtest,ind_Latn,vie_Latn,0.1406651962920616,-0.346363811155289
9,256,devtest,eng_Latn,deu_Latn,0.28558989044595223,-0.2633279821156679
9,256,devtest,eng_Latn,fra_Latn,0.21382790887402572,-0.2846304601657709
9,256,devtest,eng_Latn,spa_Latn,0.19707981325183999,-0.350244905184519
9,256,devtest,eng_Latn,rus_Cyrl,0.10065451322534116,-0.35575456597311605
9,256,devtest,eng_Latn,hin_Deva,0.30164069538718447,-0.028964712243598565
9,256,devtest,eng_Latn,arb_Arab,0.2685846082133645,-0.24914828167936873
9,256,devtest,eng_Latn,zho_Hans,0.08785307253860679,-0.3803924620671252
9,256,devtest,eng_Latn,jpn_Jpan,0.05042489242430478,-0.37143768115950293
9,256,devtest,eng_Latn,tur_Latn,0.24779495018773595,-0.24287978797511658
9,256,devtest,eng_Latn,vie_Latn,0.2478004451760584,-0.3359842765898273
9,256,devtest,eng_Latn,ind_Latn,0.25098493031470803,-0.29941686180794785
9,256,devtest,deu_Latn,eng_Latn,0.08137849446248281,-0.3967705954667888
9,256,devtest,deu_Latn,fra_Latn,0.11116859585256009,-0.39053975206759783
9,256,devtest,deu_Latn,spa_Latn,0.1664707749636557,-0.42845381747518735
9,256,devtest,deu_Latn,rus_Cyrl,0.07040540497953549,-0.4493317631017328
9,256,devtest,deu_Latn,hin_Deva,0.22942316893708553,-0.17992101639144248
9,256,devtest,deu_Latn,arb_Arab,0.12188724889091945,-0.3763315255502854
9,256,devtest,deu_Latn,zho_Hans,0.07086368474616778,-0.4425290706754691
9,256,devtest,deu_Latn,jpn_Jpan,0.029865552786636256,-0.4389170439827258
9,256,devtest,deu_Latn,tur_Latn,0.16779688473576376,-0.35403875876665464
9,256,devtest,deu_Latn,vie_Latn,0.035041070994123326,-0.42484175993837714
9,256,devtest,deu_Latn,ind_Latn,0.134637200667977,-0.3935339724279744
9,256,devtest,fra_Latn,eng_Latn,0.027678531228204815,-0.3582720120770551
9,256,devtest,fra_Latn,deu_Latn,0.08280386414685355,-0.32406325059348723
9,256,devtest,fra_Latn,spa_Latn,0.13037871315673716,-0.409056430857399
9,256,devtest,fra_Latn,rus_Cyrl,0.11462824495256009,-0.4324625579904928
9,256,devtest,fra_Latn,hin_Deva,0.2074698232012755,-0.15228654501435246
9,256,devtest,fra_Latn,arb_Arab,0.13527043210359682,-0.3496205580699881
9,256,devtest,fra_Latn,zho_Hans,0.07532213160923565,-0.4394878601315538
9,256,devtest,fra_Latn,jpn_Jpan,0.0022503787072752613,-0.4652065001378224
9,256,devtest,fra_Latn,tur_Latn,0.12618702808716295,-0.3336423014242512
9,256,devtest,fra_Latn,vie_Latn,0.005880126531035227,-0.4060718739526981
9,256,devtest,fra_Latn,ind_Latn,0.130807143807404,-0.3776904274608965
9,256,devtest,spa_Latn,eng_Latn,0.018300300090626775,-0.44397663267430265
9,256,devtest,spa_Latn,deu_Latn,0.13758812163197523,-0.3739480043994415
9,256,devtest,spa_Latn,fra_Latn,0.1477543781166636,-0.410634302634474
9,256,devtest,spa_Latn,rus_Cyrl,0.06661136371468518,-0.46715583802427507
9,256,devtest,spa_Latn,hin_Deva,0.2245573172530757,-0.15610664783670336
9,256,devtest,spa_Latn,arb_Arab,0.18122539145286773,-0.3566407334754975
9,256,devtest,spa_Latn,zho_Hans,0.07328587693670038,-0.468017194053716
9,256,devtest,spa_Latn,jpn_Jpan,-0.03466336822027604,-0.44666347953270813
9,256,devtest,spa_Latn,tur_Latn,0.13961138409570956,-0.3339744386901827
9,256,devtest,spa_Latn,vie_Latn,0.0468811348322882,-0.41182796239267017
9,256,devtest,spa_Latn,ind_Latn,0.11118843777389542,-0.4104110493646996
9,256,devtest,rus_Cyrl,eng_Latn,-0.08232514005802595,-0.41818456271176757
9,256,devtest,rus_Cyrl,deu_Latn,-0.044564629992358266,-0.3652239255939506
9,256,devtest,rus_Cyrl,fra_Latn,0.024597158311669236,-0.4172570385128816
9,256,devtest,rus_Cyrl,spa_Latn,-0.0328617199549275,-0.45092532259415785
9,256,devtest,rus_Cyrl,hin_Deva,0.26035178097465467,-0.11854721992818487
9,256,devtest,rus_Cyrl,arb_Arab,-0.0006909158326082267,-0.34782334631748485
9,256,devtest,rus_Cyrl,zho_Hans,0.045040201901883764,-0.4888662302672
9,256,devtest,rus_Cyrl,jpn_Jpan,-0.04197928155632625,-0.45208420535319827
9,256,devtest,rus_Cyrl,tur_Latn,-0.0520779496951489,-0.3307726511811835
9,256,devtest,rus_Cyrl,vie_Latn,-0.12760815548103957,-0.4267775466801915
9,256,devtest,rus_Cyrl,ind_Latn,-0.10328391998415579,-0.4004295659908079
9,256,devtest,hin_Deva,eng_Latn,0.04607717334541152,-0.33245072633487976
9,256,devtest,hin_Deva,deu_Latn,-0.015458567678333415,-0.3534873123109999
9,256,devtest,hin_Deva,fra_Latn,-0.030171908430917473,-0.3918948413357173
9,256,devtest,hin_Deva,spa_Latn,-0.04420633816153745,-0.4006782251741697
9,256,devtest,hin_Deva,rus_Cyrl,0.03592295820094108,-0.3866929179611549
9,256,devtest,hin_Deva,arb_Arab,-0.0486458461043134,-0.36052108542853306
9,256,devtest,hin_Deva,zho_Hans,0.11425624366336694,-0.3382941883989474
9,256,devtest,hin_Deva,jpn_Jpan,0.06138939906853136,-0.33748590924849564
9,256,devtest,hin_Deva,tur_Latn,-0.02577211014935534,-0.4029334294154747
9,256,devtest,hin_Deva,vie_Latn,-8.550535657356592e-05,-0.3701297637638293
9,256,devtest,hin_Deva,ind_Latn,-0.05364157735048699,-0.3522963941031018
9,256,devtest,arb_Arab,eng_Latn,0.06952381643378679,-0.39420018471150575
9,256,devtest,arb_Arab,deu_Latn,0.04260728375334354,-0.38632863079432
9,256,devtest,arb_Arab,fra_Latn,0.10988390374960504,-0.3993842794571604
9,256,devtest,arb_Arab,spa_Latn,0.12698483078299214,-0.4137721332597702
9,256,devtest,arb_Arab,rus_Cyrl,0.11082871479046107,-0.43026474306998413
9,256,devtest,arb_Arab,hin_Deva,0.24080592797231373,-0.1722460303263113
9,256,devtest,arb_Arab,zho_Hans,0.13015135839361713,-0.436837657913968
9,256,devtest,arb_Arab,jpn_Jpan,0.018345752939552568,-0.4457940108512077
9,256,devtest,arb_Arab,tur_Latn,0.031837279634413726,-0.3687326163098666
9,256,devtest,arb_Arab,vie_Latn,0.029973560959238157,-0.39730445671530923
9,256,devtest,arb_Arab,ind_Latn,0.07806515753318888,-0.39631692287407255
9,256,devtest,zho_Hans,eng_Latn,0.15826388164192884,-0.42993160318589924
9,256,devtest,zho_Hans,deu_Latn,0.33426881606055214,-0.3420538542817659
9,256,devtest,zho_Hans,fra_Latn,0.31489638220516014,-0.4039641024287976
9,256,devtest,zho_Hans,spa_Latn,0.3450875929626709,-0.42893787689265545
9,256,devtest,zho_Hans,rus_Cyrl,0.270681170205508,-0.45470400033467406
9,256,devtest,zho_Hans,hin_Deva,0.35457365778444316,-0.0912693707156523
9,256,devtest,zho_Hans,arb_Arab,0.397928739953071,-0.34643269858469394
9,256,devtest,zho_Hans,jpn_Jpan,0.2761662762491192,-0.4611017998343961
9,256,devtest,zho_Hans,tur_Latn,0.34025585688194065,-0.30429410372692
9,256,devtest,zho_Hans,vie_Latn,0.3431909579053846,-0.40406461457328297
9,256,devtest,zho_Hans,ind_Latn,0.307557452738531,-0.3766969276025767
9,256,devtest,jpn_Jpan,eng_Latn,-0.14340062038290535,-0.401831839020842
9,256,devtest,jpn_Jpan,deu_Latn,0.15055553972533997,-0.3350463415637406
9,256,devtest,jpn_Jpan,fra_Latn,0.16324769719517543,-0.4015694334662181
9,256,devtest,jpn_Jpan,spa_Latn,0.09887123677977522,-0.39735494445690983
9,256,devtest,jpn_Jpan,rus_Cyrl,0.13899176235524555,-0.421071168389762
9,256,devtest,jpn_Jpan,hin_Deva,0.3251312789519433,-0.07071943632173666
9,256,devtest,jpn_Jpan,arb_Arab,0.22687680020264536,-0.3239729191616117
9,256,devtest,jpn_Jpan,zho_Hans,0.10330098457335936,-0.43792452207215515
9,256,devtest,jpn_Jpan,tur_Latn,0.16067467426577006,-0.31096992835016485
9,256,devtest,jpn_Jpan,vie_Latn,0.0423624234097109,-0.4043414801127935
9,256,devtest,jpn_Jpan,ind_Latn,0.16775361137642503,-0.3551724832339236
9,256,devtest,tur_Latn,eng_Latn,0.016040206236792292,-0.4279001853765053
9,256,devtest,tur_Latn,deu_Latn,0.09848973964429676,-0.3957546917059518
9,256,devtest,tur_Latn,fra_Latn,0.10608095417980885,-0.43124890150102696
9,256,devtest,tur_Latn,spa_Latn,0.08016086984129149,-0.43456691875941766
9,256,devtest,tur_Latn,rus_Cyrl,0.034075746797811286,-0.4458615259688046
9,256,devtest,tur_Latn,hin_Deva,0.2487157606434924,-0.24437106571474274
9,256,devtest,tur_Latn,arb_Arab,0.08942115840469346,-0.4005903190287804
9,256,devtest,tur_Latn,zho_Hans,0.10310027654713123,-0.445261883881724
9,256,devtest,tur_Latn,jpn_Jpan,-0.011045457064650993,-0.4590091149225182
9,256,devtest,tur_Latn,vie_Latn,-0.03794009656625723,-0.4327986158568721
9,256,devtest,tur_Latn,ind_Latn,0.06943584070093592,-0.4203911543290491
9,256,devtest,vie_Latn,eng_Latn,0.07304595681874299,-0.3796172845315757
9,256,devtest,vie_Latn,deu_Latn,0.1067522007280987,-0.3352940331066566
9,256,devtest,vie_Latn,fra_Latn,0.09874614370253063,-0.36641888891100743
9,256,devtest,vie_Latn,spa_Latn,0.12055327437428275,-0.38156791414289104
9,256,devtest,vie_Latn,rus_Cyrl,0.04293125885920989,-0.4140652302672107
9,256,devtest,vie_Latn,hin_Deva,0.2636191681547626,-0.10397614089863196
9,256,devtest,vie_Latn,arb_Arab,0.1662710427664689,-0.30522210522626264
9,256,devtest,vie_Latn,zho_Hans,0.11227654105390902,-0.40592904092403176
9,256,devtest,vie_Latn,jpn_Jpan,0.009717396671568339,-0.42607260937370056
9,256,devtest,vie_Latn,tur_Latn,0.10919844295803842,-0.3126499137960895
9,256,devtest,vie_Latn,ind_Latn,0.21121368565878942,-0.33616131288229956
9,256,devtest,ind_Latn,eng_Latn,0.08348886020026784,-0.3856050478678262
9,256,devtest,ind_Latn,deu_Latn,0.13686513776866652,-0.3303100542832634
9,256,devtest,ind_Latn,fra_Latn,0.130267841056036,-0.3863304218336899
9,256,devtest,ind_Latn,spa_Latn,0.160659231925838,-0.41211131380862315
9,256,devtest,ind_Latn,rus_Cyrl,0.028081855368072367,-0.4080439540158306
9,256,devtest,ind_Latn,hin_Deva,0.16944127780360232,-0.12399562352035275
9,256,devtest,ind_Latn,arb_Arab,0.16306283748037825,-0.33906633741207287
9,256,devtest,ind_Latn,zho_Hans,0.09717815906980716,-0.4220102477108173
9,256,devtest,ind_Latn,jpn_Jpan,0.039841452813767,-0.41886782691998886
9,256,devtest,ind_Latn,tur_Latn,0.11633434649886831,-0.32240803878076835
9,256,devtest,ind_Latn,vie_Latn,0.1263857127807441,-0.36981991224335203
10,64,devtest,eng_Latn,deu_Latn,0.22111550108353512,-0.2198270832254998
10,64,devtest,eng_Latn,fra_Latn,0.14702829304398748,-0.23095629826468125
10,64,devtest,eng_Latn,spa_Latn,0.13693270587985412,-0.25885523100035523
10,64,devtest,eng_Latn,rus_Cyrl,0.07862336366599114,-0.26447366459468935
10,64,devtest,eng_Latn,hin_Deva,0.20469649155985872,-0.04959985720742341
10,64,devtest,eng_Latn,arb_Arab,0.22455188405854237,-0.1764697797459233
10,64,devtest,eng_Latn,zho_Hans,0.0931356582826024,-0.2921312464555176
10,64,devtest,eng_Latn,jpn_Jpan,0.015529605465146267,-0.29459909395256234
10,64,devtest,eng_Latn,tur_Latn,0.16225742086400022,-0.21958294719954086
10,64,devtest,eng_Latn,vie_Latn,0.2030541844117188,-0.24738318611585713
10,64,devtest,eng_Latn,ind_Latn,0.1970580343461974,-0.23475411640870902
10,64,devtest,deu_Latn,eng_Latn,0.09809617261534866,-0.30821197342129525
10,64,devtest,deu_Latn,fra_Latn,0.11172404242755168,-0.3192187886591895
10,64,devtest,deu_Latn,spa_Latn,0.1411556405355689,-0.35476548322076545
10,64,devtest,deu_Latn,rus_Cyrl,0.0542038960696026,-0.38256646320771925
10,64,devtest,deu_Latn,hin_Deva,0.15439648781991472,-0.17133926071854477
10,64,devtest,deu_Latn,arb_Arab,0.11224758653647544,-0.306511984480994
10,64,devtest,deu_Latn,zho_Hans,0.09614660659076318,-0.34088911078160294
10,64,devtest,deu_Latn,jpn_Jpan,0.05717429932256003,-0.3498691548196369
10,64,devtest,deu_Latn,tur_Latn,0.13963893495405813,-0.29647247238310254
10,64,devtest,deu_Latn,vie_Latn,0.045094891728869865,-0.35353603446999426
10,64,devtest,deu_Latn,ind_Latn,0.13317833278852273,-0.30765899971184574
10,64,devtest,fra_Latn,eng_Latn,0.04273095477278524,-0.28820779776208977
10,64,devtest,fra_Latn,deu_Latn,0.09765960035620697,-0.2774683656138663
10,64,devtest,fra_Latn,spa_Latn,0.11127999550680831,-0.3390615022490945
10,64,devtest,fra_Latn,rus_Cyrl,0.08722017586585179,-0.36319932225106616
10,64,devtest,fra_Latn,hin_Deva,0.14054377834970846,-0.15754027139659738
10,64,devtest,fra_Latn,arb_Arab,0.11069825893880822,-0.2746882550297954
10,64,devtest,fra_Latn,zho_Hans,0.08487314173653664,-0.36411673178377024
10,64,devtest,fra_Latn,jpn_Jpan,0.022214494932078648,-0.4034899459933154
10,64,devtest,fra_Latn,tur_Latn,0.10140389517100816,-0.2991042554928038
10,64,devtest,fra_Latn,vie_Latn,0.036262384966844766,-0.3244080446174771
10,64,devtest,fra_Latn,ind_Latn,0.12198426520889455,-0.31483016764027416
10,64,devtest,spa_Latn,eng_Latn,0.0234349931735634,-0.3187339751763291
10,64,devtest,spa_Latn,deu_Latn,0.10963814586645382,-0.3146848296876279
10,64,devtest,spa_Latn,fra_Latn,0.11207684780887979,-0.32578652992564283
10,64,devtest,spa_Latn,rus_Cyrl,0.05694429258528537,-0.35064233880145623
10,64,devtest,spa_Latn,hin_Deva,0.12811766590560414,-0.14044745710952783
10,64,devtest,spa_Latn,arb_Arab,0.14362352863870795,-0.24932052340170327
10,64,devtest,spa_Latn,zho_Hans,0.07599588250463742,-0.3631932563353046
10,64,devtest,spa_Latn,jpn_Jpan,-0.029882002767482246,-0.36551445042860686
10,64,devtest,spa_Latn,tur_Latn,0.10169911258646622,-0.30051577706348087
10,64,devtest,spa_Latn,vie_Latn,0.02251350815478042,-0.334253474262369
10,64,devtest,spa_Latn,ind_Latn,0.09372662316934327,-0.3187051382521288
10,64,devtest,rus_Cyrl,eng_Latn,-0.04926833986482993,-0.32313507296294236
10,64,devtest,rus_Cyrl,deu_Latn,-0.006565525494118905,-0.3354570979771036
10,64,devtest,rus_Cyrl,fra_Latn,0.045367145252541874,-0.35651603651260283
10,64,devtest,rus_Cyrl,spa_Latn,0.008592153838737505,-0.35169679259091385
10,64,devtest,rus_Cyrl,hin_Deva,0.14668874766008239,-0.15632010101180174
10,64,devtest,rus_Cyrl,arb_Arab,0.01448269799115951,-0.280890935707889
10,64,devtest,rus_Cyrl,zho_Hans,0.054318512857064204,-0.39337943279233867
10,64,devtest,rus_Cyrl,jpn_Jpan,0.018377257115826624,-0.36591121485284395
10,64,devtest,rus_Cyrl,tur_Latn,-0.02371162103504149,-0.30736026515217846
10,64,devtest,rus_Cyrl,vie_Latn,-0.0879354384236684,-0.33592829319963396
10,64,devtest,rus_Cyrl,ind_Latn,-0.06225828147591535,-0.31844786030702366
10,64,devtest,hin_Deva,eng_Latn,0.05432951203645488,-0.28332154160551465
10,64,devtest,hin_Deva,deu_Latn,0.018093504492234323,-0.3190612011823447
10,64,devtest,hin_Deva,fra_Latn,0.01077668185948442,-0.36003826536339845
10,64,devtest,hin_Deva,spa_Latn,0.001996414450124362,-0.3402466685706034
10,64,devtest,hin_Deva,rus_Cyrl,0.05065107518222945,-0.3714983802874742
10,64,devtest,hin_Deva,arb_Arab,-0.005365392857238571,-0.3235752035734943
10,64,devtest,hin_Deva,zho_Hans,0.13212795532362323,-0.2920295502089965
10,64,devtest,hin_Deva,jpn_Jpan,0.07629308245374297,-0.3091906538599331
10,64,devtest,hin_Deva,tur_Latn,0.032944884268067784,-0.3683595811297702
10,64,devtest,hin_Deva,vie_Latn,0.0338777838194426,-0.3030463630267484
10,64,devtest,hin_Deva,ind_Latn,-0.0005472259256667813,-0.29242657887533846
10,64,devtest,arb_Arab,eng_Latn,0.09154479830853585,-0.28820693192933833
10,64,devtest,arb_Arab,deu_Latn,0.07194590940049099,-0.32030473057309283
10,64,devtest,arb_Arab,fra_Latn,0.09055407263898468,-0.3283376984769132
10,64,devtest,arb_Arab,spa_Latn,0.11660301323403842,-0.3161473480841097
10,64,devtest,arb_Arab,rus_Cyrl,0.08712814909732174,-0.35359210782917155
10,64,devtest,arb_Arab,hin_Deva,0.13066537176587,-0.19177910051291366
10,64,devtest,arb_Arab,zho_Hans,0.14746564599606715,-0.3691383233162634
10,64,devtest,arb_Arab,jpn_Jpan,0.04265311455193057,-0.3764435006080333
10,64,devtest,arb_Arab,tur_Latn,0.019598897317950996,-0.3135518727456513
10,64,devtest,arb_Arab,vie_Latn,0.03876313294452176,-0.318384886890813
10,64,devtest,arb_Arab,ind_Latn,0.045215462552294215,-0.31090947494657567
10,64,devtest,zho_Hans,eng_Latn,0.14097789772008684,-0.3412050353549586
10,64,devtest,zho_Hans,deu_Latn,0.24112538304159697,-0.29458452380959155
10,64,devtest,zho_Hans,fra_Latn,0.22000135836101004,-0.34740665577875374
10,64,devtest,zho_Hans,spa_Latn,0.24151007811929792,-0.34833432568588757
10,64,devtest,zho_Hans,rus_Cyrl,0.18658268920309182,-0.37541877557565567
10,64,devtest,zho_Hans,hin_Deva,0.23991761702648692,-0.11311721451545248
10,64,devtest,zho_Hans,arb_Arab,0.28566518758526527,-0.2951399582666686
10,64,devtest,zho_Hans,jpn_Jpan,0.1824575942524717,-0.359835890321879
10,64,devtest,zho_Hans,tur_Latn,0.25539384919075336,-0.2739451124801901
10,64,devtest,zho_Hans,vie_Latn,0.26447987123813416,-0.33619700461760277
10,64,devtest,zho_Hans,ind_Latn,0.23180928133296314,-0.3218006421647907
10,64,devtest,jpn_Jpan,eng_Latn,-0.10980086820371823,-0.31782472752121976
10,64,devtest,jpn_Jpan,deu_Latn,0.12372579741059485,-0.2745859384295825
10,64,devtest,jpn_Jpan,fra_Latn,0.12898026434593163,-0.3497565550074773
10,64,devtest,jpn_Jpan,spa_Latn,0.06244868288894177,-0.3342908345887451
10,64,devtest,jpn_Jpan,rus_Cyrl,0.10224532979731178,-0.33705317177612026
10,64,devtest,jpn_Jpan,hin_Deva,0.22565862239377224,-0.09390751990965351
10,64,devtest,jpn_Jpan,arb_Arab,0.17299823873876743,-0.2666787788763684
10,64,devtest,jpn_Jpan,zho_Hans,0.0844051878992748,-0.33827005949322453
10,64,devtest,jpn_Jpan,tur_Latn,0.13652141072334767,-0.27819736778745
10,64,devtest,jpn_Jpan,vie_Latn,0.020047737083816502,-0.3378266728462791
10,64,devtest,jpn_Jpan,ind_Latn,0.15595652030256132,-0.30543183365713883
10,64,devtest,tur_Latn,eng_Latn,0.017222712520733038,-0.35732876428566057
10,64,devtest,tur_Latn,deu_Latn,0.09816628889589407,-0.3473669377432148
10,64,devtest,tur_Latn,fra_Latn,0.09751589840443706,-0.3868658523980645
10,64,devtest,tur_Latn,spa_Latn,0.07665484434833235,-0.3954642888057606
10,64,devtest,tur_Latn,rus_Cyrl,0.030816669314089617,-0.3931614547412908
10,64,devtest,tur_Latn,hin_Deva,0.1839616191581024,-0.24608197654513053
10,64,devtest,tur_Latn,arb_Arab,0.09493701143486695,-0.32555659812787135
10,64,devtest,tur_Latn,zho_Hans,0.11677315693162094,-0.37566634434507884
10,64,devtest,tur_Latn,jpn_Jpan,0.03615058798756227,-0.3890041057676323
10,64,devtest,tur_Latn,vie_Latn,-0.0006295665505461308,-0.3724841803740293
10,64,devtest,tur_Latn,ind_Latn,0.07453448548008955,-0.36692007532153864
10,64,devtest,vie_Latn,eng_Latn,0.10125572778723417,-0.2907400531856731
10,64,devtest,vie_Latn,deu_Latn,0.07760790950291212,-0.2992814254613297
10,64,devtest,vie_Latn,fra_Latn,0.07047136806171465,-0.30423056246295016
10,64,devtest,vie_Latn,spa_Latn,0.07237595056992704,-0.3301899499115896
10,64,devtest,vie_Latn,rus_Cyrl,-0.0058045820584487606,-0.32984522869783556
10,64,devtest,vie_Latn,hin_Deva,0.1574360344125526,-0.11561203360214492
10,64,devtest,vie_Latn,arb_Arab,0.11556176965395831,-0.2489989304546052
10,64,devtest,vie_Latn,zho_Hans,0.13062357345436232,-0.335507214865585
10,64,devtest,vie_Latn,jpn_Jpan,0.015130245038983615,-0.37230484323646973
10,64,devtest,vie_Latn,tur_Latn,0.06181055804232692,-0.2879384072979907
10,64,devtest,vie_Latn,ind_Latn,0.17827824323353997,-0.26765505212233065
10,64,devtest,ind_Latn,eng_Latn,0.08709860879651037,-0.2882994592402902
10,64,devtest,ind_Latn,deu_Latn,0.14156208944415993,-0.27467092742486315
10,64,devtest,ind_Latn,fra_Latn,0.11321039465719128,-0.31665226851298645
10,64,devtest,ind_Latn,spa_Latn,0.12973107641793954,-0.32265595839478717
10,64,devtest,ind_Latn,rus_Cyrl,0.0091534900745115,-0.32606469149640016
10,64,devtest,ind_Latn,hin_Deva,0.11055333992108884,-0.128392977814543
10,64,devtest,ind_Latn,arb_Arab,0.09117846492652996,-0.259578811246433
10,64,devtest,ind_Latn,zho_Hans,0.1116697810717386,-0.3365692919408665
10,64,devtest,ind_Latn,jpn_Jpan,0.08397759166008906,-0.3593693845014699
10,64,devtest,ind_Latn,tur_Latn,0.09977092580552199,-0.28762343581504085
10,64,devtest,ind_Latn,vie_Latn,0.12952878047189403,-0.2866702255205655
10,128,devtest,eng_Latn,deu_Latn,0.24424995516022593,-0.22887926120436874
10,128,devtest,eng_Latn,fra_Latn,0.1639493253652288,-0.23918895472501422
10,128,devtest,eng_Latn,spa_Latn,0.15421939322684133,-0.31150840940826763
10,128,devtest,eng_Latn,rus_Cyrl,0.08754776196598649,-0.29026485928574797
10,128,devtest,eng_Latn,hin_Deva,0.23168704643001922,-0.03618170567851466
10,128,devtest,eng_Latn,arb_Arab,0.22578697356164718,-0.2091979278207572
10,128,devtest,eng_Latn,zho_Hans,0.07003078587768878,-0.3382183994728519
10,128,devtest,eng_Latn,jpn_Jpan,0.02002924766503026,-0.32852755639394293
10,128,devtest,eng_Latn,tur_Latn,0.1916557335564261,-0.21904202044784887
10,128,devtest,eng_Latn,vie_Latn,0.21335044175381898,-0.27046069808383455
10,128,devtest,eng_Latn,ind_Latn,0.21568987444124646,-0.2558075544784992
10,128,devtest,deu_Latn,eng_Latn,0.09883376959882442,-0.34434303373653957
10,128,devtest,deu_Latn,fra_Latn,0.08702533488816498,-0.3445384087947133
10,128,devtest,deu_Latn,spa_Latn,0.14354733629856228,-0.3908874379701848
10,128,devtest,deu_Latn,rus_Cyrl,0.046500126540470886,-0.42233620436834346
10,128,devtest,deu_Latn,hin_Deva,0.18519365491192608,-0.18574467934353403
10,128,devtest,deu_Latn,arb_Arab,0.09926394061559776,-0.34680715086871766
10,128,devtest,deu_Latn,zho_Hans,0.09959593217398217,-0.3945864111774054
10,128,devtest,deu_Latn,jpn_Jpan,0.03985756868222073,-0.3873801787780394
10,128,devtest,deu_Latn,tur_Latn,0.14778413974403376,-0.3334054511859013
10,128,devtest,deu_Latn,vie_Latn,0.03392190312982224,-0.378049250293796
10,128,devtest,deu_Latn,ind_Latn,0.12645614272154007,-0.33704860699412814
10,128,devtest,fra_Latn,eng_Latn,0.0371982763346171,-0.3099992664680919
10,128,devtest,fra_Latn,deu_Latn,0.06754816214944254,-0.29404592686297815
10,128,devtest,fra_Latn,spa_Latn,0.12665132389370418,-0.3881885255833491
10,128,devtest,fra_Latn,rus_Cyrl,0.10607664659300026,-0.38872631919887857
10,128,devtest,fra_Latn,hin_Deva,0.1610178766648728,-0.15347356746106655
10,128,devtest,fra_Latn,arb_Arab,0.1335050733690907,-0.31355037357633986
10,128,devtest,fra_Latn,zho_Hans,0.08334698043198133,-0.4126439936992444
10,128,devtest,fra_Latn,jpn_Jpan,0.011874036389135817,-0.42887805703194526
10,128,devtest,fra_Latn,tur_Latn,0.10796107524116341,-0.3162565795194973
10,128,devtest,fra_Latn,vie_Latn,0.011291530533286508,-0.35880851218169596
10,128,devtest,fra_Latn,ind_Latn,0.11301313817493529,-0.3414511114163352
10,128,devtest,spa_Latn,eng_Latn,0.013763690804060548,-0.38356997625673966
10,128,devtest,spa_Latn,deu_Latn,0.12473563092085246,-0.34276835138145395
10,128,devtest,spa_Latn,fra_Latn,0.1344371070608123,-0.37896647738011524
10,128,devtest,spa_Latn,rus_Cyrl,0.0705094368674679,-0.40310222391448214
10,128,devtest,spa_Latn,hin_Deva,0.15658861404069682,-0.1495518679879136
10,128,devtest,spa_Latn,arb_Arab,0.1492496384357137,-0.3010211693899909
10,128,devtest,spa_Latn,zho_Hans,0.07573844725923667,-0.4132206839188108
10,128,devtest,spa_Latn,jpn_Jpan,-0.03828788354244791,-0.3882192777515385
10,128,devtest,spa_Latn,tur_Latn,0.11349881310761574,-0.30538727777225066
10,128,devtest,spa_Latn,vie_Latn,0.013465983151260063,-0.35000321996612427
10,128,devtest,spa_Latn,ind_Latn,0.1033002431998156,-0.3400575204273718
10,128,devtest,rus_Cyrl,eng_Latn,-0.06902375254307705,-0.36153604342314904
10,128,devtest,rus_Cyrl,deu_Latn,-0.03388492813795706,-0.35888175777475445
10,128,devtest,rus_Cyrl,fra_Latn,0.04699356398360266,-0.38014354484329177
10,128,devtest,rus_Cyrl,spa_Latn,0.0029040204135167822,-0.40496622258606346
10,128,devtest,rus_Cyrl,hin_Deva,0.1861621864051399,-0.13548573767370278
10,128,devtest,rus_Cyrl,arb_Arab,0.014376392113517603,-0.31296790268512975
10,128,devtest,rus_Cyrl,zho_Hans,0.05083815772378291,-0.45108549136615644
10,128,devtest,rus_Cyrl,jpn_Jpan,-0.01413241588630189,-0.4177423369902716
10,128,devtest,rus_Cyrl,tur_Latn,-0.03171743423861936,-0.3230586589451637
10,128,devtest,rus_Cyrl,vie_Latn,-0.10087235343960903,-0.384112697391109
10,128,devtest,rus_Cyrl,ind_Latn,-0.08036789238090182,-0.35517631477507833
10,128,devtest,hin_Deva,eng_Latn,0.062448289374035355,-0.2985295638705001
10,128,devtest,hin_Deva,deu_Latn,0.023094669584966487,-0.35347065670025946
10,128,devtest,hin_Deva,fra_Latn,0.010145708442347336,-0.3713143881063555
10,128,devtest,hin_Deva,spa_Latn,-0.0016200149456436666,-0.3773159367544626
10,128,devtest,hin_Deva,rus_Cyrl,0.061115001951958486,-0.37567195803240355
10,128,devtest,hin_Deva,arb_Arab,-0.004190849505102937,-0.3633210296015192
10,128,devtest,hin_Deva,zho_Hans,0.12562925528781185,-0.32473725771685136
10,128,devtest,hin_Deva,jpn_Jpan,0.07496631515282368,-0.324307403735229
10,128,devtest,hin_Deva,tur_Latn,0.015534504592899477,-0.39336863930883953
10,128,devtest,hin_Deva,vie_Latn,0.022724365535059573,-0.3332147697510962
10,128,devtest,hin_Deva,ind_Latn,-0.007276890246071819,-0.3239016830223847
10,128,devtest,arb_Arab,eng_Latn,0.06501045390038722,-0.35079738653217984
10,128,devtest,arb_Arab,deu_Latn,0.04144673391212244,-0.3673729361544416
10,128,devtest,arb_Arab,fra_Latn,0.10406182806299105,-0.37832439803692386
10,128,devtest,arb_Arab,spa_Latn,0.10872259410124029,-0.376862131548309
10,128,devtest,arb_Arab,rus_Cyrl,0.09470264986341137,-0.39699433225924424
10,128,devtest,arb_Arab,hin_Deva,0.1700020320715408,-0.20413166939282631
10,128,devtest,arb_Arab,zho_Hans,0.121975908701284,-0.4116357232752776
10,128,devtest,arb_Arab,jpn_Jpan,0.03328700124133782,-0.42414745766267814
10,128,devtest,arb_Arab,tur_Latn,0.008397673110474981,-0.34703012837223235
10,128,devtest,arb_Arab,vie_Latn,0.039518586202653846,-0.3605393238783345
10,128,devtest,arb_Arab,ind_Latn,0.058470811370214475,-0.3401091815969172
10,128,devtest,zho_Hans,eng_Latn,0.12058524245963147,-0.4039090220828421
10,128,devtest,zho_Hans,deu_Latn,0.28210535276166854,-0.3311150348765068
10,128,devtest,zho_Hans,fra_Latn,0.25124805260824196,-0.3914044218977523
10,128,devtest,zho_Hans,spa_Latn,0.27969776700144605,-0.39721010068721807
10,128,devtest,zho_Hans,rus_Cyrl,0.21163412646635404,-0.42536788485349425
10,128,devtest,zho_Hans,hin_Deva,0.27752922050062606,-0.114530014607776
10,128,devtest,zho_Hans,arb_Arab,0.30822622655056675,-0.332867166047228
10,128,devtest,zho_Hans,jpn_Jpan,0.2070679740105572,-0.400882703904677
10,128,devtest,zho_Hans,tur_Latn,0.2901913637242027,-0.28923899489886823
10,128,devtest,zho_Hans,vie_Latn,0.30059394557659963,-0.3692340649693211
10,128,devtest,zho_Hans,ind_Latn,0.26590780118824325,-0.3504612275518077
10,128,devtest,jpn_Jpan,eng_Latn,-0.12956784684085978,-0.36278759094018975
10,128,devtest,jpn_Jpan,deu_Latn,0.12225473020147391,-0.2983875628451456
10,128,devtest,jpn_Jpan,fra_Latn,0.13813520527081308,-0.3711400451226101
10,128,devtest,jpn_Jpan,spa_Latn,0.058008583014166386,-0.36183411656276226
10,128,devtest,jpn_Jpan,rus_Cyrl,0.09811969325514977,-0.3775026808162907
10,128,devtest,jpn_Jpan,hin_Deva,0.24873772057601257,-0.08592760413401834
10,128,devtest,jpn_Jpan,arb_Arab,0.18341676537850232,-0.30405676442092705
10,128,devtest,jpn_Jpan,zho_Hans,0.08256230838300661,-0.37163256159261543
10,128,devtest,jpn_Jpan,tur_Latn,0.15269536961208624,-0.2833140754482266
10,128,devtest,jpn_Jpan,vie_Latn,0.017991083405908027,-0.37762311100192714
10,128,devtest,jpn_Jpan,ind_Latn,0.15407755391335154,-0.3213857565784346
10,128,devtest,tur_Latn,eng_Latn,0.013628897268476676,-0.3932113388593322
10,128,devtest,tur_Latn,deu_Latn,0.09312765067652254,-0.3869169006657996
10,128,devtest,tur_Latn,fra_Latn,0.10667251636961265,-0.41693218163933576
10,128,devtest,tur_Latn,spa_Latn,0.07300063387971654,-0.42028109632455807
10,128,devtest,tur_Latn,rus_Cyrl,0.0339158265623815,-0.4254704214821963
10,128,devtest,tur_Latn,hin_Deva,0.20908490294118426,-0.2667584416677192
10,128,devtest,tur_Latn,arb_Arab,0.08520693031960137,-0.3748401656864454
10,128,devtest,tur_Latn,zho_Hans,0.1200599240026212,-0.4098177996670491
10,128,devtest,tur_Latn,jpn_Jpan,0.024317105913043882,-0.41888977241923064
10,128,devtest,tur_Latn,vie_Latn,-0.017766136356746065,-0.4010284753491307
10,128,devtest,tur_Latn,ind_Latn,0.0750854787537632,-0.3902793612823758
10,128,devtest,vie_Latn,eng_Latn,0.09239951072840001,-0.33085340850468886
10,128,devtest,vie_Latn,deu_Latn,0.08280590878219361,-0.3153601946168819
10,128,devtest,vie_Latn,fra_Latn,0.05999102824787703,-0.3307796720534702
10,128,devtest,vie_Latn,spa_Latn,0.07234638383530817,-0.34529619025241737
10,128,devtest,vie_Latn,rus_Cyrl,0.013780807461599993,-0.3719845648892217
10,128,devtest,vie_Latn,hin_Deva,0.1753908220054342,-0.12055307169525453
10,128,devtest,vie_Latn,arb_Arab,0.1337083719850573,-0.282407816612182
10,128,devtest,vie_Latn,zho_Hans,0.1427845059920535,-0.367403723396478
10,128,devtest,vie_Latn,jpn_Jpan,0.006668970793740449,-0.40977270356999856
10,128,devtest,vie_Latn,tur_Latn,0.07055415193790016,-0.296640958494205
10,128,devtest,vie_Latn,ind_Latn,0.18711059578197428,-0.2936294499482311
10,128,devtest,ind_Latn,eng_Latn,0.09045875222929917,-0.3302766452513804
10,128,devtest,ind_Latn,deu_Latn,0.13301388584047186,-0.2969369815882833
10,128,devtest,ind_Latn,fra_Latn,0.09989768646622217,-0.349633687850955
10,128,devtest,ind_Latn,spa_Latn,0.1344527388124854,-0.35379978369630805
10,128,devtest,ind_Latn,rus_Cyrl,0.004588176370227798,-0.36361604656102353
10,128,devtest,ind_Latn,hin_Deva,0.13578911220082981,-0.1368065240087332
10,128,devtest,ind_Latn,arb_Arab,0.1254667078401598,-0.2860412147428847
10,128,devtest,ind_Latn,zho_Hans,0.12845883861000418,-0.3759963251453064
10,128,devtest,ind_Latn,jpn_Jpan,0.06321943302946362,-0.37797451820546707
10,128,devtest,ind_Latn,tur_Latn,0.10098142150487967,-0.30489150286349287
10,128,devtest,ind_Latn,vie_Latn,0.11971873389074715,-0.3182218058852315
10,256,devtest,eng_Latn,deu_Latn,0.2681798123525517,-0.22590209352495327
10,256,devtest,eng_Latn,fra_Latn,0.1778702694147619,-0.2569186198429529
10,256,devtest,eng_Latn,spa_Latn,0.18430261219430366,-0.31914383957087106
10,256,devtest,eng_Latn,rus_Cyrl,0.09894439755996978,-0.3057918186164578
10,256,devtest,eng_Latn,hin_Deva,0.26637013550426936,-0.01877094594216999
10,256,devtest,eng_Latn,arb_Arab,0.2392516565749696,-0.21287291736959213
10,256,devtest,eng_Latn,zho_Hans,0.06671289079235203,-0.3451689971694302
10,256,devtest,eng_Latn,jpn_Jpan,0.02431874697275851,-0.33103167035809145
10,256,devtest,eng_Latn,tur_Latn,0.2136762977263004,-0.21008215579575018
10,256,devtest,eng_Latn,vie_Latn,0.23648506966627936,-0.27259778780662963
10,256,devtest,eng_Latn,ind_Latn,0.22996118788097072,-0.2645761124962784
10,256,devtest,deu_Latn,eng_Latn,0.0899851936129465,-0.36456961394990783
10,256,devtest,deu_Latn,fra_Latn,0.09183663237929615,-0.36398211426818633
10,256,devtest,deu_Latn,spa_Latn,0.15636868834941584,-0.4131356897579974
10,256,devtest,deu_Latn,rus_Cyrl,0.051500638855526325,-0.4377526604923489
10,256,devtest,deu_Latn,hin_Deva,0.21373727925671446,-0.18759344634649902
10,256,devtest,deu_Latn,arb_Arab,0.09587733954091414,-0.3737278629935521
10,256,devtest,deu_Latn,zho_Hans,0.0997973417435272,-0.4262080601148139
10,256,devtest,deu_Latn,jpn_Jpan,0.04248891629206386,-0.4164635954265681
10,256,devtest,deu_Latn,tur_Latn,0.14301439340864067,-0.34040294350566347
10,256,devtest,deu_Latn,vie_Latn,0.02422691108461474,-0.40033477828484265
10,256,devtest,deu_Latn,ind_Latn,0.13038902229017968,-0.35336340333700283
10,256,devtest,fra_Latn,eng_Latn,0.03353329775193735,-0.33364656466759673
10,256,devtest,fra_Latn,deu_Latn,0.06630247070215198,-0.29687023607373436
10,256,devtest,fra_Latn,spa_Latn,0.12643705620413753,-0.38928244149491786
10,256,devtest,fra_Latn,rus_Cyrl,0.10783230579517428,-0.4005435036324874
10,256,devtest,fra_Latn,hin_Deva,0.19238029420500435,-0.14451383473177365
10,256,devtest,fra_Latn,arb_Arab,0.1266019286630706,-0.3233323786603595
10,256,devtest,fra_Latn,zho_Hans,0.08705921852844471,-0.4254390577802132
10,256,devtest,fra_Latn,jpn_Jpan,-0.0005084569777200483,-0.4399542322024179
10,256,devtest,fra_Latn,tur_Latn,0.10814088707981183,-0.3093375488088283
10,256,devtest,fra_Latn,vie_Latn,0.0012471323697260484,-0.3737701632706968
10,256,devtest,fra_Latn,ind_Latn,0.10890417153498515,-0.35674936046564515
10,256,devtest,spa_Latn,eng_Latn,0.019799961574035525,-0.41401372223121397
10,256,devtest,spa_Latn,deu_Latn,0.13994099539476315,-0.353169355944558
10,256,devtest,spa_Latn,fra_Latn,0.13917376923014435,-0.38706229808697595
10,256,devtest,spa_Latn,rus_Cyrl,0.0776464340301111,-0.42193207263935195
10,256,devtest,spa_Latn,hin_Deva,0.19899314031360238,-0.14483554064187154
10,256,devtest,spa_Latn,arb_Arab,0.16523713859302597,-0.3237956396096194
10,256,devtest,spa_Latn,zho_Hans,0.06850985337083468,-0.44923511677998873
10,256,devtest,spa_Latn,jpn_Jpan,-0.05004379549614175,-0.41051417684187863
10,256,devtest,spa_Latn,tur_Latn,0.12272573043502788,-0.3015021635120441
10,256,devtest,spa_Latn,vie_Latn,0.009403003184905312,-0.37612542243474384
10,256,devtest,spa_Latn,ind_Latn,0.10455854413381699,-0.36415505984264457
10,256,devtest,rus_Cyrl,eng_Latn,-0.08348289173245312,-0.3944351128199298
10,256,devtest,rus_Cyrl,deu_Latn,-0.04690926657684003,-0.3655394980384526
10,256,devtest,rus_Cyrl,fra_Latn,0.03558713717233895,-0.40133610112816714
10,256,devtest,rus_Cyrl,spa_Latn,-0.0072232052121022185,-0.4328193625818688
10,256,devtest,rus_Cyrl,hin_Deva,0.22113694149832142,-0.13720124056086905
10,256,devtest,rus_Cyrl,arb_Arab,0.005138821840783714,-0.34064756697881016
10,256,devtest,rus_Cyrl,zho_Hans,0.05292111758169941,-0.4701701287422015
10,256,devtest,rus_Cyrl,jpn_Jpan,-0.038812070152153294,-0.43470916151307315
10,256,devtest,rus_Cyrl,tur_Latn,-0.048502436040480525,-0.3237751979775236
10,256,devtest,rus_Cyrl,vie_Latn,-0.11359021222179055,-0.40676291401003517
10,256,devtest,rus_Cyrl,ind_Latn,-0.09710349701007646,-0.3685574043614165
10,256,devtest,hin_Deva,eng_Latn,0.06379468229578011,-0.30670272855169295
10,256,devtest,hin_Deva,deu_Latn,0.010702236723940746,-0.36487297087077597
10,256,devtest,hin_Deva,fra_Latn,0.006944047910011952,-0.39137481851920075
10,256,devtest,hin_Deva,spa_Latn,0.0036298197192763467,-0.39576392916107483
10,256,devtest,hin_Deva,rus_Cyrl,0.059645958960432274,-0.38677426811342064
10,256,devtest,hin_Deva,arb_Arab,-0.007942709900980857,-0.3641390537215636
10,256,devtest,hin_Deva,zho_Hans,0.11935059417132056,-0.34030361832725836
10,256,devtest,hin_Deva,jpn_Jpan,0.0778834487587889,-0.33604674781855337
10,256,devtest,hin_Deva,tur_Latn,0.018938826957393066,-0.39623848795424865
10,256,devtest,hin_Deva,vie_Latn,0.012225726083124288,-0.3564750692994476
10,256,devtest,hin_Deva,ind_Latn,-0.01733323617709361,-0.3327078484816355
10,256,devtest,arb_Arab,eng_Latn,0.04645241537583813,-0.378715239012543
10,256,devtest,arb_Arab,deu_Latn,0.031647567094658956,-0.3938909475904963
10,256,devtest,arb_Arab,fra_Latn,0.09158421551059594,-0.40022039839425205
10,256,devtest,arb_Arab,spa_Latn,0.10976631458874904,-0.41003847555111034
10,256,devtest,arb_Arab,rus_Cyrl,0.0985546269257818,-0.4250443497208151
10,256,devtest,arb_Arab,hin_Deva,0.2111336906518093,-0.19654790423385704
10,256,devtest,arb_Arab,zho_Hans,0.11217544479313112,-0.43831451650824016
10,256,devtest,arb_Arab,jpn_Jpan,0.024621362070733215,-0.4482847452758629
10,256,devtest,arb_Arab,tur_Latn,0.01133840190481463,-0.36108576977763945
10,256,devtest,arb_Arab,vie_Latn,0.022667001938339024,-0.3931829584892697
10,256,devtest,arb_Arab,ind_Latn,0.0601608397283602,-0.3838623035254809
10,256,devtest,zho_Hans,eng_Latn,0.12600069829436478,-0.42596617193135533
10,256,devtest,zho_Hans,deu_Latn,0.32907781584266216,-0.3400394529316461
10,256,devtest,zho_Hans,fra_Latn,0.3003696385970317,-0.4139708730224575
10,256,devtest,zho_Hans,spa_Latn,0.32157003691065894,-0.4280811951724897
10,256,devtest,zho_Hans,rus_Cyrl,0.2545919705988087,-0.43912265262762373
10,256,devtest,zho_Hans,hin_Deva,0.3204997607325176,-0.10814288316325527
10,256,devtest,zho_Hans,arb_Arab,0.34349947085185206,-0.34652666496838974
10,256,devtest,zho_Hans,jpn_Jpan,0.23778489235122516,-0.42625299310545217
10,256,devtest,zho_Hans,tur_Latn,0.3222438673379287,-0.29434169555086737
10,256,devtest,zho_Hans,vie_Latn,0.33404349334095795,-0.4023403775766076
10,256,devtest,zho_Hans,ind_Latn,0.2895315741512125,-0.3709911410145226
10,256,devtest,jpn_Jpan,eng_Latn,-0.15329716439228885,-0.38393263676302236
10,256,devtest,jpn_Jpan,deu_Latn,0.14953665342735092,-0.3159166511797097
10,256,devtest,jpn_Jpan,fra_Latn,0.1511171951495133,-0.39051097207521407
10,256,devtest,jpn_Jpan,spa_Latn,0.06768851596756963,-0.3867353153947086
10,256,devtest,jpn_Jpan,rus_Cyrl,0.10980860698752877,-0.39709917648588183
10,256,devtest,jpn_Jpan,hin_Deva,0.2940834085194876,-0.08498945729793715
10,256,devtest,jpn_Jpan,arb_Arab,0.20052118134120553,-0.32817440808670256
10,256,devtest,jpn_Jpan,zho_Hans,0.07729729478875305,-0.4090491318011046
10,256,devtest,jpn_Jpan,tur_Latn,0.16776324631984774,-0.2970245896511973
10,256,devtest,jpn_Jpan,vie_Latn,0.03496673122237652,-0.39274362274850233
10,256,devtest,jpn_Jpan,ind_Latn,0.16567480409470672,-0.3358645582053048
10,256,devtest,tur_Latn,eng_Latn,0.0006199155752015031,-0.4191741902425203
10,256,devtest,tur_Latn,deu_Latn,0.08639196138206996,-0.3990697049954561
10,256,devtest,tur_Latn,fra_Latn,0.11141732326365372,-0.4347663234291739
10,256,devtest,tur_Latn,spa_Latn,0.07139589873897689,-0.43820561154198284
10,256,devtest,tur_Latn,rus_Cyrl,0.03870482202423538,-0.4455763605487906
10,256,devtest,tur_Latn,hin_Deva,0.25071648372682354,-0.268946227774155
10,256,devtest,tur_Latn,arb_Arab,0.09277304975957981,-0.4101461749409645
10,256,devtest,tur_Latn,zho_Hans,0.10900006743913586,-0.44166467095367445
10,256,devtest,tur_Latn,jpn_Jpan,5.008883751871696e-05,-0.4515358774434454
10,256,devtest,tur_Latn,vie_Latn,-0.031169550958760395,-0.4166461662604265
10,256,devtest,tur_Latn,ind_Latn,0.062236428399607094,-0.40936011472941436
10,256,devtest,vie_Latn,eng_Latn,0.0877535279516888,-0.3444070942698258
10,256,devtest,vie_Latn,deu_Latn,0.0884255375746212,-0.31697288013437847
10,256,devtest,vie_Latn,fra_Latn,0.07274081572357988,-0.34549367832689165
10,256,devtest,vie_Latn,spa_Latn,0.07678698084993305,-0.3618253064750348
10,256,devtest,vie_Latn,rus_Cyrl,0.030704819180569137,-0.3891861132683995
10,256,devtest,vie_Latn,hin_Deva,0.21308910325470656,-0.11678488218820393
10,256,devtest,vie_Latn,arb_Arab,0.1430693159965163,-0.3014095109416885
10,256,devtest,vie_Latn,zho_Hans,0.12564378011418714,-0.39869250155317854
10,256,devtest,vie_Latn,jpn_Jpan,0.010954771347644877,-0.4119751253427491
10,256,devtest,vie_Latn,tur_Latn,0.08025585463619526,-0.28878699498176813
10,256,devtest,vie_Latn,ind_Latn,0.19181812793497058,-0.30456764771812606
10,256,devtest,ind_Latn,eng_Latn,0.09158045577667194,-0.3571432522693892
10,256,devtest,ind_Latn,deu_Latn,0.1394230175977153,-0.3087553559528301
10,256,devtest,ind_Latn,fra_Latn,0.1030316827354076,-0.3690997310070068
10,256,devtest,ind_Latn,spa_Latn,0.1301688485118246,-0.38233677576604697
10,256,devtest,ind_Latn,rus_Cyrl,0.0006769931228597373,-0.38291509389802947
10,256,devtest,ind_Latn,hin_Deva,0.16518262284312002,-0.13248580164971757
10,256,devtest,ind_Latn,arb_Arab,0.13862240822705116,-0.32213376684460304
10,256,devtest,ind_Latn,zho_Hans,0.10972148195907712,-0.4027345150088687
10,256,devtest,ind_Latn,jpn_Jpan,0.05628359121840514,-0.39626923199948694
10,256,devtest,ind_Latn,tur_Latn,0.09085875261521925,-0.30790791298065445
10,256,devtest,ind_Latn,vie_Latn,0.11079310137404823,-0.33535063771423973
11,64,devtest,eng_Latn,deu_Latn,0.2047382857074494,-0.22616946815590303
11,64,devtest,eng_Latn,fra_Latn,0.14532069067961434,-0.20594150988283083
11,64,devtest,eng_Latn,spa_Latn,0.13324761396953508,-0.24474579497598775
11,64,devtest,eng_Latn,rus_Cyrl,0.08546138207395458,-0.24998920497910262
11,64,devtest,eng_Latn,hin_Deva,0.20599677973456268,-0.05773971049713587
11,64,devtest,eng_Latn,arb_Arab,0.21656369290685398,-0.17790689227606574
11,64,devtest,eng_Latn,zho_Hans,0.06872503802686829,-0.3023532579211977
11,64,devtest,eng_Latn,jpn_Jpan,0.0030789213293873916,-0.299199572955016
11,64,devtest,eng_Latn,tur_Latn,0.17614524104224508,-0.22341828223888452
11,64,devtest,eng_Latn,vie_Latn,0.20488719031537678,-0.2542102877487676
11,64,devtest,eng_Latn,ind_Latn,0.21078249161661075,-0.23330398392110185
11,64,devtest,deu_Latn,eng_Latn,0.07279963025277236,-0.30862916839665255
11,64,devtest,deu_Latn,fra_Latn,0.09344587390797593,-0.3109012341600672
11,64,devtest,deu_Latn,spa_Latn,0.15000479891368942,-0.3591797740300715
11,64,devtest,deu_Latn,rus_Cyrl,0.03671956707308959,-0.3793884782495806
11,64,devtest,deu_Latn,hin_Deva,0.15292070970079572,-0.1915582053563115
11,64,devtest,deu_Latn,arb_Arab,0.0997376486070407,-0.3065224345398414
11,64,devtest,deu_Latn,zho_Hans,0.09690540947320832,-0.3609538983808234
11,64,devtest,deu_Latn,jpn_Jpan,0.036987491876075175,-0.3648284345371371
11,64,devtest,deu_Latn,tur_Latn,0.1348605789368865,-0.30444894702390063
11,64,devtest,deu_Latn,vie_Latn,0.02397703505235557,-0.3613979706800792
11,64,devtest,deu_Latn,ind_Latn,0.14878900543487436,-0.2978295062987227
11,64,devtest,fra_Latn,eng_Latn,0.03636488824831801,-0.26734812580682416
11,64,devtest,fra_Latn,deu_Latn,0.08563217595651772,-0.2807689258700357
11,64,devtest,fra_Latn,spa_Latn,0.11402531439308106,-0.33234261474668586
11,64,devtest,fra_Latn,rus_Cyrl,0.08993080427927898,-0.3701303225688129
11,64,devtest,fra_Latn,hin_Deva,0.12974224380353985,-0.1659502420667442
11,64,devtest,fra_Latn,arb_Arab,0.11107002097564934,-0.2749604847817047
11,64,devtest,fra_Latn,zho_Hans,0.08810861435448927,-0.3786040967577396
11,64,devtest,fra_Latn,jpn_Jpan,0.0397585605566656,-0.4054036291571883
11,64,devtest,fra_Latn,tur_Latn,0.09642611336830097,-0.31576336627769946
11,64,devtest,fra_Latn,vie_Latn,0.031611796123482944,-0.338862006677974
11,64,devtest,fra_Latn,ind_Latn,0.13072256092132825,-0.3157462289220573
11,64,devtest,spa_Latn,eng_Latn,0.023303662289985528,-0.30652574694432116
11,64,devtest,spa_Latn,deu_Latn,0.1249754935610481,-0.32929220246656804
11,64,devtest,spa_Latn,fra_Latn,0.11527661338115809,-0.3281084886946977
11,64,devtest,spa_Latn,rus_Cyrl,0.038036831251959405,-0.3766561030178105
11,64,devtest,spa_Latn,hin_Deva,0.11227959357562846,-0.17863851686410168
11,64,devtest,spa_Latn,arb_Arab,0.13512097191516517,-0.2508001343646114
11,64,devtest,spa_Latn,zho_Hans,0.07971529729691709,-0.38167505932759394
11,64,devtest,spa_Latn,jpn_Jpan,-0.025878827737606806,-0.3759534242122068
11,64,devtest,spa_Latn,tur_Latn,0.10877370624670933,-0.3083988037806585
11,64,devtest,spa_Latn,vie_Latn,0.053677824860560504,-0.3394277789098266
11,64,devtest,spa_Latn,ind_Latn,0.07391886891394685,-0.3110054086393235
11,64,devtest,rus_Cyrl,eng_Latn,-0.048725760096356985,-0.30216793624988814
11,64,devtest,rus_Cyrl,deu_Latn,-0.008931120163923178,-0.3395496108141463
11,64,devtest,rus_Cyrl,fra_Latn,0.050872677009426506,-0.3590867461289312
11,64,devtest,rus_Cyrl,spa_Latn,-0.004361000710293343,-0.37292826199209134
11,64,devtest,rus_Cyrl,hin_Deva,0.13524366041440825,-0.16924647347723024
11,64,devtest,rus_Cyrl,arb_Arab,0.03160822112462142,-0.2962887116897481
11,64,devtest,rus_Cyrl,zho_Hans,0.08050334696191841,-0.40366531863060573
11,64,devtest,rus_Cyrl,jpn_Jpan,0.012776790378994055,-0.3750753593129527
11,64,devtest,rus_Cyrl,tur_Latn,-0.01604713850664262,-0.3084805298577468
11,64,devtest,rus_Cyrl,vie_Latn,-0.081712861247851,-0.3556941509683029
11,64,devtest,rus_Cyrl,ind_Latn,-0.06277190698479419,-0.31482821389559823
11,64,devtest,hin_Deva,eng_Latn,0.06673905278227563,-0.27443259883408117
11,64,devtest,hin_Deva,deu_Latn,0.0314275518966535,-0.3329093833957196
11,64,devtest,hin_Deva,fra_Latn,0.025315995644824913,-0.3410506302225885
11,64,devtest,hin_Deva,spa_Latn,-0.0005788058515716327,-0.3579615180942205
11,64,devtest,hin_Deva,rus_Cyrl,0.051636803261107686,-0.368734408710698
11,64,devtest,hin_Deva,arb_Arab,0.006678400425574179,-0.32846697634868255
11,64,devtest,hin_Deva,zho_Hans,0.13311302734531774,-0.29725802440473814
11,64,devtest,hin_Deva,jpn_Jpan,0.08695231808590963,-0.30040691326543834
11,64,devtest,hin_Deva,tur_Latn,0.04091176253227371,-0.3702845077809359
11,64,devtest,hin_Deva,vie_Latn,0.04399354221023621,-0.31081023614492015
11,64,devtest,hin_Deva,ind_Latn,-0.0065131266638487435,-0.286201457115605
11,64,devtest,arb_Arab,eng_Latn,0.08625539087143098,-0.29061583725436
11,64,devtest,arb_Arab,deu_Latn,0.058649576835738335,-0.33591652217193463
11,64,devtest,arb_Arab,fra_Latn,0.08625260216574458,-0.33226056619705835
11,64,devtest,arb_Arab,spa_Latn,0.1150513053893963,-0.31257545669679515
11,64,devtest,arb_Arab,rus_Cyrl,0.09044306754577879,-0.3697419027947725
11,64,devtest,arb_Arab,hin_Deva,0.12054643254967695,-0.2206360431285506
11,64,devtest,arb_Arab,zho_Hans,0.16348152355020296,-0.39254039353527276
11,64,devtest,arb_Arab,jpn_Jpan,0.05632682250503756,-0.3788981661283679
11,64,devtest,arb_Arab,tur_Latn,0.023317250085365514,-0.3476300082970942
11,64,devtest,arb_Arab,vie_Latn,0.033218065040553,-0.34212931477064185
11,64,devtest,arb_Arab,ind_Latn,0.05914479164789813,-0.3189598267844947
11,64,devtest,zho_Hans,eng_Latn,0.11474781145601132,-0.35520785193985766
11,64,devtest,zho_Hans,deu_Latn,0.2407965568806143,-0.32770878426541067
11,64,devtest,zho_Hans,fra_Latn,0.22582099678522158,-0.3611847152302277
11,64,devtest,zho_Hans,spa_Latn,0.2368789414808102,-0.37132985968977805
11,64,devtest,zho_Hans,rus_Cyrl,0.21144900162442617,-0.39029894775655605
11,64,devtest,zho_Hans,hin_Deva,0.24497784063214398,-0.131429526634193
11,64,devtest,zho_Hans,arb_Arab,0.2974206855721937,-0.31395800322452055
11,64,devtest,zho_Hans,jpn_Jpan,0.18677811530582064,-0.3712709887573431
11,64,devtest,zho_Hans,tur_Latn,0.2736564162243148,-0.2851391653284129
11,64,devtest,zho_Hans,vie_Latn,0.2721494612391425,-0.36115346560569983
11,64,devtest,zho_Hans,ind_Latn,0.23853697719263384,-0.34553939223246494
11,64,devtest,jpn_Jpan,eng_Latn,-0.12097325206706647,-0.3287826042879058
11,64,devtest,jpn_Jpan,deu_Latn,0.09829373886986534,-0.30292029772787865
11,64,devtest,jpn_Jpan,fra_Latn,0.13528149725828933,-0.36232167916482366
11,64,devtest,jpn_Jpan,spa_Latn,0.06123642182547937,-0.3498360676718509
11,64,devtest,jpn_Jpan,rus_Cyrl,0.09069367715654417,-0.3513636701849367
11,64,devtest,jpn_Jpan,hin_Deva,0.21468078847273253,-0.1070596148961309
11,64,devtest,jpn_Jpan,arb_Arab,0.1808494486284848,-0.2757596900203435
11,64,devtest,jpn_Jpan,zho_Hans,0.09837520899370479,-0.35806261439400294
11,64,devtest,jpn_Jpan,tur_Latn,0.14128189390293372,-0.28980465114954934
11,64,devtest,jpn_Jpan,vie_Latn,0.039259039642642726,-0.3591245119475394
11,64,devtest,jpn_Jpan,ind_Latn,0.14016732400633045,-0.3181260551498834
11,64,devtest,tur_Latn,eng_Latn,0.0425112340597531,-0.349307625732943
11,64,devtest,tur_Latn,deu_Latn,0.11225351738551975,-0.35576148419746007
11,64,devtest,tur_Latn,fra_Latn,0.11960234009437055,-0.3915839586029126
11,64,devtest,tur_Latn,spa_Latn,0.09508628568053441,-0.39820558662374683
11,64,devtest,tur_Latn,rus_Cyrl,0.0387756116410053,-0.3915478914594814
11,64,devtest,tur_Latn,hin_Deva,0.16595204896758836,-0.2703206229253019
11,64,devtest,tur_Latn,arb_Arab,0.10086198910250693,-0.3515516592594406
11,64,devtest,tur_Latn,zho_Hans,0.14489524939648174,-0.37664902090456676
11,64,devtest,tur_Latn,jpn_Jpan,0.05133229348904696,-0.3959133649767707
11,64,devtest,tur_Latn,vie_Latn,0.018235527920972324,-0.373916518016734
11,64,devtest,tur_Latn,ind_Latn,0.07877744750179624,-0.38591230732636767
11,64,devtest,vie_Latn,eng_Latn,0.0999367763533172,-0.30723979162004034
11,64,devtest,vie_Latn,deu_Latn,0.046852887927560836,-0.323018823207598
11,64,devtest,vie_Latn,fra_Latn,0.06352285237221086,-0.31793292287321423
11,64,devtest,vie_Latn,spa_Latn,0.09484368152270406,-0.3352515363283023
11,64,devtest,vie_Latn,rus_Cyrl,-0.0030744289711021043,-0.35310045406659524
11,64,devtest,vie_Latn,hin_Deva,0.15184221262079906,-0.14302713990250934
11,64,devtest,vie_Latn,arb_Arab,0.10315082379633411,-0.27325010438043973
11,64,devtest,vie_Latn,zho_Hans,0.14532519466807245,-0.3611086059387704
11,64,devtest,vie_Latn,jpn_Jpan,0.036385486618662734,-0.39117672871963416
11,64,devtest,vie_Latn,tur_Latn,0.06483227021738129,-0.3013488855863894
11,64,devtest,vie_Latn,ind_Latn,0.17872352177114315,-0.2651574185636708
11,64,devtest,ind_Latn,eng_Latn,0.08867231681429515,-0.28897341946783567
11,64,devtest,ind_Latn,deu_Latn,0.15318769365521986,-0.27796687406519643
11,64,devtest,ind_Latn,fra_Latn,0.1248964861698602,-0.31566859700255284
11,64,devtest,ind_Latn,spa_Latn,0.10912703550940069,-0.3180539871886917
11,64,devtest,ind_Latn,rus_Cyrl,-0.003732658768499434,-0.3257589948987512
11,64,devtest,ind_Latn,hin_Deva,0.0948777132831291,-0.14669950016454147
11,64,devtest,ind_Latn,arb_Arab,0.10989507579556543,-0.26161014724300685
11,64,devtest,ind_Latn,zho_Hans,0.1079463905909912,-0.35629384953943394
11,64,devtest,ind_Latn,jpn_Jpan,0.07147096641789948,-0.35895683640058296
11,64,devtest,ind_Latn,tur_Latn,0.09501417083572018,-0.3174256701309421
11,64,devtest,ind_Latn,vie_Latn,0.13767850614810664,-0.28035362075465864
11,128,devtest,eng_Latn,deu_Latn,0.23387613094413676,-0.21238449114561692
11,128,devtest,eng_Latn,fra_Latn,0.16476880174721206,-0.2264447264475622
11,128,devtest,eng_Latn,spa_Latn,0.15288319339200304,-0.29026226917631137
11,128,devtest,eng_Latn,rus_Cyrl,0.091515910224809,-0.29603849276150745
11,128,devtest,eng_Latn,hin_Deva,0.2307979264564487,-0.03956383082321178
11,128,devtest,eng_Latn,arb_Arab,0.22294710077322405,-0.1930696285199226
11,128,devtest,eng_Latn,zho_Hans,0.06416086782213941,-0.3255622040872832
11,128,devtest,eng_Latn,jpn_Jpan,0.012101738907937525,-0.3270751075329568
11,128,devtest,eng_Latn,tur_Latn,0.18437026521680813,-0.21917189520722719
11,128,devtest,eng_Latn,vie_Latn,0.21779401348445104,-0.2592376739325338
11,128,devtest,eng_Latn,ind_Latn,0.22138750669234075,-0.24871007113552854
11,128,devtest,deu_Latn,eng_Latn,0.0828124396871575,-0.31577936850554683
11,128,devtest,deu_Latn,fra_Latn,0.09035183029251644,-0.3421991680561237
11,128,devtest,deu_Latn,spa_Latn,0.15732955746203284,-0.39045830214847616
11,128,devtest,deu_Latn,rus_Cyrl,0.032533241635655595,-0.4170435343480387
11,128,devtest,deu_Latn,hin_Deva,0.174311312378899,-0.19882233838446703
11,128,devtest,deu_Latn,arb_Arab,0.09802843815084669,-0.34136833813588596
11,128,devtest,deu_Latn,zho_Hans,0.11066871706643587,-0.38899631861057166
11,128,devtest,deu_Latn,jpn_Jpan,0.044615003753453966,-0.39337225546686055
11,128,devtest,deu_Latn,tur_Latn,0.13600945325222025,-0.33709428130433505
11,128,devtest,deu_Latn,vie_Latn,0.02558443055707482,-0.36903516037927786
11,128,devtest,deu_Latn,ind_Latn,0.1416891018473568,-0.3239222927272673
11,128,devtest,fra_Latn,eng_Latn,0.03428847809225118,-0.30517020983288295
11,128,devtest,fra_Latn,deu_Latn,0.08235528609396318,-0.3111669438126273
11,128,devtest,fra_Latn,spa_Latn,0.12286456154895745,-0.3770505352981689
11,128,devtest,fra_Latn,rus_Cyrl,0.10240004349727591,-0.3941726762538982
11,128,devtest,fra_Latn,hin_Deva,0.1543131161882184,-0.17172840844326043
11,128,devtest,fra_Latn,arb_Arab,0.13055893550634234,-0.31218961271567636
11,128,devtest,fra_Latn,zho_Hans,0.09401993777965008,-0.4153857613019153
11,128,devtest,fra_Latn,jpn_Jpan,0.011493085148607115,-0.43564088263696893
11,128,devtest,fra_Latn,tur_Latn,0.08966913464641725,-0.32687115189628035
11,128,devtest,fra_Latn,vie_Latn,0.01877572001951003,-0.35485009411884644
11,128,devtest,fra_Latn,ind_Latn,0.10523375602191158,-0.3370860619490566
11,128,devtest,spa_Latn,eng_Latn,0.021972916001205458,-0.36599114706730607
11,128,devtest,spa_Latn,deu_Latn,0.14213982021833163,-0.3588197957558904
11,128,devtest,spa_Latn,fra_Latn,0.12962603456642632,-0.36707583733034704
11,128,devtest,spa_Latn,rus_Cyrl,0.051090533877211054,-0.4095716702667448
11,128,devtest,spa_Latn,hin_Deva,0.14228197095367381,-0.1785253836411649
11,128,devtest,spa_Latn,arb_Arab,0.15640314378565814,-0.29891303712821843
11,128,devtest,spa_Latn,zho_Hans,0.09692936599431641,-0.4248898509521404
11,128,devtest,spa_Latn,jpn_Jpan,-0.0349784770127367,-0.3996007900415705
11,128,devtest,spa_Latn,tur_Latn,0.12307016961016048,-0.31795889530596483
11,128,devtest,spa_Latn,vie_Latn,0.036753749543947,-0.3551267264340885
11,128,devtest,spa_Latn,ind_Latn,0.08883668398420524,-0.3473997335427168
11,128,devtest,rus_Cyrl,eng_Latn,-0.07338178177316329,-0.3692234815513755
11,128,devtest,rus_Cyrl,deu_Latn,-0.0402249573709637,-0.3659939309269513
11,128,devtest,rus_Cyrl,fra_Latn,0.050559070293774974,-0.3829488327035589
11,128,devtest,rus_Cyrl,spa_Latn,-0.003978816129466934,-0.4085376882728603
11,128,devtest,rus_Cyrl,hin_Deva,0.17967555343865504,-0.15463957081676738
11,128,devtest,rus_Cyrl,arb_Arab,0.019168024898221867,-0.3104590306309584
11,128,devtest,rus_Cyrl,zho_Hans,0.06356614045663848,-0.4396565890860879
11,128,devtest,rus_Cyrl,jpn_Jpan,-0.013700486318814561,-0.4284247493081618
11,128,devtest,rus_Cyrl,tur_Latn,-0.030544828650345433,-0.33257772472756914
11,128,devtest,rus_Cyrl,vie_Latn,-0.0908916931592007,-0.3799232400496296
11,128,devtest,rus_Cyrl,ind_Latn,-0.08251335297419073,-0.347599263164552
11,128,devtest,hin_Deva,eng_Latn,0.06723850543749899,-0.27692313769658833
11,128,devtest,hin_Deva,deu_Latn,0.03027841998536738,-0.3529183237652865
11,128,devtest,hin_Deva,fra_Latn,0.032816812048163585,-0.36420249456296233
11,128,devtest,hin_Deva,spa_Latn,0.010778203110625035,-0.37493243360151146
11,128,devtest,hin_Deva,rus_Cyrl,0.07620232124857715,-0.366971411043487
11,128,devtest,hin_Deva,arb_Arab,-0.0021881259605960445,-0.368363739205589
11,128,devtest,hin_Deva,zho_Hans,0.12723685526736284,-0.323984092006548
11,128,devtest,hin_Deva,jpn_Jpan,0.09954167441622143,-0.3198446383676042
11,128,devtest,hin_Deva,tur_Latn,0.027452469533772197,-0.3974904353498969
11,128,devtest,hin_Deva,vie_Latn,0.04127264829724144,-0.33517166134429055
11,128,devtest,hin_Deva,ind_Latn,0.0042481823741089275,-0.3198807034355683
11,128,devtest,arb_Arab,eng_Latn,0.06055486199059134,-0.3397081230535225
11,128,devtest,arb_Arab,deu_Latn,0.04445829975627931,-0.38101836246957066
11,128,devtest,arb_Arab,fra_Latn,0.09549898653665945,-0.37842999916567116
11,128,devtest,arb_Arab,spa_Latn,0.11868048379554949,-0.37330499198042777
11,128,devtest,arb_Arab,rus_Cyrl,0.08638932874798734,-0.39833649051862435
11,128,devtest,arb_Arab,hin_Deva,0.1464542116481535,-0.23645859019115703
11,128,devtest,arb_Arab,zho_Hans,0.13703918353021904,-0.4187519544126818
11,128,devtest,arb_Arab,jpn_Jpan,0.054360209080441535,-0.4384945330493931
11,128,devtest,arb_Arab,tur_Latn,0.009110019859885932,-0.37360059138665874
11,128,devtest,arb_Arab,vie_Latn,0.04618142248798766,-0.373239383591545
11,128,devtest,arb_Arab,ind_Latn,0.06399433125520651,-0.35493298082584357
11,128,devtest,zho_Hans,eng_Latn,0.11591522005842948,-0.3932601622394952
11,128,devtest,zho_Hans,deu_Latn,0.2924171116824358,-0.3430609333736672
11,128,devtest,zho_Hans,fra_Latn,0.2565381062306116,-0.3940194145953385
11,128,devtest,zho_Hans,spa_Latn,0.28335678281209253,-0.4117974453120379
11,128,devtest,zho_Hans,rus_Cyrl,0.22827181710641897,-0.42634103952811336
11,128,devtest,zho_Hans,hin_Deva,0.27996647760466126,-0.1284705071012163
11,128,devtest,zho_Hans,arb_Arab,0.3146939616719829,-0.33297923094697013
11,128,devtest,zho_Hans,jpn_Jpan,0.20779901121406044,-0.41188742934471606
11,128,devtest,zho_Hans,tur_Latn,0.3033914398981883,-0.30995225795030484
11,128,devtest,zho_Hans,vie_Latn,0.3162764108781789,-0.3772848408760047
11,128,devtest,zho_Hans,ind_Latn,0.28623604772936906,-0.3636947851346144
11,128,devtest,jpn_Jpan,eng_Latn,-0.13172990047292313,-0.36799513383862753
11,128,devtest,jpn_Jpan,deu_Latn,0.11730726821844369,-0.3211031756842933
11,128,devtest,jpn_Jpan,fra_Latn,0.12462334534359125,-0.3835119598815637
11,128,devtest,jpn_Jpan,spa_Latn,0.0565169109758062,-0.3703791667946102
11,128,devtest,jpn_Jpan,rus_Cyrl,0.0850444945999769,-0.3979045397616572
11,128,devtest,jpn_Jpan,hin_Deva,0.24650345122611006,-0.09937129171438491
11,128,devtest,jpn_Jpan,arb_Arab,0.1971959815614394,-0.3145837144132906
11,128,devtest,jpn_Jpan,zho_Hans,0.08773584608058582,-0.3881037182712376
11,128,devtest,jpn_Jpan,tur_Latn,0.15334595715053728,-0.29641407490939836
11,128,devtest,jpn_Jpan,vie_Latn,0.030440197512252923,-0.3822421650876115
11,128,devtest,jpn_Jpan,ind_Latn,0.1480934834449468,-0.3346243259603913
11,128,devtest,tur_Latn,eng_Latn,0.02078706063803758,-0.3802427952709665
11,128,devtest,tur_Latn,deu_Latn,0.10862621271148871,-0.3938531979062379
11,128,devtest,tur_Latn,fra_Latn,0.11297965283905081,-0.418365406948189
11,128,devtest,tur_Latn,spa_Latn,0.09650762511457288,-0.4192194958878187
11,128,devtest,tur_Latn,rus_Cyrl,0.027420007049750752,-0.43072427768789795
11,128,devtest,tur_Latn,hin_Deva,0.18374661151832444,-0.2871212874693006
11,128,devtest,tur_Latn,arb_Arab,0.0871138242090681,-0.38287322454225126
11,128,devtest,tur_Latn,zho_Hans,0.14429730696601065,-0.41718819229747245
11,128,devtest,tur_Latn,jpn_Jpan,0.04095561387587102,-0.4239699074384587
11,128,devtest,tur_Latn,vie_Latn,-0.009583907560882253,-0.40023040159394097
11,128,devtest,tur_Latn,ind_Latn,0.08548044823672436,-0.39752500632795884
11,128,devtest,vie_Latn,eng_Latn,0.09243657378125585,-0.32675459188731787
11,128,devtest,vie_Latn,deu_Latn,0.06692913226162708,-0.3305738237347794
11,128,devtest,vie_Latn,fra_Latn,0.07091242198694366,-0.32792352209734327
11,128,devtest,vie_Latn,spa_Latn,0.0863031273077298,-0.3486493043209365
11,128,devtest,vie_Latn,rus_Cyrl,0.015902183482173114,-0.3762743774585899
11,128,devtest,vie_Latn,hin_Deva,0.17787469761722144,-0.1485483006973343
11,128,devtest,vie_Latn,arb_Arab,0.13767020003171057,-0.2943154599901959
11,128,devtest,vie_Latn,zho_Hans,0.16288013576590607,-0.3812060088455361
11,128,devtest,vie_Latn,jpn_Jpan,0.02528249340370315,-0.41860066273497104
11,128,devtest,vie_Latn,tur_Latn,0.06035399968881263,-0.31390918406145635
11,128,devtest,vie_Latn,ind_Latn,0.18662473052861572,-0.2984291724097024
11,128,devtest,ind_Latn,eng_Latn,0.08568749293958834,-0.3226783206331849
11,128,devtest,ind_Latn,deu_Latn,0.15043359457350955,-0.3102628067051076
11,128,devtest,ind_Latn,fra_Latn,0.10470496243937076,-0.34300616595033284
11,128,devtest,ind_Latn,spa_Latn,0.1174083970165232,-0.3613982366526476
11,128,devtest,ind_Latn,rus_Cyrl,-0.009197368561518416,-0.36318208383480166
11,128,devtest,ind_Latn,hin_Deva,0.1228406246292151,-0.16349960319870385
11,128,devtest,ind_Latn,arb_Arab,0.13578262769119448,-0.29283382557179255
11,128,devtest,ind_Latn,zho_Hans,0.13329820591171296,-0.38061160057183213
11,128,devtest,ind_Latn,jpn_Jpan,0.06378279468333167,-0.38448680566876964
11,128,devtest,ind_Latn,tur_Latn,0.10057267532829753,-0.32522461182207973
11,128,devtest,ind_Latn,vie_Latn,0.13458206975634243,-0.322205075130781
11,256,devtest,eng_Latn,deu_Latn,0.2517321643871972,-0.23561875660362738
11,256,devtest,eng_Latn,fra_Latn,0.1796925290009307,-0.2509425453770079
11,256,devtest,eng_Latn,spa_Latn,0.16985249246346062,-0.3166414440671971
11,256,devtest,eng_Latn,rus_Cyrl,0.10519867421704607,-0.31169530862002714
11,256,devtest,eng_Latn,hin_Deva,0.26357837844588666,-0.03036821367901309
11,256,devtest,eng_Latn,arb_Arab,0.24119507447869404,-0.203727957405879
11,256,devtest,eng_Latn,zho_Hans,0.06647909404591029,-0.3544027395056404
11,256,devtest,eng_Latn,jpn_Jpan,0.020120479981002668,-0.3352649350492536
11,256,devtest,eng_Latn,tur_Latn,0.2091748252468759,-0.21977371812150567
11,256,devtest,eng_Latn,vie_Latn,0.23618413132875127,-0.2737357768624297
11,256,devtest,eng_Latn,ind_Latn,0.24080303695024657,-0.26582165880619246
11,256,devtest,deu_Latn,eng_Latn,0.07319843756634772,-0.36954675614301413
11,256,devtest,deu_Latn,fra_Latn,0.09635362025463959,-0.36579310256471176
11,256,devtest,deu_Latn,spa_Latn,0.1519426908256188,-0.4062869488241307
11,256,devtest,deu_Latn,rus_Cyrl,0.039762710009549423,-0.438151277098147
11,256,devtest,deu_Latn,hin_Deva,0.20480716652207145,-0.19882787288702802
11,256,devtest,deu_Latn,arb_Arab,0.0968599333501995,-0.36631551756822484
11,256,devtest,deu_Latn,zho_Hans,0.10619535784425736,-0.42589014331391584
11,256,devtest,deu_Latn,jpn_Jpan,0.03637196841231004,-0.4226288445871996
11,256,devtest,deu_Latn,tur_Latn,0.1396865805972023,-0.3522998342978219
11,256,devtest,deu_Latn,vie_Latn,0.023327440739617858,-0.39389809124580527
11,256,devtest,deu_Latn,ind_Latn,0.13621528128310553,-0.34998328326166045
11,256,devtest,fra_Latn,eng_Latn,0.03068924287794869,-0.33872702810227895
11,256,devtest,fra_Latn,deu_Latn,0.08028032189173576,-0.3193338503447089
11,256,devtest,fra_Latn,spa_Latn,0.12936925496288057,-0.3889169402119416
11,256,devtest,fra_Latn,rus_Cyrl,0.10803168371063163,-0.41792934214527694
11,256,devtest,fra_Latn,hin_Deva,0.1837001393287586,-0.1625055646467471
11,256,devtest,fra_Latn,arb_Arab,0.13404297646290322,-0.324924043568053
11,256,devtest,fra_Latn,zho_Hans,0.09905457150671466,-0.4428484752649846
11,256,devtest,fra_Latn,jpn_Jpan,0.010462426533794192,-0.4525715422347187
11,256,devtest,fra_Latn,tur_Latn,0.09784575608925282,-0.3251904486468714
11,256,devtest,fra_Latn,vie_Latn,0.006890300971491481,-0.38616052663608447
11,256,devtest,fra_Latn,ind_Latn,0.11350502195559486,-0.3557273680009868
11,256,devtest,spa_Latn,eng_Latn,0.014384358765158178,-0.4088960247024443
11,256,devtest,spa_Latn,deu_Latn,0.13974931719688072,-0.36262152935473807
11,256,devtest,spa_Latn,fra_Latn,0.1397507604745065,-0.38310343709492845
11,256,devtest,spa_Latn,rus_Cyrl,0.05857644467445538,-0.43678904406139984
11,256,devtest,spa_Latn,hin_Deva,0.18024779313122166,-0.17397716987924225
11,256,devtest,spa_Latn,arb_Arab,0.1622000480461264,-0.33175084288816825
11,256,devtest,spa_Latn,zho_Hans,0.08544694240013666,-0.4654249104281278
11,256,devtest,spa_Latn,jpn_Jpan,-0.049219978329757115,-0.42312425800954995
11,256,devtest,spa_Latn,tur_Latn,0.1278647142972126,-0.32113559775299566
11,256,devtest,spa_Latn,vie_Latn,0.0264650122106033,-0.37781144261288097
11,256,devtest,spa_Latn,ind_Latn,0.08753223199398963,-0.3732819375104111
11,256,devtest,rus_Cyrl,eng_Latn,-0.08231260620543428,-0.39957692530396605
11,256,devtest,rus_Cyrl,deu_Latn,-0.04520485620836084,-0.3783265457636705
11,256,devtest,rus_Cyrl,fra_Latn,0.04067615729626162,-0.40843852222741306
11,256,devtest,rus_Cyrl,spa_Latn,-0.015289432635346888,-0.4390830951783896
11,256,devtest,rus_Cyrl,hin_Deva,0.2143766402258056,-0.15245132582286391
11,256,devtest,rus_Cyrl,arb_Arab,0.022387261688059566,-0.3404197566489161
11,256,devtest,rus_Cyrl,zho_Hans,0.07472249276878543,-0.47839969659295933
11,256,devtest,rus_Cyrl,jpn_Jpan,-0.023978852739747522,-0.4455845618145638
11,256,devtest,rus_Cyrl,tur_Latn,-0.045226534457920235,-0.3414662059545958
11,256,devtest,rus_Cyrl,vie_Latn,-0.0951968466153867,-0.41351577757869157
11,256,devtest,rus_Cyrl,ind_Latn,-0.08517972224520064,-0.3774978285236822
11,256,devtest,hin_Deva,eng_Latn,0.06524838280054202,-0.29400074878258003
11,256,devtest,hin_Deva,deu_Latn,0.02773770714847426,-0.36687302199604555
11,256,devtest,hin_Deva,fra_Latn,0.027663795900012063,-0.37845154003316167
11,256,devtest,hin_Deva,spa_Latn,0.014288476749147263,-0.3902576647754198
11,256,devtest,hin_Deva,rus_Cyrl,0.07224796966386789,-0.3796512378972914
11,256,devtest,hin_Deva,arb_Arab,0.0012462589935055347,-0.3661441654336224
11,256,devtest,hin_Deva,zho_Hans,0.14175541207763873,-0.33553235694301053
11,256,devtest,hin_Deva,jpn_Jpan,0.09485705690818547,-0.3392971318287879
11,256,devtest,hin_Deva,tur_Latn,0.03573460549963107,-0.4010540233875176
11,256,devtest,hin_Deva,vie_Latn,0.03503057780453744,-0.3618421435950374
11,256,devtest,hin_Deva,ind_Latn,-0.0017369904702294859,-0.3341723190929105
11,256,devtest,arb_Arab,eng_Latn,0.04861735777221664,-0.37718196503555496
11,256,devtest,arb_Arab,deu_Latn,0.03465036743039436,-0.40899457685404106
11,256,devtest,arb_Arab,fra_Latn,0.09570489700122556,-0.40466753171815706
11,256,devtest,arb_Arab,spa_Latn,0.11278044238797397,-0.412635328411646
11,256,devtest,arb_Arab,rus_Cyrl,0.10293842865438367,-0.4311060648146251
11,256,devtest,arb_Arab,hin_Deva,0.1864496219172665,-0.22985920270308793
11,256,devtest,arb_Arab,zho_Hans,0.13464689990860573,-0.45387540754498495
11,256,devtest,arb_Arab,jpn_Jpan,0.04401146353674169,-0.4510323215628581
11,256,devtest,arb_Arab,tur_Latn,0.010321814081919074,-0.38510497007442007
11,256,devtest,arb_Arab,vie_Latn,0.029996186115059238,-0.394020371571408
11,256,devtest,arb_Arab,ind_Latn,0.058586682850673574,-0.39262913056899074
11,256,devtest,zho_Hans,eng_Latn,0.12758766725271892,-0.43148868696278286
11,256,devtest,zho_Hans,deu_Latn,0.3289476551254423,-0.35444830199916944
11,256,devtest,zho_Hans,fra_Latn,0.3004990408285918,-0.4222648530384809
11,256,devtest,zho_Hans,spa_Latn,0.3145792527958148,-0.43990596198434423
11,256,devtest,zho_Hans,rus_Cyrl,0.26747946413520446,-0.4508236251002564
11,256,devtest,zho_Hans,hin_Deva,0.325630553793475,-0.12028210445825296
11,256,devtest,zho_Hans,arb_Arab,0.3525528990077686,-0.3527528323926268
11,256,devtest,zho_Hans,jpn_Jpan,0.2367642827867477,-0.420252152005519
11,256,devtest,zho_Hans,tur_Latn,0.3346894321237385,-0.3228902420994118
11,256,devtest,zho_Hans,vie_Latn,0.3478290174656405,-0.4083710847001217
11,256,devtest,zho_Hans,ind_Latn,0.3157995049684536,-0.38934322228998947
11,256,devtest,jpn_Jpan,eng_Latn,-0.15262258133585327,-0.38697390240051316
11,256,devtest,jpn_Jpan,deu_Latn,0.13103010953402336,-0.3406511003697885
11,256,devtest,jpn_Jpan,fra_Latn,0.1463047222256489,-0.40399646933791533
11,256,devtest,jpn_Jpan,spa_Latn,0.05845741099122807,-0.39376953140589677
11,256,devtest,jpn_Jpan,rus_Cyrl,0.1057845876508098,-0.41325352819778294
11,256,devtest,jpn_Jpan,hin_Deva,0.2789754098126712,-0.10488680198424469
11,256,devtest,jpn_Jpan,arb_Arab,0.20817422171825528,-0.3285338060599792
11,256,devtest,jpn_Jpan,zho_Hans,0.08531485232838948,-0.40658703791029527
11,256,devtest,jpn_Jpan,tur_Latn,0.166796199451151,-0.3097632453927277
11,256,devtest,jpn_Jpan,vie_Latn,0.03259825579110474,-0.39323725243759006
11,256,devtest,jpn_Jpan,ind_Latn,0.16430478992927652,-0.348765351911862
11,256,devtest,tur_Latn,eng_Latn,0.01780424556062402,-0.411096966775658
11,256,devtest,tur_Latn,deu_Latn,0.10775034694707654,-0.41358622571168163
11,256,devtest,tur_Latn,fra_Latn,0.11688107064638656,-0.43483730269158943
11,256,devtest,tur_Latn,spa_Latn,0.08740400972736259,-0.4422159657853753
11,256,devtest,tur_Latn,rus_Cyrl,0.0339165733932967,-0.45825811467394795
11,256,devtest,tur_Latn,hin_Deva,0.22697150080309939,-0.28950951367968547
11,256,devtest,tur_Latn,arb_Arab,0.0978485782446749,-0.4085480216417449
11,256,devtest,tur_Latn,zho_Hans,0.1344569097641247,-0.4575057450220142
11,256,devtest,tur_Latn,jpn_Jpan,0.020434983644925117,-0.4547576162645834
11,256,devtest,tur_Latn,vie_Latn,-0.020386224198647485,-0.4225109925824147
11,256,devtest,tur_Latn,ind_Latn,0.07309256033112899,-0.41790345285449493
11,256,devtest,vie_Latn,eng_Latn,0.08199187897036088,-0.3507219856767697
11,256,devtest,vie_Latn,deu_Latn,0.0790489274840782,-0.338515395902958
11,256,devtest,vie_Latn,fra_Latn,0.08164139162179776,-0.35689453513516495
11,256,devtest,vie_Latn,spa_Latn,0.07999436655827938,-0.3649025795971463
11,256,devtest,vie_Latn,rus_Cyrl,0.033940430097819975,-0.40285517383649583
11,256,devtest,vie_Latn,hin_Deva,0.21076681366273523,-0.1489938929636264
11,256,devtest,vie_Latn,arb_Arab,0.14147541776871292,-0.3034439347577006
11,256,devtest,vie_Latn,zho_Hans,0.15099077126904623,-0.41139563831489256
11,256,devtest,vie_Latn,jpn_Jpan,0.01427210411631511,-0.4203676174469936
11,256,devtest,vie_Latn,tur_Latn,0.07264968493683406,-0.3110226068629412
11,256,devtest,vie_Latn,ind_Latn,0.19094456401393567,-0.31166545266044426
11,256,devtest,ind_Latn,eng_Latn,0.08796008383646704,-0.3557636619481
11,256,devtest,ind_Latn,deu_Latn,0.14403486198794827,-0.32283708704930847
11,256,devtest,ind_Latn,fra_Latn,0.11196233966369624,-0.36170503159236767
11,256,devtest,ind_Latn,spa_Latn,0.11105760986444661,-0.3853361812407245
11,256,devtest,ind_Latn,rus_Cyrl,0.0025406680294352666,-0.3916828928670809
11,256,devtest,ind_Latn,hin_Deva,0.15172639140170727,-0.15903372188051557
11,256,devtest,ind_Latn,arb_Arab,0.13661854897264775,-0.3157319338307927
11,256,devtest,ind_Latn,zho_Hans,0.1266093557342544,-0.412834496559092
11,256,devtest,ind_Latn,jpn_Jpan,0.06433744318628644,-0.3965511961238451
11,256,devtest,ind_Latn,tur_Latn,0.09008226457423345,-0.32736067648594164
11,256,devtest,ind_Latn,vie_Latn,0.12510870185154002,-0.337071048570317
12,64,devtest,eng_Latn,deu_Latn,0.2286910337807524,-0.21767811050632416
12,64,devtest,eng_Latn,fra_Latn,0.15849957874742032,-0.20563208434818214
12,64,devtest,eng_Latn,spa_Latn,0.13979089084311222,-0.25200876851979953
12,64,devtest,eng_Latn,rus_Cyrl,0.11302979058047147,-0.24430805570572556
12,64,devtest,eng_Latn,hin_Deva,0.21032028654426738,-0.04425989757951358
12,64,devtest,eng_Latn,arb_Arab,0.236460882159007,-0.180362578532541
12,64,devtest,eng_Latn,zho_Hans,0.0769422816708845,-0.3024719481844034
12,64,devtest,eng_Latn,jpn_Jpan,0.005796977427235734,-0.2966766188772047
12,64,devtest,eng_Latn,tur_Latn,0.18407751009944495,-0.21718438063436615
12,64,devtest,eng_Latn,vie_Latn,0.2198964125525172,-0.24467032524764915
12,64,devtest,eng_Latn,ind_Latn,0.21152873666298325,-0.23445376796649686
12,64,devtest,deu_Latn,eng_Latn,0.10832301815509757,-0.2952588446787159
12,64,devtest,deu_Latn,fra_Latn,0.09692596293923354,-0.3071502903980343
12,64,devtest,deu_Latn,spa_Latn,0.15986335737879842,-0.3466422338492105
12,64,devtest,deu_Latn,rus_Cyrl,0.04458860442089985,-0.37273420008909325
12,64,devtest,deu_Latn,hin_Deva,0.1562401192166836,-0.1771074570712256
12,64,devtest,deu_Latn,arb_Arab,0.0890734696913431,-0.32371315766169406
12,64,devtest,deu_Latn,zho_Hans,0.09545900045698909,-0.3536450657570799
12,64,devtest,deu_Latn,jpn_Jpan,0.053603122677557284,-0.3581604230389199
12,64,devtest,deu_Latn,tur_Latn,0.13596301771229846,-0.3073554180269746
12,64,devtest,deu_Latn,vie_Latn,0.042977114339774816,-0.35685818263586994
12,64,devtest,deu_Latn,ind_Latn,0.1504529345063419,-0.29884467648295393
12,64,devtest,fra_Latn,eng_Latn,0.0500386231068439,-0.2640991924313036
12,64,devtest,fra_Latn,deu_Latn,0.08717060205667217,-0.28264507512395437
12,64,devtest,fra_Latn,spa_Latn,0.1229497996156541,-0.3357704796247884
12,64,devtest,fra_Latn,rus_Cyrl,0.09362519791288769,-0.3825387347246506
12,64,devtest,fra_Latn,hin_Deva,0.15159900365662116,-0.16548293013287174
12,64,devtest,fra_Latn,arb_Arab,0.12146937657486798,-0.3003604452236716
12,64,devtest,fra_Latn,zho_Hans,0.08316868184896464,-0.3716542087895471
12,64,devtest,fra_Latn,jpn_Jpan,0.040349222077100254,-0.4225479526902038
12,64,devtest,fra_Latn,tur_Latn,0.11084973135373158,-0.30721372306626904
12,64,devtest,fra_Latn,vie_Latn,0.0332117716333922,-0.3520781071051738
12,64,devtest,fra_Latn,ind_Latn,0.12881946914532594,-0.316724545109533
12,64,devtest,spa_Latn,eng_Latn,0.02774111198325567,-0.3108510897690939
12,64,devtest,spa_Latn,deu_Latn,0.13261434635863756,-0.3224212162752413
12,64,devtest,spa_Latn,fra_Latn,0.12184050616970978,-0.33081570854585773
12,64,devtest,spa_Latn,rus_Cyrl,0.04135399148372502,-0.37396162450573656
12,64,devtest,spa_Latn,hin_Deva,0.14130175643309234,-0.16782859167753875
12,64,devtest,spa_Latn,arb_Arab,0.15898555615406781,-0.28074796047255257
12,64,devtest,spa_Latn,zho_Hans,0.07643923291309468,-0.3898656000787833
12,64,devtest,spa_Latn,jpn_Jpan,-0.00980946037219111,-0.37922740783042896
12,64,devtest,spa_Latn,tur_Latn,0.11886360016582864,-0.31666802956950746
12,64,devtest,spa_Latn,vie_Latn,0.04323999175344753,-0.34822843324046127
12,64,devtest,spa_Latn,ind_Latn,0.08027874037253455,-0.3117909294460816
12,64,devtest,rus_Cyrl,eng_Latn,-0.01899489439669637,-0.30491857413937445
12,64,devtest,rus_Cyrl,deu_Latn,-0.003538952182021784,-0.33950550084029546
12,64,devtest,rus_Cyrl,fra_Latn,0.05508056473308773,-0.3790977848654816
12,64,devtest,rus_Cyrl,spa_Latn,-0.0018621946016475557,-0.37191806919730463
12,64,devtest,rus_Cyrl,hin_Deva,0.15697501841103795,-0.15631343182767063
12,64,devtest,rus_Cyrl,arb_Arab,0.04247648453736519,-0.3036476355041622
12,64,devtest,rus_Cyrl,zho_Hans,0.06443876351145252,-0.41296802795577947
12,64,devtest,rus_Cyrl,jpn_Jpan,0.019811655785241414,-0.38090063333944474
12,64,devtest,rus_Cyrl,tur_Latn,-0.002477336565281094,-0.3095987219288727
12,64,devtest,rus_Cyrl,vie_Latn,-0.07510909067981648,-0.3525244738798537
12,64,devtest,rus_Cyrl,ind_Latn,-0.053464022994000784,-0.3100529739027948
12,64,devtest,hin_Deva,eng_Latn,0.06537782807224374,-0.2510764272724331
12,64,devtest,hin_Deva,deu_Latn,0.039603728086834995,-0.3110076199933876
12,64,devtest,hin_Deva,fra_Latn,0.04279912852751519,-0.3298240236654314
12,64,devtest,hin_Deva,spa_Latn,0.019864437825158978,-0.3419433774529242
12,64,devtest,hin_Deva,rus_Cyrl,0.06418583787526423,-0.33960410134352476
12,64,devtest,hin_Deva,arb_Arab,0.009165916611314376,-0.3378568541956245
12,64,devtest,hin_Deva,zho_Hans,0.1370856187594606,-0.2775253224702661
12,64,devtest,hin_Deva,jpn_Jpan,0.09248534233216053,-0.28157787496668135
12,64,devtest,hin_Deva,tur_Latn,0.04741925183775816,-0.3544151547790423
12,64,devtest,hin_Deva,vie_Latn,0.03789147588431453,-0.2886711103970789
12,64,devtest,hin_Deva,ind_Latn,-0.008251188128262352,-0.2688977033224851
12,64,devtest,arb_Arab,eng_Latn,0.10180378194999587,-0.29646743701289713
12,64,devtest,arb_Arab,deu_Latn,0.049720198709863314,-0.3561185856507546
12,64,devtest,arb_Arab,fra_Latn,0.09467924114240887,-0.3510900058818561
12,64,devtest,arb_Arab,spa_Latn,0.12962590183852915,-0.33490919025779536
12,64,devtest,arb_Arab,rus_Cyrl,0.10533199282809833,-0.37101832148527036
12,64,devtest,arb_Arab,hin_Deva,0.13326529533040254,-0.221790618399646
12,64,devtest,arb_Arab,zho_Hans,0.1691302443744107,-0.38568884306312035
12,64,devtest,arb_Arab,jpn_Jpan,0.08012264520417652,-0.38757253498319416
12,64,devtest,arb_Arab,tur_Latn,0.027287407933827904,-0.3557783941625342
12,64,devtest,arb_Arab,vie_Latn,0.0355341330001795,-0.3405186720773631
12,64,devtest,arb_Arab,ind_Latn,0.0753449192177409,-0.32550678665566235
12,64,devtest,zho_Hans,eng_Latn,0.12300750832243271,-0.36041101792048763
12,64,devtest,zho_Hans,deu_Latn,0.24605687811562788,-0.32609771477990374
12,64,devtest,zho_Hans,fra_Latn,0.22030240728027267,-0.35480666257486837
12,64,devtest,zho_Hans,spa_Latn,0.23395857285377164,-0.37959779215220624
12,64,devtest,zho_Hans,rus_Cyrl,0.20504729578250855,-0.39245267616135443
12,64,devtest,zho_Hans,hin_Deva,0.2537834092697977,-0.12226688949522302
12,64,devtest,zho_Hans,arb_Arab,0.29770579772394967,-0.312853605837637
12,64,devtest,zho_Hans,jpn_Jpan,0.18229213756448023,-0.37312988420624416
12,64,devtest,zho_Hans,tur_Latn,0.28646560263028137,-0.2903844087364369
12,64,devtest,zho_Hans,vie_Latn,0.2761137791835918,-0.3658779388964047
12,64,devtest,zho_Hans,ind_Latn,0.2482533764768966,-0.3428299189914118
12,64,devtest,jpn_Jpan,eng_Latn,-0.12372049162229262,-0.32495800331605934
12,64,devtest,jpn_Jpan,deu_Latn,0.11237649192061844,-0.30238053411091936
12,64,devtest,jpn_Jpan,fra_Latn,0.12955976339419026,-0.3759922283273462
12,64,devtest,jpn_Jpan,spa_Latn,0.06639747751006468,-0.3500005970842256
12,64,devtest,jpn_Jpan,rus_Cyrl,0.09709828200679665,-0.3558974288395682
12,64,devtest,jpn_Jpan,hin_Deva,0.22642496839235762,-0.09542182379245162
12,64,devtest,jpn_Jpan,arb_Arab,0.20022805789540343,-0.2869786245473971
12,64,devtest,jpn_Jpan,zho_Hans,0.08883144376541155,-0.3600714019026696
12,64,devtest,jpn_Jpan,tur_Latn,0.13984314241193144,-0.29307476173262165
12,64,devtest,jpn_Jpan,vie_Latn,0.04689368169185515,-0.34896010920753406
12,64,devtest,jpn_Jpan,ind_Latn,0.14357358127705733,-0.31454530414250503
12,64,devtest,tur_Latn,eng_Latn,0.05782096796767495,-0.3433716452007022
12,64,devtest,tur_Latn,deu_Latn,0.11618870937512189,-0.36067445906162693
12,64,devtest,tur_Latn,fra_Latn,0.13302778120025624,-0.37374758206631337
12,64,devtest,tur_Latn,spa_Latn,0.11192602955621227,-0.3949381326633823
12,64,devtest,tur_Latn,rus_Cyrl,0.05880906726116171,-0.38090962044665544
12,64,devtest,tur_Latn,hin_Deva,0.16933396746654772,-0.25472233849017645
12,64,devtest,tur_Latn,arb_Arab,0.10883785266225181,-0.35711379061776544
12,64,devtest,tur_Latn,zho_Hans,0.15532850013245422,-0.37235562382955495
12,64,devtest,tur_Latn,jpn_Jpan,0.051887601082065374,-0.39262989209249627
12,64,devtest,tur_Latn,vie_Latn,0.01039669748278908,-0.3705472187164669
12,64,devtest,tur_Latn,ind_Latn,0.06982812609532045,-0.3728912605477673
12,64,devtest,vie_Latn,eng_Latn,0.11072702826541692,-0.2907848607968587
12,64,devtest,vie_Latn,deu_Latn,0.06556552206449923,-0.32310682513875205
12,64,devtest,vie_Latn,fra_Latn,0.07193344619185094,-0.32750236001102223
12,64,devtest,vie_Latn,spa_Latn,0.09203118279984503,-0.33968440408717365
12,64,devtest,vie_Latn,rus_Cyrl,0.003420360556193612,-0.3405468279037836
12,64,devtest,vie_Latn,hin_Deva,0.15298637011903307,-0.12703914087669882
12,64,devtest,vie_Latn,arb_Arab,0.10761727155426588,-0.268478307053786
12,64,devtest,vie_Latn,zho_Hans,0.14551436427949468,-0.3584073511032549
12,64,devtest,vie_Latn,jpn_Jpan,0.04820349401566505,-0.37856191696215097
12,64,devtest,vie_Latn,tur_Latn,0.05794672584774783,-0.3005976667565935
12,64,devtest,vie_Latn,ind_Latn,0.19033756391506584,-0.26800823095567106
12,64,devtest,ind_Latn,eng_Latn,0.09369279917443434,-0.2952387090470272
12,64,devtest,ind_Latn,deu_Latn,0.1530525746933508,-0.28362069004701457
12,64,devtest,ind_Latn,fra_Latn,0.13059925913059825,-0.3148423546184647
12,64,devtest,ind_Latn,spa_Latn,0.11888396283378123,-0.3226045818985043
12,64,devtest,ind_Latn,rus_Cyrl,0.005893768332678923,-0.3207454074337192
12,64,devtest,ind_Latn,hin_Deva,0.09750683033041704,-0.13797736526652504
12,64,devtest,ind_Latn,arb_Arab,0.12499339081984644,-0.2776503384557222
12,64,devtest,ind_Latn,zho_Hans,0.11108440385014832,-0.3512497295405658
12,64,devtest,ind_Latn,jpn_Jpan,0.07589844550194848,-0.35181837112458086
12,64,devtest,ind_Latn,tur_Latn,0.08579640493194914,-0.31385486915288396
12,64,devtest,ind_Latn,vie_Latn,0.15112938377659757,-0.28778709669791797
12,128,devtest,eng_Latn,deu_Latn,0.25136868336490237,-0.23059582358840414
12,128,devtest,eng_Latn,fra_Latn,0.17180032593472028,-0.22975696456815886
12,128,devtest,eng_Latn,spa_Latn,0.15678992968750077,-0.30497570095583154
12,128,devtest,eng_Latn,rus_Cyrl,0.10083034001808537,-0.2822385575115194
12,128,devtest,eng_Latn,hin_Deva,0.24399333199399414,-0.028152566161946294
12,128,devtest,eng_Latn,arb_Arab,0.2410913200828402,-0.20433227672063944
12,128,devtest,eng_Latn,zho_Hans,0.08183578719295143,-0.3198258728055764
12,128,devtest,eng_Latn,jpn_Jpan,0.013485854541179634,-0.3177123874089281
12,128,devtest,eng_Latn,tur_Latn,0.19769368266013693,-0.2171502966156224
12,128,devtest,eng_Latn,vie_Latn,0.23252297026520213,-0.2666661320363294
12,128,devtest,eng_Latn,ind_Latn,0.23870465152648598,-0.2456803476213392
12,128,devtest,deu_Latn,eng_Latn,0.09862327654332359,-0.33625690951996207
12,128,devtest,deu_Latn,fra_Latn,0.10413053239927678,-0.3513241221071878
12,128,devtest,deu_Latn,spa_Latn,0.1641647423614438,-0.39464752183681207
12,128,devtest,deu_Latn,rus_Cyrl,0.04956495704257108,-0.4092651668539317
12,128,devtest,deu_Latn,hin_Deva,0.183002744826736,-0.1912211448875828
12,128,devtest,deu_Latn,arb_Arab,0.09636296839222483,-0.3562301860378881
12,128,devtest,deu_Latn,zho_Hans,0.1048196303294631,-0.3910305264361858
12,128,devtest,deu_Latn,jpn_Jpan,0.051555681415967634,-0.3871446466160192
12,128,devtest,deu_Latn,tur_Latn,0.1520099475759418,-0.3365067680162832
12,128,devtest,deu_Latn,vie_Latn,0.03870607472176646,-0.37825401689254967
12,128,devtest,deu_Latn,ind_Latn,0.16334520009073727,-0.3278671893987998
12,128,devtest,fra_Latn,eng_Latn,0.042095972020904725,-0.3070253677194322
12,128,devtest,fra_Latn,deu_Latn,0.0949777048508867,-0.3210568197661977
12,128,devtest,fra_Latn,spa_Latn,0.13177532970203762,-0.37909549792614067
12,128,devtest,fra_Latn,rus_Cyrl,0.11011178720962204,-0.39207873050519315
12,128,devtest,fra_Latn,hin_Deva,0.1698268949610942,-0.17432338169511383
12,128,devtest,fra_Latn,arb_Arab,0.1477904194258544,-0.32498226313771755
12,128,devtest,fra_Latn,zho_Hans,0.0916911433869716,-0.41704288408701884
12,128,devtest,fra_Latn,jpn_Jpan,0.017050873097452814,-0.4331253972399262
12,128,devtest,fra_Latn,tur_Latn,0.09950608010595352,-0.32844948521762807
12,128,devtest,fra_Latn,vie_Latn,0.028959017135949398,-0.3685577635624896
12,128,devtest,fra_Latn,ind_Latn,0.10541785465709637,-0.34593331600462573
12,128,devtest,spa_Latn,eng_Latn,0.022730646279636387,-0.3785469127002093
12,128,devtest,spa_Latn,deu_Latn,0.14317221908345248,-0.3608426504178038
12,128,devtest,spa_Latn,fra_Latn,0.13615772785162225,-0.36854929422981064
12,128,devtest,spa_Latn,rus_Cyrl,0.05437086276046695,-0.41865772588604233
12,128,devtest,spa_Latn,hin_Deva,0.15557940741456858,-0.1753330549410362
12,128,devtest,spa_Latn,arb_Arab,0.17311205720733916,-0.3094426693099141
12,128,devtest,spa_Latn,zho_Hans,0.09520623798806353,-0.4147377166246388
12,128,devtest,spa_Latn,jpn_Jpan,-0.02670619384368753,-0.3959058779133443
12,128,devtest,spa_Latn,tur_Latn,0.13334677683018242,-0.32382504996958444
12,128,devtest,spa_Latn,vie_Latn,0.03064784542545614,-0.3640688734372372
12,128,devtest,spa_Latn,ind_Latn,0.09695855193399076,-0.3466415567963536
12,128,devtest,rus_Cyrl,eng_Latn,-0.06250156406319024,-0.35987385786643383
12,128,devtest,rus_Cyrl,deu_Latn,-0.026026335095650062,-0.36590119519245307
12,128,devtest,rus_Cyrl,fra_Latn,0.05776834854433731,-0.385972824047291
12,128,devtest,rus_Cyrl,spa_Latn,-0.0030163207119121814,-0.4209683524415858
12,128,devtest,rus_Cyrl,hin_Deva,0.19764877573627376,-0.16143787776284688
12,128,devtest,rus_Cyrl,arb_Arab,0.02012380511645639,-0.32866402225691743
12,128,devtest,rus_Cyrl,zho_Hans,0.06750405389375595,-0.44160179840683944
12,128,devtest,rus_Cyrl,jpn_Jpan,0.0007378984925756565,-0.4227029514390733
12,128,devtest,rus_Cyrl,tur_Latn,-0.03233474498920427,-0.3293021575707126
12,128,devtest,rus_Cyrl,vie_Latn,-0.08834869221448376,-0.36822949967326024
12,128,devtest,rus_Cyrl,ind_Latn,-0.05726054554270518,-0.35277297052657974
12,128,devtest,hin_Deva,eng_Latn,0.08105220921294341,-0.25888869034899553
12,128,devtest,hin_Deva,deu_Latn,0.04434645457170393,-0.34014840853934913
12,128,devtest,hin_Deva,fra_Latn,0.0413533596824987,-0.3620806977286847
12,128,devtest,hin_Deva,spa_Latn,0.008969901575364184,-0.3695596417850113
12,128,devtest,hin_Deva,rus_Cyrl,0.08694308296413997,-0.3677870951029655
12,128,devtest,hin_Deva,arb_Arab,-0.008579843283467704,-0.37115051287820294
12,128,devtest,hin_Deva,zho_Hans,0.12944175997944268,-0.3109443277405323
12,128,devtest,hin_Deva,jpn_Jpan,0.11789734484714699,-0.2974041834162709
12,128,devtest,hin_Deva,tur_Latn,0.03325815051500658,-0.38928499421614077
12,128,devtest,hin_Deva,vie_Latn,0.04399293435225109,-0.3297172678922549
12,128,devtest,hin_Deva,ind_Latn,0.008476542672074962,-0.31294988127046725
12,128,devtest,arb_Arab,eng_Latn,0.07144367800246325,-0.3522958932451359
12,128,devtest,arb_Arab,deu_Latn,0.04335130404511011,-0.3938266145966392
12,128,devtest,arb_Arab,fra_Latn,0.11378662063290951,-0.3846355244425363
12,128,devtest,arb_Arab,spa_Latn,0.1285530286030502,-0.37764185899636543
12,128,devtest,arb_Arab,rus_Cyrl,0.09385873369734826,-0.4087225087165992
12,128,devtest,arb_Arab,hin_Deva,0.15586665222395735,-0.23558310795410392
12,128,devtest,arb_Arab,zho_Hans,0.1449172708816898,-0.4216259999187838
12,128,devtest,arb_Arab,jpn_Jpan,0.07009117698769074,-0.4388842103757351
12,128,devtest,arb_Arab,tur_Latn,0.009134503884619831,-0.3838346766424487
12,128,devtest,arb_Arab,vie_Latn,0.050548859136694255,-0.3779737453847808
12,128,devtest,arb_Arab,ind_Latn,0.07551830667715771,-0.35462239418245617
12,128,devtest,zho_Hans,eng_Latn,0.13644107223179464,-0.3923130661653769
12,128,devtest,zho_Hans,deu_Latn,0.2941549538038834,-0.34820419046382595
12,128,devtest,zho_Hans,fra_Latn,0.2557699136344153,-0.3977404258545716
12,128,devtest,zho_Hans,spa_Latn,0.28323883314739445,-0.4061938847670086
12,128,devtest,zho_Hans,rus_Cyrl,0.23703126672898714,-0.41885815364510387
12,128,devtest,zho_Hans,hin_Deva,0.2871452726749088,-0.1252557353096627
12,128,devtest,zho_Hans,arb_Arab,0.3171087078331676,-0.33410534539517495
12,128,devtest,zho_Hans,jpn_Jpan,0.21282987870104267,-0.4093762669226188
12,128,devtest,zho_Hans,tur_Latn,0.31033726820503715,-0.3162477728275076
12,128,devtest,zho_Hans,vie_Latn,0.31697187955824274,-0.3790556455418995
12,128,devtest,zho_Hans,ind_Latn,0.29108871866412156,-0.3637228768568367
12,128,devtest,jpn_Jpan,eng_Latn,-0.13654321418394466,-0.3618725079763337
12,128,devtest,jpn_Jpan,deu_Latn,0.12284347088253314,-0.3210639048850458
12,128,devtest,jpn_Jpan,fra_Latn,0.12373837783346582,-0.38494956123915464
12,128,devtest,jpn_Jpan,spa_Latn,0.05804561819725912,-0.36862590205324763
12,128,devtest,jpn_Jpan,rus_Cyrl,0.10484145169641185,-0.39441631698469926
12,128,devtest,jpn_Jpan,hin_Deva,0.26877642059475726,-0.09264171349548823
12,128,devtest,jpn_Jpan,arb_Arab,0.20965939594904195,-0.32522943704965707
12,128,devtest,jpn_Jpan,zho_Hans,0.09112390464893098,-0.38862625325852596
12,128,devtest,jpn_Jpan,tur_Latn,0.15562210461839257,-0.3029336331409716
12,128,devtest,jpn_Jpan,vie_Latn,0.04195718714043918,-0.3830173039822271
12,128,devtest,jpn_Jpan,ind_Latn,0.15887012849434043,-0.3425094154710704
12,128,devtest,tur_Latn,eng_Latn,0.045304423202913856,-0.3720963789880676
12,128,devtest,tur_Latn,deu_Latn,0.12566445450294816,-0.3896818703506375
12,128,devtest,tur_Latn,fra_Latn,0.12115897238585374,-0.4066468638818704
12,128,devtest,tur_Latn,spa_Latn,0.11616849894717825,-0.4159182267290845
12,128,devtest,tur_Latn,rus_Cyrl,0.035190044677383174,-0.4121814548425493
12,128,devtest,tur_Latn,hin_Deva,0.18847390819362003,-0.2823872584399683
12,128,devtest,tur_Latn,arb_Arab,0.09214191887655977,-0.3911902703697728
12,128,devtest,tur_Latn,zho_Hans,0.15005894503159506,-0.41098589760364723
12,128,devtest,tur_Latn,jpn_Jpan,0.046720392141975715,-0.4226564013356655
12,128,devtest,tur_Latn,vie_Latn,-0.0007158604915241436,-0.39471805538659765
12,128,devtest,tur_Latn,ind_Latn,0.101984168584458,-0.3923480014389798
12,128,devtest,vie_Latn,eng_Latn,0.10058971016934987,-0.32762280231860397
12,128,devtest,vie_Latn,deu_Latn,0.0814311013783096,-0.3345176997546579
12,128,devtest,vie_Latn,fra_Latn,0.0844487363305421,-0.3388656541054863
12,128,devtest,vie_Latn,spa_Latn,0.09197210722513367,-0.3518554660995194
12,128,devtest,vie_Latn,rus_Cyrl,0.023376771904657218,-0.35776514268079035
12,128,devtest,vie_Latn,hin_Deva,0.18701337929360928,-0.14174838289982095
12,128,devtest,vie_Latn,arb_Arab,0.14304969556328248,-0.30010605267960205
12,128,devtest,vie_Latn,zho_Hans,0.1574242690438697,-0.3761609116808575
12,128,devtest,vie_Latn,jpn_Jpan,0.037856826038345504,-0.4136553571789804
12,128,devtest,vie_Latn,tur_Latn,0.06894500875953008,-0.31394005979568657
12,128,devtest,vie_Latn,ind_Latn,0.1860745344623102,-0.2868985452555186
12,128,devtest,ind_Latn,eng_Latn,0.10730136068311327,-0.32496750193421997
12,128,devtest,ind_Latn,deu_Latn,0.16931093242561904,-0.31869376130345856
12,128,devtest,ind_Latn,fra_Latn,0.11146507937781265,-0.35199657792025696
12,128,devtest,ind_Latn,spa_Latn,0.12979122738055524,-0.36256790590220084
12,128,devtest,ind_Latn,rus_Cyrl,0.01736646136689675,-0.3666995399760649
12,128,devtest,ind_Latn,hin_Deva,0.13035312780663613,-0.1635664860835775
12,128,devtest,ind_Latn,arb_Arab,0.14601613537749353,-0.298654809572235
12,128,devtest,ind_Latn,zho_Hans,0.13467591347675878,-0.38299291247414663
12,128,devtest,ind_Latn,jpn_Jpan,0.08410997944874982,-0.39475640317062854
12,128,devtest,ind_Latn,tur_Latn,0.11420659175785376,-0.329058261851659
12,128,devtest,ind_Latn,vie_Latn,0.1357571159706866,-0.3136959385759821
12,256,devtest,eng_Latn,deu_Latn,0.27279957885880274,-0.2386484716975749
12,256,devtest,eng_Latn,fra_Latn,0.19561333120229912,-0.24669951212638974
12,256,devtest,eng_Latn,spa_Latn,0.17939470441894456,-0.3313309003631417
12,256,devtest,eng_Latn,rus_Cyrl,0.131044144031531,-0.3055358630572289
12,256,devtest,eng_Latn,hin_Deva,0.2757728351049661,-0.019477449640830567
12,256,devtest,eng_Latn,arb_Arab,0.2645307418385028,-0.20986199124834806
12,256,devtest,eng_Latn,zho_Hans,0.07701233441013365,-0.3518540052092817
12,256,devtest,eng_Latn,jpn_Jpan,0.023027392009535175,-0.3340306933805598
12,256,devtest,eng_Latn,tur_Latn,0.21601341782734537,-0.22858254083696647
12,256,devtest,eng_Latn,vie_Latn,0.24964268500181963,-0.28523717597352904
12,256,devtest,eng_Latn,ind_Latn,0.2480363589631034,-0.2687927033269778
12,256,devtest,deu_Latn,eng_Latn,0.09621072589433317,-0.3639239222511131
12,256,devtest,deu_Latn,fra_Latn,0.10068735077124241,-0.37133316184699006
12,256,devtest,deu_Latn,spa_Latn,0.15987526742420077,-0.41075719130951655
12,256,devtest,deu_Latn,rus_Cyrl,0.05394553845702887,-0.43032969699807827
12,256,devtest,deu_Latn,hin_Deva,0.20914414404524695,-0.19209007336811187
12,256,devtest,deu_Latn,arb_Arab,0.10992788215623242,-0.37681783828885673
12,256,devtest,deu_Latn,zho_Hans,0.10947819488476362,-0.43104048117564125
12,256,devtest,deu_Latn,jpn_Jpan,0.03556307742593481,-0.42236602029077697
12,256,devtest,deu_Latn,tur_Latn,0.15462809564210195,-0.354382782797268
12,256,devtest,deu_Latn,vie_Latn,0.025133815355917154,-0.3983372212916562
12,256,devtest,deu_Latn,ind_Latn,0.15132451695238675,-0.35505906470890414
12,256,devtest,fra_Latn,eng_Latn,0.045453069476984326,-0.3329401267880276
12,256,devtest,fra_Latn,deu_Latn,0.08518545393601669,-0.3294673133012182
12,256,devtest,fra_Latn,spa_Latn,0.13367384720082087,-0.40018035108954475
12,256,devtest,fra_Latn,rus_Cyrl,0.11573774232431112,-0.4202754545851562
12,256,devtest,fra_Latn,hin_Deva,0.19631808170698825,-0.16664266217862111
12,256,devtest,fra_Latn,arb_Arab,0.14098581531049692,-0.3395154274268871
12,256,devtest,fra_Latn,zho_Hans,0.09769835483831932,-0.4406238941666479
12,256,devtest,fra_Latn,jpn_Jpan,0.014461874312294185,-0.449421173024067
12,256,devtest,fra_Latn,tur_Latn,0.10175128214125127,-0.33586817385509155
12,256,devtest,fra_Latn,vie_Latn,0.0075799962969946445,-0.39937219804416224
12,256,devtest,fra_Latn,ind_Latn,0.11339793844689516,-0.3665140479235822
12,256,devtest,spa_Latn,eng_Latn,0.020245733965686935,-0.41990470871478613
12,256,devtest,spa_Latn,deu_Latn,0.1406786655087343,-0.37060320205799757
12,256,devtest,spa_Latn,fra_Latn,0.14206841830730813,-0.39362490775232545
12,256,devtest,spa_Latn,rus_Cyrl,0.06495299201259463,-0.43641483747009135
12,256,devtest,spa_Latn,hin_Deva,0.1926461732839271,-0.17176259659249188
12,256,devtest,spa_Latn,arb_Arab,0.17714893404359655,-0.34326481068269016
12,256,devtest,spa_Latn,zho_Hans,0.08315889026604595,-0.47261154167243086
12,256,devtest,spa_Latn,jpn_Jpan,-0.044193377091341184,-0.42728899777568924
12,256,devtest,spa_Latn,tur_Latn,0.13286837718655006,-0.3305531674279837
12,256,devtest,spa_Latn,vie_Latn,0.030209219125293795,-0.38984452625576177
12,256,devtest,spa_Latn,ind_Latn,0.09723069899788403,-0.3742338790277454
12,256,devtest,rus_Cyrl,eng_Latn,-0.06655392939067373,-0.3998648340566937
12,256,devtest,rus_Cyrl,deu_Latn,-0.03602051071610996,-0.3800615736400313
12,256,devtest,rus_Cyrl,fra_Latn,0.04528522657012598,-0.41683257682838043
12,256,devtest,rus_Cyrl,spa_Latn,-0.009800710684413695,-0.44326064991019776
12,256,devtest,rus_Cyrl,hin_Deva,0.2307061159560852,-0.15556334544648165
12,256,devtest,rus_Cyrl,arb_Arab,0.013770863737118888,-0.3536203605016634
12,256,devtest,rus_Cyrl,zho_Hans,0.07180676927178098,-0.48626300706433345
12,256,devtest,rus_Cyrl,jpn_Jpan,-0.022166919493009064,-0.44689174363760403
12,256,devtest,rus_Cyrl,tur_Latn,-0.040240766530106,-0.3453457492090183
12,256,devtest,rus_Cyrl,vie_Latn,-0.09118604906875744,-0.41636613468362804
12,256,devtest,rus_Cyrl,ind_Latn,-0.07352870157451533,-0.3876864259857647
12,256,devtest,hin_Deva,eng_Latn,0.07503700993221923,-0.27971527375245003
12,256,devtest,hin_Deva,deu_Latn,0.04019882231861898,-0.35635938915411036
12,256,devtest,hin_Deva,fra_Latn,0.030725666582507465,-0.3742668690843813
12,256,devtest,hin_Deva,spa_Latn,0.01496956541095775,-0.38507460531010806
12,256,devtest,hin_Deva,rus_Cyrl,0.08050933925037652,-0.37119284828946825
12,256,devtest,hin_Deva,arb_Arab,-0.0017728375161892682,-0.359267404313098
12,256,devtest,hin_Deva,zho_Hans,0.14704272575901908,-0.3259689233576197
12,256,devtest,hin_Deva,jpn_Jpan,0.11723501771061909,-0.3164763409768682
12,256,devtest,hin_Deva,tur_Latn,0.0419122774854216,-0.3911844193608543
12,256,devtest,hin_Deva,vie_Latn,0.03975013771822554,-0.3476235652563507
12,256,devtest,hin_Deva,ind_Latn,0.005027981923305078,-0.3260851403041346
12,256,devtest,arb_Arab,eng_Latn,0.07271470698160092,-0.3797227370059711
12,256,devtest,arb_Arab,deu_Latn,0.0497183169343496,-0.4235047585651801
12,256,devtest,arb_Arab,fra_Latn,0.10518650505706639,-0.41413689030247225
12,256,devtest,arb_Arab,spa_Latn,0.12192744564723249,-0.42064651006356224
12,256,devtest,arb_Arab,rus_Cyrl,0.09799918001779998,-0.43972379571508613
12,256,devtest,arb_Arab,hin_Deva,0.19853791617967323,-0.2243316450083908
12,256,devtest,arb_Arab,zho_Hans,0.13776467145454696,-0.45903934376671646
12,256,devtest,arb_Arab,jpn_Jpan,0.05279211154105871,-0.45626235321621356
12,256,devtest,arb_Arab,tur_Latn,0.015982909658439074,-0.3951450141627953
12,256,devtest,arb_Arab,vie_Latn,0.031262442213030955,-0.4086563914265139
12,256,devtest,arb_Arab,ind_Latn,0.06782741170549696,-0.3978613859672489
12,256,devtest,zho_Hans,eng_Latn,0.13887456708725013,-0.4382591400593857
12,256,devtest,zho_Hans,deu_Latn,0.33744342223291685,-0.36847828636531854
12,256,devtest,zho_Hans,fra_Latn,0.2999292067085922,-0.41955392128219904
12,256,devtest,zho_Hans,spa_Latn,0.3160586718085075,-0.4544308466869044
12,256,devtest,zho_Hans,rus_Cyrl,0.27370943793515085,-0.4531773750115206
12,256,devtest,zho_Hans,hin_Deva,0.3364578533831463,-0.12339420367571007
12,256,devtest,zho_Hans,arb_Arab,0.35276092643932005,-0.35733491811351686
12,256,devtest,zho_Hans,jpn_Jpan,0.24075407572002752,-0.4295351770311584
12,256,devtest,zho_Hans,tur_Latn,0.3347755091560989,-0.329016361527558
12,256,devtest,zho_Hans,vie_Latn,0.3512009848937747,-0.4090255853878732
12,256,devtest,zho_Hans,ind_Latn,0.3191589733515537,-0.3960574333871261
12,256,devtest,jpn_Jpan,eng_Latn,-0.1544484491806945,-0.38922402800997374
12,256,devtest,jpn_Jpan,deu_Latn,0.1319718491438248,-0.3474421175293371
12,256,devtest,jpn_Jpan,fra_Latn,0.14559081654924164,-0.40188557155921484
12,256,devtest,jpn_Jpan,spa_Latn,0.060645943102016285,-0.3983531212085711
12,256,devtest,jpn_Jpan,rus_Cyrl,0.11286029561299635,-0.4147859167039117
12,256,devtest,jpn_Jpan,hin_Deva,0.3016596149273733,-0.09495400085090959
12,256,devtest,jpn_Jpan,arb_Arab,0.2195922512551515,-0.33666235339110734
12,256,devtest,jpn_Jpan,zho_Hans,0.08632002197030314,-0.41545690300759147
12,256,devtest,jpn_Jpan,tur_Latn,0.16584047641118602,-0.32252336302791346
12,256,devtest,jpn_Jpan,vie_Latn,0.039853976742410493,-0.3957649993397612
12,256,devtest,jpn_Jpan,ind_Latn,0.17015327682210746,-0.3462552737204192
12,256,devtest,tur_Latn,eng_Latn,0.03427156315602933,-0.4112438574907162
12,256,devtest,tur_Latn,deu_Latn,0.12238666701132582,-0.4113105503441548
12,256,devtest,tur_Latn,fra_Latn,0.11434677517140207,-0.43373263147262875
12,256,devtest,tur_Latn,spa_Latn,0.09915010637721948,-0.44029639324907965
12,256,devtest,tur_Latn,rus_Cyrl,0.043520338443593494,-0.44635530507202537
12,256,devtest,tur_Latn,hin_Deva,0.23122087150344853,-0.2795618015202063
12,256,devtest,tur_Latn,arb_Arab,0.11047644703073997,-0.4111341777272153
12,256,devtest,tur_Latn,zho_Hans,0.12920687078352963,-0.44486840334618516
12,256,devtest,tur_Latn,jpn_Jpan,0.02035264852620214,-0.4525953145575224
12,256,devtest,tur_Latn,vie_Latn,-0.025489944874405316,-0.4140796707875159
12,256,devtest,tur_Latn,ind_Latn,0.0829250840510789,-0.4100661673103974
12,256,devtest,vie_Latn,eng_Latn,0.08595966345702147,-0.3578500318779971
12,256,devtest,vie_Latn,deu_Latn,0.08182627477393623,-0.34570405944370686
12,256,devtest,vie_Latn,fra_Latn,0.08655284377192046,-0.36329935995108753
12,256,devtest,vie_Latn,spa_Latn,0.09561933501869618,-0.3697114951511454
12,256,devtest,vie_Latn,rus_Cyrl,0.04375649861359378,-0.40087567941381763
12,256,devtest,vie_Latn,hin_Deva,0.2192835234705008,-0.136916362046984
12,256,devtest,vie_Latn,arb_Arab,0.14766522735078144,-0.3167613507652852
12,256,devtest,vie_Latn,zho_Hans,0.14798620137672047,-0.406591653175202
12,256,devtest,vie_Latn,jpn_Jpan,0.021399427875059506,-0.4217715044281345
12,256,devtest,vie_Latn,tur_Latn,0.07039665753491962,-0.3125769595251286
12,256,devtest,vie_Latn,ind_Latn,0.19246449309524136,-0.3165747496047161
12,256,devtest,ind_Latn,eng_Latn,0.09476449484979244,-0.36386904602000236
12,256,devtest,ind_Latn,deu_Latn,0.1592049262600922,-0.33432767084613646
12,256,devtest,ind_Latn,fra_Latn,0.11876269253281592,-0.3716301761051982
12,256,devtest,ind_Latn,spa_Latn,0.13094004765692838,-0.3889761081589185
12,256,devtest,ind_Latn,rus_Cyrl,0.016159186394332347,-0.402032357070239
12,256,devtest,ind_Latn,hin_Deva,0.16050478075897218,-0.15954854004923005
12,256,devtest,ind_Latn,arb_Arab,0.1442507700032216,-0.32687104974743253
12,256,devtest,ind_Latn,zho_Hans,0.12336897744486278,-0.41995332803941643
12,256,devtest,ind_Latn,jpn_Jpan,0.07333975492052748,-0.3980102513338164
12,256,devtest,ind_Latn,tur_Latn,0.09843529226387197,-0.33356123587952824
12,256,devtest,ind_Latn,vie_Latn,0.1272375243064733,-0.3458089275028486
13,64,devtest,eng_Latn,deu_Latn,0.2168926024763103,-0.23563239137238268
13,64,devtest,eng_Latn,fra_Latn,0.15535399361642555,-0.2137468679984726
13,64,devtest,eng_Latn,spa_Latn,0.14464141480899265,-0.2672751012361786
13,64,devtest,eng_Latn,rus_Cyrl,0.11743717366429628,-0.26071859407601106
13,64,devtest,eng_Latn,hin_Deva,0.20972832335944683,-0.05205400479310645
13,64,devtest,eng_Latn,arb_Arab,0.23984295589891336,-0.18555819731154535
13,64,devtest,eng_Latn,zho_Hans,0.08124864598170312,-0.2896350047649554
13,64,devtest,eng_Latn,jpn_Jpan,0.007844184515466314,-0.3084777962693355
13,64,devtest,eng_Latn,tur_Latn,0.17988561621364488,-0.227065202767955
13,64,devtest,eng_Latn,vie_Latn,0.21836121366259828,-0.26685704059862714
13,64,devtest,eng_Latn,ind_Latn,0.22090760364178996,-0.24423484113429733
13,64,devtest,deu_Latn,eng_Latn,0.10241375836874216,-0.3080270248986669
13,64,devtest,deu_Latn,fra_Latn,0.1063528224557666,-0.31830553367011066
13,64,devtest,deu_Latn,spa_Latn,0.16012050319134505,-0.34929230082552865
13,64,devtest,deu_Latn,rus_Cyrl,0.05789101959904398,-0.3754433769040971
13,64,devtest,deu_Latn,hin_Deva,0.1669969417036623,-0.19155976844803896
13,64,devtest,deu_Latn,arb_Arab,0.10431137395072254,-0.3108431199235345
13,64,devtest,deu_Latn,zho_Hans,0.10335565080322463,-0.3594762114099144
13,64,devtest,deu_Latn,jpn_Jpan,0.05799548167246415,-0.35341042794498856
13,64,devtest,deu_Latn,tur_Latn,0.1461716395653963,-0.3042514959188542
13,64,devtest,deu_Latn,vie_Latn,0.03782454654002571,-0.37048168054342145
13,64,devtest,deu_Latn,ind_Latn,0.15300409747249077,-0.29917910653132734
13,64,devtest,fra_Latn,eng_Latn,0.05771295718906865,-0.26966566771166633
13,64,devtest,fra_Latn,deu_Latn,0.09920063209355165,-0.29989079816176434
13,64,devtest,fra_Latn,spa_Latn,0.1251231126509093,-0.3322412278136818
13,64,devtest,fra_Latn,rus_Cyrl,0.09265517071626608,-0.3755826891064626
13,64,devtest,fra_Latn,hin_Deva,0.14177788531203664,-0.16339904692522073
13,64,devtest,fra_Latn,arb_Arab,0.12261329272186763,-0.2967588330426195
13,64,devtest,fra_Latn,zho_Hans,0.0798847181299227,-0.3763746117987399
13,64,devtest,fra_Latn,jpn_Jpan,0.0389922116824024,-0.4224804116126043
13,64,devtest,fra_Latn,tur_Latn,0.10824430667866351,-0.30210111458407535
13,64,devtest,fra_Latn,vie_Latn,0.03406952251530941,-0.3384187168647451
13,64,devtest,fra_Latn,ind_Latn,0.13246319773877166,-0.3223942342093009
13,64,devtest,spa_Latn,eng_Latn,0.036405019346344526,-0.3250063287518209
13,64,devtest,spa_Latn,deu_Latn,0.13191861616189018,-0.32569129921496964
13,64,devtest,spa_Latn,fra_Latn,0.12347138409008078,-0.33070101718320294
13,64,devtest,spa_Latn,rus_Cyrl,0.044209144652229145,-0.3831625502879203
13,64,devtest,spa_Latn,hin_Deva,0.14230129516459936,-0.18250664607831807
13,64,devtest,spa_Latn,arb_Arab,0.16577110576746668,-0.2876486566527747
13,64,devtest,spa_Latn,zho_Hans,0.08818649617110791,-0.39305912124859205
13,64,devtest,spa_Latn,jpn_Jpan,-0.011733952527483011,-0.38898379703171615
13,64,devtest,spa_Latn,tur_Latn,0.1255607841306874,-0.3199089499295142
13,64,devtest,spa_Latn,vie_Latn,0.05447906194775701,-0.34792407259583336
13,64,devtest,spa_Latn,ind_Latn,0.07871909984855381,-0.3211479244902013
13,64,devtest,rus_Cyrl,eng_Latn,-0.014009639920657811,-0.31981548990731634
13,64,devtest,rus_Cyrl,deu_Latn,0.010449498708380894,-0.34514473433936166
13,64,devtest,rus_Cyrl,fra_Latn,0.052738767226942124,-0.37306967168128014
13,64,devtest,rus_Cyrl,spa_Latn,0.0006687361773661072,-0.37938165396394563
13,64,devtest,rus_Cyrl,hin_Deva,0.14178274845082622,-0.17425482813690224
13,64,devtest,rus_Cyrl,arb_Arab,0.03726861395758266,-0.31233660019198795
13,64,devtest,rus_Cyrl,zho_Hans,0.0590085274438997,-0.4217675321446272
13,64,devtest,rus_Cyrl,jpn_Jpan,0.030130256899835242,-0.37994800194886647
13,64,devtest,rus_Cyrl,tur_Latn,0.007806478844460165,-0.3203737211631898
13,64,devtest,rus_Cyrl,vie_Latn,-0.07178351034136396,-0.35594035533089674
13,64,devtest,rus_Cyrl,ind_Latn,-0.04790430200553775,-0.3260813594352023
13,64,devtest,hin_Deva,eng_Latn,0.0716555879793945,-0.24436107884675712
13,64,devtest,hin_Deva,deu_Latn,0.05627480134789128,-0.3215937802914774
13,64,devtest,hin_Deva,fra_Latn,0.03528812315133748,-0.318964289889165
13,64,devtest,hin_Deva,spa_Latn,0.03133366962402178,-0.3460323022862986
13,64,devtest,hin_Deva,rus_Cyrl,0.061291395946093896,-0.3413014608078899
13,64,devtest,hin_Deva,arb_Arab,0.01850026777615092,-0.3431989085569441
13,64,devtest,hin_Deva,zho_Hans,0.13176396976721996,-0.28014581486649115
13,64,devtest,hin_Deva,jpn_Jpan,0.10355876616027354,-0.2757616019419429
13,64,devtest,hin_Deva,tur_Latn,0.058899322516906376,-0.36970116878101583
13,64,devtest,hin_Deva,vie_Latn,0.0342606590914606,-0.3024134771617467
13,64,devtest,hin_Deva,ind_Latn,-0.005563403756315506,-0.2789761777382363
13,64,devtest,arb_Arab,eng_Latn,0.1135929837267576,-0.2941684031898798
13,64,devtest,arb_Arab,deu_Latn,0.06257690672451148,-0.34707322499863896
13,64,devtest,arb_Arab,fra_Latn,0.10069508630542098,-0.3472249872010993
13,64,devtest,arb_Arab,spa_Latn,0.13589944582129088,-0.3395127189893066
13,64,devtest,arb_Arab,rus_Cyrl,0.09500562248315558,-0.3779783557746807
13,64,devtest,arb_Arab,hin_Deva,0.13160258427900012,-0.2318153780460712
13,64,devtest,arb_Arab,zho_Hans,0.16132907964234344,-0.3894537396778413
13,64,devtest,arb_Arab,jpn_Jpan,0.08979475785516874,-0.3884530099381038
13,64,devtest,arb_Arab,tur_Latn,0.04120894102794222,-0.361955122376368
13,64,devtest,arb_Arab,vie_Latn,0.04298730395711058,-0.34623314893660434
13,64,devtest,arb_Arab,ind_Latn,0.07294056449755432,-0.3360833119037723
13,64,devtest,zho_Hans,eng_Latn,0.12826519890845262,-0.3449539546612367
13,64,devtest,zho_Hans,deu_Latn,0.24156462263489825,-0.3287065882992173
13,64,devtest,zho_Hans,fra_Latn,0.19920688520828914,-0.3563137225919365
13,64,devtest,zho_Hans,spa_Latn,0.22791716370279516,-0.3813449504169936
13,64,devtest,zho_Hans,rus_Cyrl,0.18772941304177918,-0.39802234039407414
13,64,devtest,zho_Hans,hin_Deva,0.24111171125926226,-0.13032327958069426
13,64,devtest,zho_Hans,arb_Arab,0.277211335556476,-0.31759569494606965
13,64,devtest,zho_Hans,jpn_Jpan,0.17657503585889214,-0.3723930514551137
13,64,devtest,zho_Hans,tur_Latn,0.2616692168462981,-0.2923769966695614
13,64,devtest,zho_Hans,vie_Latn,0.2579468967393216,-0.35403423993790845
13,64,devtest,zho_Hans,ind_Latn,0.236599463401278,-0.3441913890564859
13,64,devtest,jpn_Jpan,eng_Latn,-0.11589501241169792,-0.3403551537751321
13,64,devtest,jpn_Jpan,deu_Latn,0.1137299429968664,-0.3093763870182747
13,64,devtest,jpn_Jpan,fra_Latn,0.12218127665121435,-0.3875897133620632
13,64,devtest,jpn_Jpan,spa_Latn,0.05835879330968962,-0.36404734921970433
13,64,devtest,jpn_Jpan,rus_Cyrl,0.10385901310384649,-0.3579225579197727
13,64,devtest,jpn_Jpan,hin_Deva,0.22462276403303827,-0.1030687075724533
13,64,devtest,jpn_Jpan,arb_Arab,0.20829262900076653,-0.2961514679757555
13,64,devtest,jpn_Jpan,zho_Hans,0.08819798432524271,-0.36672458524316265
13,64,devtest,jpn_Jpan,tur_Latn,0.13775199712758845,-0.3058443279274096
13,64,devtest,jpn_Jpan,vie_Latn,0.060107817490711424,-0.35589913772436194
13,64,devtest,jpn_Jpan,ind_Latn,0.14066274624095093,-0.324466357350195
13,64,devtest,tur_Latn,eng_Latn,0.07633293421859168,-0.34084736667714743
13,64,devtest,tur_Latn,deu_Latn,0.12641714449724867,-0.356950880327668
13,64,devtest,tur_Latn,fra_Latn,0.13059687058458738,-0.37539714359855
13,64,devtest,tur_Latn,spa_Latn,0.12074911445699699,-0.38776549200282845
13,64,devtest,tur_Latn,rus_Cyrl,0.06367305543470358,-0.3886137010900348
13,64,devtest,tur_Latn,hin_Deva,0.17066523178650866,-0.27431507353220946
13,64,devtest,tur_Latn,arb_Arab,0.11792649748801204,-0.366195948943189
13,64,devtest,tur_Latn,zho_Hans,0.1446498071186422,-0.37446669246776854
13,64,devtest,tur_Latn,jpn_Jpan,0.05285610684894225,-0.4009443813810077
13,64,devtest,tur_Latn,vie_Latn,0.012399504298649925,-0.3793630021665858
13,64,devtest,tur_Latn,ind_Latn,0.08311589711407738,-0.38474623851035183
13,64,devtest,vie_Latn,eng_Latn,0.1134251687254041,-0.31120441120781317
13,64,devtest,vie_Latn,deu_Latn,0.05946184592230845,-0.3409397159454357
13,64,devtest,vie_Latn,fra_Latn,0.07349688914376341,-0.3174000221345324
13,64,devtest,vie_Latn,spa_Latn,0.1074552977799148,-0.3412735696101085
13,64,devtest,vie_Latn,rus_Cyrl,0.0069280738307780825,-0.34583165902607343
13,64,devtest,vie_Latn,hin_Deva,0.14356465730087442,-0.14734238395363963
13,64,devtest,vie_Latn,arb_Arab,0.10977216133117523,-0.2810531204177187
13,64,devtest,vie_Latn,zho_Hans,0.13838582044003261,-0.34907222116259096
13,64,devtest,vie_Latn,jpn_Jpan,0.0574528975109373,-0.37934772035621295
13,64,devtest,vie_Latn,tur_Latn,0.0550417319450931,-0.3109242595729791
13,64,devtest,vie_Latn,ind_Latn,0.18444291374995792,-0.2754907681991128
13,64,devtest,ind_Latn,eng_Latn,0.11499200173300736,-0.304115158830182
13,64,devtest,ind_Latn,deu_Latn,0.15845040785084788,-0.2872981295222395
13,64,devtest,ind_Latn,fra_Latn,0.14029674955308308,-0.3225791404845737
13,64,devtest,ind_Latn,spa_Latn,0.1135258431559077,-0.33281832083449275
13,64,devtest,ind_Latn,rus_Cyrl,0.01844450351363077,-0.33258909821876825
13,64,devtest,ind_Latn,hin_Deva,0.09759734960102752,-0.1534248454636493
13,64,devtest,ind_Latn,arb_Arab,0.12691151455820335,-0.290139081460805
13,64,devtest,ind_Latn,zho_Hans,0.1110107070491708,-0.3586445164529351
13,64,devtest,ind_Latn,jpn_Jpan,0.07930429750984218,-0.36066841572069613
13,64,devtest,ind_Latn,tur_Latn,0.09740293546211336,-0.3262440384137837
13,64,devtest,ind_Latn,vie_Latn,0.15168399169417346,-0.29432591893179744
13,128,devtest,eng_Latn,deu_Latn,0.23652087872368707,-0.24545850314258527
13,128,devtest,eng_Latn,fra_Latn,0.17518305844144924,-0.24049146693461523
13,128,devtest,eng_Latn,spa_Latn,0.15676581135111176,-0.30575699138812773
13,128,devtest,eng_Latn,rus_Cyrl,0.10042793677284664,-0.28756105983355185
13,128,devtest,eng_Latn,hin_Deva,0.2447957711065097,-0.0373657073906099
13,128,devtest,eng_Latn,arb_Arab,0.23863843926515932,-0.21765328011559568
13,128,devtest,eng_Latn,zho_Hans,0.08540149883804908,-0.32988079496857886
13,128,devtest,eng_Latn,jpn_Jpan,0.018257873746849885,-0.32667347266981395
13,128,devtest,eng_Latn,tur_Latn,0.19758610156606823,-0.2296989820638047
13,128,devtest,eng_Latn,vie_Latn,0.23787961837484617,-0.27868444432661654
13,128,devtest,eng_Latn,ind_Latn,0.2336163071293294,-0.24105006264996998
13,128,devtest,deu_Latn,eng_Latn,0.09344277608188555,-0.34042122264509034
13,128,devtest,deu_Latn,fra_Latn,0.10975383329345345,-0.3486997479033279
13,128,devtest,deu_Latn,spa_Latn,0.16716853455601371,-0.3979650440089173
13,128,devtest,deu_Latn,rus_Cyrl,0.058904620921651205,-0.41472629309016207
13,128,devtest,deu_Latn,hin_Deva,0.17851614708447924,-0.2012444590115252
13,128,devtest,deu_Latn,arb_Arab,0.10444882569143199,-0.3669371484372338
13,128,devtest,deu_Latn,zho_Hans,0.09593277898365926,-0.39755151756158125
13,128,devtest,deu_Latn,jpn_Jpan,0.0662204476091928,-0.38753357400523375
13,128,devtest,deu_Latn,tur_Latn,0.15676351674194072,-0.3401599231982179
13,128,devtest,deu_Latn,vie_Latn,0.03208531226633555,-0.3820469174940923
13,128,devtest,deu_Latn,ind_Latn,0.16235625783671465,-0.3269042057021654
13,128,devtest,fra_Latn,eng_Latn,0.05611291435631591,-0.3117577650607829
13,128,devtest,fra_Latn,deu_Latn,0.09904514503695393,-0.32320676083140776
13,128,devtest,fra_Latn,spa_Latn,0.12626499354603293,-0.37371911306111144
13,128,devtest,fra_Latn,rus_Cyrl,0.10560733069839055,-0.4029456235241625
13,128,devtest,fra_Latn,hin_Deva,0.16607857373672502,-0.1861511422057262
13,128,devtest,fra_Latn,arb_Arab,0.1392995673570382,-0.3275455635896212
13,128,devtest,fra_Latn,zho_Hans,0.10043366745298785,-0.41798222525516343
13,128,devtest,fra_Latn,jpn_Jpan,0.02998881521250405,-0.4301986963346836
13,128,devtest,fra_Latn,tur_Latn,0.09775844984521047,-0.32616872930483753
13,128,devtest,fra_Latn,vie_Latn,0.02766450823340438,-0.36892827272292944
13,128,devtest,fra_Latn,ind_Latn,0.11463146588965333,-0.3458049561502493
13,128,devtest,spa_Latn,eng_Latn,0.02717189956076241,-0.37323284895532055
13,128,devtest,spa_Latn,deu_Latn,0.14566658325921888,-0.3681321061926231
13,128,devtest,spa_Latn,fra_Latn,0.12992405802222942,-0.3673671221278174
13,128,devtest,spa_Latn,rus_Cyrl,0.041521955632469514,-0.4182188038730948
13,128,devtest,spa_Latn,hin_Deva,0.15493536932551674,-0.1837085606561684
13,128,devtest,spa_Latn,arb_Arab,0.17105124453180826,-0.3196534236616447
13,128,devtest,spa_Latn,zho_Hans,0.10080606244412617,-0.41749390254344604
13,128,devtest,spa_Latn,jpn_Jpan,-0.02354985487780134,-0.40052330225349203
13,128,devtest,spa_Latn,tur_Latn,0.13607657380438487,-0.33219253634435375
13,128,devtest,spa_Latn,vie_Latn,0.02954244786505202,-0.364599828468577
13,128,devtest,spa_Latn,ind_Latn,0.08365835714896379,-0.3486170681848661
13,128,devtest,rus_Cyrl,eng_Latn,-0.05852340030091112,-0.35667896695220697
13,128,devtest,rus_Cyrl,deu_Latn,-0.011984661089675611,-0.37595759765188946
13,128,devtest,rus_Cyrl,fra_Latn,0.054981556018834955,-0.4007500086767406
13,128,devtest,rus_Cyrl,spa_Latn,-0.009832679044437378,-0.4205810209745523
13,128,devtest,rus_Cyrl,hin_Deva,0.19008491211554784,-0.17170402730498308
13,128,devtest,rus_Cyrl,arb_Arab,0.027185263214412222,-0.33138129829709084
13,128,devtest,rus_Cyrl,zho_Hans,0.06471607157438354,-0.4492460989961802
13,128,devtest,rus_Cyrl,jpn_Jpan,-9.68932471657338e-05,-0.41643664886435056
13,128,devtest,rus_Cyrl,tur_Latn,-0.017746937248401217,-0.3372371285330726
13,128,devtest,rus_Cyrl,vie_Latn,-0.08673450498430252,-0.38065242203863225
13,128,devtest,rus_Cyrl,ind_Latn,-0.048636700474835835,-0.3684147976686153
13,128,devtest,hin_Deva,eng_Latn,0.0894551985774945,-0.2552695695934404
13,128,devtest,hin_Deva,deu_Latn,0.05399279341911589,-0.3453966800588732
13,128,devtest,hin_Deva,fra_Latn,0.042636593106322784,-0.3686357489922317
13,128,devtest,hin_Deva,spa_Latn,0.02058612589657878,-0.366762827804861
13,128,devtest,hin_Deva,rus_Cyrl,0.09210823719608949,-0.3609449521653576
13,128,devtest,hin_Deva,arb_Arab,0.0010695576275438418,-0.3681900159637557
13,128,devtest,hin_Deva,zho_Hans,0.12676883910294093,-0.31076689262784646
13,128,devtest,hin_Deva,jpn_Jpan,0.11444807289750965,-0.29831446662555755
13,128,devtest,hin_Deva,tur_Latn,0.03209458520713745,-0.3983752478909068
13,128,devtest,hin_Deva,vie_Latn,0.03882229750061449,-0.33875958539397777
13,128,devtest,hin_Deva,ind_Latn,0.019233266697093035,-0.31035746753841353
13,128,devtest,arb_Arab,eng_Latn,0.07801114253144804,-0.3614662758660288
13,128,devtest,arb_Arab,deu_Latn,0.05124917766338153,-0.40779490430885523
13,128,devtest,arb_Arab,fra_Latn,0.10790086410277624,-0.3899150366635566
13,128,devtest,arb_Arab,spa_Latn,0.13079555524924585,-0.38553093286819157
13,128,devtest,arb_Arab,rus_Cyrl,0.09298307803881563,-0.40717238647185416
13,128,devtest,arb_Arab,hin_Deva,0.14900061478126328,-0.242286493186651
13,128,devtest,arb_Arab,zho_Hans,0.15198321585205296,-0.43143507718394586
13,128,devtest,arb_Arab,jpn_Jpan,0.07656564458453229,-0.4227455120366503
13,128,devtest,arb_Arab,tur_Latn,0.02897765670493509,-0.3854953797916727
13,128,devtest,arb_Arab,vie_Latn,0.05095604246811896,-0.3906221618938329
13,128,devtest,arb_Arab,ind_Latn,0.06654865096697106,-0.3715136794098448
13,128,devtest,zho_Hans,eng_Latn,0.1435828496839952,-0.39617050840464024
13,128,devtest,zho_Hans,deu_Latn,0.2716474025661053,-0.3532707806880108
13,128,devtest,zho_Hans,fra_Latn,0.24760512607056054,-0.40101185093662767
13,128,devtest,zho_Hans,spa_Latn,0.2705900891817248,-0.40717051292854006
13,128,devtest,zho_Hans,rus_Cyrl,0.22271571559844483,-0.4268815356301309
13,128,devtest,zho_Hans,hin_Deva,0.2713574903446641,-0.1354706809414967
13,128,devtest,zho_Hans,arb_Arab,0.30393298104595035,-0.34561979962580275
13,128,devtest,zho_Hans,jpn_Jpan,0.2070085358084716,-0.4040461564591594
13,128,devtest,zho_Hans,tur_Latn,0.2906309598463546,-0.3176231772597283
13,128,devtest,zho_Hans,vie_Latn,0.3106344717947544,-0.376787881687627
13,128,devtest,zho_Hans,ind_Latn,0.276732257637243,-0.36752084643680216
13,128,devtest,jpn_Jpan,eng_Latn,-0.12749185575142263,-0.36788544546943897
13,128,devtest,jpn_Jpan,deu_Latn,0.13109737334065483,-0.3351644260722841
13,128,devtest,jpn_Jpan,fra_Latn,0.12766281472528918,-0.3912364278601899
13,128,devtest,jpn_Jpan,spa_Latn,0.05785394071690365,-0.3777930758689766
13,128,devtest,jpn_Jpan,rus_Cyrl,0.09885251465041023,-0.3937583781408673
13,128,devtest,jpn_Jpan,hin_Deva,0.2621201686274557,-0.10344597517422378
13,128,devtest,jpn_Jpan,arb_Arab,0.2122811573540925,-0.32063226703357234
13,128,devtest,jpn_Jpan,zho_Hans,0.0885816087979423,-0.38975193457954793
13,128,devtest,jpn_Jpan,tur_Latn,0.16027385935860747,-0.31655905241193627
13,128,devtest,jpn_Jpan,vie_Latn,0.043283917600823056,-0.388839512768756
13,128,devtest,jpn_Jpan,ind_Latn,0.1552627855952603,-0.34452115556543017
13,128,devtest,tur_Latn,eng_Latn,0.06626992500020878,-0.37078698411885236
13,128,devtest,tur_Latn,deu_Latn,0.13057644876163282,-0.3902837184557571
13,128,devtest,tur_Latn,fra_Latn,0.11617691183028847,-0.4046393665503809
13,128,devtest,tur_Latn,spa_Latn,0.11768261870899235,-0.4135495282823026
13,128,devtest,tur_Latn,rus_Cyrl,0.046247128113323724,-0.4144848452527175
13,128,devtest,tur_Latn,hin_Deva,0.18055465116917754,-0.29224778497239384
13,128,devtest,tur_Latn,arb_Arab,0.10570778228718447,-0.3982231974189872
13,128,devtest,tur_Latn,zho_Hans,0.14984014897315093,-0.4111131653895528
13,128,devtest,tur_Latn,jpn_Jpan,0.056880222750651126,-0.42960338530850994
13,128,devtest,tur_Latn,vie_Latn,-0.0015723097632407783,-0.3954127680911195
13,128,devtest,tur_Latn,ind_Latn,0.09430228108772729,-0.3913691244994169
13,128,devtest,vie_Latn,eng_Latn,0.10671923976513029,-0.3345223580730258
13,128,devtest,vie_Latn,deu_Latn,0.07476604221714372,-0.34812730262044816
13,128,devtest,vie_Latn,fra_Latn,0.0846788046014892,-0.3411078204303763
13,128,devtest,vie_Latn,spa_Latn,0.0949288385815466,-0.3554807736499966
13,128,devtest,vie_Latn,rus_Cyrl,0.019218148016712382,-0.371557994380923
13,128,devtest,vie_Latn,hin_Deva,0.17582651724179732,-0.16045009334486104
13,128,devtest,vie_Latn,arb_Arab,0.13718454654624318,-0.31782326125599364
13,128,devtest,vie_Latn,zho_Hans,0.1646179882868509,-0.37633595007148857
13,128,devtest,vie_Latn,jpn_Jpan,0.037573571733940436,-0.4147435124484981
13,128,devtest,vie_Latn,tur_Latn,0.06264900745745175,-0.32054840482998975
13,128,devtest,vie_Latn,ind_Latn,0.17536097895386785,-0.3044013348895871
13,128,devtest,ind_Latn,eng_Latn,0.11104539760990136,-0.3195691677050333
13,128,devtest,ind_Latn,deu_Latn,0.16603902111832042,-0.3189075499020266
13,128,devtest,ind_Latn,fra_Latn,0.12220736646734098,-0.3536771593179624
13,128,devtest,ind_Latn,spa_Latn,0.11982174812734765,-0.3681222933690039
13,128,devtest,ind_Latn,rus_Cyrl,0.028471429637856704,-0.3805962182938948
13,128,devtest,ind_Latn,hin_Deva,0.1337464368338208,-0.1710880925920067
13,128,devtest,ind_Latn,arb_Arab,0.1398749295437292,-0.3190144975833149
13,128,devtest,ind_Latn,zho_Hans,0.12941452344153384,-0.3934885692899086
13,128,devtest,ind_Latn,jpn_Jpan,0.08064443801499822,-0.39200203365178043
13,128,devtest,ind_Latn,tur_Latn,0.1085886651732278,-0.3331315392516147
13,128,devtest,ind_Latn,vie_Latn,0.13360423676768435,-0.33187842464386136
13,256,devtest,eng_Latn,deu_Latn,0.2562016291605372,-0.2575573484884019
13,256,devtest,eng_Latn,fra_Latn,0.1907360312439785,-0.2581994727283057
13,256,devtest,eng_Latn,spa_Latn,0.18188233192726905,-0.32794868393224547
13,256,devtest,eng_Latn,rus_Cyrl,0.12304965338628714,-0.31800339819258905
13,256,devtest,eng_Latn,hin_Deva,0.27251628499966407,-0.0335182011498171
13,256,devtest,eng_Latn,arb_Arab,0.25939045312299164,-0.2269930699214307
13,256,devtest,eng_Latn,zho_Hans,0.07475788936104161,-0.3544801467025181
13,256,devtest,eng_Latn,jpn_Jpan,0.03171055605815949,-0.3413266634574896
13,256,devtest,eng_Latn,tur_Latn,0.20982251171527266,-0.23982466258378918
13,256,devtest,eng_Latn,vie_Latn,0.24920458605433238,-0.2979448379937817
13,256,devtest,eng_Latn,ind_Latn,0.24673064867758343,-0.28166892983673847
13,256,devtest,deu_Latn,eng_Latn,0.08753680142522825,-0.3731688918073839
13,256,devtest,deu_Latn,fra_Latn,0.10712543441480084,-0.37697189757154376
13,256,devtest,deu_Latn,spa_Latn,0.17005520068911364,-0.42188590249504343
13,256,devtest,deu_Latn,rus_Cyrl,0.06407829217977594,-0.4456815947393024
13,256,devtest,deu_Latn,hin_Deva,0.2036449453743627,-0.20441429903949002
13,256,devtest,deu_Latn,arb_Arab,0.10730731935781129,-0.3822563036513112
13,256,devtest,deu_Latn,zho_Hans,0.10292606196452045,-0.4383122309360286
13,256,devtest,deu_Latn,jpn_Jpan,0.04422639287131275,-0.42508632354968606
13,256,devtest,deu_Latn,tur_Latn,0.14817401879038192,-0.3561831976102349
13,256,devtest,deu_Latn,vie_Latn,0.026316481239316798,-0.4061851871951704
13,256,devtest,deu_Latn,ind_Latn,0.1498522964127195,-0.3621056589602138
13,256,devtest,fra_Latn,eng_Latn,0.0504106034386812,-0.3402173991982423
13,256,devtest,fra_Latn,deu_Latn,0.09362618400153914,-0.3400869572405211
13,256,devtest,fra_Latn,spa_Latn,0.13455871360090896,-0.40762612940554904
13,256,devtest,fra_Latn,rus_Cyrl,0.10872622098347634,-0.42539245957094257
13,256,devtest,fra_Latn,hin_Deva,0.1890699892815667,-0.1776751975412234
13,256,devtest,fra_Latn,arb_Arab,0.13825225185002638,-0.3485702552645847
13,256,devtest,fra_Latn,zho_Hans,0.10374450246631825,-0.44340428602146537
13,256,devtest,fra_Latn,jpn_Jpan,0.021400317643579896,-0.44659499056467405
13,256,devtest,fra_Latn,tur_Latn,0.10711992685453399,-0.3378108915058177
13,256,devtest,fra_Latn,vie_Latn,0.009623532641421755,-0.4082874893211256
13,256,devtest,fra_Latn,ind_Latn,0.10972000149563621,-0.36925874067731707
13,256,devtest,spa_Latn,eng_Latn,0.027776901602928512,-0.4164581157077302
13,256,devtest,spa_Latn,deu_Latn,0.15462983909069783,-0.3872080482886685
13,256,devtest,spa_Latn,fra_Latn,0.14293902663774607,-0.4052347305454451
13,256,devtest,spa_Latn,rus_Cyrl,0.05902874312856083,-0.44587714338653367
13,256,devtest,spa_Latn,hin_Deva,0.19206451916639522,-0.18816439560126563
13,256,devtest,spa_Latn,arb_Arab,0.17818653448053837,-0.3527237143566044
13,256,devtest,spa_Latn,zho_Hans,0.09122893639085398,-0.4739323999672537
13,256,devtest,spa_Latn,jpn_Jpan,-0.04467671025696511,-0.41929570987961934
13,256,devtest,spa_Latn,tur_Latn,0.13136273307735205,-0.3405037133590794
13,256,devtest,spa_Latn,vie_Latn,0.027346473742995342,-0.39277253123749284
13,256,devtest,spa_Latn,ind_Latn,0.08708248644831049,-0.37643602827105754
13,256,devtest,rus_Cyrl,eng_Latn,-0.06594393891569851,-0.4063892199430657
13,256,devtest,rus_Cyrl,deu_Latn,-0.02072873323685857,-0.39844863589774476
13,256,devtest,rus_Cyrl,fra_Latn,0.040206922451938416,-0.42632485569578454
13,256,devtest,rus_Cyrl,spa_Latn,-0.008995365055494016,-0.4482889362757435
13,256,devtest,rus_Cyrl,hin_Deva,0.22241829016500816,-0.1718062939175489
13,256,devtest,rus_Cyrl,arb_Arab,0.014092369395059921,-0.36266984202734615
13,256,devtest,rus_Cyrl,zho_Hans,0.06931727232002018,-0.48812999857007316
13,256,devtest,rus_Cyrl,jpn_Jpan,-0.01853450240348365,-0.4412012555127799
13,256,devtest,rus_Cyrl,tur_Latn,-0.029792023087828478,-0.3537389460675867
13,256,devtest,rus_Cyrl,vie_Latn,-0.09727139407614384,-0.4217567631656987
13,256,devtest,rus_Cyrl,ind_Latn,-0.0743831018061431,-0.3960822502872099
13,256,devtest,hin_Deva,eng_Latn,0.081420439094485,-0.27900028879057803
13,256,devtest,hin_Deva,deu_Latn,0.04925666654924996,-0.3610658293993786
13,256,devtest,hin_Deva,fra_Latn,0.03141207081143143,-0.38070145238999975
13,256,devtest,hin_Deva,spa_Latn,0.02822105332118865,-0.3907652492641642
13,256,devtest,hin_Deva,rus_Cyrl,0.08487042748208151,-0.37609851372334396
13,256,devtest,hin_Deva,arb_Arab,0.0024486538108196157,-0.36649971105136414
13,256,devtest,hin_Deva,zho_Hans,0.1441036903032517,-0.32891340605194086
13,256,devtest,hin_Deva,jpn_Jpan,0.1171224599003462,-0.3149709988423099
13,256,devtest,hin_Deva,tur_Latn,0.040185998860328406,-0.4003646259090039
13,256,devtest,hin_Deva,vie_Latn,0.03902360848703895,-0.35928805103244116
13,256,devtest,hin_Deva,ind_Latn,0.012422554168159818,-0.33126538849342724
13,256,devtest,arb_Arab,eng_Latn,0.0727403474357487,-0.39187140331103687
13,256,devtest,arb_Arab,deu_Latn,0.04914063287570642,-0.42967304909012816
13,256,devtest,arb_Arab,fra_Latn,0.10699013945813364,-0.42235404181801056
13,256,devtest,arb_Arab,spa_Latn,0.12893759011540087,-0.4255613438700077
13,256,devtest,arb_Arab,rus_Cyrl,0.0956754172525517,-0.4449549575009017
13,256,devtest,arb_Arab,hin_Deva,0.19034494833061527,-0.23539123547329607
13,256,devtest,arb_Arab,zho_Hans,0.13609781207480398,-0.4531370621980993
13,256,devtest,arb_Arab,jpn_Jpan,0.05847865428393146,-0.4536595330792552
13,256,devtest,arb_Arab,tur_Latn,0.025108735001305272,-0.39293544244824197
13,256,devtest,arb_Arab,vie_Latn,0.0352852562861477,-0.41495360279079435
13,256,devtest,arb_Arab,ind_Latn,0.07200521748165234,-0.40430504853961846
13,256,devtest,zho_Hans,eng_Latn,0.13794804291335244,-0.43858614352252295
13,256,devtest,zho_Hans,deu_Latn,0.31599488934317443,-0.3782496527028814
13,256,devtest,zho_Hans,fra_Latn,0.2855322358466454,-0.4260308559166192
13,256,devtest,zho_Hans,spa_Latn,0.3046504660753972,-0.45334540000119145
13,256,devtest,zho_Hans,rus_Cyrl,0.2594926582630984,-0.4540411810649604
13,256,devtest,zho_Hans,hin_Deva,0.3190104905041019,-0.13462253079797085
13,256,devtest,zho_Hans,arb_Arab,0.33327748117856143,-0.3543726843168138
13,256,devtest,zho_Hans,jpn_Jpan,0.23480257896953394,-0.4302527413372001
13,256,devtest,zho_Hans,tur_Latn,0.31586792595315577,-0.3416826286139921
13,256,devtest,zho_Hans,vie_Latn,0.34228084690333865,-0.413142357253577
13,256,devtest,zho_Hans,ind_Latn,0.3049517121640147,-0.4000239648798657
13,256,devtest,jpn_Jpan,eng_Latn,-0.1380905916068142,-0.39377691459254177
13,256,devtest,jpn_Jpan,deu_Latn,0.13255751553659675,-0.36251734539611163
13,256,devtest,jpn_Jpan,fra_Latn,0.14085235247876432,-0.40833808808094485
13,256,devtest,jpn_Jpan,spa_Latn,0.053840634129983925,-0.39512273342662113
13,256,devtest,jpn_Jpan,rus_Cyrl,0.11103560883674209,-0.41468971797782106
13,256,devtest,jpn_Jpan,hin_Deva,0.29709788880423027,-0.10705933701246456
13,256,devtest,jpn_Jpan,arb_Arab,0.22183553430700395,-0.3435770981433519
13,256,devtest,jpn_Jpan,zho_Hans,0.08812285726295914,-0.4231454873613337
13,256,devtest,jpn_Jpan,tur_Latn,0.16909773869447522,-0.33423454580828593
13,256,devtest,jpn_Jpan,vie_Latn,0.04660493275650939,-0.39611488408191353
13,256,devtest,jpn_Jpan,ind_Latn,0.16450581766293934,-0.35869123362925814
13,256,devtest,tur_Latn,eng_Latn,0.049729732690702584,-0.40910627944209177
13,256,devtest,tur_Latn,deu_Latn,0.11519340236968151,-0.40916874572584344
13,256,devtest,tur_Latn,fra_Latn,0.11795344538503373,-0.4299315067062968
13,256,devtest,tur_Latn,spa_Latn,0.10128902183984015,-0.43795573948048516
13,256,devtest,tur_Latn,rus_Cyrl,0.050402506904244776,-0.44566911254508584
13,256,devtest,tur_Latn,hin_Deva,0.22274228200350601,-0.290763244154559
13,256,devtest,tur_Latn,arb_Arab,0.10665633126906018,-0.41074848066989456
13,256,devtest,tur_Latn,zho_Hans,0.1319317692731735,-0.4525423448862604
13,256,devtest,tur_Latn,jpn_Jpan,0.03176484480480779,-0.45499310077025834
13,256,devtest,tur_Latn,vie_Latn,-0.02348721332330346,-0.41481595833687307
13,256,devtest,tur_Latn,ind_Latn,0.07758783609416801,-0.407458970573109
13,256,devtest,vie_Latn,eng_Latn,0.09205585251525161,-0.36614137375559186
13,256,devtest,vie_Latn,deu_Latn,0.08099365186906686,-0.3595263259236519
13,256,devtest,vie_Latn,fra_Latn,0.08427597380587902,-0.3761685842323002
13,256,devtest,vie_Latn,spa_Latn,0.09393128694487074,-0.3744634986804785
13,256,devtest,vie_Latn,rus_Cyrl,0.03345843575573063,-0.4072322110431879
13,256,devtest,vie_Latn,hin_Deva,0.2081528911768743,-0.1605011892060817
13,256,devtest,vie_Latn,arb_Arab,0.1446350775156987,-0.3306795474513802
13,256,devtest,vie_Latn,zho_Hans,0.15564878638232488,-0.41472830396313193
13,256,devtest,vie_Latn,jpn_Jpan,0.023934930823061532,-0.41936385762179185
13,256,devtest,vie_Latn,tur_Latn,0.06238098386109911,-0.3210974000481364
13,256,devtest,vie_Latn,ind_Latn,0.18457634040681706,-0.326650576626031
13,256,devtest,ind_Latn,eng_Latn,0.10244091740771291,-0.3779061902410994
13,256,devtest,ind_Latn,deu_Latn,0.16134012386874566,-0.3465033407524212
13,256,devtest,ind_Latn,fra_Latn,0.11765996515827051,-0.37569168198411224
13,256,devtest,ind_Latn,spa_Latn,0.11936316723958057,-0.391916813352346
13,256,devtest,ind_Latn,rus_Cyrl,0.01864210433696276,-0.40945917723096437
13,256,devtest,ind_Latn,hin_Deva,0.16262061950165116,-0.17275724115660185
13,256,devtest,ind_Latn,arb_Arab,0.14916722245216618,-0.34000876749814174
13,256,devtest,ind_Latn,zho_Hans,0.12029597136388138,-0.42803298673937795
13,256,devtest,ind_Latn,jpn_Jpan,0.06944961382698757,-0.40512633409360216
13,256,devtest,ind_Latn,tur_Latn,0.09675266219113317,-0.3389701449469997
13,256,devtest,ind_Latn,vie_Latn,0.12875738390980623,-0.3572803846679051
14,64,devtest,eng_Latn,deu_Latn,0.20952400302331586,-0.2501376785973103
14,64,devtest,eng_Latn,fra_Latn,0.18197401956219267,-0.2256645507562782
14,64,devtest,eng_Latn,spa_Latn,0.15188313925225763,-0.27358686006190347
14,64,devtest,eng_Latn,rus_Cyrl,0.12010999312490944,-0.2739062658424547
14,64,devtest,eng_Latn,hin_Deva,0.19907814994959777,-0.0782861003440358
14,64,devtest,eng_Latn,arb_Arab,0.23413967135467834,-0.18262866885308668
14,64,devtest,eng_Latn,zho_Hans,0.07772212727198102,-0.30929893986415585
14,64,devtest,eng_Latn,jpn_Jpan,0.01559329267296481,-0.30717114117053146
14,64,devtest,eng_Latn,tur_Latn,0.17924813035267154,-0.23368872286089892
14,64,devtest,eng_Latn,vie_Latn,0.23086959454024006,-0.25882236834391226
14,64,devtest,eng_Latn,ind_Latn,0.21949021798567928,-0.2387409704403689
14,64,devtest,deu_Latn,eng_Latn,0.09272573689263083,-0.31916258017746507
14,64,devtest,deu_Latn,fra_Latn,0.11780071840252175,-0.31004061162444563
14,64,devtest,deu_Latn,spa_Latn,0.15969322379877796,-0.35456784673080055
14,64,devtest,deu_Latn,rus_Cyrl,0.061428055447849815,-0.37612537649979555
14,64,devtest,deu_Latn,hin_Deva,0.15044645035567408,-0.20754860478218368
14,64,devtest,deu_Latn,arb_Arab,0.09530542195940953,-0.3204201212228918
14,64,devtest,deu_Latn,zho_Hans,0.10126641005998212,-0.3704411943529575
14,64,devtest,deu_Latn,jpn_Jpan,0.05635488280679454,-0.3538216047343959
14,64,devtest,deu_Latn,tur_Latn,0.15167608067587832,-0.31720217524017963
14,64,devtest,deu_Latn,vie_Latn,0.047213195977227986,-0.3723310295474228
14,64,devtest,deu_Latn,ind_Latn,0.15640763034063132,-0.2956580238866472
14,64,devtest,fra_Latn,eng_Latn,0.08555197958125325,-0.27988996880268835
14,64,devtest,fra_Latn,deu_Latn,0.11040354024137747,-0.29133060521534304
14,64,devtest,fra_Latn,spa_Latn,0.13264095263913095,-0.3461627097325366
14,64,devtest,fra_Latn,rus_Cyrl,0.09273233058900382,-0.37451812489013353
14,64,devtest,fra_Latn,hin_Deva,0.13683839501891878,-0.19999674245894808
14,64,devtest,fra_Latn,arb_Arab,0.13466682177339004,-0.30757013649700443
14,64,devtest,fra_Latn,zho_Hans,0.09036275584022575,-0.3829940189280794
14,64,devtest,fra_Latn,jpn_Jpan,0.05958511436502588,-0.41486659382042435
14,64,devtest,fra_Latn,tur_Latn,0.10673815093307602,-0.31446025417794315
14,64,devtest,fra_Latn,vie_Latn,0.04926471605266169,-0.33487647421441963
14,64,devtest,fra_Latn,ind_Latn,0.1368982464792897,-0.29489110183381795
14,64,devtest,spa_Latn,eng_Latn,0.052794737310605834,-0.33279481756784235
14,64,devtest,spa_Latn,deu_Latn,0.13125609417325848,-0.3387180625555163
14,64,devtest,spa_Latn,fra_Latn,0.13054067764295677,-0.34479047765814397
14,64,devtest,spa_Latn,rus_Cyrl,0.023584046839275053,-0.3877970614340363
14,64,devtest,spa_Latn,hin_Deva,0.1196132647725142,-0.21492314113378952
14,64,devtest,spa_Latn,arb_Arab,0.16293063802184066,-0.29431221791456225
14,64,devtest,spa_Latn,zho_Hans,0.10217666718874853,-0.3971957073458446
14,64,devtest,spa_Latn,jpn_Jpan,-0.01237740482063476,-0.37913158383492557
14,64,devtest,spa_Latn,tur_Latn,0.1292699821324641,-0.332083223468867
14,64,devtest,spa_Latn,vie_Latn,0.058497665759646586,-0.3393648109362491
14,64,devtest,spa_Latn,ind_Latn,0.08491214198412601,-0.32649855441697945
14,64,devtest,rus_Cyrl,eng_Latn,-0.02425900827764743,-0.3407942117517695
14,64,devtest,rus_Cyrl,deu_Latn,0.01321989126980518,-0.3539241533452905
14,64,devtest,rus_Cyrl,fra_Latn,0.05483959065274288,-0.3767655845515756
14,64,devtest,rus_Cyrl,spa_Latn,-0.017476341714605513,-0.38446017612422767
14,64,devtest,rus_Cyrl,hin_Deva,0.13772447087390433,-0.2096244235629441
14,64,devtest,rus_Cyrl,arb_Arab,0.047901042867086525,-0.3115062147789736
14,64,devtest,rus_Cyrl,zho_Hans,0.05433392979592819,-0.420587583693798
14,64,devtest,rus_Cyrl,jpn_Jpan,0.032076805589983194,-0.36449485419153843
14,64,devtest,rus_Cyrl,tur_Latn,0.021809981107024194,-0.3286615166856512
14,64,devtest,rus_Cyrl,vie_Latn,-0.06358631827983505,-0.35001277369515243
14,64,devtest,rus_Cyrl,ind_Latn,-0.05271364818189278,-0.3241068310572136
14,64,devtest,hin_Deva,eng_Latn,0.07328546373050823,-0.2545136256300522
14,64,devtest,hin_Deva,deu_Latn,0.04574602450494613,-0.3216186160822583
14,64,devtest,hin_Deva,fra_Latn,0.04149790239881148,-0.33702541186476526
14,64,devtest,hin_Deva,spa_Latn,0.016295988974672812,-0.3558628047599128
14,64,devtest,hin_Deva,rus_Cyrl,0.06620655351763173,-0.34912135708427317
14,64,devtest,hin_Deva,arb_Arab,0.012352608198314522,-0.3660334058674149
14,64,devtest,hin_Deva,zho_Hans,0.13471739699213225,-0.2964613465959341
14,64,devtest,hin_Deva,jpn_Jpan,0.09779317569933903,-0.2852667922159539
14,64,devtest,hin_Deva,tur_Latn,0.0639096778499011,-0.3691108306162148
14,64,devtest,hin_Deva,vie_Latn,0.029935662690475807,-0.31430222085491233
14,64,devtest,hin_Deva,ind_Latn,-0.0005639218566235867,-0.2936030125218422
14,64,devtest,arb_Arab,eng_Latn,0.10587370183114615,-0.2948851472728291
14,64,devtest,arb_Arab,deu_Latn,0.055543854146496686,-0.36541452565236676
14,64,devtest,arb_Arab,fra_Latn,0.11800126885599822,-0.36262886290237506
14,64,devtest,arb_Arab,spa_Latn,0.1318047382706886,-0.34402024510313967
14,64,devtest,arb_Arab,rus_Cyrl,0.1076372225551498,-0.37034841472569907
14,64,devtest,arb_Arab,hin_Deva,0.1185825366453596,-0.2747354509730464
14,64,devtest,arb_Arab,zho_Hans,0.15346672185788704,-0.3969278246790688
14,64,devtest,arb_Arab,jpn_Jpan,0.07611066350147379,-0.387170473806717
14,64,devtest,arb_Arab,tur_Latn,0.05608036628050789,-0.3779492822866371
14,64,devtest,arb_Arab,vie_Latn,0.039892338492361165,-0.3472442596146139
14,64,devtest,arb_Arab,ind_Latn,0.07382686560521437,-0.3360885996924514
14,64,devtest,zho_Hans,eng_Latn,0.11944981130832792,-0.3670840579241399
14,64,devtest,zho_Hans,deu_Latn,0.23963874421512282,-0.35198763835012203
14,64,devtest,zho_Hans,fra_Latn,0.20085728469686742,-0.3733235072759192
14,64,devtest,zho_Hans,spa_Latn,0.23360608432748953,-0.39094105364011544
14,64,devtest,zho_Hans,rus_Cyrl,0.18812894506764546,-0.40316855734536083
14,64,devtest,zho_Hans,hin_Deva,0.2352858756385541,-0.16895388334591321
14,64,devtest,zho_Hans,arb_Arab,0.27390986906708087,-0.32856662051773405
14,64,devtest,zho_Hans,jpn_Jpan,0.17295126808650318,-0.3766342110710013
14,64,devtest,zho_Hans,tur_Latn,0.25269675147521464,-0.3178294879245614
14,64,devtest,zho_Hans,vie_Latn,0.26087481692987136,-0.3613828763675407
14,64,devtest,zho_Hans,ind_Latn,0.22902163760184707,-0.3449343491064558
14,64,devtest,jpn_Jpan,eng_Latn,-0.10668919146829162,-0.34053108841806856
14,64,devtest,jpn_Jpan,deu_Latn,0.10997582014548155,-0.324673072550096
14,64,devtest,jpn_Jpan,fra_Latn,0.13074187131296852,-0.38281276378149937
14,64,devtest,jpn_Jpan,spa_Latn,0.048725552556535004,-0.3593989619934499
14,64,devtest,jpn_Jpan,rus_Cyrl,0.09992419900376351,-0.35021434551557884
14,64,devtest,jpn_Jpan,hin_Deva,0.21882126946577693,-0.1351698576553353
14,64,devtest,jpn_Jpan,arb_Arab,0.19297942134637514,-0.30070825587183425
14,64,devtest,jpn_Jpan,zho_Hans,0.07885396549673147,-0.3658278209239181
14,64,devtest,jpn_Jpan,tur_Latn,0.13797806266344934,-0.315089702971292
14,64,devtest,jpn_Jpan,vie_Latn,0.05142997141160473,-0.35926793846479554
14,64,devtest,jpn_Jpan,ind_Latn,0.13457550164468843,-0.32766470081008064
14,64,devtest,tur_Latn,eng_Latn,0.08406774452550932,-0.34068410266414334
14,64,devtest,tur_Latn,deu_Latn,0.13900585989981296,-0.363831511467094
14,64,devtest,tur_Latn,fra_Latn,0.12483653441273924,-0.3788365751805305
14,64,devtest,tur_Latn,spa_Latn,0.1315577657176053,-0.38908745931055405
14,64,devtest,tur_Latn,rus_Cyrl,0.06995122873473081,-0.38737426569351335
14,64,devtest,tur_Latn,hin_Deva,0.16360450594103,-0.28811313686679074
14,64,devtest,tur_Latn,arb_Arab,0.12469434487077594,-0.3730539615461918
14,64,devtest,tur_Latn,zho_Hans,0.14645226063942166,-0.3877560659324183
14,64,devtest,tur_Latn,jpn_Jpan,0.06155896131792042,-0.3964716000045941
14,64,devtest,tur_Latn,vie_Latn,0.004239959143225683,-0.3755038769719733
14,64,devtest,tur_Latn,ind_Latn,0.08252071506455702,-0.37682850787537786
14,64,devtest,vie_Latn,eng_Latn,0.13007326450890558,-0.30849879343581826
14,64,devtest,vie_Latn,deu_Latn,0.07582565461947022,-0.3549644737110461
14,64,devtest,vie_Latn,fra_Latn,0.08255616455818571,-0.3195938629396681
14,64,devtest,vie_Latn,spa_Latn,0.10947301465526797,-0.33370544562362936
14,64,devtest,vie_Latn,rus_Cyrl,0.016082915440251463,-0.3404369489450838
14,64,devtest,vie_Latn,hin_Deva,0.13583977803926833,-0.1843439734674081
14,64,devtest,vie_Latn,arb_Arab,0.10705963788396652,-0.2850080635207506
14,64,devtest,vie_Latn,zho_Hans,0.14702221559184014,-0.3529196555417319
14,64,devtest,vie_Latn,jpn_Jpan,0.049127917904623356,-0.3811672449134979
14,64,devtest,vie_Latn,tur_Latn,0.04167061171428142,-0.32169373651488603
14,64,devtest,vie_Latn,ind_Latn,0.18913970576633135,-0.27437910189653764
14,64,devtest,ind_Latn,eng_Latn,0.11513588870349278,-0.2974319775503584
14,64,devtest,ind_Latn,deu_Latn,0.1737622032597521,-0.29269263412404134
14,64,devtest,ind_Latn,fra_Latn,0.1448518406347132,-0.2976121915012215
14,64,devtest,ind_Latn,spa_Latn,0.12134681154585714,-0.33966278289152935
14,64,devtest,ind_Latn,rus_Cyrl,0.01177455664584742,-0.33596215292564346
14,64,devtest,ind_Latn,hin_Deva,0.09263533513030664,-0.19022845399307461
14,64,devtest,ind_Latn,arb_Arab,0.13024170942521113,-0.28733589892326855
14,64,devtest,ind_Latn,zho_Hans,0.10605574055485245,-0.35578768904405844
14,64,devtest,ind_Latn,jpn_Jpan,0.07887408785454886,-0.3630338180979302
14,64,devtest,ind_Latn,tur_Latn,0.09703852859966043,-0.3336674905576756
14,64,devtest,ind_Latn,vie_Latn,0.16146730083546892,-0.2916476316382318
14,128,devtest,eng_Latn,deu_Latn,0.2276335954969863,-0.2539634550329443
14,128,devtest,eng_Latn,fra_Latn,0.1821987315068531,-0.2391923590775023
14,128,devtest,eng_Latn,spa_Latn,0.1511132861230349,-0.3163317370960731
14,128,devtest,eng_Latn,rus_Cyrl,0.12389991752597924,-0.2795051496825245
14,128,devtest,eng_Latn,hin_Deva,0.2356749333747134,-0.0577483480703178
14,128,devtest,eng_Latn,arb_Arab,0.24217671773159888,-0.2115283592912093
14,128,devtest,eng_Latn,zho_Hans,0.08422144866087841,-0.3233127575466738
14,128,devtest,eng_Latn,jpn_Jpan,0.01570891497226051,-0.32675078429788335
14,128,devtest,eng_Latn,tur_Latn,0.19092494860962098,-0.23371594607410312
14,128,devtest,eng_Latn,vie_Latn,0.24348780409262846,-0.27275065708665713
14,128,devtest,eng_Latn,ind_Latn,0.23980036116955847,-0.24473742512062377
14,128,devtest,deu_Latn,eng_Latn,0.08869272723230849,-0.3417322910591417
14,128,devtest,deu_Latn,fra_Latn,0.12710333534752025,-0.3432764862358387
14,128,devtest,deu_Latn,spa_Latn,0.16144760764758562,-0.40577328037243177
14,128,devtest,deu_Latn,rus_Cyrl,0.06289006716393739,-0.4110473510605787
14,128,devtest,deu_Latn,hin_Deva,0.17443042385143123,-0.22927139418172038
14,128,devtest,deu_Latn,arb_Arab,0.09712173488607166,-0.3604010100513516
14,128,devtest,deu_Latn,zho_Hans,0.10413078528658055,-0.4087181895956276
14,128,devtest,deu_Latn,jpn_Jpan,0.058979028129200126,-0.3819417317778563
14,128,devtest,deu_Latn,tur_Latn,0.1561241885227186,-0.3425161711219368
14,128,devtest,deu_Latn,vie_Latn,0.02754087321842051,-0.38733819571355144
14,128,devtest,deu_Latn,ind_Latn,0.15964184035970494,-0.32545615514544424
14,128,devtest,fra_Latn,eng_Latn,0.06218686982599169,-0.30955456423976263
14,128,devtest,fra_Latn,deu_Latn,0.11758172907244595,-0.3235906633711453
14,128,devtest,fra_Latn,spa_Latn,0.14266852417447132,-0.38558532112953675
14,128,devtest,fra_Latn,rus_Cyrl,0.10906091814153361,-0.3929273875580095
14,128,devtest,fra_Latn,hin_Deva,0.15127536876344794,-0.2237557632231613
14,128,devtest,fra_Latn,arb_Arab,0.15136810289201447,-0.33404670739399245
14,128,devtest,fra_Latn,zho_Hans,0.10232165944260528,-0.42521631713389735
14,128,devtest,fra_Latn,jpn_Jpan,0.04306106595283507,-0.42783927448022374
14,128,devtest,fra_Latn,tur_Latn,0.11044756332460616,-0.3443752748528825
14,128,devtest,fra_Latn,vie_Latn,0.039448099289339345,-0.36867567389378403
14,128,devtest,fra_Latn,ind_Latn,0.11935484800762995,-0.3406840631785854
14,128,devtest,spa_Latn,eng_Latn,0.029567025201870375,-0.3909078927272364
14,128,devtest,spa_Latn,deu_Latn,0.13766297484877704,-0.3848496857546528
14,128,devtest,spa_Latn,fra_Latn,0.14486127545186517,-0.3779597332087974
14,128,devtest,spa_Latn,rus_Cyrl,0.0404497650889226,-0.43019075160888853
14,128,devtest,spa_Latn,hin_Deva,0.14308845861815453,-0.21594070911364704
14,128,devtest,spa_Latn,arb_Arab,0.16698262101886355,-0.32528533021053124
14,128,devtest,spa_Latn,zho_Hans,0.10909003200124615,-0.43173812287898183
14,128,devtest,spa_Latn,jpn_Jpan,-0.023064894873589165,-0.39867133028602
14,128,devtest,spa_Latn,tur_Latn,0.1399940968633592,-0.3414272424436704
14,128,devtest,spa_Latn,vie_Latn,0.04263416027166634,-0.36821376519337323
14,128,devtest,spa_Latn,ind_Latn,0.09173165966661721,-0.3503689986027393
14,128,devtest,rus_Cyrl,eng_Latn,-0.04771908621279922,-0.3581486749010468
14,128,devtest,rus_Cyrl,deu_Latn,-0.007029735504959793,-0.3829129166865459
14,128,devtest,rus_Cyrl,fra_Latn,0.06155628578716694,-0.3930510972158526
14,128,devtest,rus_Cyrl,spa_Latn,-0.006250943292671343,-0.4314902937812634
14,128,devtest,rus_Cyrl,hin_Deva,0.18760528842233987,-0.21352842038057432
14,128,devtest,rus_Cyrl,arb_Arab,0.033376206965275206,-0.341739851192135
14,128,devtest,rus_Cyrl,zho_Hans,0.06274833640073665,-0.4517454158240637
14,128,devtest,rus_Cyrl,jpn_Jpan,0.0035654943472636052,-0.4077851319922873
14,128,devtest,rus_Cyrl,tur_Latn,-0.0070223642547782,-0.34090213096478583
14,128,devtest,rus_Cyrl,vie_Latn,-0.07811370810402514,-0.3831949744795594
14,128,devtest,rus_Cyrl,ind_Latn,-0.0376466707976941,-0.36460512864956074
14,128,devtest,hin_Deva,eng_Latn,0.0843323556367426,-0.2601166086241644
14,128,devtest,hin_Deva,deu_Latn,0.053076905795962234,-0.36210080453519394
14,128,devtest,hin_Deva,fra_Latn,0.03601615693300918,-0.37709444176982854
14,128,devtest,hin_Deva,spa_Latn,0.019935794992285455,-0.3756217809246091
14,128,devtest,hin_Deva,rus_Cyrl,0.10108082134628413,-0.37118533387887614
14,128,devtest,hin_Deva,arb_Arab,0.0041260576534552194,-0.38729477329297946
14,128,devtest,hin_Deva,zho_Hans,0.12967969057040246,-0.3200611698432951
14,128,devtest,hin_Deva,jpn_Jpan,0.1195219857424866,-0.3082018259876837
14,128,devtest,hin_Deva,tur_Latn,0.03370823085863018,-0.4046211717943706
14,128,devtest,hin_Deva,vie_Latn,0.03773171922757762,-0.3448871231088091
14,128,devtest,hin_Deva,ind_Latn,0.031808139394866076,-0.3198352522515344
14,128,devtest,arb_Arab,eng_Latn,0.08006228044653571,-0.3584672649869792
14,128,devtest,arb_Arab,deu_Latn,0.046614111129656445,-0.4136484599035428
14,128,devtest,arb_Arab,fra_Latn,0.12409275058049189,-0.4010522272854884
14,128,devtest,arb_Arab,spa_Latn,0.12469186148727979,-0.38781857068786507
14,128,devtest,arb_Arab,rus_Cyrl,0.09863880432107815,-0.4133652507029506
14,128,devtest,arb_Arab,hin_Deva,0.14384132623981832,-0.28745810801880417
14,128,devtest,arb_Arab,zho_Hans,0.14790450496828655,-0.43019837420247103
14,128,devtest,arb_Arab,jpn_Jpan,0.06906837705821835,-0.42904353063097267
14,128,devtest,arb_Arab,tur_Latn,0.03605732622148207,-0.39820101781186334
14,128,devtest,arb_Arab,vie_Latn,0.055469413687649974,-0.39613864032941803
14,128,devtest,arb_Arab,ind_Latn,0.06470199086141815,-0.37933441736645407
14,128,devtest,zho_Hans,eng_Latn,0.1335043990921891,-0.3934611522929935
14,128,devtest,zho_Hans,deu_Latn,0.2713328933314085,-0.3805891847879728
14,128,devtest,zho_Hans,fra_Latn,0.2424831087857307,-0.41931363210970884
14,128,devtest,zho_Hans,spa_Latn,0.2736365355449857,-0.42252009672144003
14,128,devtest,zho_Hans,rus_Cyrl,0.22576910315449802,-0.4352868880330274
14,128,devtest,zho_Hans,hin_Deva,0.267125285540616,-0.16990265666453752
14,128,devtest,zho_Hans,arb_Arab,0.30021974957536524,-0.34972709167893307
14,128,devtest,zho_Hans,jpn_Jpan,0.1946440698262677,-0.4027561722731358
14,128,devtest,zho_Hans,tur_Latn,0.2881913521826897,-0.33584024569455895
14,128,devtest,zho_Hans,vie_Latn,0.30318515705831334,-0.385459426684291
14,128,devtest,zho_Hans,ind_Latn,0.27132325979883465,-0.3688982556014801
14,128,devtest,jpn_Jpan,eng_Latn,-0.12592124039998448,-0.37657587344901267
14,128,devtest,jpn_Jpan,deu_Latn,0.125765339099555,-0.34694903060343235
14,128,devtest,jpn_Jpan,fra_Latn,0.13066617397267077,-0.3973125658559493
14,128,devtest,jpn_Jpan,spa_Latn,0.048700889451958634,-0.38190378111454115
14,128,devtest,jpn_Jpan,rus_Cyrl,0.09533721814900754,-0.39057176639149815
14,128,devtest,jpn_Jpan,hin_Deva,0.26106407151217176,-0.14491157324335394
14,128,devtest,jpn_Jpan,arb_Arab,0.20682089803763054,-0.33188007984228746
14,128,devtest,jpn_Jpan,zho_Hans,0.07812365773838877,-0.385532191423511
14,128,devtest,jpn_Jpan,tur_Latn,0.15867809105632658,-0.3363616180513889
14,128,devtest,jpn_Jpan,vie_Latn,0.05691799605734869,-0.3909519347348321
14,128,devtest,jpn_Jpan,ind_Latn,0.14620421180083623,-0.3527230856302883
14,128,devtest,tur_Latn,eng_Latn,0.06701618453477935,-0.36516228730799055
14,128,devtest,tur_Latn,deu_Latn,0.13173404855809653,-0.39183756399404807
14,128,devtest,tur_Latn,fra_Latn,0.12295187405200612,-0.41349974956210733
14,128,devtest,tur_Latn,spa_Latn,0.12647112364182908,-0.4126329061549943
14,128,devtest,tur_Latn,rus_Cyrl,0.0466022201612579,-0.4088845117262435
14,128,devtest,tur_Latn,hin_Deva,0.16729279006477912,-0.31705378632085873
14,128,devtest,tur_Latn,arb_Arab,0.1125356698809004,-0.4001151161698057
14,128,devtest,tur_Latn,zho_Hans,0.15321452973265626,-0.41524746862139383
14,128,devtest,tur_Latn,jpn_Jpan,0.06109158435812044,-0.43043916144145705
14,128,devtest,tur_Latn,vie_Latn,-0.006912199673508848,-0.39130910916564643
14,128,devtest,tur_Latn,ind_Latn,0.09179437699060586,-0.3865535117272205
14,128,devtest,vie_Latn,eng_Latn,0.12053198884798798,-0.33713693053091126
14,128,devtest,vie_Latn,deu_Latn,0.0762827660424557,-0.3641031945196735
14,128,devtest,vie_Latn,fra_Latn,0.0893735625232912,-0.3496717081195832
14,128,devtest,vie_Latn,spa_Latn,0.10387427816671285,-0.35820065315230815
14,128,devtest,vie_Latn,rus_Cyrl,0.027378642558069002,-0.3724942147514032
14,128,devtest,vie_Latn,hin_Deva,0.1701248845999781,-0.19562929275464203
14,128,devtest,vie_Latn,arb_Arab,0.13985507914003065,-0.3241728626824299
14,128,devtest,vie_Latn,zho_Hans,0.1619077613542981,-0.3808328248197316
14,128,devtest,vie_Latn,jpn_Jpan,0.04613378407561616,-0.4156193561766483
14,128,devtest,vie_Latn,tur_Latn,0.05348735835287882,-0.32989254370966903
14,128,devtest,vie_Latn,ind_Latn,0.1812108853045168,-0.29667596331601204
14,128,devtest,ind_Latn,eng_Latn,0.12195084780003311,-0.32218567183705893
14,128,devtest,ind_Latn,deu_Latn,0.17301964248537502,-0.3264613963496191
14,128,devtest,ind_Latn,fra_Latn,0.12987632095809845,-0.3490579414219119
14,128,devtest,ind_Latn,spa_Latn,0.12711084745118859,-0.3700933815387696
14,128,devtest,ind_Latn,rus_Cyrl,0.03805560509657873,-0.3770510883952594
14,128,devtest,ind_Latn,hin_Deva,0.1350510756356567,-0.2031549420932777
14,128,devtest,ind_Latn,arb_Arab,0.1402369664034258,-0.3249335103845223
14,128,devtest,ind_Latn,zho_Hans,0.1304474307104743,-0.385998859915496
14,128,devtest,ind_Latn,jpn_Jpan,0.08442190446197692,-0.3945774240950175
14,128,devtest,ind_Latn,tur_Latn,0.10972796205489851,-0.3431610302329623
14,128,devtest,ind_Latn,vie_Latn,0.14732168979800248,-0.3228957602768583
14,256,devtest,eng_Latn,deu_Latn,0.2591931674186653,-0.26270408288803865
14,256,devtest,eng_Latn,fra_Latn,0.20112158455494564,-0.26500970039955923
14,256,devtest,eng_Latn,spa_Latn,0.17988566250803148,-0.32961030479250153
14,256,devtest,eng_Latn,rus_Cyrl,0.1401888255144885,-0.31233603991521014
14,256,devtest,eng_Latn,hin_Deva,0.2604926544173902,-0.05472136496774178
14,256,devtest,eng_Latn,arb_Arab,0.2623690414051684,-0.22378513702363073
14,256,devtest,eng_Latn,zho_Hans,0.07987166983520895,-0.35357966054199597
14,256,devtest,eng_Latn,jpn_Jpan,0.038313103430668405,-0.337921929530078
14,256,devtest,eng_Latn,tur_Latn,0.1998429483285588,-0.24734849984451138
14,256,devtest,eng_Latn,vie_Latn,0.24903451399813958,-0.29861203079323523
14,256,devtest,eng_Latn,ind_Latn,0.24561167767427078,-0.27349346677754843
14,256,devtest,deu_Latn,eng_Latn,0.09908938443640325,-0.372664914857983
14,256,devtest,deu_Latn,fra_Latn,0.12099954337485729,-0.3699040613400313
14,256,devtest,deu_Latn,spa_Latn,0.16393117924939485,-0.4164749515387331
14,256,devtest,deu_Latn,rus_Cyrl,0.063874744012989,-0.4521919003535604
14,256,devtest,deu_Latn,hin_Deva,0.1907040266152277,-0.22758446506483468
14,256,devtest,deu_Latn,arb_Arab,0.09959250244051081,-0.3875019552963953
14,256,devtest,deu_Latn,zho_Hans,0.10561459314784896,-0.44321335227110814
14,256,devtest,deu_Latn,jpn_Jpan,0.04178723170157387,-0.41551945200064033
14,256,devtest,deu_Latn,tur_Latn,0.14668228575534648,-0.36102358364710163
14,256,devtest,deu_Latn,vie_Latn,0.024200874973558655,-0.41185395317207535
14,256,devtest,deu_Latn,ind_Latn,0.15024075691389416,-0.3637167300536284
14,256,devtest,fra_Latn,eng_Latn,0.06555347911319527,-0.3438663324116831
14,256,devtest,fra_Latn,deu_Latn,0.10858782223143981,-0.33851038049476384
14,256,devtest,fra_Latn,spa_Latn,0.13944138815580517,-0.4037055664126919
14,256,devtest,fra_Latn,rus_Cyrl,0.11355935956364634,-0.4216131144711836
14,256,devtest,fra_Latn,hin_Deva,0.1802373513809494,-0.20715390773241002
14,256,devtest,fra_Latn,arb_Arab,0.13582000143067524,-0.34374486263439114
14,256,devtest,fra_Latn,zho_Hans,0.11198986797612064,-0.4469780991218052
14,256,devtest,fra_Latn,jpn_Jpan,0.019771164092951536,-0.44783209924977485
14,256,devtest,fra_Latn,tur_Latn,0.11230204081842551,-0.34614735956052695
14,256,devtest,fra_Latn,vie_Latn,0.0242888882952438,-0.39266274934572043
14,256,devtest,fra_Latn,ind_Latn,0.11189411402386665,-0.36144647659996343
14,256,devtest,spa_Latn,eng_Latn,0.036527764657943294,-0.4184033316263053
14,256,devtest,spa_Latn,deu_Latn,0.14473526055481195,-0.3905154735559931
14,256,devtest,spa_Latn,fra_Latn,0.14496215831739284,-0.4032610664601838
14,256,devtest,spa_Latn,rus_Cyrl,0.053859652674416385,-0.45002822257502856
14,256,devtest,spa_Latn,hin_Deva,0.17942155864724815,-0.21622066492138298
14,256,devtest,spa_Latn,arb_Arab,0.17342558676098108,-0.35765583581329635
14,256,devtest,spa_Latn,zho_Hans,0.10613926994436249,-0.47165656721031096
14,256,devtest,spa_Latn,jpn_Jpan,-0.04136818372535147,-0.42514696586170525
14,256,devtest,spa_Latn,tur_Latn,0.12250007197350476,-0.3544472564020222
14,256,devtest,spa_Latn,vie_Latn,0.038211076351269406,-0.39294419365166855
14,256,devtest,spa_Latn,ind_Latn,0.08497540789696666,-0.3765768012603656
14,256,devtest,rus_Cyrl,eng_Latn,-0.0567335950973624,-0.4115620245352372
14,256,devtest,rus_Cyrl,deu_Latn,-0.018149609256870668,-0.4177609770806205
14,256,devtest,rus_Cyrl,fra_Latn,0.05063311551978906,-0.4289779438557972
14,256,devtest,rus_Cyrl,spa_Latn,-0.006713199294629144,-0.4559682275354451
14,256,devtest,rus_Cyrl,hin_Deva,0.21222788697371398,-0.21342814526049209
14,256,devtest,rus_Cyrl,arb_Arab,0.0243758608099706,-0.3732032267821332
14,256,devtest,rus_Cyrl,zho_Hans,0.08047137258965187,-0.4928995773468381
14,256,devtest,rus_Cyrl,jpn_Jpan,-0.02330861517538231,-0.43453833997881575
14,256,devtest,rus_Cyrl,tur_Latn,-0.011448587934889844,-0.3677827117851883
14,256,devtest,rus_Cyrl,vie_Latn,-0.09053588525774796,-0.4207931584506982
14,256,devtest,rus_Cyrl,ind_Latn,-0.0674313981990583,-0.4020016090942132
14,256,devtest,hin_Deva,eng_Latn,0.08207217519658287,-0.2718545611236709
14,256,devtest,hin_Deva,deu_Latn,0.0462519834102378,-0.36370792334632074
14,256,devtest,hin_Deva,fra_Latn,0.03731162276469808,-0.3791967462875919
14,256,devtest,hin_Deva,spa_Latn,0.02851687931828121,-0.3906576505495239
14,256,devtest,hin_Deva,rus_Cyrl,0.09071640927163839,-0.3820475706988408
14,256,devtest,hin_Deva,arb_Arab,0.008965809825748348,-0.38184849061134885
14,256,devtest,hin_Deva,zho_Hans,0.1431003709539848,-0.33989124914468755
14,256,devtest,hin_Deva,jpn_Jpan,0.12320626077928568,-0.3229862405790297
14,256,devtest,hin_Deva,tur_Latn,0.04728678536459175,-0.4070679733151491
14,256,devtest,hin_Deva,vie_Latn,0.033808123294347826,-0.36628969501217007
14,256,devtest,hin_Deva,ind_Latn,0.008702736643761614,-0.3405719974824986
14,256,devtest,arb_Arab,eng_Latn,0.08299982895010478,-0.3889873357280452
14,256,devtest,arb_Arab,deu_Latn,0.046072647031835404,-0.44341588384852987
14,256,devtest,arb_Arab,fra_Latn,0.106186425726371,-0.4249560848938354
14,256,devtest,arb_Arab,spa_Latn,0.11902963354889604,-0.42934152654764984
14,256,devtest,arb_Arab,rus_Cyrl,0.10182516682447985,-0.44910338192932253
14,256,devtest,arb_Arab,hin_Deva,0.1809352112747113,-0.2815653540584003
14,256,devtest,arb_Arab,zho_Hans,0.13732767664153941,-0.45726509285790845
14,256,devtest,arb_Arab,jpn_Jpan,0.049768238958283716,-0.45148989874632267
14,256,devtest,arb_Arab,tur_Latn,0.0383752668804114,-0.40867418661132066
14,256,devtest,arb_Arab,vie_Latn,0.0365396382299257,-0.422707077247582
14,256,devtest,arb_Arab,ind_Latn,0.07518425197231343,-0.40920588646380457
14,256,devtest,zho_Hans,eng_Latn,0.1351737007968627,-0.44224886054387946
14,256,devtest,zho_Hans,deu_Latn,0.31177118188493647,-0.4013151010756407
14,256,devtest,zho_Hans,fra_Latn,0.28037343919634033,-0.4423351331095056
14,256,devtest,zho_Hans,spa_Latn,0.30774171524886224,-0.4574728498584249
14,256,devtest,zho_Hans,rus_Cyrl,0.2684552953822154,-0.4624556637042947
14,256,devtest,zho_Hans,hin_Deva,0.31409339147952703,-0.17607102344991202
14,256,devtest,zho_Hans,arb_Arab,0.3341738117685472,-0.36628257896474314
14,256,devtest,zho_Hans,jpn_Jpan,0.23088754837595746,-0.42770106770407956
14,256,devtest,zho_Hans,tur_Latn,0.310492106127453,-0.3607722879883652
14,256,devtest,zho_Hans,vie_Latn,0.33615524472815644,-0.42265653215295607
14,256,devtest,zho_Hans,ind_Latn,0.2965433413641562,-0.4116653204697329
14,256,devtest,jpn_Jpan,eng_Latn,-0.12234081053147294,-0.3989235600369217
14,256,devtest,jpn_Jpan,deu_Latn,0.13045753347235775,-0.3707525008944296
14,256,devtest,jpn_Jpan,fra_Latn,0.12794577876322016,-0.42075906941221586
14,256,devtest,jpn_Jpan,spa_Latn,0.046263497352857015,-0.40734970966972867
14,256,devtest,jpn_Jpan,rus_Cyrl,0.0968015699558326,-0.414147361185486
14,256,devtest,jpn_Jpan,hin_Deva,0.2939313110371392,-0.1491755012692197
14,256,devtest,jpn_Jpan,arb_Arab,0.209158104487888,-0.3505144453036972
14,256,devtest,jpn_Jpan,zho_Hans,0.08493255938257017,-0.41404946699552564
14,256,devtest,jpn_Jpan,tur_Latn,0.1609466082551285,-0.3478630972304423
14,256,devtest,jpn_Jpan,vie_Latn,0.04649372582660651,-0.39968131965030707
14,256,devtest,jpn_Jpan,ind_Latn,0.1528109975597623,-0.36532291381098125
14,256,devtest,tur_Latn,eng_Latn,0.052478512719479176,-0.40002184919405753
14,256,devtest,tur_Latn,deu_Latn,0.1144689384672911,-0.412602055993193
14,256,devtest,tur_Latn,fra_Latn,0.12078054303970294,-0.42528690977509387
14,256,devtest,tur_Latn,spa_Latn,0.09719988997291083,-0.4372065285659082
14,256,devtest,tur_Latn,rus_Cyrl,0.0550261806798972,-0.44630054655136775
14,256,devtest,tur_Latn,hin_Deva,0.20874765240098747,-0.31340170429285685
14,256,devtest,tur_Latn,arb_Arab,0.11604503132061465,-0.41236191248208726
14,256,devtest,tur_Latn,zho_Hans,0.13629570923655596,-0.45351179194950464
14,256,devtest,tur_Latn,jpn_Jpan,0.033876235196039724,-0.4461468578948676
14,256,devtest,tur_Latn,vie_Latn,-0.027658531006332206,-0.41270525192321705
14,256,devtest,tur_Latn,ind_Latn,0.08811149843886204,-0.411440640727801
14,256,devtest,vie_Latn,eng_Latn,0.09664509443269381,-0.3714747474627522
14,256,devtest,vie_Latn,deu_Latn,0.08375968036926187,-0.3774801499104636
14,256,devtest,vie_Latn,fra_Latn,0.09621852491131631,-0.36924467258570265
14,256,devtest,vie_Latn,spa_Latn,0.10214231709463323,-0.37932244239369833
14,256,devtest,vie_Latn,rus_Cyrl,0.035680907973617,-0.4053068079378148
14,256,devtest,vie_Latn,hin_Deva,0.197608714478168,-0.1983983109741403
14,256,devtest,vie_Latn,arb_Arab,0.14153582485055455,-0.33890340349617815
14,256,devtest,vie_Latn,zho_Hans,0.1563903317222402,-0.41568395729874946
14,256,devtest,vie_Latn,jpn_Jpan,0.018444347034139722,-0.41819621072502167
14,256,devtest,vie_Latn,tur_Latn,0.0532008369946057,-0.3356956533005691
14,256,devtest,vie_Latn,ind_Latn,0.1842052180254756,-0.32865566344741015
14,256,devtest,ind_Latn,eng_Latn,0.10775099154533747,-0.36829368529164663
14,256,devtest,ind_Latn,deu_Latn,0.16848321225239005,-0.3563904396183498
14,256,devtest,ind_Latn,fra_Latn,0.12448528526484624,-0.37253594358782566
14,256,devtest,ind_Latn,spa_Latn,0.12004069786286353,-0.3924797432020848
14,256,devtest,ind_Latn,rus_Cyrl,0.023133301087735102,-0.4148027018840462
14,256,devtest,ind_Latn,hin_Deva,0.1483671346298751,-0.20893554770969333
14,256,devtest,ind_Latn,arb_Arab,0.15358572223649855,-0.3423701025270095
14,256,devtest,ind_Latn,zho_Hans,0.11926075419520882,-0.43104424914383527
14,256,devtest,ind_Latn,jpn_Jpan,0.06853806192579213,-0.40232271840741407
14,256,devtest,ind_Latn,tur_Latn,0.1077257507882871,-0.3561616516585139
14,256,devtest,ind_Latn,vie_Latn,0.13810710418241579,-0.3549515303189357
15,64,devtest,eng_Latn,deu_Latn,0.21897681313677708,-0.246515374307295
15,64,devtest,eng_Latn,fra_Latn,0.19223742428832435,-0.22415687420183383
15,64,devtest,eng_Latn,spa_Latn,0.15177501778072577,-0.27096455819144605
15,64,devtest,eng_Latn,rus_Cyrl,0.12937538747640684,-0.26169437362409687
15,64,devtest,eng_Latn,hin_Deva,0.21101696956449997,-0.06737446024091093
15,64,devtest,eng_Latn,arb_Arab,0.22880867995231188,-0.17838359459935332
15,64,devtest,eng_Latn,zho_Hans,0.06008136852850063,-0.29887699213432833
15,64,devtest,eng_Latn,jpn_Jpan,0.016388065723175586,-0.297718539692938
15,64,devtest,eng_Latn,tur_Latn,0.18870231035409119,-0.24149656852241208
15,64,devtest,eng_Latn,vie_Latn,0.23764440450689914,-0.25120032676938536
15,64,devtest,eng_Latn,ind_Latn,0.2329412471714372,-0.2334603415822627
15,64,devtest,deu_Latn,eng_Latn,0.09842443734300918,-0.3126981076170227
15,64,devtest,deu_Latn,fra_Latn,0.10821472972762955,-0.31000292190142215
15,64,devtest,deu_Latn,spa_Latn,0.1525140603445264,-0.35350802488891386
15,64,devtest,deu_Latn,rus_Cyrl,0.05185070256520186,-0.3737927468299888
15,64,devtest,deu_Latn,hin_Deva,0.152628468328018,-0.20894754872135463
15,64,devtest,deu_Latn,arb_Arab,0.0990310119928682,-0.3081673838030388
15,64,devtest,deu_Latn,zho_Hans,0.10342586916105768,-0.3590088920658616
15,64,devtest,deu_Latn,jpn_Jpan,0.04799249444673966,-0.34213937276467804
15,64,devtest,deu_Latn,tur_Latn,0.15337162635939086,-0.30530279496040436
15,64,devtest,deu_Latn,vie_Latn,0.033798797541788994,-0.3544796872832004
15,64,devtest,deu_Latn,ind_Latn,0.15933432963727168,-0.2871860102057538
15,64,devtest,fra_Latn,eng_Latn,0.10446639181998564,-0.2769143041909183
15,64,devtest,fra_Latn,deu_Latn,0.10065452553295051,-0.29495251233425007
15,64,devtest,fra_Latn,spa_Latn,0.12247094129394492,-0.3393260623958827
15,64,devtest,fra_Latn,rus_Cyrl,0.09543997172044327,-0.37004599296959245
15,64,devtest,fra_Latn,hin_Deva,0.1365187256720718,-0.1891758205936865
15,64,devtest,fra_Latn,arb_Arab,0.1278339407928859,-0.2973249164617819
15,64,devtest,fra_Latn,zho_Hans,0.09534614855299459,-0.36941205021662593
15,64,devtest,fra_Latn,jpn_Jpan,0.04891066454619112,-0.40318555376839915
15,64,devtest,fra_Latn,tur_Latn,0.10687290559345415,-0.31306202639285036
15,64,devtest,fra_Latn,vie_Latn,0.05542038838920262,-0.33324460935584954
15,64,devtest,fra_Latn,ind_Latn,0.12086629230183013,-0.29433003188444845
15,64,devtest,spa_Latn,eng_Latn,0.05273231678661479,-0.33028665544218294
15,64,devtest,spa_Latn,deu_Latn,0.12053961249446946,-0.3415686607766103
15,64,devtest,spa_Latn,fra_Latn,0.11798839521951926,-0.3416097405344543
15,64,devtest,spa_Latn,rus_Cyrl,0.01993685178892376,-0.38796019316024183
15,64,devtest,spa_Latn,hin_Deva,0.12319193727683338,-0.2098427809256306
15,64,devtest,spa_Latn,arb_Arab,0.16049722022413954,-0.2801289282757492
15,64,devtest,spa_Latn,zho_Hans,0.10382326164403896,-0.3861362540642058
15,64,devtest,spa_Latn,jpn_Jpan,-0.022829425908957722,-0.372591617852894
15,64,devtest,spa_Latn,tur_Latn,0.12519678263985137,-0.3305312191672469
15,64,devtest,spa_Latn,vie_Latn,0.05539196599742241,-0.33146131127806816
15,64,devtest,spa_Latn,ind_Latn,0.08459059574677646,-0.31783313309767247
15,64,devtest,rus_Cyrl,eng_Latn,-0.010825242437820393,-0.3249355563875872
15,64,devtest,rus_Cyrl,deu_Latn,0.0020832105229519724,-0.353573363553245
15,64,devtest,rus_Cyrl,fra_Latn,0.059269695104732865,-0.37574888198544254
15,64,devtest,rus_Cyrl,spa_Latn,-0.021106846293760084,-0.383373746733257
15,64,devtest,rus_Cyrl,hin_Deva,0.15153890517365656,-0.1954407072660221
15,64,devtest,rus_Cyrl,arb_Arab,0.04644090462842054,-0.3130776712651392
15,64,devtest,rus_Cyrl,zho_Hans,0.06817676620282738,-0.4208305220902242
15,64,devtest,rus_Cyrl,jpn_Jpan,0.019362271886619195,-0.3588028839486426
15,64,devtest,rus_Cyrl,tur_Latn,0.01763961359331678,-0.33538935755927834
15,64,devtest,rus_Cyrl,vie_Latn,-0.07264248935234417,-0.3548049355646641
15,64,devtest,rus_Cyrl,ind_Latn,-0.05407084180085435,-0.3100081922054573
15,64,devtest,hin_Deva,eng_Latn,0.07368859659903333,-0.24892005596971595
15,64,devtest,hin_Deva,deu_Latn,0.046875774389012914,-0.3355009315875782
15,64,devtest,hin_Deva,fra_Latn,0.03604452940387785,-0.33474408139039735
15,64,devtest,hin_Deva,spa_Latn,0.013295734448308755,-0.360620391981089
15,64,devtest,hin_Deva,rus_Cyrl,0.0812923039671086,-0.34559002408685735
15,64,devtest,hin_Deva,arb_Arab,0.027152689226593037,-0.35920044606812845
15,64,devtest,hin_Deva,zho_Hans,0.1389297393022398,-0.2925613518811985
15,64,devtest,hin_Deva,jpn_Jpan,0.1089753770440404,-0.290623127248183
15,64,devtest,hin_Deva,tur_Latn,0.05172629367724212,-0.38604973011391763
15,64,devtest,hin_Deva,vie_Latn,0.02249141698779053,-0.32331021393320697
15,64,devtest,hin_Deva,ind_Latn,0.0035768253279234827,-0.2936458469774105
15,64,devtest,arb_Arab,eng_Latn,0.10118412702785487,-0.2903770923918079
15,64,devtest,arb_Arab,deu_Latn,0.06816833422825003,-0.3517437876157525
15,64,devtest,arb_Arab,fra_Latn,0.11495828099321438,-0.35357106503293145
15,64,devtest,arb_Arab,spa_Latn,0.13274394890698335,-0.327851874682239
15,64,devtest,arb_Arab,rus_Cyrl,0.10234291078190322,-0.3712809381813573
15,64,devtest,arb_Arab,hin_Deva,0.131554586669814,-0.26616664238161963
15,64,devtest,arb_Arab,zho_Hans,0.16487689882410517,-0.38602820471317134
15,64,devtest,arb_Arab,jpn_Jpan,0.07859181481116201,-0.3891818391769828
15,64,devtest,arb_Arab,tur_Latn,0.058691241013559006,-0.37570526878592336
15,64,devtest,arb_Arab,vie_Latn,0.03854823449034509,-0.3467058463633662
15,64,devtest,arb_Arab,ind_Latn,0.0564242696317285,-0.31514593790011564
15,64,devtest,zho_Hans,eng_Latn,0.10790251744136364,-0.3534966080450242
15,64,devtest,zho_Hans,deu_Latn,0.23792486398526322,-0.34331936706166566
15,64,devtest,zho_Hans,fra_Latn,0.20242292317648578,-0.36105539689283667
15,64,devtest,zho_Hans,spa_Latn,0.230416192553809,-0.37552834410264774
15,64,devtest,zho_Hans,rus_Cyrl,0.19288734880160835,-0.4005175871165577
15,64,devtest,zho_Hans,hin_Deva,0.23813347762614964,-0.1568475566416128
15,64,devtest,zho_Hans,arb_Arab,0.2821989629995653,-0.3187817672420596
15,64,devtest,zho_Hans,jpn_Jpan,0.18151779100188453,-0.3759884576196574
15,64,devtest,zho_Hans,tur_Latn,0.2579086787323749,-0.3203902262716371
15,64,devtest,zho_Hans,vie_Latn,0.26428702911105456,-0.35157135086675984
15,64,devtest,zho_Hans,ind_Latn,0.23936829215963865,-0.33442266055556735
15,64,devtest,jpn_Jpan,eng_Latn,-0.10374238592561698,-0.3237921106153398
15,64,devtest,jpn_Jpan,deu_Latn,0.10775093860625022,-0.3090717271335634
15,64,devtest,jpn_Jpan,fra_Latn,0.12401375741156768,-0.37021295612063115
15,64,devtest,jpn_Jpan,spa_Latn,0.036105962996313724,-0.3436380655768597
15,64,devtest,jpn_Jpan,rus_Cyrl,0.08713542505413951,-0.3388191444061566
15,64,devtest,jpn_Jpan,hin_Deva,0.22977052830316147,-0.1290327679377966
15,64,devtest,jpn_Jpan,arb_Arab,0.19789438884244764,-0.2963816894814234
15,64,devtest,jpn_Jpan,zho_Hans,0.09181012728904223,-0.36060661654583065
15,64,devtest,jpn_Jpan,tur_Latn,0.13816913201082193,-0.31868603781166055
15,64,devtest,jpn_Jpan,vie_Latn,0.04977062760701665,-0.3475384943776934
15,64,devtest,jpn_Jpan,ind_Latn,0.13603581994828856,-0.31761823372078735
15,64,devtest,tur_Latn,eng_Latn,0.07987092980184896,-0.3537150708983551
15,64,devtest,tur_Latn,deu_Latn,0.13137425418324886,-0.35423728671983296
15,64,devtest,tur_Latn,fra_Latn,0.11899006156122943,-0.3776427919870919
15,64,devtest,tur_Latn,spa_Latn,0.11642006488510644,-0.39453322749030223
15,64,devtest,tur_Latn,rus_Cyrl,0.06578903004599503,-0.39628137168311267
15,64,devtest,tur_Latn,hin_Deva,0.15555888416803945,-0.29642230342418013
15,64,devtest,tur_Latn,arb_Arab,0.12543094985443892,-0.37048057131954987
15,64,devtest,tur_Latn,zho_Hans,0.14055667286320223,-0.38825705566522045
15,64,devtest,tur_Latn,jpn_Jpan,0.05324228067079686,-0.40759400783563476
15,64,devtest,tur_Latn,vie_Latn,0.013693207082505,-0.3811467256967145
15,64,devtest,tur_Latn,ind_Latn,0.08463939085241538,-0.3650256643527604
15,64,devtest,vie_Latn,eng_Latn,0.1315846346694345,-0.3016734519158165
15,64,devtest,vie_Latn,deu_Latn,0.07030812967128186,-0.3455928759512146
15,64,devtest,vie_Latn,fra_Latn,0.09161680632501484,-0.32805472527557133
15,64,devtest,vie_Latn,spa_Latn,0.10575835131738578,-0.3309288509439396
15,64,devtest,vie_Latn,rus_Cyrl,0.007608868116504648,-0.3498577308312512
15,64,devtest,vie_Latn,hin_Deva,0.13759175211310526,-0.19048514485017215
15,64,devtest,vie_Latn,arb_Arab,0.10826199007458077,-0.2891033117145419
15,64,devtest,vie_Latn,zho_Hans,0.15841351333697123,-0.34940019813116985
15,64,devtest,vie_Latn,jpn_Jpan,0.03694679588228347,-0.3786553268612108
15,64,devtest,vie_Latn,tur_Latn,0.051161746775315854,-0.32695489099505065
15,64,devtest,vie_Latn,ind_Latn,0.18339550436140936,-0.26727577364995064
15,64,devtest,ind_Latn,eng_Latn,0.12559314377488948,-0.2912398239400547
15,64,devtest,ind_Latn,deu_Latn,0.1747427668063471,-0.28307773404897774
15,64,devtest,ind_Latn,fra_Latn,0.12760382755518884,-0.2983740417785208
15,64,devtest,ind_Latn,spa_Latn,0.12023641284883888,-0.32677796405041537
15,64,devtest,ind_Latn,rus_Cyrl,0.014280250412186132,-0.31624028183923236
15,64,devtest,ind_Latn,hin_Deva,0.09607470269656633,-0.18121220923612666
15,64,devtest,ind_Latn,arb_Arab,0.12039603799484742,-0.2664593828342602
15,64,devtest,ind_Latn,zho_Hans,0.1144621256514324,-0.34017101316624687
15,64,devtest,ind_Latn,jpn_Jpan,0.0755631136653709,-0.3558402939162847
15,64,devtest,ind_Latn,tur_Latn,0.11073876872252433,-0.32075585952376584
15,64,devtest,ind_Latn,vie_Latn,0.14830013071892226,-0.27945588696365303
15,128,devtest,eng_Latn,deu_Latn,0.23793930284267137,-0.2566235492045544
15,128,devtest,eng_Latn,fra_Latn,0.1926073088910887,-0.23691401354399402
15,128,devtest,eng_Latn,spa_Latn,0.1538235306234784,-0.31594878360412937
15,128,devtest,eng_Latn,rus_Cyrl,0.12559066766354945,-0.2873720444488531
15,128,devtest,eng_Latn,hin_Deva,0.2476177417101971,-0.05238411408292286
15,128,devtest,eng_Latn,arb_Arab,0.23291237993053876,-0.2068995077079792
15,128,devtest,eng_Latn,zho_Hans,0.07645926696244176,-0.323984866710678
15,128,devtest,eng_Latn,jpn_Jpan,0.019665256254760004,-0.3199884051475526
15,128,devtest,eng_Latn,tur_Latn,0.199054149597991,-0.23124361861224152
15,128,devtest,eng_Latn,vie_Latn,0.25152589565311373,-0.2662954777330759
15,128,devtest,eng_Latn,ind_Latn,0.2544263379868428,-0.24780202601579632
15,128,devtest,deu_Latn,eng_Latn,0.09224629045889071,-0.3432112668739028
15,128,devtest,deu_Latn,fra_Latn,0.1195668656124917,-0.34594340756327774
15,128,devtest,deu_Latn,spa_Latn,0.15418480753517327,-0.4056251152421865
15,128,devtest,deu_Latn,rus_Cyrl,0.05703687920020413,-0.41414729395971894
15,128,devtest,deu_Latn,hin_Deva,0.18359991735833234,-0.21996092514547627
15,128,devtest,deu_Latn,arb_Arab,0.09409071007638997,-0.3618295244115293
15,128,devtest,deu_Latn,zho_Hans,0.10594279406498253,-0.4020352091753309
15,128,devtest,deu_Latn,jpn_Jpan,0.04782793607387979,-0.39138269129063014
15,128,devtest,deu_Latn,tur_Latn,0.1597380952117897,-0.3420191593930137
15,128,devtest,deu_Latn,vie_Latn,0.023145813245746303,-0.38365244325278963
15,128,devtest,deu_Latn,ind_Latn,0.15740194608497382,-0.32279651428415657
15,128,devtest,fra_Latn,eng_Latn,0.07895147507664887,-0.3071085253976404
15,128,devtest,fra_Latn,deu_Latn,0.11269591035767448,-0.3299657671250946
15,128,devtest,fra_Latn,spa_Latn,0.1370179542886027,-0.38243536135485634
15,128,devtest,fra_Latn,rus_Cyrl,0.10239294580790194,-0.39838565357812566
15,128,devtest,fra_Latn,hin_Deva,0.15140684543879956,-0.21398549284892326
15,128,devtest,fra_Latn,arb_Arab,0.14023054394783382,-0.33461005815236705
15,128,devtest,fra_Latn,zho_Hans,0.1062331591446551,-0.4140273224220618
15,128,devtest,fra_Latn,jpn_Jpan,0.03454536182927873,-0.42791925154570976
15,128,devtest,fra_Latn,tur_Latn,0.11337393499349054,-0.34529088996954477
15,128,devtest,fra_Latn,vie_Latn,0.04374863559362009,-0.3674647221701332
15,128,devtest,fra_Latn,ind_Latn,0.10681324067032018,-0.3355276282310965
15,128,devtest,spa_Latn,eng_Latn,0.030276738801950205,-0.39148324643523896
15,128,devtest,spa_Latn,deu_Latn,0.13073296120673147,-0.3891245843958841
15,128,devtest,spa_Latn,fra_Latn,0.14007424938899665,-0.3782597678458486
15,128,devtest,spa_Latn,rus_Cyrl,0.04463577926352672,-0.43179748071602375
15,128,devtest,spa_Latn,hin_Deva,0.14879606519881028,-0.2071469775111236
15,128,devtest,spa_Latn,arb_Arab,0.16263187880783567,-0.32550874964221643
15,128,devtest,spa_Latn,zho_Hans,0.10179742086575319,-0.42937619061296195
15,128,devtest,spa_Latn,jpn_Jpan,-0.03612725663449022,-0.4107106591653273
15,128,devtest,spa_Latn,tur_Latn,0.14177480600472633,-0.3432001188495129
15,128,devtest,spa_Latn,vie_Latn,0.03612051658283331,-0.36389908686192135
15,128,devtest,spa_Latn,ind_Latn,0.08947136377734877,-0.348960730281199
15,128,devtest,rus_Cyrl,eng_Latn,-0.04398883221295912,-0.36737158584945784
15,128,devtest,rus_Cyrl,deu_Latn,-0.011964473011355285,-0.38962039428917994
15,128,devtest,rus_Cyrl,fra_Latn,0.05264257790479794,-0.40081229192735246
15,128,devtest,rus_Cyrl,spa_Latn,-0.005280232898138392,-0.43283960858557896
15,128,devtest,rus_Cyrl,hin_Deva,0.20365017180763434,-0.1990825623070549
15,128,devtest,rus_Cyrl,arb_Arab,0.028770998828149603,-0.3449020084028604
15,128,devtest,rus_Cyrl,zho_Hans,0.06735021449592161,-0.44735662638195106
15,128,devtest,rus_Cyrl,jpn_Jpan,0.0075110647150907475,-0.41951012753075523
15,128,devtest,rus_Cyrl,tur_Latn,-0.009000539878135675,-0.3529317302155558
15,128,devtest,rus_Cyrl,vie_Latn,-0.09318268015090612,-0.38396082717431074
15,128,devtest,rus_Cyrl,ind_Latn,-0.04568235656044142,-0.36674454746347307
15,128,devtest,hin_Deva,eng_Latn,0.08796467911351868,-0.2600202637897855
15,128,devtest,hin_Deva,deu_Latn,0.06897369948876701,-0.36180567544936176
15,128,devtest,hin_Deva,fra_Latn,0.03118819980123712,-0.3820843242776636
15,128,devtest,hin_Deva,spa_Latn,0.018784933447901678,-0.37502151834383834
15,128,devtest,hin_Deva,rus_Cyrl,0.11579912579655643,-0.36332761661297164
15,128,devtest,hin_Deva,arb_Arab,0.01412728086612748,-0.38469595279183183
15,128,devtest,hin_Deva,zho_Hans,0.14525767746577922,-0.31969800557266553
15,128,devtest,hin_Deva,jpn_Jpan,0.13002670948437312,-0.3120430428563626
15,128,devtest,hin_Deva,tur_Latn,0.03475420192345111,-0.4128332300046023
15,128,devtest,hin_Deva,vie_Latn,0.034921551238501554,-0.3543285799887167
15,128,devtest,hin_Deva,ind_Latn,0.022684484669271095,-0.3230940459913047
15,128,devtest,arb_Arab,eng_Latn,0.07777689333384544,-0.3466236763577902
15,128,devtest,arb_Arab,deu_Latn,0.04873806213787947,-0.41373030036441066
15,128,devtest,arb_Arab,fra_Latn,0.11272099851690458,-0.40187028866114566
15,128,devtest,arb_Arab,spa_Latn,0.12009895171242788,-0.3896632428652046
15,128,devtest,arb_Arab,rus_Cyrl,0.09221804742271554,-0.411924381774311
15,128,devtest,arb_Arab,hin_Deva,0.15356907712582987,-0.2812185270224434
15,128,devtest,arb_Arab,zho_Hans,0.15300977127840973,-0.4223723755413434
15,128,devtest,arb_Arab,jpn_Jpan,0.06850118348006727,-0.4315379414206751
15,128,devtest,arb_Arab,tur_Latn,0.03250819633393209,-0.39554908712014525
15,128,devtest,arb_Arab,vie_Latn,0.04408611769155695,-0.3919721221980494
15,128,devtest,arb_Arab,ind_Latn,0.05445252645697865,-0.37352567828176975
15,128,devtest,zho_Hans,eng_Latn,0.12803085202476788,-0.38948684944676004
15,128,devtest,zho_Hans,deu_Latn,0.2717072812432483,-0.37283871581500055
15,128,devtest,zho_Hans,fra_Latn,0.2445401654392821,-0.4038339330081509
15,128,devtest,zho_Hans,spa_Latn,0.2618334988959005,-0.4124342782958259
15,128,devtest,zho_Hans,rus_Cyrl,0.217364659956293,-0.4258165343665149
15,128,devtest,zho_Hans,hin_Deva,0.27333314563673616,-0.1632992094189954
15,128,devtest,zho_Hans,arb_Arab,0.3009862374237253,-0.33925878494077344
15,128,devtest,zho_Hans,jpn_Jpan,0.2030325502300154,-0.4046211701682879
15,128,devtest,zho_Hans,tur_Latn,0.2874103542177686,-0.3365927290194086
15,128,devtest,zho_Hans,vie_Latn,0.3044535764698998,-0.3732929558218223
15,128,devtest,zho_Hans,ind_Latn,0.28430337951715057,-0.36217858479823145
15,128,devtest,jpn_Jpan,eng_Latn,-0.12084767809880977,-0.3622579949977417
15,128,devtest,jpn_Jpan,deu_Latn,0.11799091235261899,-0.3483228475593993
15,128,devtest,jpn_Jpan,fra_Latn,0.12700909797432078,-0.39143393890616174
15,128,devtest,jpn_Jpan,spa_Latn,0.036677625970980274,-0.38079890746159706
15,128,devtest,jpn_Jpan,rus_Cyrl,0.09970382287662853,-0.39576898709558817
15,128,devtest,jpn_Jpan,hin_Deva,0.26955589052256596,-0.13476707685944814
15,128,devtest,jpn_Jpan,arb_Arab,0.2040422753519052,-0.3264162545301396
15,128,devtest,jpn_Jpan,zho_Hans,0.08748696054967467,-0.3834069479339209
15,128,devtest,jpn_Jpan,tur_Latn,0.14877185979202326,-0.3278216486144284
15,128,devtest,jpn_Jpan,vie_Latn,0.05915000894210717,-0.3825580878570424
15,128,devtest,jpn_Jpan,ind_Latn,0.15236676625147338,-0.34685025538535075
15,128,devtest,tur_Latn,eng_Latn,0.06466012210258262,-0.367478495258144
15,128,devtest,tur_Latn,deu_Latn,0.13078402488903124,-0.39591768946028333
15,128,devtest,tur_Latn,fra_Latn,0.1193461939151522,-0.4184796511394814
15,128,devtest,tur_Latn,spa_Latn,0.11736483418002855,-0.4195159189895978
15,128,devtest,tur_Latn,rus_Cyrl,0.04058741186249545,-0.42557943742227816
15,128,devtest,tur_Latn,hin_Deva,0.16876398881308452,-0.31905101451892165
15,128,devtest,tur_Latn,arb_Arab,0.09802547228386135,-0.3965908107559139
15,128,devtest,tur_Latn,zho_Hans,0.14449052292498257,-0.4197612916837079
15,128,devtest,tur_Latn,jpn_Jpan,0.04114131957580551,-0.42679759566414316
15,128,devtest,tur_Latn,vie_Latn,-0.0044802042539149566,-0.398832812902455
15,128,devtest,tur_Latn,ind_Latn,0.09073758087767729,-0.3921011893001414
15,128,devtest,vie_Latn,eng_Latn,0.12293871946284053,-0.3315383992879625
15,128,devtest,vie_Latn,deu_Latn,0.07716446190359735,-0.3686405238244585
15,128,devtest,vie_Latn,fra_Latn,0.09771033857518817,-0.3555142906688361
15,128,devtest,vie_Latn,spa_Latn,0.0970089483879723,-0.3570828674080362
15,128,devtest,vie_Latn,rus_Cyrl,0.014441345457204645,-0.3774309810126871
15,128,devtest,vie_Latn,hin_Deva,0.17247353786113262,-0.19897626270962432
15,128,devtest,vie_Latn,arb_Arab,0.1316824247543217,-0.32358963606165597
15,128,devtest,vie_Latn,zho_Hans,0.16983016800761427,-0.37603154353451396
15,128,devtest,vie_Latn,jpn_Jpan,0.03846250343357689,-0.41388195752850954
15,128,devtest,vie_Latn,tur_Latn,0.056934768004768564,-0.33583673334776964
15,128,devtest,vie_Latn,ind_Latn,0.17815958643572388,-0.3000949465546844
15,128,devtest,ind_Latn,eng_Latn,0.1315106010906133,-0.3226286504719208
15,128,devtest,ind_Latn,deu_Latn,0.17558518880276808,-0.32290748728107893
15,128,devtest,ind_Latn,fra_Latn,0.11980827087357383,-0.34277189807123465
15,128,devtest,ind_Latn,spa_Latn,0.1298552865056279,-0.3613886202045603
15,128,devtest,ind_Latn,rus_Cyrl,0.03476391383300817,-0.37443285568391976
15,128,devtest,ind_Latn,hin_Deva,0.13243529680782937,-0.19528260713212633
15,128,devtest,ind_Latn,arb_Arab,0.13222140239269864,-0.3108134849699879
15,128,devtest,ind_Latn,zho_Hans,0.13884897601713925,-0.37659466377536893
15,128,devtest,ind_Latn,jpn_Jpan,0.08641726233687506,-0.3945027153549098
15,128,devtest,ind_Latn,tur_Latn,0.118857257768033,-0.33970204764174766
15,128,devtest,ind_Latn,vie_Latn,0.13786243171150195,-0.316943056733711
15,256,devtest,eng_Latn,deu_Latn,0.2635670748159614,-0.2649611473785196
15,256,devtest,eng_Latn,fra_Latn,0.20353985327940605,-0.2721789367257132
15,256,devtest,eng_Latn,spa_Latn,0.17561122289582382,-0.3314461285867884
15,256,devtest,eng_Latn,rus_Cyrl,0.1438671494183714,-0.31728329050985987
15,256,devtest,eng_Latn,hin_Deva,0.2730821680883747,-0.05212409534170798
15,256,devtest,eng_Latn,arb_Arab,0.25739811052339845,-0.21925999089141515
15,256,devtest,eng_Latn,zho_Hans,0.06589251763992966,-0.35111818912628806
15,256,devtest,eng_Latn,jpn_Jpan,0.0432941250521795,-0.3435475156758381
15,256,devtest,eng_Latn,tur_Latn,0.21167032106715014,-0.24259676382490936
15,256,devtest,eng_Latn,vie_Latn,0.25680644860892243,-0.2882634411566971
15,256,devtest,eng_Latn,ind_Latn,0.2600506952163939,-0.27829343738667606
15,256,devtest,deu_Latn,eng_Latn,0.09625082284507708,-0.3761801417078468
15,256,devtest,deu_Latn,fra_Latn,0.11771065021031316,-0.37517084986709687
15,256,devtest,deu_Latn,spa_Latn,0.15850294879948823,-0.41979189475987616
15,256,devtest,deu_Latn,rus_Cyrl,0.061549652869404683,-0.4549644660783546
15,256,devtest,deu_Latn,hin_Deva,0.19803137074416766,-0.22595422407459861
15,256,devtest,deu_Latn,arb_Arab,0.09748201233524681,-0.38449268571872647
15,256,devtest,deu_Latn,zho_Hans,0.10621043895746991,-0.4480668593254317
15,256,devtest,deu_Latn,jpn_Jpan,0.03959064403590151,-0.42473987439341837
15,256,devtest,deu_Latn,tur_Latn,0.15356477388760162,-0.3602891963791664
15,256,devtest,deu_Latn,vie_Latn,0.0180098328282911,-0.41327695018843735
15,256,devtest,deu_Latn,ind_Latn,0.15100462635678114,-0.3615391513056932
15,256,devtest,fra_Latn,eng_Latn,0.06598104836922758,-0.35231490471782945
15,256,devtest,fra_Latn,deu_Latn,0.10713405617874805,-0.34644921985688726
15,256,devtest,fra_Latn,spa_Latn,0.13635346099520038,-0.4036285304070642
15,256,devtest,fra_Latn,rus_Cyrl,0.10950246852371456,-0.4232268805577068
15,256,devtest,fra_Latn,hin_Deva,0.1856404574579984,-0.20393329885436684
15,256,devtest,fra_Latn,arb_Arab,0.13378743095228834,-0.3385660535950282
15,256,devtest,fra_Latn,zho_Hans,0.12131854617335562,-0.446303514322328
15,256,devtest,fra_Latn,jpn_Jpan,0.016545597541567963,-0.4508634755092948
15,256,devtest,fra_Latn,tur_Latn,0.11243540010743856,-0.3511089026353627
15,256,devtest,fra_Latn,vie_Latn,0.028565559749435376,-0.3874442474333894
15,256,devtest,fra_Latn,ind_Latn,0.10072592477331768,-0.35941236862304254
15,256,devtest,spa_Latn,eng_Latn,0.03112240895790143,-0.4225185748741665
15,256,devtest,spa_Latn,deu_Latn,0.13816760874138065,-0.39695713091030116
15,256,devtest,spa_Latn,fra_Latn,0.13951012983964614,-0.4046044549016261
15,256,devtest,spa_Latn,rus_Cyrl,0.05277980871327597,-0.4505115040047411
15,256,devtest,spa_Latn,hin_Deva,0.18448013688426315,-0.21437589636366525
15,256,devtest,spa_Latn,arb_Arab,0.1730208933509755,-0.3544068749535935
15,256,devtest,spa_Latn,zho_Hans,0.10629358751882956,-0.4750831146084389
15,256,devtest,spa_Latn,jpn_Jpan,-0.041652232058644954,-0.440074157042812
15,256,devtest,spa_Latn,tur_Latn,0.13313097189376352,-0.3574488532974878
15,256,devtest,spa_Latn,vie_Latn,0.03457151958245135,-0.3844769986264931
15,256,devtest,spa_Latn,ind_Latn,0.07616686132881369,-0.38177939809795525
15,256,devtest,rus_Cyrl,eng_Latn,-0.05247145418158368,-0.4164811720675129
15,256,devtest,rus_Cyrl,deu_Latn,-0.0168270267034411,-0.42624675415536234
15,256,devtest,rus_Cyrl,fra_Latn,0.04330154975483303,-0.43288323335356804
15,256,devtest,rus_Cyrl,spa_Latn,-0.010579807754052794,-0.45183174376455204
15,256,devtest,rus_Cyrl,hin_Deva,0.23102559344083598,-0.20993577951862002
15,256,devtest,rus_Cyrl,arb_Arab,0.02543001485705522,-0.371023404650526
15,256,devtest,rus_Cyrl,zho_Hans,0.08533349764418832,-0.49332293199429333
15,256,devtest,rus_Cyrl,jpn_Jpan,-0.02187193840224711,-0.4467713736499927
15,256,devtest,rus_Cyrl,tur_Latn,-0.011711339261139013,-0.3747065555611773
15,256,devtest,rus_Cyrl,vie_Latn,-0.0943616842313175,-0.4240551433592386
15,256,devtest,rus_Cyrl,ind_Latn,-0.07440652605187868,-0.406266418790215
15,256,devtest,hin_Deva,eng_Latn,0.08795443232769971,-0.28491162504232326
15,256,devtest,hin_Deva,deu_Latn,0.05286348350938264,-0.37074437180207015
15,256,devtest,hin_Deva,fra_Latn,0.042513030156267506,-0.3855365542104795
15,256,devtest,hin_Deva,spa_Latn,0.029070044987051992,-0.3961541119959686
15,256,devtest,hin_Deva,rus_Cyrl,0.10782558466408189,-0.38911134822436094
15,256,devtest,hin_Deva,arb_Arab,0.021057201268340184,-0.37924084732225954
15,256,devtest,hin_Deva,zho_Hans,0.15308309483949117,-0.3431798456142721
15,256,devtest,hin_Deva,jpn_Jpan,0.1266461022566227,-0.32758566102882475
15,256,devtest,hin_Deva,tur_Latn,0.039479657660958636,-0.41868465920791276
15,256,devtest,hin_Deva,vie_Latn,0.03517857096198135,-0.3689472008275405
15,256,devtest,hin_Deva,ind_Latn,0.010874886523894414,-0.33907678610097525
15,256,devtest,arb_Arab,eng_Latn,0.08139535249343174,-0.38237811067901006
15,256,devtest,arb_Arab,deu_Latn,0.05043894709796376,-0.44062673129987895
15,256,devtest,arb_Arab,fra_Latn,0.10534719801205114,-0.4204598099920352
15,256,devtest,arb_Arab,spa_Latn,0.12092546540999528,-0.42432853640420526
15,256,devtest,arb_Arab,rus_Cyrl,0.10025960275247246,-0.4413088748525578
15,256,devtest,arb_Arab,hin_Deva,0.19199278712800738,-0.27462240466062043
15,256,devtest,arb_Arab,zho_Hans,0.1471997659464906,-0.46170032353736634
15,256,devtest,arb_Arab,jpn_Jpan,0.049283650265076445,-0.45591021534021103
15,256,devtest,arb_Arab,tur_Latn,0.03931747630043242,-0.407373695102931
15,256,devtest,arb_Arab,vie_Latn,0.033408769398983434,-0.4151414231031377
15,256,devtest,arb_Arab,ind_Latn,0.06521498545408881,-0.4077525104910178
15,256,devtest,zho_Hans,eng_Latn,0.12477152049667892,-0.43757970521182743
15,256,devtest,zho_Hans,deu_Latn,0.3101764627119882,-0.40357504250927906
15,256,devtest,zho_Hans,fra_Latn,0.2874297222734388,-0.43610734007137
15,256,devtest,zho_Hans,spa_Latn,0.3009862689086152,-0.4532042340923544
15,256,devtest,zho_Hans,rus_Cyrl,0.2652062811715797,-0.4578923923753563
15,256,devtest,zho_Hans,hin_Deva,0.3169520622775028,-0.16558491454217694
15,256,devtest,zho_Hans,arb_Arab,0.33418370570672445,-0.3684470653753295
15,256,devtest,zho_Hans,jpn_Jpan,0.23447407970967743,-0.4370182120046311
15,256,devtest,zho_Hans,tur_Latn,0.31816793343648,-0.35834555256932343
15,256,devtest,zho_Hans,vie_Latn,0.33522874435256605,-0.4115921048969673
15,256,devtest,zho_Hans,ind_Latn,0.3111515062019462,-0.4052816792349219
15,256,devtest,jpn_Jpan,eng_Latn,-0.12130410598278593,-0.4006093796604776
15,256,devtest,jpn_Jpan,deu_Latn,0.1291086098790488,-0.3723397000395388
15,256,devtest,jpn_Jpan,fra_Latn,0.13187088146640258,-0.41762031407107086
15,256,devtest,jpn_Jpan,spa_Latn,0.04485431934668195,-0.4099830313418197
15,256,devtest,jpn_Jpan,rus_Cyrl,0.09777760573239956,-0.4221000420181765
15,256,devtest,jpn_Jpan,hin_Deva,0.2993238739270844,-0.13881057366698235
15,256,devtest,jpn_Jpan,arb_Arab,0.2090428814419004,-0.3468177820898655
15,256,devtest,jpn_Jpan,zho_Hans,0.0888916982513673,-0.4197641299993524
15,256,devtest,jpn_Jpan,tur_Latn,0.16126076391931046,-0.34627626996418787
15,256,devtest,jpn_Jpan,vie_Latn,0.05125552701159205,-0.39704228446998235
15,256,devtest,jpn_Jpan,ind_Latn,0.1570508341625814,-0.3663092903423566
15,256,devtest,tur_Latn,eng_Latn,0.05632716369146916,-0.40102939177836966
15,256,devtest,tur_Latn,deu_Latn,0.115821677876061,-0.4173645049072164
15,256,devtest,tur_Latn,fra_Latn,0.11244453660542242,-0.43603996118757976
15,256,devtest,tur_Latn,spa_Latn,0.09783596917573158,-0.4481352860724043
15,256,devtest,tur_Latn,rus_Cyrl,0.04960138311833076,-0.45356103871113634
15,256,devtest,tur_Latn,hin_Deva,0.2027411355274758,-0.32037161046474266
15,256,devtest,tur_Latn,arb_Arab,0.10974658687985821,-0.41521836335163353
15,256,devtest,tur_Latn,zho_Hans,0.13708589540096558,-0.45533076505012
15,256,devtest,tur_Latn,jpn_Jpan,0.026823869289655296,-0.45297012479042026
15,256,devtest,tur_Latn,vie_Latn,-0.02327046239661209,-0.41618685714746634
15,256,devtest,tur_Latn,ind_Latn,0.08079677381314075,-0.41504894608144016
15,256,devtest,vie_Latn,eng_Latn,0.09951888203789287,-0.3666576252934343
15,256,devtest,vie_Latn,deu_Latn,0.08435658296602862,-0.38542295526359854
15,256,devtest,vie_Latn,fra_Latn,0.10222398532753607,-0.36984870974000933
15,256,devtest,vie_Latn,spa_Latn,0.09979687667383849,-0.37597366475513594
15,256,devtest,vie_Latn,rus_Cyrl,0.03422822109368758,-0.4107540461705661
15,256,devtest,vie_Latn,hin_Deva,0.20231127173564373,-0.19645014377057424
15,256,devtest,vie_Latn,arb_Arab,0.14078659524710713,-0.33791943834824834
15,256,devtest,vie_Latn,zho_Hans,0.16093088290432297,-0.41443192793184014
15,256,devtest,vie_Latn,jpn_Jpan,0.018074921399607907,-0.42497700863931415
15,256,devtest,vie_Latn,tur_Latn,0.05592758657918662,-0.33950715934760173
15,256,devtest,vie_Latn,ind_Latn,0.18099277657852245,-0.3266837975064235
15,256,devtest,ind_Latn,eng_Latn,0.1190600535452919,-0.36279411749564516
15,256,devtest,ind_Latn,deu_Latn,0.17482720870176163,-0.3531798513865864
15,256,devtest,ind_Latn,fra_Latn,0.11780951381527797,-0.36575310574234965
15,256,devtest,ind_Latn,spa_Latn,0.11373715026261884,-0.3899079020306517
15,256,devtest,ind_Latn,rus_Cyrl,0.020528445067081243,-0.41126925517419255
15,256,devtest,ind_Latn,hin_Deva,0.15114384003543768,-0.19613265021632664
15,256,devtest,ind_Latn,arb_Arab,0.14486206979085126,-0.33091084719582337
15,256,devtest,ind_Latn,zho_Hans,0.12946088932362568,-0.4201275117704671
15,256,devtest,ind_Latn,jpn_Jpan,0.06933244984855329,-0.408899012044587
15,256,devtest,ind_Latn,tur_Latn,0.10976400439368857,-0.3502021322730996
15,256,devtest,ind_Latn,vie_Latn,0.12847565652008575,-0.3431917034064772
16,64,devtest,eng_Latn,deu_Latn,0.2418975553087452,-0.2255635228212292
16,64,devtest,eng_Latn,fra_Latn,0.2009062165515111,-0.1978030520874319
16,64,devtest,eng_Latn,spa_Latn,0.15319493707368262,-0.23870368941566947
16,64,devtest,eng_Latn,rus_Cyrl,0.13416973950939215,-0.2272038337105344
16,64,devtest,eng_Latn,hin_Deva,0.22168978431860775,-0.07024192033475522
16,64,devtest,eng_Latn,arb_Arab,0.23567966748209013,-0.16500597932967517
16,64,devtest,eng_Latn,zho_Hans,0.06537389727929882,-0.2917249585502955
16,64,devtest,eng_Latn,jpn_Jpan,0.03290029284495896,-0.2752569497380695
16,64,devtest,eng_Latn,tur_Latn,0.19014337482687635,-0.233491832216187
16,64,devtest,eng_Latn,vie_Latn,0.24841908322121972,-0.235077947278891
16,64,devtest,eng_Latn,ind_Latn,0.24911983005078814,-0.20059905154379007
16,64,devtest,deu_Latn,eng_Latn,0.12487842230852206,-0.2921768253380869
16,64,devtest,deu_Latn,fra_Latn,0.11525607049346769,-0.2851187714888879
16,64,devtest,deu_Latn,spa_Latn,0.1579720166928752,-0.3374536915491761
16,64,devtest,deu_Latn,rus_Cyrl,0.05601921363011174,-0.3503858722849524
16,64,devtest,deu_Latn,hin_Deva,0.16013700662360617,-0.20167884220258903
16,64,devtest,deu_Latn,arb_Arab,0.09558293656652067,-0.30247851650418095
16,64,devtest,deu_Latn,zho_Hans,0.09613788212335,-0.3423471649672441
16,64,devtest,deu_Latn,jpn_Jpan,0.05086379286273194,-0.3143377600984248
16,64,devtest,deu_Latn,tur_Latn,0.151866014772087,-0.2941828558849218
16,64,devtest,deu_Latn,vie_Latn,0.03621107767962538,-0.3461969976293858
16,64,devtest,deu_Latn,ind_Latn,0.1642245595180636,-0.2636106551965053
16,64,devtest,fra_Latn,eng_Latn,0.11389816261978811,-0.25063108186263844
16,64,devtest,fra_Latn,deu_Latn,0.11265296366647479,-0.2750454259005069
16,64,devtest,fra_Latn,spa_Latn,0.14206844725848902,-0.3253402409963018
16,64,devtest,fra_Latn,rus_Cyrl,0.11051437556122638,-0.3335690528791791
16,64,devtest,fra_Latn,hin_Deva,0.12603517583920132,-0.19608639387964463
16,64,devtest,fra_Latn,arb_Arab,0.1420408712350824,-0.2888688597610596
16,64,devtest,fra_Latn,zho_Hans,0.09531226383299987,-0.34739300370857246
16,64,devtest,fra_Latn,jpn_Jpan,0.06893009522077134,-0.38783543412457633
16,64,devtest,fra_Latn,tur_Latn,0.12178554044816103,-0.3125374861698999
16,64,devtest,fra_Latn,vie_Latn,0.057503392633449696,-0.3225467797266532
16,64,devtest,fra_Latn,ind_Latn,0.13062634557234679,-0.2881933412541423
16,64,devtest,spa_Latn,eng_Latn,0.05487418252765675,-0.29638455741521896
16,64,devtest,spa_Latn,deu_Latn,0.12845388108937508,-0.33117187097651113
16,64,devtest,spa_Latn,fra_Latn,0.13791797122856123,-0.32827334667307206
16,64,devtest,spa_Latn,rus_Cyrl,0.02957024093378576,-0.3695794097135471
16,64,devtest,spa_Latn,hin_Deva,0.12200441913425447,-0.20795040230432263
16,64,devtest,spa_Latn,arb_Arab,0.1731433754225866,-0.27332439682111115
16,64,devtest,spa_Latn,zho_Hans,0.10061250550442283,-0.37592795328269596
16,64,devtest,spa_Latn,jpn_Jpan,-0.0110330514111596,-0.35853369754103165
16,64,devtest,spa_Latn,tur_Latn,0.1342062392681068,-0.32385057618472246
16,64,devtest,spa_Latn,vie_Latn,0.05928965709098126,-0.32603309099828326
16,64,devtest,spa_Latn,ind_Latn,0.08201705629417821,-0.31524153797026483
16,64,devtest,rus_Cyrl,eng_Latn,-0.009158344250678673,-0.2974162896853804
16,64,devtest,rus_Cyrl,deu_Latn,0.009153044287288477,-0.34090375632717396
16,64,devtest,rus_Cyrl,fra_Latn,0.07190299168119636,-0.34257070785832733
16,64,devtest,rus_Cyrl,spa_Latn,-0.012022355395715438,-0.3687235485518462
16,64,devtest,rus_Cyrl,hin_Deva,0.1638378678690515,-0.201351208020761
16,64,devtest,rus_Cyrl,arb_Arab,0.04680501716798931,-0.3044957135743764
16,64,devtest,rus_Cyrl,zho_Hans,0.08020390635776434,-0.4037233538177027
16,64,devtest,rus_Cyrl,jpn_Jpan,0.020439484892122974,-0.3333315906666796
16,64,devtest,rus_Cyrl,tur_Latn,0.027656086670369652,-0.32452595676174584
16,64,devtest,rus_Cyrl,vie_Latn,-0.07161275311546053,-0.3331366358556047
16,64,devtest,rus_Cyrl,ind_Latn,-0.04722750572507915,-0.30449736289954293
16,64,devtest,hin_Deva,eng_Latn,0.10136936222584132,-0.22443231021791327
16,64,devtest,hin_Deva,deu_Latn,0.06433452327894959,-0.3089973508796033
16,64,devtest,hin_Deva,fra_Latn,0.037058273561958725,-0.31577093088751995
16,64,devtest,hin_Deva,spa_Latn,0.017249040763779575,-0.33503361910496265
16,64,devtest,hin_Deva,rus_Cyrl,0.0918455450309473,-0.3252888191797943
16,64,devtest,hin_Deva,arb_Arab,0.022474661962058183,-0.328620257816092
16,64,devtest,hin_Deva,zho_Hans,0.13653779369341676,-0.26427923467066006
16,64,devtest,hin_Deva,jpn_Jpan,0.12104157662094214,-0.2625713500545299
16,64,devtest,hin_Deva,tur_Latn,0.05195109649543974,-0.360363680751074
16,64,devtest,hin_Deva,vie_Latn,0.03593845712374187,-0.30893966216908364
16,64,devtest,hin_Deva,ind_Latn,0.017835752437441593,-0.265863519828307
16,64,devtest,arb_Arab,eng_Latn,0.11732095176660116,-0.2693814340236799
16,64,devtest,arb_Arab,deu_Latn,0.06606148001419385,-0.3477490398569846
16,64,devtest,arb_Arab,fra_Latn,0.12683780116085414,-0.33756825706479066
16,64,devtest,arb_Arab,spa_Latn,0.14446690866295603,-0.3142368311491502
16,64,devtest,arb_Arab,rus_Cyrl,0.10220505068427609,-0.3470531541495315
16,64,devtest,arb_Arab,hin_Deva,0.12392203476060208,-0.25369088445668664
16,64,devtest,arb_Arab,zho_Hans,0.16456428164000286,-0.376638403946745
16,64,devtest,arb_Arab,jpn_Jpan,0.0854526576677803,-0.375293128352703
16,64,devtest,arb_Arab,tur_Latn,0.0635090764409795,-0.36523910529177017
16,64,devtest,arb_Arab,vie_Latn,0.044492832077837975,-0.33405253764495146
16,64,devtest,arb_Arab,ind_Latn,0.07509466623218733,-0.30420756333765264
16,64,devtest,zho_Hans,eng_Latn,0.12163607987571541,-0.3468472609316124
16,64,devtest,zho_Hans,deu_Latn,0.23106002230103687,-0.33529659234127246
16,64,devtest,zho_Hans,fra_Latn,0.20015695416931595,-0.34308154909852373
16,64,devtest,zho_Hans,spa_Latn,0.22918781748241246,-0.36585759351414837
16,64,devtest,zho_Hans,rus_Cyrl,0.20416774871008983,-0.377069101996925
16,64,devtest,zho_Hans,hin_Deva,0.2298755314351028,-0.15861280125823402
16,64,devtest,zho_Hans,arb_Arab,0.28519299953049104,-0.3148853408488543
16,64,devtest,zho_Hans,jpn_Jpan,0.18346580324922077,-0.3560728289997536
16,64,devtest,zho_Hans,tur_Latn,0.25224414074660945,-0.30857828357741557
16,64,devtest,zho_Hans,vie_Latn,0.2675872640423362,-0.33175353533757823
16,64,devtest,zho_Hans,ind_Latn,0.24152473697397703,-0.32004368210522305
16,64,devtest,jpn_Jpan,eng_Latn,-0.08837658064754624,-0.30985171184767857
16,64,devtest,jpn_Jpan,deu_Latn,0.11405816235146649,-0.2907538648509726
16,64,devtest,jpn_Jpan,fra_Latn,0.14240984735816722,-0.35718908990733805
16,64,devtest,jpn_Jpan,spa_Latn,0.04723900419130863,-0.33141871426288505
16,64,devtest,jpn_Jpan,rus_Cyrl,0.09193724759471536,-0.31086301649224557
16,64,devtest,jpn_Jpan,hin_Deva,0.23614617017019318,-0.12602334572366458
16,64,devtest,jpn_Jpan,arb_Arab,0.2086677262737287,-0.28883663049446057
16,64,devtest,jpn_Jpan,zho_Hans,0.08650631415934715,-0.3426134090297296
16,64,devtest,jpn_Jpan,tur_Latn,0.14185628874714248,-0.3107011828304489
16,64,devtest,jpn_Jpan,vie_Latn,0.053466233002924045,-0.33405717756611375
16,64,devtest,jpn_Jpan,ind_Latn,0.13894324498712718,-0.310229102789818
16,64,devtest,tur_Latn,eng_Latn,0.09285577623272448,-0.335629009035216
16,64,devtest,tur_Latn,deu_Latn,0.13030262961525124,-0.336162014507903
16,64,devtest,tur_Latn,fra_Latn,0.13853415978365782,-0.3661397861932421
16,64,devtest,tur_Latn,spa_Latn,0.13388438446514314,-0.38139958163707305
16,64,devtest,tur_Latn,rus_Cyrl,0.0720056390053076,-0.37295124260985296
16,64,devtest,tur_Latn,hin_Deva,0.14951885991113964,-0.28020975977438745
16,64,devtest,tur_Latn,arb_Arab,0.12513472405568604,-0.35360901900560576
16,64,devtest,tur_Latn,zho_Hans,0.140880984350878,-0.3626517159634675
16,64,devtest,tur_Latn,jpn_Jpan,0.06243688224422226,-0.3878426508418206
16,64,devtest,tur_Latn,vie_Latn,0.02286454797219683,-0.36757164437064505
16,64,devtest,tur_Latn,ind_Latn,0.09905267292012668,-0.3458948664749527
16,64,devtest,vie_Latn,eng_Latn,0.14032772315659484,-0.2881685166463744
16,64,devtest,vie_Latn,deu_Latn,0.08184038418079494,-0.3434058832220176
16,64,devtest,vie_Latn,fra_Latn,0.09490509550171368,-0.3143087752117515
16,64,devtest,vie_Latn,spa_Latn,0.11361215487106685,-0.3198414795677011
16,64,devtest,vie_Latn,rus_Cyrl,0.013507859886101804,-0.32583848803987836
16,64,devtest,vie_Latn,hin_Deva,0.14369622671447274,-0.1920196995673445
16,64,devtest,vie_Latn,arb_Arab,0.1143991272749553,-0.2820851623781297
16,64,devtest,vie_Latn,zho_Hans,0.15813126412546186,-0.3216391684334365
16,64,devtest,vie_Latn,jpn_Jpan,0.04382798449253508,-0.3649408558383358
16,64,devtest,vie_Latn,tur_Latn,0.05588079505748355,-0.32101020345461667
16,64,devtest,vie_Latn,ind_Latn,0.19047591771816005,-0.24989719467603236
16,64,devtest,ind_Latn,eng_Latn,0.1416904334684532,-0.25214138244848255
16,64,devtest,ind_Latn,deu_Latn,0.17843389721458244,-0.2625026178908767
16,64,devtest,ind_Latn,fra_Latn,0.13706285538319496,-0.2897141719206309
16,64,devtest,ind_Latn,spa_Latn,0.1187766128484258,-0.3234635200310865
16,64,devtest,ind_Latn,rus_Cyrl,0.02065721473432071,-0.30218662152743914
16,64,devtest,ind_Latn,hin_Deva,0.09926610905799178,-0.17561984368117156
16,64,devtest,ind_Latn,arb_Arab,0.13688406968887493,-0.25699177607765145
16,64,devtest,ind_Latn,zho_Hans,0.11117450730736864,-0.31252622260207763
16,64,devtest,ind_Latn,jpn_Jpan,0.0776756388148095,-0.34128992729123797
16,64,devtest,ind_Latn,tur_Latn,0.12080622480211212,-0.308820268574829
16,64,devtest,ind_Latn,vie_Latn,0.1521735334902574,-0.25628706138346713
16,128,devtest,eng_Latn,deu_Latn,0.23884906773443776,-0.2359645412869137
16,128,devtest,eng_Latn,fra_Latn,0.21459010585421925,-0.2124117886413452
16,128,devtest,eng_Latn,spa_Latn,0.15569966625404102,-0.2929000529214563
16,128,devtest,eng_Latn,rus_Cyrl,0.137369947593351,-0.2561389991605705
16,128,devtest,eng_Latn,hin_Deva,0.24785041321802195,-0.053611095247633744
16,128,devtest,eng_Latn,arb_Arab,0.23908143035827029,-0.1921861521023197
16,128,devtest,eng_Latn,zho_Hans,0.07395325283849966,-0.31069764836568625
16,128,devtest,eng_Latn,jpn_Jpan,0.02724216406714782,-0.3069623829842309
16,128,devtest,eng_Latn,tur_Latn,0.1948792991788507,-0.2294333733592203
16,128,devtest,eng_Latn,vie_Latn,0.26462869796390553,-0.24854792346365312
16,128,devtest,eng_Latn,ind_Latn,0.2646170310694638,-0.22742302293205774
16,128,devtest,deu_Latn,eng_Latn,0.1002944903228718,-0.31728887346495616
16,128,devtest,deu_Latn,fra_Latn,0.12481443941414355,-0.3182881477656191
16,128,devtest,deu_Latn,spa_Latn,0.16652561791457982,-0.36922626561607763
16,128,devtest,deu_Latn,rus_Cyrl,0.055703470232533386,-0.39275767348197593
16,128,devtest,deu_Latn,hin_Deva,0.17328818680108246,-0.21900193363530188
16,128,devtest,deu_Latn,arb_Arab,0.10500826081840775,-0.3391668494228603
16,128,devtest,deu_Latn,zho_Hans,0.1048436501140001,-0.3820807206596075
16,128,devtest,deu_Latn,jpn_Jpan,0.043394771836320276,-0.36638043296583406
16,128,devtest,deu_Latn,tur_Latn,0.16395513703279477,-0.3176733426139369
16,128,devtest,deu_Latn,vie_Latn,0.01962885403158824,-0.3669354556276551
16,128,devtest,deu_Latn,ind_Latn,0.16054071295647998,-0.3077819801167197
16,128,devtest,fra_Latn,eng_Latn,0.10160208016139395,-0.28034487250905166
16,128,devtest,fra_Latn,deu_Latn,0.12218215524092507,-0.3089037425244511
16,128,devtest,fra_Latn,spa_Latn,0.14878901804763475,-0.36181720650999405
16,128,devtest,fra_Latn,rus_Cyrl,0.10800226824594221,-0.37417037384614243
16,128,devtest,fra_Latn,hin_Deva,0.1417093189898639,-0.21491142130252966
16,128,devtest,fra_Latn,arb_Arab,0.14732289006174246,-0.3259649267990884
16,128,devtest,fra_Latn,zho_Hans,0.1068145255322491,-0.3935214845733719
16,128,devtest,fra_Latn,jpn_Jpan,0.041079912410838484,-0.4160233896452079
16,128,devtest,fra_Latn,tur_Latn,0.12219139665803151,-0.3350386939380401
16,128,devtest,fra_Latn,vie_Latn,0.05500304299408404,-0.35524780845687404
16,128,devtest,fra_Latn,ind_Latn,0.11280287630389864,-0.3202289526623739
16,128,devtest,spa_Latn,eng_Latn,0.035446555731951705,-0.37356133218658355
16,128,devtest,spa_Latn,deu_Latn,0.13918301393452492,-0.36008629151226185
16,128,devtest,spa_Latn,fra_Latn,0.15286507796227244,-0.36069767754499854
16,128,devtest,spa_Latn,rus_Cyrl,0.05119302135955428,-0.4101149196994398
16,128,devtest,spa_Latn,hin_Deva,0.14354583687111525,-0.2120350946052685
16,128,devtest,spa_Latn,arb_Arab,0.1684446762022205,-0.3179953145256791
16,128,devtest,spa_Latn,zho_Hans,0.10169679256145447,-0.4196483645782597
16,128,devtest,spa_Latn,jpn_Jpan,-0.014298429088686932,-0.39717315039861695
16,128,devtest,spa_Latn,tur_Latn,0.13580565396844058,-0.33576117532715244
16,128,devtest,spa_Latn,vie_Latn,0.0390705727003554,-0.3588879917745181
16,128,devtest,spa_Latn,ind_Latn,0.09330083610699298,-0.3334112405704999
16,128,devtest,rus_Cyrl,eng_Latn,-0.033461773891345,-0.34125401004278
16,128,devtest,rus_Cyrl,deu_Latn,-0.010761994181686885,-0.37643071895036195
16,128,devtest,rus_Cyrl,fra_Latn,0.05674741018918811,-0.38334225118395326
16,128,devtest,rus_Cyrl,spa_Latn,0.0007431399012024651,-0.41425786459133396
16,128,devtest,rus_Cyrl,hin_Deva,0.2077257935396737,-0.20547672364185673
16,128,devtest,rus_Cyrl,arb_Arab,0.03617459151722211,-0.3357876152042311
16,128,devtest,rus_Cyrl,zho_Hans,0.08036207616125783,-0.44256607758845984
16,128,devtest,rus_Cyrl,jpn_Jpan,0.008331221446835783,-0.4005925982551381
16,128,devtest,rus_Cyrl,tur_Latn,0.0021845383208159235,-0.34057927472927824
16,128,devtest,rus_Cyrl,vie_Latn,-0.0849409694066,-0.3669922541456276
16,128,devtest,rus_Cyrl,ind_Latn,-0.04149982027362037,-0.3584732840176472
16,128,devtest,hin_Deva,eng_Latn,0.10105019510958643,-0.23360294671313075
16,128,devtest,hin_Deva,deu_Latn,0.067470451919482,-0.3383601795000662
16,128,devtest,hin_Deva,fra_Latn,0.032918353190590936,-0.35477347577448326
16,128,devtest,hin_Deva,spa_Latn,0.020102783267943666,-0.35646482726800793
16,128,devtest,hin_Deva,rus_Cyrl,0.12037657599533781,-0.34165676853954097
16,128,devtest,hin_Deva,arb_Arab,0.020212898371640933,-0.3649029137970002
16,128,devtest,hin_Deva,zho_Hans,0.14118414683731176,-0.29837082490362044
16,128,devtest,hin_Deva,jpn_Jpan,0.13782234081036687,-0.28951001790867664
16,128,devtest,hin_Deva,tur_Latn,0.041680961915615204,-0.3872728124673024
16,128,devtest,hin_Deva,vie_Latn,0.04112271578336882,-0.33736877179829283
16,128,devtest,hin_Deva,ind_Latn,0.030299780131736835,-0.300927426541345
16,128,devtest,arb_Arab,eng_Latn,0.08984750908128315,-0.3265755865992442
16,128,devtest,arb_Arab,deu_Latn,0.06600966277484632,-0.3945691535149383
16,128,devtest,arb_Arab,fra_Latn,0.11754270772778144,-0.3901866411456246
16,128,devtest,arb_Arab,spa_Latn,0.1264098355306732,-0.3779561630675581
16,128,devtest,arb_Arab,rus_Cyrl,0.0989924663345784,-0.3930689649959396
16,128,devtest,arb_Arab,hin_Deva,0.15230348246537442,-0.28171198948869874
16,128,devtest,arb_Arab,zho_Hans,0.15233233466295884,-0.40472738190616453
16,128,devtest,arb_Arab,jpn_Jpan,0.06606508043290692,-0.412467020636409
16,128,devtest,arb_Arab,tur_Latn,0.05320139770964627,-0.3805625430577791
16,128,devtest,arb_Arab,vie_Latn,0.049556200688106435,-0.3836667196812144
16,128,devtest,arb_Arab,ind_Latn,0.06756399848034494,-0.35860041125446135
16,128,devtest,zho_Hans,eng_Latn,0.13864670563013598,-0.37709800968358875
16,128,devtest,zho_Hans,deu_Latn,0.2651065240351463,-0.36271056659352496
16,128,devtest,zho_Hans,fra_Latn,0.24125771272518096,-0.3854501988862082
16,128,devtest,zho_Hans,spa_Latn,0.26024131736386996,-0.4022508097915288
16,128,devtest,zho_Hans,rus_Cyrl,0.22873526893025647,-0.4125847375037264
16,128,devtest,zho_Hans,hin_Deva,0.2618259941559529,-0.16564294032228236
16,128,devtest,zho_Hans,arb_Arab,0.30072469357057635,-0.32801637004906825
16,128,devtest,zho_Hans,jpn_Jpan,0.19547068171353754,-0.3876021076110376
16,128,devtest,zho_Hans,tur_Latn,0.28784414355599147,-0.3241262302211093
16,128,devtest,zho_Hans,vie_Latn,0.3064688673336097,-0.35980863671097124
16,128,devtest,zho_Hans,ind_Latn,0.279565549386875,-0.3545913939054642
16,128,devtest,jpn_Jpan,eng_Latn,-0.11613528785782737,-0.3505150401572371
16,128,devtest,jpn_Jpan,deu_Latn,0.11661859869399839,-0.33408994736216674
16,128,devtest,jpn_Jpan,fra_Latn,0.13164146603073093,-0.3813957634866473
16,128,devtest,jpn_Jpan,spa_Latn,0.05424840324844102,-0.36612010833408715
16,128,devtest,jpn_Jpan,rus_Cyrl,0.10320781892881885,-0.3737137154403016
16,128,devtest,jpn_Jpan,hin_Deva,0.27251750458689966,-0.13322703979129746
16,128,devtest,jpn_Jpan,arb_Arab,0.20826143506187692,-0.3110848338494433
16,128,devtest,jpn_Jpan,zho_Hans,0.07732721361882793,-0.36752083868297847
16,128,devtest,jpn_Jpan,tur_Latn,0.15277203702716488,-0.31954096455846454
16,128,devtest,jpn_Jpan,vie_Latn,0.055501828753823784,-0.36238958566729884
16,128,devtest,jpn_Jpan,ind_Latn,0.156526464582734,-0.33512460935634875
16,128,devtest,tur_Latn,eng_Latn,0.06914827937367919,-0.35563096676697614
16,128,devtest,tur_Latn,deu_Latn,0.13642128785559873,-0.3670714869682239
16,128,devtest,tur_Latn,fra_Latn,0.1312519655959229,-0.39674063675439736
16,128,devtest,tur_Latn,spa_Latn,0.12162945918931087,-0.4052690996750612
16,128,devtest,tur_Latn,rus_Cyrl,0.04663838646146896,-0.3997556222723501
16,128,devtest,tur_Latn,hin_Deva,0.1652992686374492,-0.30642190434695815
16,128,devtest,tur_Latn,arb_Arab,0.11900587302626327,-0.37577933396836566
16,128,devtest,tur_Latn,zho_Hans,0.1504794129243336,-0.39365980823968055
16,128,devtest,tur_Latn,jpn_Jpan,0.049991867103964485,-0.4108135987305398
16,128,devtest,tur_Latn,vie_Latn,0.0020788068536480553,-0.38413364179452525
16,128,devtest,tur_Latn,ind_Latn,0.09530333750659448,-0.375990865767908
16,128,devtest,vie_Latn,eng_Latn,0.13314168235058713,-0.3176961650128558
16,128,devtest,vie_Latn,deu_Latn,0.07566398409131142,-0.3585495276462446
16,128,devtest,vie_Latn,fra_Latn,0.10963466971865782,-0.34185320408513575
16,128,devtest,vie_Latn,spa_Latn,0.10428571140783764,-0.3490667247842498
16,128,devtest,vie_Latn,rus_Cyrl,0.02588842451813376,-0.3592760348105572
16,128,devtest,vie_Latn,hin_Deva,0.16985993956619705,-0.20848721366590786
16,128,devtest,vie_Latn,arb_Arab,0.13736305833093793,-0.319076639505079
16,128,devtest,vie_Latn,zho_Hans,0.16654952603609,-0.3581636394408828
16,128,devtest,vie_Latn,jpn_Jpan,0.03814589920902602,-0.3961451927977669
16,128,devtest,vie_Latn,tur_Latn,0.056588243264791574,-0.32959669130110053
16,128,devtest,vie_Latn,ind_Latn,0.1865750827272459,-0.27909658270482374
16,128,devtest,ind_Latn,eng_Latn,0.135596605485801,-0.2971183532391896
16,128,devtest,ind_Latn,deu_Latn,0.1761875466449088,-0.31117495865544714
16,128,devtest,ind_Latn,fra_Latn,0.12368251215031383,-0.32231626649657313
16,128,devtest,ind_Latn,spa_Latn,0.13083681426936097,-0.341652264472236
16,128,devtest,ind_Latn,rus_Cyrl,0.03725805179250352,-0.3568605523856203
16,128,devtest,ind_Latn,hin_Deva,0.13175861952566983,-0.19275834412462317
16,128,devtest,ind_Latn,arb_Arab,0.1439099470097321,-0.2950785820551723
16,128,devtest,ind_Latn,zho_Hans,0.12604357503044172,-0.35715780895105337
16,128,devtest,ind_Latn,jpn_Jpan,0.0896018987325447,-0.38010843001663935
16,128,devtest,ind_Latn,tur_Latn,0.1189718868802203,-0.32827753631046536
16,128,devtest,ind_Latn,vie_Latn,0.13966780525407088,-0.2903603138385794
16,256,devtest,eng_Latn,deu_Latn,0.26494839456653013,-0.25427423512519265
16,256,devtest,eng_Latn,fra_Latn,0.2243875987451743,-0.24651281697276572
16,256,devtest,eng_Latn,spa_Latn,0.17727658070803495,-0.3138637386819723
16,256,devtest,eng_Latn,rus_Cyrl,0.15133931129577308,-0.2918502622274642
16,256,devtest,eng_Latn,hin_Deva,0.27493049141920195,-0.05371918648682916
16,256,devtest,eng_Latn,arb_Arab,0.2550815542517261,-0.2049685494958816
16,256,devtest,eng_Latn,zho_Hans,0.06662799033131767,-0.3350083062125693
16,256,devtest,eng_Latn,jpn_Jpan,0.049809237836952444,-0.32787195633544053
16,256,devtest,eng_Latn,tur_Latn,0.20879842746432925,-0.2376417453215105
16,256,devtest,eng_Latn,vie_Latn,0.270107736825238,-0.2713877912397307
16,256,devtest,eng_Latn,ind_Latn,0.2712483423637293,-0.25697033069569475
16,256,devtest,deu_Latn,eng_Latn,0.10309955531942283,-0.35789566386575666
16,256,devtest,deu_Latn,fra_Latn,0.12125771569796916,-0.3480759511449723
16,256,devtest,deu_Latn,spa_Latn,0.1658655165309222,-0.39846545448358195
16,256,devtest,deu_Latn,rus_Cyrl,0.0571503076001043,-0.4341812983989902
16,256,devtest,deu_Latn,hin_Deva,0.19204175699806458,-0.22136455835982963
16,256,devtest,deu_Latn,arb_Arab,0.10157293995946608,-0.3638509826370657
16,256,devtest,deu_Latn,zho_Hans,0.10533220292125318,-0.4221467426041748
16,256,devtest,deu_Latn,jpn_Jpan,0.03775691502204701,-0.40783631089492767
16,256,devtest,deu_Latn,tur_Latn,0.1675019669475524,-0.3457477460497366
16,256,devtest,deu_Latn,vie_Latn,0.02307626782301878,-0.39935210935229126
16,256,devtest,deu_Latn,ind_Latn,0.1523833956461546,-0.3437348979539902
16,256,devtest,fra_Latn,eng_Latn,0.09003087681135813,-0.3255685399185765
16,256,devtest,fra_Latn,deu_Latn,0.1147624643744573,-0.32686322554735436
16,256,devtest,fra_Latn,spa_Latn,0.1338568211720679,-0.3860708980743738
16,256,devtest,fra_Latn,rus_Cyrl,0.11033962535424942,-0.40453614483924055
16,256,devtest,fra_Latn,hin_Deva,0.17505810473585728,-0.20420243407932437
16,256,devtest,fra_Latn,arb_Arab,0.14141215100230783,-0.3271016500019046
16,256,devtest,fra_Latn,zho_Hans,0.12075860016231732,-0.42830573198258287
16,256,devtest,fra_Latn,jpn_Jpan,0.031170919858012226,-0.43511560688791623
16,256,devtest,fra_Latn,tur_Latn,0.1214756522066573,-0.3457275282233879
16,256,devtest,fra_Latn,vie_Latn,0.04172340026596443,-0.37146108112487486
16,256,devtest,fra_Latn,ind_Latn,0.10633408626373278,-0.34110397260432473
16,256,devtest,spa_Latn,eng_Latn,0.03383005405051041,-0.40820045776925945
16,256,devtest,spa_Latn,deu_Latn,0.14233298644813844,-0.38564623543599036
16,256,devtest,spa_Latn,fra_Latn,0.14016965511041238,-0.38984160386223554
16,256,devtest,spa_Latn,rus_Cyrl,0.05345028167224423,-0.43783527671123257
16,256,devtest,spa_Latn,hin_Deva,0.17535775466433104,-0.22324892311277375
16,256,devtest,spa_Latn,arb_Arab,0.1796934565246741,-0.3440788413215405
16,256,devtest,spa_Latn,zho_Hans,0.10144356029320947,-0.4641954029539772
16,256,devtest,spa_Latn,jpn_Jpan,-0.02256448279751917,-0.42796628485598476
16,256,devtest,spa_Latn,tur_Latn,0.13382059707407482,-0.353453250879038
16,256,devtest,spa_Latn,vie_Latn,0.041752099651779624,-0.3762097725865031
16,256,devtest,spa_Latn,ind_Latn,0.08832213242018387,-0.3680032254151438
16,256,devtest,rus_Cyrl,eng_Latn,-0.0452199923173458,-0.39668237935548284
16,256,devtest,rus_Cyrl,deu_Latn,-0.019668659386382913,-0.41264900800582455
16,256,devtest,rus_Cyrl,fra_Latn,0.04278175689965908,-0.41733187336112565
16,256,devtest,rus_Cyrl,spa_Latn,-0.011163765832145666,-0.44375432934467535
16,256,devtest,rus_Cyrl,hin_Deva,0.23536042808660715,-0.21126103671733742
16,256,devtest,rus_Cyrl,arb_Arab,0.02762115726212348,-0.3638868143159697
16,256,devtest,rus_Cyrl,zho_Hans,0.09121954943255138,-0.4766459095977251
16,256,devtest,rus_Cyrl,jpn_Jpan,-0.022223583835678493,-0.4342101856219536
16,256,devtest,rus_Cyrl,tur_Latn,-0.003949270826487942,-0.3645232393874092
16,256,devtest,rus_Cyrl,vie_Latn,-0.09286811426455156,-0.4113553380601073
16,256,devtest,rus_Cyrl,ind_Latn,-0.06405792470729672,-0.39190636714209415
16,256,devtest,hin_Deva,eng_Latn,0.10240810263980235,-0.2578969317834149
16,256,devtest,hin_Deva,deu_Latn,0.05967777704147066,-0.34932897886381187
16,256,devtest,hin_Deva,fra_Latn,0.04748589471883199,-0.35805885448833324
16,256,devtest,hin_Deva,spa_Latn,0.028692609223207707,-0.3803644377097013
16,256,devtest,hin_Deva,rus_Cyrl,0.11708333428054224,-0.36113193825758877
16,256,devtest,hin_Deva,arb_Arab,0.01965278346613061,-0.3580829623996199
16,256,devtest,hin_Deva,zho_Hans,0.1509271719289943,-0.3164229386100257
16,256,devtest,hin_Deva,jpn_Jpan,0.1362387798383019,-0.3088668325499905
16,256,devtest,hin_Deva,tur_Latn,0.044100816746924947,-0.39693958544287355
16,256,devtest,hin_Deva,vie_Latn,0.04428069432240696,-0.3554075270487165
16,256,devtest,hin_Deva,ind_Latn,0.018072546356972183,-0.31525638268232226
16,256,devtest,arb_Arab,eng_Latn,0.0841636705260936,-0.36105817592600775
16,256,devtest,arb_Arab,deu_Latn,0.057985482464551936,-0.42161940005343007
16,256,devtest,arb_Arab,fra_Latn,0.11214298442355555,-0.40439936043068053
16,256,devtest,arb_Arab,spa_Latn,0.12917216117369623,-0.41005998958604534
16,256,devtest,arb_Arab,rus_Cyrl,0.1036214125087571,-0.42466795812312774
16,256,devtest,arb_Arab,hin_Deva,0.18717273533734016,-0.27323272872134147
16,256,devtest,arb_Arab,zho_Hans,0.14625838870176122,-0.4448582127277583
16,256,devtest,arb_Arab,jpn_Jpan,0.05397540857036375,-0.4420376457848312
16,256,devtest,arb_Arab,tur_Latn,0.052010182304041815,-0.39816773971691466
16,256,devtest,arb_Arab,vie_Latn,0.03984046783349828,-0.40681439065236363
16,256,devtest,arb_Arab,ind_Latn,0.07643405786779851,-0.39585840143756296
16,256,devtest,zho_Hans,eng_Latn,0.135858725900938,-0.4206936167420289
16,256,devtest,zho_Hans,deu_Latn,0.30687219949105976,-0.39017936906060696
16,256,devtest,zho_Hans,fra_Latn,0.2829337647024219,-0.41995394199168257
16,256,devtest,zho_Hans,spa_Latn,0.29503535112943097,-0.4413311112116536
16,256,devtest,zho_Hans,rus_Cyrl,0.26595810443430357,-0.44028216949672255
16,256,devtest,zho_Hans,hin_Deva,0.30513408100229883,-0.17058712698356773
16,256,devtest,zho_Hans,arb_Arab,0.3337462766951427,-0.3580152509425571
16,256,devtest,zho_Hans,jpn_Jpan,0.22472328520849186,-0.4183098197891383
16,256,devtest,zho_Hans,tur_Latn,0.31201432877155966,-0.35027936370276863
16,256,devtest,zho_Hans,vie_Latn,0.3312822862517708,-0.3959253062495862
16,256,devtest,zho_Hans,ind_Latn,0.311957238595226,-0.38995298982765014
16,256,devtest,jpn_Jpan,eng_Latn,-0.11375843101161084,-0.3889093390555194
16,256,devtest,jpn_Jpan,deu_Latn,0.12795837446924635,-0.36290715280323654
16,256,devtest,jpn_Jpan,fra_Latn,0.1420320775723719,-0.40294403623084213
16,256,devtest,jpn_Jpan,spa_Latn,0.06041292886892015,-0.3991096276550967
16,256,devtest,jpn_Jpan,rus_Cyrl,0.10222562927032937,-0.4060078003167171
16,256,devtest,jpn_Jpan,hin_Deva,0.2989735570637895,-0.14154902457096555
16,256,devtest,jpn_Jpan,arb_Arab,0.218208231534439,-0.33654241125775086
16,256,devtest,jpn_Jpan,zho_Hans,0.08111805906845389,-0.403407177070542
16,256,devtest,jpn_Jpan,tur_Latn,0.16239737828828157,-0.33820313768621874
16,256,devtest,jpn_Jpan,vie_Latn,0.05503461142636441,-0.3798793589697663
16,256,devtest,jpn_Jpan,ind_Latn,0.1615057784877817,-0.3536652529289093
16,256,devtest,tur_Latn,eng_Latn,0.062220278243997486,-0.3857760794780825
16,256,devtest,tur_Latn,deu_Latn,0.1338723993815264,-0.3983217934413051
16,256,devtest,tur_Latn,fra_Latn,0.12422001765619875,-0.4181438022803685
16,256,devtest,tur_Latn,spa_Latn,0.1064030592627334,-0.4361862036566646
16,256,devtest,tur_Latn,rus_Cyrl,0.0529296669335272,-0.4299400287097016
16,256,devtest,tur_Latn,hin_Deva,0.1962587651813074,-0.309932526826683
16,256,devtest,tur_Latn,arb_Arab,0.11955890861260901,-0.3972266493181672
16,256,devtest,tur_Latn,zho_Hans,0.13757389643083384,-0.43162596130234526
16,256,devtest,tur_Latn,jpn_Jpan,0.03282578219209888,-0.4371330304568259
16,256,devtest,tur_Latn,vie_Latn,-0.01218538763852313,-0.4071382869878168
16,256,devtest,tur_Latn,ind_Latn,0.08771173823975814,-0.4004277164710488
16,256,devtest,vie_Latn,eng_Latn,0.1118206604214286,-0.3520234675860053
16,256,devtest,vie_Latn,deu_Latn,0.09131010625822812,-0.38092324283566886
16,256,devtest,vie_Latn,fra_Latn,0.11246329131339873,-0.35746630124033896
16,256,devtest,vie_Latn,spa_Latn,0.11221390942790845,-0.36607233881501194
16,256,devtest,vie_Latn,rus_Cyrl,0.040643947987603755,-0.39806845988837813
16,256,devtest,vie_Latn,hin_Deva,0.20171741764067605,-0.20597903559179348
16,256,devtest,vie_Latn,arb_Arab,0.14468661516593395,-0.3342232728569056
16,256,devtest,vie_Latn,zho_Hans,0.15296081912525006,-0.39711547119456203
16,256,devtest,vie_Latn,jpn_Jpan,0.02434897355562175,-0.4089511665762714
16,256,devtest,vie_Latn,tur_Latn,0.05652213764801285,-0.34070641501311305
16,256,devtest,vie_Latn,ind_Latn,0.19029308408873194,-0.30496121008332533
16,256,devtest,ind_Latn,eng_Latn,0.12580585380424397,-0.341180748085837
16,256,devtest,ind_Latn,deu_Latn,0.17517518222672243,-0.3373740401707769
16,256,devtest,ind_Latn,fra_Latn,0.12034154026190164,-0.3449745626671765
16,256,devtest,ind_Latn,spa_Latn,0.12484831667198178,-0.374776748075183
16,256,devtest,ind_Latn,rus_Cyrl,0.030359669318197946,-0.38883900324337883
16,256,devtest,ind_Latn,hin_Deva,0.15097283410460097,-0.1936834386863187
16,256,devtest,ind_Latn,arb_Arab,0.15680807030060262,-0.32122884730661805
16,256,devtest,ind_Latn,zho_Hans,0.12705499849510662,-0.39741385481621955
16,256,devtest,ind_Latn,jpn_Jpan,0.0757396229976265,-0.39258748755887574
16,256,devtest,ind_Latn,tur_Latn,0.11354363853154016,-0.3442401870875359
16,256,devtest,ind_Latn,vie_Latn,0.1345589914897232,-0.3182672139307036
17,64,devtest,eng_Latn,deu_Latn,0.2515880050985747,-0.20593760193664365
17,64,devtest,eng_Latn,fra_Latn,0.21550632155335503,-0.18908882449291223
17,64,devtest,eng_Latn,spa_Latn,0.17114061772667755,-0.23889903663031326
17,64,devtest,eng_Latn,rus_Cyrl,0.14976828984432222,-0.21478059534695512
17,64,devtest,eng_Latn,hin_Deva,0.2337576208085164,-0.06253684612247917
17,64,devtest,eng_Latn,arb_Arab,0.24993555157634956,-0.15854222676624682
17,64,devtest,eng_Latn,zho_Hans,0.06300243514315977,-0.2781919525242909
17,64,devtest,eng_Latn,jpn_Jpan,0.04992492381766674,-0.2635530183659382
17,64,devtest,eng_Latn,tur_Latn,0.1988321213937332,-0.22764069987397326
17,64,devtest,eng_Latn,vie_Latn,0.2598762906166462,-0.22741193183087213
17,64,devtest,eng_Latn,ind_Latn,0.2595553752911991,-0.19324508281277872
17,64,devtest,deu_Latn,eng_Latn,0.1277052608516981,-0.2762951914347282
17,64,devtest,deu_Latn,fra_Latn,0.11776701882819492,-0.2884990070089974
17,64,devtest,deu_Latn,spa_Latn,0.16243439283371783,-0.33140907876474207
17,64,devtest,deu_Latn,rus_Cyrl,0.06630856246109172,-0.3583689438682334
17,64,devtest,deu_Latn,hin_Deva,0.1650170340462174,-0.2062665222119413
17,64,devtest,deu_Latn,arb_Arab,0.09654873464269462,-0.29866438397303724
17,64,devtest,deu_Latn,zho_Hans,0.08453487886825332,-0.3451603155619357
17,64,devtest,deu_Latn,jpn_Jpan,0.05232409137841731,-0.3243713421986914
17,64,devtest,deu_Latn,tur_Latn,0.16371146045758933,-0.2984345707325196
17,64,devtest,deu_Latn,vie_Latn,0.022583364928920574,-0.3517612786818475
17,64,devtest,deu_Latn,ind_Latn,0.16283740525550822,-0.275309016367674
17,64,devtest,fra_Latn,eng_Latn,0.12587521374662486,-0.23820705956938074
17,64,devtest,fra_Latn,deu_Latn,0.11697090402170489,-0.2733187386879977
17,64,devtest,fra_Latn,spa_Latn,0.1464834907596147,-0.3238797064149323
17,64,devtest,fra_Latn,rus_Cyrl,0.12097349820261637,-0.3453280066997878
17,64,devtest,fra_Latn,hin_Deva,0.13902805391790934,-0.1844004925088795
17,64,devtest,fra_Latn,arb_Arab,0.1354843265560903,-0.2902251453107295
17,64,devtest,fra_Latn,zho_Hans,0.10550677101848824,-0.35251888130770287
17,64,devtest,fra_Latn,jpn_Jpan,0.07048831380817323,-0.38156177350371295
17,64,devtest,fra_Latn,tur_Latn,0.1285014396686534,-0.3051898472410297
17,64,devtest,fra_Latn,vie_Latn,0.0636229608445282,-0.3262458386017376
17,64,devtest,fra_Latn,ind_Latn,0.13186897517124616,-0.2869346087775177
17,64,devtest,spa_Latn,eng_Latn,0.06560105868308141,-0.2943970355660749
17,64,devtest,spa_Latn,deu_Latn,0.13447403558477086,-0.3205546455975556
17,64,devtest,spa_Latn,fra_Latn,0.1432816059608972,-0.32711106753029545
17,64,devtest,spa_Latn,rus_Cyrl,0.03189836193584368,-0.3787660006072017
17,64,devtest,spa_Latn,hin_Deva,0.1335986674568236,-0.19699287997921067
17,64,devtest,spa_Latn,arb_Arab,0.17028524811761417,-0.27448708103849245
17,64,devtest,spa_Latn,zho_Hans,0.09917328107904724,-0.38065722544982944
17,64,devtest,spa_Latn,jpn_Jpan,-0.002663939504072929,-0.36181189021276905
17,64,devtest,spa_Latn,tur_Latn,0.14017473131504948,-0.3245877853202155
17,64,devtest,spa_Latn,vie_Latn,0.07186053875943572,-0.3315676261823349
17,64,devtest,spa_Latn,ind_Latn,0.0854147837849266,-0.30872467199906023
17,64,devtest,rus_Cyrl,eng_Latn,0.006356469528183991,-0.28600028036202046
17,64,devtest,rus_Cyrl,deu_Latn,0.014224293035070546,-0.34182714209556375
17,64,devtest,rus_Cyrl,fra_Latn,0.08058813509427855,-0.35810132806696054
17,64,devtest,rus_Cyrl,spa_Latn,-0.011388511160736643,-0.3786475988279977
17,64,devtest,rus_Cyrl,hin_Deva,0.17549786401673706,-0.19056507052840338
17,64,devtest,rus_Cyrl,arb_Arab,0.041913707786722584,-0.3060332205376952
17,64,devtest,rus_Cyrl,zho_Hans,0.07602966762011458,-0.4096237717486732
17,64,devtest,rus_Cyrl,jpn_Jpan,0.011888541493746995,-0.3479485517239601
17,64,devtest,rus_Cyrl,tur_Latn,0.0300717546859712,-0.32699868491472356
17,64,devtest,rus_Cyrl,vie_Latn,-0.05906236331317236,-0.3394716305374875
17,64,devtest,rus_Cyrl,ind_Latn,-0.04526809593776126,-0.30809225924553624
17,64,devtest,hin_Deva,eng_Latn,0.10725528388544599,-0.2213739030220186
17,64,devtest,hin_Deva,deu_Latn,0.06437392992748069,-0.3155410375628822
17,64,devtest,hin_Deva,fra_Latn,0.04756594665255408,-0.3077267407443471
17,64,devtest,hin_Deva,spa_Latn,0.023853978483404797,-0.33139375362256357
17,64,devtest,hin_Deva,rus_Cyrl,0.10292948482239944,-0.3148055738000573
17,64,devtest,hin_Deva,arb_Arab,0.03209012704083609,-0.3417519356057183
17,64,devtest,hin_Deva,zho_Hans,0.14887948253254957,-0.26921635264218113
17,64,devtest,hin_Deva,jpn_Jpan,0.130808275072693,-0.2636005095805835
17,64,devtest,hin_Deva,tur_Latn,0.056811745378120546,-0.3681349826180059
17,64,devtest,hin_Deva,vie_Latn,0.04061137406803842,-0.30637450057332927
17,64,devtest,hin_Deva,ind_Latn,0.022747100199516868,-0.2708045978780009
17,64,devtest,arb_Arab,eng_Latn,0.1290957268078162,-0.2622936134131659
17,64,devtest,arb_Arab,deu_Latn,0.06736340696911632,-0.34347709632671863
17,64,devtest,arb_Arab,fra_Latn,0.11620655637327475,-0.3418249194809615
17,64,devtest,arb_Arab,spa_Latn,0.13923102880735017,-0.3230336108711422
17,64,devtest,arb_Arab,rus_Cyrl,0.09764983716909036,-0.3479707870573108
17,64,devtest,arb_Arab,hin_Deva,0.1331319371196666,-0.2600387761745703
17,64,devtest,arb_Arab,zho_Hans,0.16489534357953675,-0.3808064354534399
17,64,devtest,arb_Arab,jpn_Jpan,0.08305964602506605,-0.37278482842953903
17,64,devtest,arb_Arab,tur_Latn,0.06374874082685902,-0.36858261593373143
17,64,devtest,arb_Arab,vie_Latn,0.04628973723728562,-0.33574778950701617
17,64,devtest,arb_Arab,ind_Latn,0.06733200655756896,-0.3088593692020642
17,64,devtest,zho_Hans,eng_Latn,0.12068222876011463,-0.3369970402450418
17,64,devtest,zho_Hans,deu_Latn,0.23144136315605068,-0.3410935904955785
17,64,devtest,zho_Hans,fra_Latn,0.21580277350949545,-0.35316093967364387
17,64,devtest,zho_Hans,spa_Latn,0.23680793663946717,-0.37104302922920473
17,64,devtest,zho_Hans,rus_Cyrl,0.20570294698800046,-0.38746555227733004
17,64,devtest,zho_Hans,hin_Deva,0.25289360311819536,-0.1623851195732446
17,64,devtest,zho_Hans,arb_Arab,0.29048672538975556,-0.3210367172845157
17,64,devtest,zho_Hans,jpn_Jpan,0.18294902608849448,-0.37488778822254865
17,64,devtest,zho_Hans,tur_Latn,0.2670905009533519,-0.31874221895051813
17,64,devtest,zho_Hans,vie_Latn,0.26785175182748233,-0.3393341184782144
17,64,devtest,zho_Hans,ind_Latn,0.25346753224667173,-0.3285039454291436
17,64,devtest,jpn_Jpan,eng_Latn,-0.08044487783350704,-0.29887655908710903
17,64,devtest,jpn_Jpan,deu_Latn,0.11807124333187632,-0.29509598901225165
17,64,devtest,jpn_Jpan,fra_Latn,0.14969732058319343,-0.35023670108912996
17,64,devtest,jpn_Jpan,spa_Latn,0.05896991146221719,-0.3363309749857896
17,64,devtest,jpn_Jpan,rus_Cyrl,0.09404880484218929,-0.3219872678916871
17,64,devtest,jpn_Jpan,hin_Deva,0.2552056293967103,-0.12589377088574313
17,64,devtest,jpn_Jpan,arb_Arab,0.20876701076853535,-0.2856320733477802
17,64,devtest,jpn_Jpan,zho_Hans,0.08206385997924956,-0.3573981888466822
17,64,devtest,jpn_Jpan,tur_Latn,0.14819560658941833,-0.30762763934027815
17,64,devtest,jpn_Jpan,vie_Latn,0.05208889288073557,-0.33465121681757876
17,64,devtest,jpn_Jpan,ind_Latn,0.14110642799071288,-0.31306130163238477
17,64,devtest,tur_Latn,eng_Latn,0.09451394807190712,-0.33239108515165194
17,64,devtest,tur_Latn,deu_Latn,0.1399226723148893,-0.33414175478035085
17,64,devtest,tur_Latn,fra_Latn,0.1410726355828149,-0.3560293807910865
17,64,devtest,tur_Latn,spa_Latn,0.136738456274767,-0.38229056175783865
17,64,devtest,tur_Latn,rus_Cyrl,0.07131449041369632,-0.37269275383169165
17,64,devtest,tur_Latn,hin_Deva,0.1553627258786954,-0.28239392761940824
17,64,devtest,tur_Latn,arb_Arab,0.12584318601422528,-0.3549876515104328
17,64,devtest,tur_Latn,zho_Hans,0.14324157806931462,-0.36645826757671573
17,64,devtest,tur_Latn,jpn_Jpan,0.06377039623078445,-0.3841982279278882
17,64,devtest,tur_Latn,vie_Latn,0.01957912545043951,-0.36076358260504543
17,64,devtest,tur_Latn,ind_Latn,0.09107083789552131,-0.3436429249853338
17,64,devtest,vie_Latn,eng_Latn,0.15048315595000428,-0.27471164288106087
17,64,devtest,vie_Latn,deu_Latn,0.06820673123664038,-0.3417491773928334
17,64,devtest,vie_Latn,fra_Latn,0.1015804043957642,-0.3186204513801477
17,64,devtest,vie_Latn,spa_Latn,0.1259665283792429,-0.3267072408522136
17,64,devtest,vie_Latn,rus_Cyrl,0.02586156279016414,-0.33095146358442196
17,64,devtest,vie_Latn,hin_Deva,0.14735697327668926,-0.18802036294371133
17,64,devtest,vie_Latn,arb_Arab,0.11590414592441546,-0.2818585286083113
17,64,devtest,vie_Latn,zho_Hans,0.15307273695264675,-0.33126343131771424
17,64,devtest,vie_Latn,jpn_Jpan,0.042552790080626526,-0.3671364632159461
17,64,devtest,vie_Latn,tur_Latn,0.0528188972907265,-0.3167327129296197
17,64,devtest,vie_Latn,ind_Latn,0.19171955027128285,-0.24617235701606713
17,64,devtest,ind_Latn,eng_Latn,0.1449583303820614,-0.24781416130639075
17,64,devtest,ind_Latn,deu_Latn,0.17561665383121447,-0.2714474420757172
17,64,devtest,ind_Latn,fra_Latn,0.1378172168390144,-0.2923212184005035
17,64,devtest,ind_Latn,spa_Latn,0.12305355530471869,-0.3186114227523168
17,64,devtest,ind_Latn,rus_Cyrl,0.026892603054176987,-0.3070045763700107
17,64,devtest,ind_Latn,hin_Deva,0.10706125049518157,-0.17956150513368052
17,64,devtest,ind_Latn,arb_Arab,0.1329561868790663,-0.2627313473095872
17,64,devtest,ind_Latn,zho_Hans,0.11976495494049844,-0.3228642600761702
17,64,devtest,ind_Latn,jpn_Jpan,0.0777826339922372,-0.34810488241692
17,64,devtest,ind_Latn,tur_Latn,0.11954776528997743,-0.31007529883499074
17,64,devtest,ind_Latn,vie_Latn,0.15133858195258518,-0.2540106205287804
17,128,devtest,eng_Latn,deu_Latn,0.2583543966779924,-0.219924784593969
17,128,devtest,eng_Latn,fra_Latn,0.23371365680223558,-0.19974763212394467
17,128,devtest,eng_Latn,spa_Latn,0.16058687718528328,-0.28290929927492936
17,128,devtest,eng_Latn,rus_Cyrl,0.1569147626015162,-0.2393450572063256
17,128,devtest,eng_Latn,hin_Deva,0.26705870214387023,-0.04212067984873878
17,128,devtest,eng_Latn,arb_Arab,0.2537298119712273,-0.17697998138472956
17,128,devtest,eng_Latn,zho_Hans,0.06389539475233709,-0.2987687702840147
17,128,devtest,eng_Latn,jpn_Jpan,0.04658420238720034,-0.29729163221266613
17,128,devtest,eng_Latn,tur_Latn,0.20500487250871188,-0.22298203922133655
17,128,devtest,eng_Latn,vie_Latn,0.27370505288354,-0.2439437228476819
17,128,devtest,eng_Latn,ind_Latn,0.27245377638724805,-0.2209027301377226
17,128,devtest,deu_Latn,eng_Latn,0.11733851694603765,-0.3050340069945464
17,128,devtest,deu_Latn,fra_Latn,0.12402346639837554,-0.32197943639615667
17,128,devtest,deu_Latn,spa_Latn,0.17156982611786045,-0.3756994931663543
17,128,devtest,deu_Latn,rus_Cyrl,0.061662021785986065,-0.3908441319847788
17,128,devtest,deu_Latn,hin_Deva,0.18557236281951509,-0.21339145323792275
17,128,devtest,deu_Latn,arb_Arab,0.10264841110435066,-0.3480487973344815
17,128,devtest,deu_Latn,zho_Hans,0.10783749134243055,-0.3822966234008121
17,128,devtest,deu_Latn,jpn_Jpan,0.04183482816863509,-0.36366661983901344
17,128,devtest,deu_Latn,tur_Latn,0.16567041492579024,-0.32318650399497684
17,128,devtest,deu_Latn,vie_Latn,0.02722894358636168,-0.3695381261534278
17,128,devtest,deu_Latn,ind_Latn,0.15774243892040504,-0.3101738048331497
17,128,devtest,fra_Latn,eng_Latn,0.11800424006856515,-0.2652090460807113
17,128,devtest,fra_Latn,deu_Latn,0.12472187306639772,-0.3070918693214828
17,128,devtest,fra_Latn,spa_Latn,0.1517581700936312,-0.3699754908772122
17,128,devtest,fra_Latn,rus_Cyrl,0.11103951773530861,-0.36719988925909164
17,128,devtest,fra_Latn,hin_Deva,0.15285752333261043,-0.20464664701025892
17,128,devtest,fra_Latn,arb_Arab,0.15132096074720705,-0.32055058880162496
17,128,devtest,fra_Latn,zho_Hans,0.11342425165107133,-0.3992467737407525
17,128,devtest,fra_Latn,jpn_Jpan,0.038669956201723504,-0.4131276901672239
17,128,devtest,fra_Latn,tur_Latn,0.133218547572609,-0.33163427724831795
17,128,devtest,fra_Latn,vie_Latn,0.06382591049397658,-0.3620034231664001
17,128,devtest,fra_Latn,ind_Latn,0.12011571183071823,-0.32266036770738277
17,128,devtest,spa_Latn,eng_Latn,0.034940713283081695,-0.3571339109766694
17,128,devtest,spa_Latn,deu_Latn,0.14737434017772758,-0.3636817506727886
17,128,devtest,spa_Latn,fra_Latn,0.15367137413954143,-0.37053622800730845
17,128,devtest,spa_Latn,rus_Cyrl,0.05207705477359564,-0.41739583884896364
17,128,devtest,spa_Latn,hin_Deva,0.15472166254112002,-0.20678996699060037
17,128,devtest,spa_Latn,arb_Arab,0.17241630530920754,-0.31899246920247193
17,128,devtest,spa_Latn,zho_Hans,0.10127923314918008,-0.423366553726857
17,128,devtest,spa_Latn,jpn_Jpan,-0.008697073303340654,-0.4008954416383612
17,128,devtest,spa_Latn,tur_Latn,0.1441290632533497,-0.34295508686872633
17,128,devtest,spa_Latn,vie_Latn,0.04468199966909154,-0.3599539835236057
17,128,devtest,spa_Latn,ind_Latn,0.09534246596439057,-0.3411094533203317
17,128,devtest,rus_Cyrl,eng_Latn,-0.011583821301071728,-0.32644856528481925
17,128,devtest,rus_Cyrl,deu_Latn,-0.008935224938092696,-0.3715607323636934
17,128,devtest,rus_Cyrl,fra_Latn,0.05399396406726989,-0.37988539182741654
17,128,devtest,rus_Cyrl,spa_Latn,0.0021644467038707442,-0.42173005839644134
17,128,devtest,rus_Cyrl,hin_Deva,0.21855402282521988,-0.19680963256882011
17,128,devtest,rus_Cyrl,arb_Arab,0.03795571154994889,-0.3382258073455846
17,128,devtest,rus_Cyrl,zho_Hans,0.08612823129026177,-0.45124791925662
17,128,devtest,rus_Cyrl,jpn_Jpan,0.004241871388107753,-0.40549318692203645
17,128,devtest,rus_Cyrl,tur_Latn,0.007401204367938208,-0.34274113666331274
17,128,devtest,rus_Cyrl,vie_Latn,-0.0798130134347101,-0.3724296965409733
17,128,devtest,rus_Cyrl,ind_Latn,-0.04346319585637298,-0.36259315385678487
17,128,devtest,hin_Deva,eng_Latn,0.11721805427374482,-0.22203542418473848
17,128,devtest,hin_Deva,deu_Latn,0.07823090419471242,-0.3366126718948982
17,128,devtest,hin_Deva,fra_Latn,0.04095589036911346,-0.34949498888207153
17,128,devtest,hin_Deva,spa_Latn,0.02469880195517995,-0.3584321076087463
17,128,devtest,hin_Deva,rus_Cyrl,0.131688861198824,-0.3343325512687902
17,128,devtest,hin_Deva,arb_Arab,0.032061401418259604,-0.36728571493511886
17,128,devtest,hin_Deva,zho_Hans,0.1537119387346514,-0.29019934427554767
17,128,devtest,hin_Deva,jpn_Jpan,0.13872102603349776,-0.2893101732386272
17,128,devtest,hin_Deva,tur_Latn,0.0439487714951444,-0.39024930430234983
17,128,devtest,hin_Deva,vie_Latn,0.05382768594145392,-0.332143867806044
17,128,devtest,hin_Deva,ind_Latn,0.03126750731987883,-0.3010336066669806
17,128,devtest,arb_Arab,eng_Latn,0.10578693300595603,-0.31260878055117797
17,128,devtest,arb_Arab,deu_Latn,0.0681895648222933,-0.4035415450937694
17,128,devtest,arb_Arab,fra_Latn,0.11692398629642135,-0.38760740883993483
17,128,devtest,arb_Arab,spa_Latn,0.12951563091795462,-0.3827568613291412
17,128,devtest,arb_Arab,rus_Cyrl,0.10277401090408278,-0.3934269518301328
17,128,devtest,arb_Arab,hin_Deva,0.1654463173732687,-0.27692402341336764
17,128,devtest,arb_Arab,zho_Hans,0.1551832246079457,-0.4086333902072574
17,128,devtest,arb_Arab,jpn_Jpan,0.07179549037603332,-0.4127428580164176
17,128,devtest,arb_Arab,tur_Latn,0.0604427606368201,-0.38885368262789183
17,128,devtest,arb_Arab,vie_Latn,0.048705395250759134,-0.3828976875278109
17,128,devtest,arb_Arab,ind_Latn,0.07057859655884799,-0.3587975341347144
17,128,devtest,zho_Hans,eng_Latn,0.12772642344724225,-0.36860172303123945
17,128,devtest,zho_Hans,deu_Latn,0.27857558492582435,-0.36480630707671124
17,128,devtest,zho_Hans,fra_Latn,0.25535190366986776,-0.39619441864661753
17,128,devtest,zho_Hans,spa_Latn,0.2680584033139954,-0.4088870317876362
17,128,devtest,zho_Hans,rus_Cyrl,0.24010833836198084,-0.42242614814759777
17,128,devtest,zho_Hans,hin_Deva,0.28459225619202316,-0.16224716723221583
17,128,devtest,zho_Hans,arb_Arab,0.3089438641646733,-0.3353360792243644
17,128,devtest,zho_Hans,jpn_Jpan,0.19898111339142655,-0.3942165687878429
17,128,devtest,zho_Hans,tur_Latn,0.29827679219273306,-0.3307221675624622
17,128,devtest,zho_Hans,vie_Latn,0.3147655549438379,-0.3674060624911398
17,128,devtest,zho_Hans,ind_Latn,0.2928997090002249,-0.364513683154219
17,128,devtest,jpn_Jpan,eng_Latn,-0.107571688567232,-0.3452147325688475
17,128,devtest,jpn_Jpan,deu_Latn,0.12178558570337095,-0.3276708246135951
17,128,devtest,jpn_Jpan,fra_Latn,0.1362360102122832,-0.3799260416165822
17,128,devtest,jpn_Jpan,spa_Latn,0.06338408612988154,-0.3724021525485107
17,128,devtest,jpn_Jpan,rus_Cyrl,0.10900240214236254,-0.37499099437334077
17,128,devtest,jpn_Jpan,hin_Deva,0.28506834591892183,-0.13194622186990632
17,128,devtest,jpn_Jpan,arb_Arab,0.2131749783357952,-0.31149263247121456
17,128,devtest,jpn_Jpan,zho_Hans,0.07601864110412712,-0.37061849019225873
17,128,devtest,jpn_Jpan,tur_Latn,0.15674494676060594,-0.32374414935005097
17,128,devtest,jpn_Jpan,vie_Latn,0.05732399659562373,-0.3660864210842436
17,128,devtest,jpn_Jpan,ind_Latn,0.1583672378446514,-0.34369539935153814
17,128,devtest,tur_Latn,eng_Latn,0.07578798326627646,-0.3477452437254524
17,128,devtest,tur_Latn,deu_Latn,0.13880801670790188,-0.3676984267927181
17,128,devtest,tur_Latn,fra_Latn,0.13810153097133016,-0.3930251792104114
17,128,devtest,tur_Latn,spa_Latn,0.12849382887565006,-0.4113964102725541
17,128,devtest,tur_Latn,rus_Cyrl,0.051001407404362084,-0.39928476951659214
17,128,devtest,tur_Latn,hin_Deva,0.169778866554447,-0.3031371134824878
17,128,devtest,tur_Latn,arb_Arab,0.12686690656790167,-0.38189142810912935
17,128,devtest,tur_Latn,zho_Hans,0.15221361502363767,-0.3936151637558581
17,128,devtest,tur_Latn,jpn_Jpan,0.04528681626594592,-0.41374994126148634
17,128,devtest,tur_Latn,vie_Latn,0.005724828625313095,-0.3842241615966419
17,128,devtest,tur_Latn,ind_Latn,0.09049243507456538,-0.3749071988934861
17,128,devtest,vie_Latn,eng_Latn,0.1430185401611208,-0.3092910237299305
17,128,devtest,vie_Latn,deu_Latn,0.0847171341815095,-0.36099514762982216
17,128,devtest,vie_Latn,fra_Latn,0.11932995323032589,-0.35295245337554676
17,128,devtest,vie_Latn,spa_Latn,0.11050485721991475,-0.3516071142978843
17,128,devtest,vie_Latn,rus_Cyrl,0.03142826803777849,-0.36229011903241404
17,128,devtest,vie_Latn,hin_Deva,0.18063332503828297,-0.19965494148899895
17,128,devtest,vie_Latn,arb_Arab,0.13723749682135564,-0.31755905300243226
17,128,devtest,vie_Latn,zho_Hans,0.17234929750769562,-0.36833211817351225
17,128,devtest,vie_Latn,jpn_Jpan,0.0361648734229482,-0.40024376488793983
17,128,devtest,vie_Latn,tur_Latn,0.058910305819488425,-0.3307650770219437
17,128,devtest,vie_Latn,ind_Latn,0.19132666970480464,-0.2857557249694314
17,128,devtest,ind_Latn,eng_Latn,0.14412737646982657,-0.2935880489879801
17,128,devtest,ind_Latn,deu_Latn,0.17352173377753824,-0.3126957078725583
17,128,devtest,ind_Latn,fra_Latn,0.13014354914526777,-0.32976221490453417
17,128,devtest,ind_Latn,spa_Latn,0.1332449660766501,-0.35032880173394365
17,128,devtest,ind_Latn,rus_Cyrl,0.03891994007998167,-0.36222123708406856
17,128,devtest,ind_Latn,hin_Deva,0.13747313766678612,-0.19078751918759096
17,128,devtest,ind_Latn,arb_Arab,0.14760323248197402,-0.2958109032817703
17,128,devtest,ind_Latn,zho_Hans,0.13062544929885284,-0.36765300837892256
17,128,devtest,ind_Latn,jpn_Jpan,0.08686085724460131,-0.38810692003045605
17,128,devtest,ind_Latn,tur_Latn,0.11837273293601559,-0.33106384278337436
17,128,devtest,ind_Latn,vie_Latn,0.1422610647975966,-0.29661668911359673
17,256,devtest,eng_Latn,deu_Latn,0.28191800556397995,-0.24699743720160522
17,256,devtest,eng_Latn,fra_Latn,0.24062552180684577,-0.23436055811732845
17,256,devtest,eng_Latn,spa_Latn,0.19075764235602816,-0.31163394344228973
17,256,devtest,eng_Latn,rus_Cyrl,0.1663544151345422,-0.27242168422916513
17,256,devtest,eng_Latn,hin_Deva,0.2957536390552518,-0.041684077154980445
17,256,devtest,eng_Latn,arb_Arab,0.2690842526106729,-0.19666975699899328
17,256,devtest,eng_Latn,zho_Hans,0.05753116969756744,-0.32300242816294594
17,256,devtest,eng_Latn,jpn_Jpan,0.06612536092477114,-0.3198228217392431
17,256,devtest,eng_Latn,tur_Latn,0.2180722211282315,-0.2328490297393693
17,256,devtest,eng_Latn,vie_Latn,0.28109692620770405,-0.2671933958595413
17,256,devtest,eng_Latn,ind_Latn,0.2805595383520314,-0.2490708354925083
17,256,devtest,deu_Latn,eng_Latn,0.11183737626130102,-0.358431235266579
17,256,devtest,deu_Latn,fra_Latn,0.12356031149266154,-0.35558446766026097
17,256,devtest,deu_Latn,spa_Latn,0.16797350771702266,-0.40668123179791504
17,256,devtest,deu_Latn,rus_Cyrl,0.06320369738440448,-0.43537462979682506
17,256,devtest,deu_Latn,hin_Deva,0.2011444438759002,-0.21982288677825487
17,256,devtest,deu_Latn,arb_Arab,0.10672009976920104,-0.37523633622505453
17,256,devtest,deu_Latn,zho_Hans,0.10494177866254244,-0.4261681982078338
17,256,devtest,deu_Latn,jpn_Jpan,0.03590868300977525,-0.40899634239886473
17,256,devtest,deu_Latn,tur_Latn,0.1707013582782595,-0.34539429091370993
17,256,devtest,deu_Latn,vie_Latn,0.029431701637694038,-0.40425771910846764
17,256,devtest,deu_Latn,ind_Latn,0.15003637319856986,-0.3547122046196088
17,256,devtest,fra_Latn,eng_Latn,0.10183760653121539,-0.31379430893219495
17,256,devtest,fra_Latn,deu_Latn,0.11947152245254913,-0.3285546720004098
17,256,devtest,fra_Latn,spa_Latn,0.1380474814410335,-0.3910228322644756
17,256,devtest,fra_Latn,rus_Cyrl,0.1106969818566866,-0.40447056737319836
17,256,devtest,fra_Latn,hin_Deva,0.18372327501001284,-0.19950704938588817
17,256,devtest,fra_Latn,arb_Arab,0.14671630382885642,-0.33371736966324744
17,256,devtest,fra_Latn,zho_Hans,0.12198617334936275,-0.43279025012518496
17,256,devtest,fra_Latn,jpn_Jpan,0.03156671286781376,-0.43395056093150414
17,256,devtest,fra_Latn,tur_Latn,0.12943094227532967,-0.3429883655390803
17,256,devtest,fra_Latn,vie_Latn,0.04315955822777241,-0.37569529288039083
17,256,devtest,fra_Latn,ind_Latn,0.1119485358849172,-0.34825917039721277
17,256,devtest,spa_Latn,eng_Latn,0.04231373966328942,-0.40344165140214133
17,256,devtest,spa_Latn,deu_Latn,0.14683483886003268,-0.3903230128876301
17,256,devtest,spa_Latn,fra_Latn,0.14309996046192697,-0.3952431038777543
17,256,devtest,spa_Latn,rus_Cyrl,0.06062115186540148,-0.44293926703574704
17,256,devtest,spa_Latn,hin_Deva,0.18704923225631284,-0.21464558206918607
17,256,devtest,spa_Latn,arb_Arab,0.1785221008482368,-0.3439810323586255
17,256,devtest,spa_Latn,zho_Hans,0.10290858729321739,-0.4649185496679328
17,256,devtest,spa_Latn,jpn_Jpan,-0.02080097239946915,-0.43218988189590124
17,256,devtest,spa_Latn,tur_Latn,0.14564545245220306,-0.35697810334219754
17,256,devtest,spa_Latn,vie_Latn,0.04444796104622731,-0.38163323270466953
17,256,devtest,spa_Latn,ind_Latn,0.08752413196543064,-0.38074333437068286
17,256,devtest,rus_Cyrl,eng_Latn,-0.03293975195684573,-0.37977474563448055
17,256,devtest,rus_Cyrl,deu_Latn,-0.01857003313381302,-0.4107271858602996
17,256,devtest,rus_Cyrl,fra_Latn,0.039726311620975834,-0.4203457099528988
17,256,devtest,rus_Cyrl,spa_Latn,-0.006693075785132165,-0.45046863828799244
17,256,devtest,rus_Cyrl,hin_Deva,0.24244157377413883,-0.20591607411019291
17,256,devtest,rus_Cyrl,arb_Arab,0.026965506888951933,-0.369145615089178
17,256,devtest,rus_Cyrl,zho_Hans,0.08628972415906051,-0.48068290414023945
17,256,devtest,rus_Cyrl,jpn_Jpan,-0.026553398422549144,-0.43008968895980354
17,256,devtest,rus_Cyrl,tur_Latn,-0.0008319696395276693,-0.3645211435950401
17,256,devtest,rus_Cyrl,vie_Latn,-0.09193129413411456,-0.41375634296632496
17,256,devtest,rus_Cyrl,ind_Latn,-0.06138067120940027,-0.39291239506490505
17,256,devtest,hin_Deva,eng_Latn,0.12001078969755324,-0.2479712660275993
17,256,devtest,hin_Deva,deu_Latn,0.06467484342593781,-0.3529752839856812
17,256,devtest,hin_Deva,fra_Latn,0.0496268208163999,-0.3607826611264975
17,256,devtest,hin_Deva,spa_Latn,0.03301686744505229,-0.37707653453523715
17,256,devtest,hin_Deva,rus_Cyrl,0.12415857438039496,-0.3581966114888887
17,256,devtest,hin_Deva,arb_Arab,0.020610998913300916,-0.36777007673034773
17,256,devtest,hin_Deva,zho_Hans,0.1669063196336778,-0.3171406566647783
17,256,devtest,hin_Deva,jpn_Jpan,0.1438253950793343,-0.30927613782279384
17,256,devtest,hin_Deva,tur_Latn,0.04601067970892282,-0.3993460940045357
17,256,devtest,hin_Deva,vie_Latn,0.058274771910224406,-0.3541274153630997
17,256,devtest,hin_Deva,ind_Latn,0.01895212782918203,-0.32320384438085836
17,256,devtest,arb_Arab,eng_Latn,0.0943735673735326,-0.3533799081680306
17,256,devtest,arb_Arab,deu_Latn,0.06601051964092716,-0.43336479145837226
17,256,devtest,arb_Arab,fra_Latn,0.11158142464035128,-0.41397031957466585
17,256,devtest,arb_Arab,spa_Latn,0.1273993209059204,-0.4114546212688737
17,256,devtest,arb_Arab,rus_Cyrl,0.10170882149409402,-0.429702960677515
17,256,devtest,arb_Arab,hin_Deva,0.19063265031876184,-0.27422302298625506
17,256,devtest,arb_Arab,zho_Hans,0.1451670392695067,-0.4455708866670464
17,256,devtest,arb_Arab,jpn_Jpan,0.05718568635923179,-0.4459382401520803
17,256,devtest,arb_Arab,tur_Latn,0.056900624530750045,-0.39911198539780324
17,256,devtest,arb_Arab,vie_Latn,0.04242615030351049,-0.4105219442807669
17,256,devtest,arb_Arab,ind_Latn,0.07816148840271761,-0.4026216476268842
17,256,devtest,zho_Hans,eng_Latn,0.12610231986027048,-0.413206999249044
17,256,devtest,zho_Hans,deu_Latn,0.31270179367210676,-0.39373806179382154
17,256,devtest,zho_Hans,fra_Latn,0.29317760822547984,-0.4276196141365404
17,256,devtest,zho_Hans,spa_Latn,0.3024302983905187,-0.44322959062291645
17,256,devtest,zho_Hans,rus_Cyrl,0.26759925291805353,-0.44735519055529505
17,256,devtest,zho_Hans,hin_Deva,0.32678307630693026,-0.16978167844176367
17,256,devtest,zho_Hans,arb_Arab,0.3353086794765642,-0.36084311223160787
17,256,devtest,zho_Hans,jpn_Jpan,0.23063783498268164,-0.42800558787772225
17,256,devtest,zho_Hans,tur_Latn,0.32342394130464325,-0.3545000303918672
17,256,devtest,zho_Hans,vie_Latn,0.33651746088306694,-0.40232448447055164
17,256,devtest,zho_Hans,ind_Latn,0.32066484943918816,-0.39631168430542796
17,256,devtest,jpn_Jpan,eng_Latn,-0.10835893563160838,-0.3850395310746139
17,256,devtest,jpn_Jpan,deu_Latn,0.13156865420858452,-0.36235956165854877
17,256,devtest,jpn_Jpan,fra_Latn,0.14767038816801434,-0.4046282962606472
17,256,devtest,jpn_Jpan,spa_Latn,0.06664516802722209,-0.40680831654281696
17,256,devtest,jpn_Jpan,rus_Cyrl,0.10400604051606302,-0.39905297284436253
17,256,devtest,jpn_Jpan,hin_Deva,0.3165333859428025,-0.14008304349989695
17,256,devtest,jpn_Jpan,arb_Arab,0.22338064165868615,-0.3395399051037846
17,256,devtest,jpn_Jpan,zho_Hans,0.07980847922472192,-0.41029894637413994
17,256,devtest,jpn_Jpan,tur_Latn,0.16443437066160402,-0.34385198683429946
17,256,devtest,jpn_Jpan,vie_Latn,0.0605187915674249,-0.3797638326820608
17,256,devtest,jpn_Jpan,ind_Latn,0.16378935928963517,-0.35616577831337914
17,256,devtest,tur_Latn,eng_Latn,0.06359528752493475,-0.38106246178797176
17,256,devtest,tur_Latn,deu_Latn,0.13516236362663742,-0.39444980071884395
17,256,devtest,tur_Latn,fra_Latn,0.13082802166761032,-0.4178572741664853
17,256,devtest,tur_Latn,spa_Latn,0.11866250025512343,-0.4378810829723869
17,256,devtest,tur_Latn,rus_Cyrl,0.05753107167304114,-0.4282504321649556
17,256,devtest,tur_Latn,hin_Deva,0.19944583373035704,-0.3061542224728744
17,256,devtest,tur_Latn,arb_Arab,0.12303274534772005,-0.39726894746738345
17,256,devtest,tur_Latn,zho_Hans,0.14186202978527584,-0.42858940110875665
17,256,devtest,tur_Latn,jpn_Jpan,0.030307197108805403,-0.4402311448336094
17,256,devtest,tur_Latn,vie_Latn,-0.009399225211116562,-0.4044275098399109
17,256,devtest,tur_Latn,ind_Latn,0.08280124894392354,-0.4035487138905986
17,256,devtest,vie_Latn,eng_Latn,0.12417737340486268,-0.34688966404940397
17,256,devtest,vie_Latn,deu_Latn,0.09953333721581908,-0.3826797324335004
17,256,devtest,vie_Latn,fra_Latn,0.11684543243621587,-0.3651805351644745
17,256,devtest,vie_Latn,spa_Latn,0.11846749090427243,-0.37370266654442214
17,256,devtest,vie_Latn,rus_Cyrl,0.04312908043387581,-0.40057111687093544
17,256,devtest,vie_Latn,hin_Deva,0.21370222355324073,-0.20216326429419534
17,256,devtest,vie_Latn,arb_Arab,0.14751921172770996,-0.3365845599439009
17,256,devtest,vie_Latn,zho_Hans,0.15266498253835792,-0.4034042835183918
17,256,devtest,vie_Latn,jpn_Jpan,0.027628700815377567,-0.4083158588383493
17,256,devtest,vie_Latn,tur_Latn,0.05941089173151673,-0.3385115457364336
17,256,devtest,vie_Latn,ind_Latn,0.1947028591538967,-0.3155026380345986
17,256,devtest,ind_Latn,eng_Latn,0.1332204905362056,-0.336466888248184
17,256,devtest,ind_Latn,deu_Latn,0.17126528475191863,-0.3476072349129586
17,256,devtest,ind_Latn,fra_Latn,0.1264253067812231,-0.35638217636550257
17,256,devtest,ind_Latn,spa_Latn,0.1255411615022258,-0.3882515745069772
17,256,devtest,ind_Latn,rus_Cyrl,0.03710480998321653,-0.3915588067495587
17,256,devtest,ind_Latn,hin_Deva,0.15814484796883735,-0.1965889393479016
17,256,devtest,ind_Latn,arb_Arab,0.15847397830759696,-0.32660108264492427
17,256,devtest,ind_Latn,zho_Hans,0.1264830927940093,-0.4040436633728458
17,256,devtest,ind_Latn,jpn_Jpan,0.0733230059865792,-0.3980080165559427
17,256,devtest,ind_Latn,tur_Latn,0.11596718908105796,-0.35162716538669786
17,256,devtest,ind_Latn,vie_Latn,0.13484429120520985,-0.3293709660879854
18,64,devtest,eng_Latn,deu_Latn,0.26716062974442994,-0.20530746140085382
18,64,devtest,eng_Latn,fra_Latn,0.22589443373794163,-0.18603332549941048
18,64,devtest,eng_Latn,spa_Latn,0.17254278694297356,-0.23661822762927245
18,64,devtest,eng_Latn,rus_Cyrl,0.15838026811886285,-0.21440589363830448
18,64,devtest,eng_Latn,hin_Deva,0.2510593186638381,-0.05206726798356206
18,64,devtest,eng_Latn,arb_Arab,0.24649912285247536,-0.16176129908386327
18,64,devtest,eng_Latn,zho_Hans,0.05328424337266711,-0.2822365465942581
18,64,devtest,eng_Latn,jpn_Jpan,0.047452649049509896,-0.26245597255875364
18,64,devtest,eng_Latn,tur_Latn,0.21106916256802796,-0.22659074766892093
18,64,devtest,eng_Latn,vie_Latn,0.26603903917482696,-0.23740774041596313
18,64,devtest,eng_Latn,ind_Latn,0.27953069498839506,-0.19102274403555697
18,64,devtest,deu_Latn,eng_Latn,0.14558865451314457,-0.2744866884443941
18,64,devtest,deu_Latn,fra_Latn,0.1284287998249656,-0.28780484452197386
18,64,devtest,deu_Latn,spa_Latn,0.1645365419022631,-0.32675799515680454
18,64,devtest,deu_Latn,rus_Cyrl,0.07396829106341452,-0.35140143220922604
18,64,devtest,deu_Latn,hin_Deva,0.1646302445048177,-0.20402078201325655
18,64,devtest,deu_Latn,arb_Arab,0.0974752037236856,-0.2940097251296931
18,64,devtest,deu_Latn,zho_Hans,0.07476825732308445,-0.33819944814827335
18,64,devtest,deu_Latn,jpn_Jpan,0.05809895955298783,-0.3149797100056268
18,64,devtest,deu_Latn,tur_Latn,0.16967581606216184,-0.2931435526999808
18,64,devtest,deu_Latn,vie_Latn,0.034072914889812414,-0.35847078328666393
18,64,devtest,deu_Latn,ind_Latn,0.17035539302574837,-0.28219642272648693
18,64,devtest,fra_Latn,eng_Latn,0.13262607233894727,-0.23302638195575912
18,64,devtest,fra_Latn,deu_Latn,0.1279929056745662,-0.2723742550712708
18,64,devtest,fra_Latn,spa_Latn,0.1544207696659424,-0.31776466517368135
18,64,devtest,fra_Latn,rus_Cyrl,0.1118504374302457,-0.33635883650583975
18,64,devtest,fra_Latn,hin_Deva,0.13904314036130533,-0.18044945147552824
18,64,devtest,fra_Latn,arb_Arab,0.13386350753050846,-0.28110187937309106
18,64,devtest,fra_Latn,zho_Hans,0.10250528996259706,-0.36298090038754643
18,64,devtest,fra_Latn,jpn_Jpan,0.07467271819255251,-0.3860405065396269
18,64,devtest,fra_Latn,tur_Latn,0.13494481301867492,-0.30646875923337197
18,64,devtest,fra_Latn,vie_Latn,0.07533319151339861,-0.32320775727712414
18,64,devtest,fra_Latn,ind_Latn,0.123801488679824,-0.27821038241152046
18,64,devtest,spa_Latn,eng_Latn,0.06781568468618229,-0.29158925805776587
18,64,devtest,spa_Latn,deu_Latn,0.1373079952797097,-0.3177667014495904
18,64,devtest,spa_Latn,fra_Latn,0.1527385439311929,-0.3198302560361377
18,64,devtest,spa_Latn,rus_Cyrl,0.0463828657698554,-0.36620993511152106
18,64,devtest,spa_Latn,hin_Deva,0.1445986705953666,-0.1883103422060265
18,64,devtest,spa_Latn,arb_Arab,0.17182852569392568,-0.266703892577034
18,64,devtest,spa_Latn,zho_Hans,0.10375321781400154,-0.37832609470275846
18,64,devtest,spa_Latn,jpn_Jpan,-0.0038149712262208575,-0.35678038069309187
18,64,devtest,spa_Latn,tur_Latn,0.1413610274229114,-0.3247355583107312
18,64,devtest,spa_Latn,vie_Latn,0.07383348000809174,-0.33308691670774243
18,64,devtest,spa_Latn,ind_Latn,0.09347659341002135,-0.30522521122384755
18,64,devtest,rus_Cyrl,eng_Latn,0.0163743755477752,-0.2894804746770861
18,64,devtest,rus_Cyrl,deu_Latn,0.02283988401388967,-0.33415507506475567
18,64,devtest,rus_Cyrl,fra_Latn,0.06815836423788287,-0.35031132096024137
18,64,devtest,rus_Cyrl,spa_Latn,0.001358556883382387,-0.368794337195645
18,64,devtest,rus_Cyrl,hin_Deva,0.18337136364567846,-0.18644601567943467
18,64,devtest,rus_Cyrl,arb_Arab,0.05811048328356817,-0.30951234410331796
18,64,devtest,rus_Cyrl,zho_Hans,0.08517296001193202,-0.4019097079039334
18,64,devtest,rus_Cyrl,jpn_Jpan,0.01002383422292042,-0.32751334512198055
18,64,devtest,rus_Cyrl,tur_Latn,0.030452522664982055,-0.3161508462439537
18,64,devtest,rus_Cyrl,vie_Latn,-0.048098152758324714,-0.34272941805706864
18,64,devtest,rus_Cyrl,ind_Latn,-0.049532935506188105,-0.30803150434807536
18,64,devtest,hin_Deva,eng_Latn,0.1285420030589193,-0.20593722242729712
18,64,devtest,hin_Deva,deu_Latn,0.06812072240617269,-0.3104375604403794
18,64,devtest,hin_Deva,fra_Latn,0.03752624276317066,-0.30208521162781593
18,64,devtest,hin_Deva,spa_Latn,0.032137928462496974,-0.3217466946263416
18,64,devtest,hin_Deva,rus_Cyrl,0.10230294169153996,-0.31143390176544666
18,64,devtest,hin_Deva,arb_Arab,0.03345495303877308,-0.32872110621894246
18,64,devtest,hin_Deva,zho_Hans,0.13487272505244105,-0.268922738605505
18,64,devtest,hin_Deva,jpn_Jpan,0.14216800549263114,-0.2580783590489466
18,64,devtest,hin_Deva,tur_Latn,0.054501756324616575,-0.35889477082255156
18,64,devtest,hin_Deva,vie_Latn,0.046962980569661084,-0.2982743882052485
18,64,devtest,hin_Deva,ind_Latn,0.022002330843878145,-0.2591186069579301
18,64,devtest,arb_Arab,eng_Latn,0.13023419423376445,-0.26573930113152805
18,64,devtest,arb_Arab,deu_Latn,0.07256652939734659,-0.33436884819336526
18,64,devtest,arb_Arab,fra_Latn,0.1190361940147944,-0.3323291085086394
18,64,devtest,arb_Arab,spa_Latn,0.14374683289308207,-0.31329290576116053
18,64,devtest,arb_Arab,rus_Cyrl,0.1137064480735818,-0.34852599838763276
18,64,devtest,arb_Arab,hin_Deva,0.13749632713020588,-0.24918638807398313
18,64,devtest,arb_Arab,zho_Hans,0.1698894145294671,-0.3746035598814277
18,64,devtest,arb_Arab,jpn_Jpan,0.09620636862303393,-0.3681780014419605
18,64,devtest,arb_Arab,tur_Latn,0.07535728912044368,-0.3561134967049357
18,64,devtest,arb_Arab,vie_Latn,0.046171354641014045,-0.33657235547368053
18,64,devtest,arb_Arab,ind_Latn,0.07609596187512328,-0.30213776151587907
18,64,devtest,zho_Hans,eng_Latn,0.12153491577943272,-0.33959314393469436
18,64,devtest,zho_Hans,deu_Latn,0.2209701149501039,-0.3364135883981726
18,64,devtest,zho_Hans,fra_Latn,0.21173199304523582,-0.3587141421226203
18,64,devtest,zho_Hans,spa_Latn,0.23673016998363675,-0.36893282990348214
18,64,devtest,zho_Hans,rus_Cyrl,0.2120589462086897,-0.38006750174912224
18,64,devtest,zho_Hans,hin_Deva,0.2477103374122139,-0.15889083059970477
18,64,devtest,zho_Hans,arb_Arab,0.29225581827112007,-0.3167845502579276
18,64,devtest,zho_Hans,jpn_Jpan,0.1978941937883118,-0.37392136685316535
18,64,devtest,zho_Hans,tur_Latn,0.27080836528428287,-0.3190130212383959
18,64,devtest,zho_Hans,vie_Latn,0.26798520567380707,-0.34109423510265957
18,64,devtest,zho_Hans,ind_Latn,0.25400788668576374,-0.33040095302969125
18,64,devtest,jpn_Jpan,eng_Latn,-0.08413870960264189,-0.2973638951071419
18,64,devtest,jpn_Jpan,deu_Latn,0.13027240457918784,-0.285800475617522
18,64,devtest,jpn_Jpan,fra_Latn,0.1611580762480708,-0.3553925759812895
18,64,devtest,jpn_Jpan,spa_Latn,0.06442581861463577,-0.3333921813995696
18,64,devtest,jpn_Jpan,rus_Cyrl,0.09557363605112586,-0.30415869013210134
18,64,devtest,jpn_Jpan,hin_Deva,0.2723167032595775,-0.11998378738377144
18,64,devtest,jpn_Jpan,arb_Arab,0.22102460768629265,-0.28321218566183626
18,64,devtest,jpn_Jpan,zho_Hans,0.09540767556038454,-0.35747299302653357
18,64,devtest,jpn_Jpan,tur_Latn,0.1565391668565834,-0.310351157697831
18,64,devtest,jpn_Jpan,vie_Latn,0.06355633240187186,-0.3285559227379512
18,64,devtest,jpn_Jpan,ind_Latn,0.15881544116973775,-0.3087601705563948
18,64,devtest,tur_Latn,eng_Latn,0.09813278433737797,-0.3223999748453012
18,64,devtest,tur_Latn,deu_Latn,0.14382484990939992,-0.3233422706562076
18,64,devtest,tur_Latn,fra_Latn,0.14077016423226002,-0.35115489441844827
18,64,devtest,tur_Latn,spa_Latn,0.13706218683691618,-0.379453712872799
18,64,devtest,tur_Latn,rus_Cyrl,0.06860552626635279,-0.35837898405686214
18,64,devtest,tur_Latn,hin_Deva,0.15242588014101155,-0.27110908550674656
18,64,devtest,tur_Latn,arb_Arab,0.13292923561950643,-0.34087325817260766
18,64,devtest,tur_Latn,zho_Hans,0.1463791692664361,-0.3627336056767581
18,64,devtest,tur_Latn,jpn_Jpan,0.06419425825562645,-0.37821151750976584
18,64,devtest,tur_Latn,vie_Latn,0.01888358644384209,-0.3462355914772363
18,64,devtest,tur_Latn,ind_Latn,0.09578735861435893,-0.3366916064982237
18,64,devtest,vie_Latn,eng_Latn,0.15843303026596944,-0.2854431960315232
18,64,devtest,vie_Latn,deu_Latn,0.08109521412393585,-0.34530066322297726
18,64,devtest,vie_Latn,fra_Latn,0.11658565179004857,-0.31286734080672823
18,64,devtest,vie_Latn,spa_Latn,0.12720629913535958,-0.3239554026137722
18,64,devtest,vie_Latn,rus_Cyrl,0.03500531235851903,-0.32894033532274625
18,64,devtest,vie_Latn,hin_Deva,0.1498141783957389,-0.17702329007956571
18,64,devtest,vie_Latn,arb_Arab,0.11235113962246664,-0.27742609429230203
18,64,devtest,vie_Latn,zho_Hans,0.1510219811287346,-0.3259508667842346
18,64,devtest,vie_Latn,jpn_Jpan,0.046745679841374746,-0.3563814428961222
18,64,devtest,vie_Latn,tur_Latn,0.0524357417715098,-0.3052476055956278
18,64,devtest,vie_Latn,ind_Latn,0.19975641477057401,-0.23937318683002792
18,64,devtest,ind_Latn,eng_Latn,0.1624959081561037,-0.24788920209904072
18,64,devtest,ind_Latn,deu_Latn,0.18422348561031454,-0.2789772679179137
18,64,devtest,ind_Latn,fra_Latn,0.13108205555767727,-0.28377190556661674
18,64,devtest,ind_Latn,spa_Latn,0.1295858548909084,-0.3134608913678567
18,64,devtest,ind_Latn,rus_Cyrl,0.019408122330478964,-0.30877573736824826
18,64,devtest,ind_Latn,hin_Deva,0.10742634372881225,-0.16918414475062585
18,64,devtest,ind_Latn,arb_Arab,0.13508405808769713,-0.25548746357113383
18,64,devtest,ind_Latn,zho_Hans,0.11949969277075836,-0.32461082758804843
18,64,devtest,ind_Latn,jpn_Jpan,0.08697450452196216,-0.33995746124760684
18,64,devtest,ind_Latn,tur_Latn,0.12838473881823917,-0.3087413982277249
18,64,devtest,ind_Latn,vie_Latn,0.15399008719661003,-0.24913834824991643
18,128,devtest,eng_Latn,deu_Latn,0.2609051957432033,-0.22441233726882387
18,128,devtest,eng_Latn,fra_Latn,0.2402457201214793,-0.20499818001958367
18,128,devtest,eng_Latn,spa_Latn,0.16759965690199016,-0.28730911605411713
18,128,devtest,eng_Latn,rus_Cyrl,0.15133082416972257,-0.24372771067765464
18,128,devtest,eng_Latn,hin_Deva,0.27566937151391724,-0.04037765000047369
18,128,devtest,eng_Latn,arb_Arab,0.258855772367927,-0.17651931079401556
18,128,devtest,eng_Latn,zho_Hans,0.062159755362458366,-0.30644246811907233
18,128,devtest,eng_Latn,jpn_Jpan,0.05304289922431473,-0.2978224671791842
18,128,devtest,eng_Latn,tur_Latn,0.2199778126950312,-0.22875319251905796
18,128,devtest,eng_Latn,vie_Latn,0.2820097016712241,-0.24761058299865957
18,128,devtest,eng_Latn,ind_Latn,0.28533398175028674,-0.22297066239544872
18,128,devtest,deu_Latn,eng_Latn,0.12114099679338264,-0.3105135397563153
18,128,devtest,deu_Latn,fra_Latn,0.1316213770583495,-0.32302935281564576
18,128,devtest,deu_Latn,spa_Latn,0.17111306400716567,-0.3728416291106847
18,128,devtest,deu_Latn,rus_Cyrl,0.06642287086899439,-0.3859113412248154
18,128,devtest,deu_Latn,hin_Deva,0.18348227053719984,-0.2113410126667424
18,128,devtest,deu_Latn,arb_Arab,0.1093109501573058,-0.33971761673492085
18,128,devtest,deu_Latn,zho_Hans,0.10620898584445018,-0.38578644795922223
18,128,devtest,deu_Latn,jpn_Jpan,0.04550994007415152,-0.3618758702354139
18,128,devtest,deu_Latn,tur_Latn,0.17036103556435403,-0.3230954698012882
18,128,devtest,deu_Latn,vie_Latn,0.03355643070144437,-0.3666606193239095
18,128,devtest,deu_Latn,ind_Latn,0.1637060519692339,-0.3120664826431389
18,128,devtest,fra_Latn,eng_Latn,0.12204928085541882,-0.2706971865155573
18,128,devtest,fra_Latn,deu_Latn,0.13038756731664633,-0.3070092405175393
18,128,devtest,fra_Latn,spa_Latn,0.1595806401971289,-0.3693271691466999
18,128,devtest,fra_Latn,rus_Cyrl,0.11295477653019231,-0.36578452294159797
18,128,devtest,fra_Latn,hin_Deva,0.1549637378743064,-0.20232073951267754
18,128,devtest,fra_Latn,arb_Arab,0.14942658693004063,-0.3197077646544986
18,128,devtest,fra_Latn,zho_Hans,0.1077920531003039,-0.3971963868050719
18,128,devtest,fra_Latn,jpn_Jpan,0.04802375749862847,-0.4120024897033701
18,128,devtest,fra_Latn,tur_Latn,0.13794064638991196,-0.32788757377617095
18,128,devtest,fra_Latn,vie_Latn,0.0625189017827604,-0.3555188470584428
18,128,devtest,fra_Latn,ind_Latn,0.11579263929733459,-0.31984194518297987
18,128,devtest,spa_Latn,eng_Latn,0.048203447830281916,-0.36067204621285187
18,128,devtest,spa_Latn,deu_Latn,0.14731706542365863,-0.36171763058599005
18,128,devtest,spa_Latn,fra_Latn,0.16088441030540193,-0.371393628444512
18,128,devtest,spa_Latn,rus_Cyrl,0.05830949555293201,-0.4068026746503663
18,128,devtest,spa_Latn,hin_Deva,0.1648203226538837,-0.20081695890720633
18,128,devtest,spa_Latn,arb_Arab,0.17651732977103832,-0.3105773204387176
18,128,devtest,spa_Latn,zho_Hans,0.0984063014295989,-0.41239133565183256
18,128,devtest,spa_Latn,jpn_Jpan,-0.005633348347761536,-0.3917794480606994
18,128,devtest,spa_Latn,tur_Latn,0.14859938528093547,-0.33828463477571613
18,128,devtest,spa_Latn,vie_Latn,0.04151806380278841,-0.35796341743280513
18,128,devtest,spa_Latn,ind_Latn,0.09855381174009795,-0.3442773869029989
18,128,devtest,rus_Cyrl,eng_Latn,-0.014465866365686246,-0.3304522790084252
18,128,devtest,rus_Cyrl,deu_Latn,0.0008604046663312744,-0.36809776652186504
18,128,devtest,rus_Cyrl,fra_Latn,0.053297701581184194,-0.37873000221272346
18,128,devtest,rus_Cyrl,spa_Latn,0.005349495748432369,-0.4146332985640512
18,128,devtest,rus_Cyrl,hin_Deva,0.22151612201101836,-0.19214951121110443
18,128,devtest,rus_Cyrl,arb_Arab,0.044889704963712834,-0.33241424610870074
18,128,devtest,rus_Cyrl,zho_Hans,0.0934855210333776,-0.441404302766152
18,128,devtest,rus_Cyrl,jpn_Jpan,0.001061182808849545,-0.40190074113911545
18,128,devtest,rus_Cyrl,tur_Latn,0.0057307983436714486,-0.33477984671722394
18,128,devtest,rus_Cyrl,vie_Latn,-0.07831779934493914,-0.37084006139433107
18,128,devtest,rus_Cyrl,ind_Latn,-0.04816023765339562,-0.35669097825310386
18,128,devtest,hin_Deva,eng_Latn,0.12634626158652845,-0.21925340775214883
18,128,devtest,hin_Deva,deu_Latn,0.07489214738642101,-0.3340901197297358
18,128,devtest,hin_Deva,fra_Latn,0.0394726544715961,-0.34353362251859537
18,128,devtest,hin_Deva,spa_Latn,0.03077427482075252,-0.353038937686385
18,128,devtest,hin_Deva,rus_Cyrl,0.1273301812343182,-0.3321043374838788
18,128,devtest,hin_Deva,arb_Arab,0.03345910962825513,-0.35206096964787076
18,128,devtest,hin_Deva,zho_Hans,0.1507597971322624,-0.2886661920363796
18,128,devtest,hin_Deva,jpn_Jpan,0.1471164793950825,-0.2785561274540982
18,128,devtest,hin_Deva,tur_Latn,0.04599691319929999,-0.3848898718131924
18,128,devtest,hin_Deva,vie_Latn,0.056829783486244165,-0.3281645638973886
18,128,devtest,hin_Deva,ind_Latn,0.0230523161745185,-0.2903856927704069
18,128,devtest,arb_Arab,eng_Latn,0.1161003063667022,-0.31232355003285345
18,128,devtest,arb_Arab,deu_Latn,0.07700100242362211,-0.3940465405719497
18,128,devtest,arb_Arab,fra_Latn,0.12009852758464795,-0.38404533918680733
18,128,devtest,arb_Arab,spa_Latn,0.14058932105200322,-0.37522833859822263
18,128,devtest,arb_Arab,rus_Cyrl,0.10969287287653112,-0.384906455281004
18,128,devtest,arb_Arab,hin_Deva,0.16639127573142248,-0.26234682097365297
18,128,devtest,arb_Arab,zho_Hans,0.15657204058872048,-0.4038925458783993
18,128,devtest,arb_Arab,jpn_Jpan,0.0773183980987174,-0.4026849311503504
18,128,devtest,arb_Arab,tur_Latn,0.07355783198836333,-0.376953081556328
18,128,devtest,arb_Arab,vie_Latn,0.049856748209636474,-0.37204962143296333
18,128,devtest,arb_Arab,ind_Latn,0.07827665352627788,-0.3484075407427956
18,128,devtest,zho_Hans,eng_Latn,0.13537315739750405,-0.3706220109183947
18,128,devtest,zho_Hans,deu_Latn,0.275096456052464,-0.36508961320514344
18,128,devtest,zho_Hans,fra_Latn,0.24360837326981916,-0.3914972380519696
18,128,devtest,zho_Hans,spa_Latn,0.2664548227984668,-0.3963639100107244
18,128,devtest,zho_Hans,rus_Cyrl,0.24372538494983134,-0.4109677708937152
18,128,devtest,zho_Hans,hin_Deva,0.28461557479464417,-0.16122000729654803
18,128,devtest,zho_Hans,arb_Arab,0.3110384786117651,-0.33204833846375853
18,128,devtest,zho_Hans,jpn_Jpan,0.20935538088117897,-0.39421703197161906
18,128,devtest,zho_Hans,tur_Latn,0.29805743702195675,-0.33244115098618515
18,128,devtest,zho_Hans,vie_Latn,0.31702566750229105,-0.3626586788103937
18,128,devtest,zho_Hans,ind_Latn,0.2903347303405304,-0.3587739340676991
18,128,devtest,jpn_Jpan,eng_Latn,-0.10668918567907175,-0.3474394408153765
18,128,devtest,jpn_Jpan,deu_Latn,0.13110109027677613,-0.3272038651099391
18,128,devtest,jpn_Jpan,fra_Latn,0.15036756682485816,-0.38047515879865007
18,128,devtest,jpn_Jpan,spa_Latn,0.07133264578825184,-0.364590560287199
18,128,devtest,jpn_Jpan,rus_Cyrl,0.1078006931530923,-0.3721678720810534
18,128,devtest,jpn_Jpan,hin_Deva,0.29397428944497056,-0.1256582123753247
18,128,devtest,jpn_Jpan,arb_Arab,0.22104947367878167,-0.3053756878819536
18,128,devtest,jpn_Jpan,zho_Hans,0.0868871887395766,-0.3733526524433929
18,128,devtest,jpn_Jpan,tur_Latn,0.16466076618633896,-0.3258217787628824
18,128,devtest,jpn_Jpan,vie_Latn,0.07162866899333123,-0.36091346725559686
18,128,devtest,jpn_Jpan,ind_Latn,0.16903889087290702,-0.3323403424464657
18,128,devtest,tur_Latn,eng_Latn,0.08630140545784624,-0.34787059672185483
18,128,devtest,tur_Latn,deu_Latn,0.13838813404959932,-0.36378008328453637
18,128,devtest,tur_Latn,fra_Latn,0.1382155345488349,-0.3834109802212338
18,128,devtest,tur_Latn,spa_Latn,0.130786672379088,-0.403655100655433
18,128,devtest,tur_Latn,rus_Cyrl,0.04660589642196449,-0.3894263937917374
18,128,devtest,tur_Latn,hin_Deva,0.1718100056350692,-0.2936253526151494
18,128,devtest,tur_Latn,arb_Arab,0.13117193223159432,-0.3662906363549645
18,128,devtest,tur_Latn,zho_Hans,0.1500684975674704,-0.39073898442679605
18,128,devtest,tur_Latn,jpn_Jpan,0.04554596173911401,-0.40910181152436614
18,128,devtest,tur_Latn,vie_Latn,0.009049904095863332,-0.3744541483246437
18,128,devtest,tur_Latn,ind_Latn,0.09243054598250292,-0.36582308102004235
18,128,devtest,vie_Latn,eng_Latn,0.15508570745171946,-0.309912459383603
18,128,devtest,vie_Latn,deu_Latn,0.09325353375887689,-0.3568806347075157
18,128,devtest,vie_Latn,fra_Latn,0.1215972818880347,-0.34406224250490614
18,128,devtest,vie_Latn,spa_Latn,0.10561096343214453,-0.34929231756564466
18,128,devtest,vie_Latn,rus_Cyrl,0.03236619968799354,-0.3574479995500344
18,128,devtest,vie_Latn,hin_Deva,0.17929399391036396,-0.19271264883141306
18,128,devtest,vie_Latn,arb_Arab,0.136322075374766,-0.30807259009112425
18,128,devtest,vie_Latn,zho_Hans,0.17571590987735985,-0.3622301555103879
18,128,devtest,vie_Latn,jpn_Jpan,0.04558564687246968,-0.3901602896035598
18,128,devtest,vie_Latn,tur_Latn,0.06117953251337578,-0.32503254798157805
18,128,devtest,vie_Latn,ind_Latn,0.19919330738099683,-0.2786552394297584
18,128,devtest,ind_Latn,eng_Latn,0.15192953657952837,-0.2955656729142692
18,128,devtest,ind_Latn,deu_Latn,0.1815159934505706,-0.31496184270150995
18,128,devtest,ind_Latn,fra_Latn,0.12746876591768858,-0.32769991187593256
18,128,devtest,ind_Latn,spa_Latn,0.13511499575789948,-0.3533255092767677
18,128,devtest,ind_Latn,rus_Cyrl,0.030773918361913344,-0.35651872937667395
18,128,devtest,ind_Latn,hin_Deva,0.13579451348501245,-0.1829117049038559
18,128,devtest,ind_Latn,arb_Arab,0.1493419010393571,-0.2908482444542906
18,128,devtest,ind_Latn,zho_Hans,0.1293390146139494,-0.3664844807382216
18,128,devtest,ind_Latn,jpn_Jpan,0.08645104967822392,-0.3763102397538194
18,128,devtest,ind_Latn,tur_Latn,0.125142300541477,-0.3294631736336536
18,128,devtest,ind_Latn,vie_Latn,0.14357522328290429,-0.29238111370795183
18,256,devtest,eng_Latn,deu_Latn,0.289676740569878,-0.24604849782421415
18,256,devtest,eng_Latn,fra_Latn,0.24973377456229653,-0.2407468628478033
18,256,devtest,eng_Latn,spa_Latn,0.19379344966176157,-0.3123558133510562
18,256,devtest,eng_Latn,rus_Cyrl,0.16245855217985805,-0.27252466510482404
18,256,devtest,eng_Latn,hin_Deva,0.30621376642845405,-0.04418241414823559
18,256,devtest,eng_Latn,arb_Arab,0.27186061186952837,-0.1946932915936747
18,256,devtest,eng_Latn,zho_Hans,0.05238268424974381,-0.3317957560311098
18,256,devtest,eng_Latn,jpn_Jpan,0.07039278014790527,-0.3228524382345429
18,256,devtest,eng_Latn,tur_Latn,0.22839420535937166,-0.23639629200198212
18,256,devtest,eng_Latn,vie_Latn,0.2865831322135906,-0.26932364198543485
18,256,devtest,eng_Latn,ind_Latn,0.29092894676332726,-0.25256500019987704
18,256,devtest,deu_Latn,eng_Latn,0.12092605176836449,-0.35525811482770625
18,256,devtest,deu_Latn,fra_Latn,0.12748622504716578,-0.3528417037258161
18,256,devtest,deu_Latn,spa_Latn,0.1678956726463646,-0.4030992911423556
18,256,devtest,deu_Latn,rus_Cyrl,0.06397506492527309,-0.4293029518172776
18,256,devtest,deu_Latn,hin_Deva,0.2027078695135678,-0.2185208950507874
18,256,devtest,deu_Latn,arb_Arab,0.10391147223494465,-0.37104119628518717
18,256,devtest,deu_Latn,zho_Hans,0.10381285457859825,-0.4232435095393627
18,256,devtest,deu_Latn,jpn_Jpan,0.036307153614992156,-0.39993043262444355
18,256,devtest,deu_Latn,tur_Latn,0.17443420009110375,-0.34453340972457935
18,256,devtest,deu_Latn,vie_Latn,0.03080688536962312,-0.4011222739870561
18,256,devtest,deu_Latn,ind_Latn,0.15553531830430598,-0.3528116299415165
18,256,devtest,fra_Latn,eng_Latn,0.10961464870593583,-0.3190402713734623
18,256,devtest,fra_Latn,deu_Latn,0.12379560632124326,-0.3293222454994054
18,256,devtest,fra_Latn,spa_Latn,0.14831589205973641,-0.3924373629302644
18,256,devtest,fra_Latn,rus_Cyrl,0.11418950238387537,-0.4019469088795437
18,256,devtest,fra_Latn,hin_Deva,0.18778911781818222,-0.19608088832781656
18,256,devtest,fra_Latn,arb_Arab,0.14215642194650685,-0.32857238309066866
18,256,devtest,fra_Latn,zho_Hans,0.1279972516939781,-0.4291794471051361
18,256,devtest,fra_Latn,jpn_Jpan,0.039402079365367805,-0.4308913773862212
18,256,devtest,fra_Latn,tur_Latn,0.13340441567037725,-0.3409999619765505
18,256,devtest,fra_Latn,vie_Latn,0.04881146337946133,-0.37373911382030245
18,256,devtest,fra_Latn,ind_Latn,0.1120575301515855,-0.34884397745374673
18,256,devtest,spa_Latn,eng_Latn,0.0507486154599148,-0.40607865931661746
18,256,devtest,spa_Latn,deu_Latn,0.14917747588958222,-0.39026431883908275
18,256,devtest,spa_Latn,fra_Latn,0.15524604623738514,-0.39975596873110614
18,256,devtest,spa_Latn,rus_Cyrl,0.06064822250130709,-0.43996372976012926
18,256,devtest,spa_Latn,hin_Deva,0.1936471187809389,-0.20837592781464762
18,256,devtest,spa_Latn,arb_Arab,0.178704718061937,-0.3417212828883282
18,256,devtest,spa_Latn,zho_Hans,0.10174309478086427,-0.4604038054484715
18,256,devtest,spa_Latn,jpn_Jpan,-0.021372919057732944,-0.4301545932001577
18,256,devtest,spa_Latn,tur_Latn,0.14698678816188115,-0.3578398635020192
18,256,devtest,spa_Latn,vie_Latn,0.04379608025816876,-0.3858711000665137
18,256,devtest,spa_Latn,ind_Latn,0.1027751946009283,-0.38277109068847837
18,256,devtest,rus_Cyrl,eng_Latn,-0.031226684035561485,-0.3789627790338223
18,256,devtest,rus_Cyrl,deu_Latn,-0.014368116448214676,-0.40903680698930756
18,256,devtest,rus_Cyrl,fra_Latn,0.041589721389731125,-0.4200730832312671
18,256,devtest,rus_Cyrl,spa_Latn,-0.00862815153207819,-0.44882205981181605
18,256,devtest,rus_Cyrl,hin_Deva,0.2548414514259896,-0.20290643628755456
18,256,devtest,rus_Cyrl,arb_Arab,0.03101888102132541,-0.36258920138115125
18,256,devtest,rus_Cyrl,zho_Hans,0.08705066558878055,-0.4755907796423692
18,256,devtest,rus_Cyrl,jpn_Jpan,-0.028039395915647282,-0.4259362730657956
18,256,devtest,rus_Cyrl,tur_Latn,-0.0031782113269507445,-0.35917686147493916
18,256,devtest,rus_Cyrl,vie_Latn,-0.08774466805259451,-0.41530545159887794
18,256,devtest,rus_Cyrl,ind_Latn,-0.06183975979419875,-0.3938899560703522
18,256,devtest,hin_Deva,eng_Latn,0.13166103203589963,-0.24591640357754413
18,256,devtest,hin_Deva,deu_Latn,0.06848701840624728,-0.34942035604835403
18,256,devtest,hin_Deva,fra_Latn,0.04959322656044175,-0.35436542812458954
18,256,devtest,hin_Deva,spa_Latn,0.03889341903692433,-0.36867539987844383
18,256,devtest,hin_Deva,rus_Cyrl,0.13188152257476185,-0.3544720689852305
18,256,devtest,hin_Deva,arb_Arab,0.0248476057093599,-0.35674057393120184
18,256,devtest,hin_Deva,zho_Hans,0.16537784543879008,-0.3063706365246629
18,256,devtest,hin_Deva,jpn_Jpan,0.1468617871735654,-0.30385064449310206
18,256,devtest,hin_Deva,tur_Latn,0.04481811673633511,-0.39555551650800774
18,256,devtest,hin_Deva,vie_Latn,0.06952395387832036,-0.34333852947667404
18,256,devtest,hin_Deva,ind_Latn,0.019865402199508594,-0.3094406457753405
18,256,devtest,arb_Arab,eng_Latn,0.10288873961805564,-0.34764446754659173
18,256,devtest,arb_Arab,deu_Latn,0.06492914885728333,-0.42777600156518536
18,256,devtest,arb_Arab,fra_Latn,0.11190088258224258,-0.40586692664348917
18,256,devtest,arb_Arab,spa_Latn,0.13365751554709937,-0.40917660571132675
18,256,devtest,arb_Arab,rus_Cyrl,0.10684016874808858,-0.4206756354997065
18,256,devtest,arb_Arab,hin_Deva,0.19423571870507497,-0.2635395820119816
18,256,devtest,arb_Arab,zho_Hans,0.15151770866600694,-0.4395606219177569
18,256,devtest,arb_Arab,jpn_Jpan,0.05405189972118219,-0.43408053285592435
18,256,devtest,arb_Arab,tur_Latn,0.061016638618304676,-0.3931534232333693
18,256,devtest,arb_Arab,vie_Latn,0.04108625823908835,-0.401639706858112
18,256,devtest,arb_Arab,ind_Latn,0.08103547513987105,-0.38488352949971477
18,256,devtest,zho_Hans,eng_Latn,0.13160663407687176,-0.4162059274102272
18,256,devtest,zho_Hans,deu_Latn,0.312132196525559,-0.39109685873368333
18,256,devtest,zho_Hans,fra_Latn,0.29151206974103855,-0.4223755864966176
18,256,devtest,zho_Hans,spa_Latn,0.30203346440278633,-0.4369737210677551
18,256,devtest,zho_Hans,rus_Cyrl,0.2659844458056258,-0.44005148194386146
18,256,devtest,zho_Hans,hin_Deva,0.32635718761799815,-0.1656833725330232
18,256,devtest,zho_Hans,arb_Arab,0.33692230611111146,-0.35817494747746037
18,256,devtest,zho_Hans,jpn_Jpan,0.24657780378248842,-0.42318777604009805
18,256,devtest,zho_Hans,tur_Latn,0.3252279753359039,-0.3569824570688376
18,256,devtest,zho_Hans,vie_Latn,0.3422058818740111,-0.4030636557531891
18,256,devtest,zho_Hans,ind_Latn,0.32344217005861103,-0.3967508565913964
18,256,devtest,jpn_Jpan,eng_Latn,-0.11005861006166652,-0.3880454903159415
18,256,devtest,jpn_Jpan,deu_Latn,0.1383689625311275,-0.3536418437074414
18,256,devtest,jpn_Jpan,fra_Latn,0.16118836198041145,-0.40096845681627347
18,256,devtest,jpn_Jpan,spa_Latn,0.07154648532595902,-0.40413860711096894
18,256,devtest,jpn_Jpan,rus_Cyrl,0.10556523620580115,-0.3979179019823972
18,256,devtest,jpn_Jpan,hin_Deva,0.3254498540843466,-0.137904111358108
18,256,devtest,jpn_Jpan,arb_Arab,0.22269178708724877,-0.33318598839209207
18,256,devtest,jpn_Jpan,zho_Hans,0.0946079489376015,-0.4086513843129135
18,256,devtest,jpn_Jpan,tur_Latn,0.17443350826715792,-0.341405597277286
18,256,devtest,jpn_Jpan,vie_Latn,0.07155166889124459,-0.37791951692682285
18,256,devtest,jpn_Jpan,ind_Latn,0.17641133970255396,-0.3551079409962671
18,256,devtest,tur_Latn,eng_Latn,0.0686810025984841,-0.38010176484195735
18,256,devtest,tur_Latn,deu_Latn,0.13394470449655668,-0.3871695720798898
18,256,devtest,tur_Latn,fra_Latn,0.1301827521550572,-0.4088141919227812
18,256,devtest,tur_Latn,spa_Latn,0.12064840818837892,-0.43236183356729696
18,256,devtest,tur_Latn,rus_Cyrl,0.04990710327444489,-0.42113053338126966
18,256,devtest,tur_Latn,hin_Deva,0.19848730721047003,-0.29767691386022976
18,256,devtest,tur_Latn,arb_Arab,0.12290805571880212,-0.38710350841406505
18,256,devtest,tur_Latn,zho_Hans,0.14421061625558795,-0.429284722588349
18,256,devtest,tur_Latn,jpn_Jpan,0.032820311323923296,-0.4294310706764993
18,256,devtest,tur_Latn,vie_Latn,-0.002150088370006411,-0.3976688098800578
18,256,devtest,tur_Latn,ind_Latn,0.08271150496781975,-0.39539652011850196
18,256,devtest,vie_Latn,eng_Latn,0.13267800051797488,-0.3456737097319029
18,256,devtest,vie_Latn,deu_Latn,0.10457460454882544,-0.3781871991104807
18,256,devtest,vie_Latn,fra_Latn,0.123614579992355,-0.3593471822259307
18,256,devtest,vie_Latn,spa_Latn,0.1149868661892545,-0.3755224270857113
18,256,devtest,vie_Latn,rus_Cyrl,0.046429501059018864,-0.3964631815072975
18,256,devtest,vie_Latn,hin_Deva,0.2173207905604136,-0.19027788415137753
18,256,devtest,vie_Latn,arb_Arab,0.14435232096239753,-0.32563581854892887
18,256,devtest,vie_Latn,zho_Hans,0.16094258298342337,-0.4014525579861818
18,256,devtest,vie_Latn,jpn_Jpan,0.03250044672842712,-0.4012468183782161
18,256,devtest,vie_Latn,tur_Latn,0.06502883281987336,-0.3353339793614431
18,256,devtest,vie_Latn,ind_Latn,0.20119744582397692,-0.3098153367880836
18,256,devtest,ind_Latn,eng_Latn,0.13398213508935733,-0.3414975335938876
18,256,devtest,ind_Latn,deu_Latn,0.1742611677364275,-0.3439141174913821
18,256,devtest,ind_Latn,fra_Latn,0.12869407710118183,-0.35648490014414136
18,256,devtest,ind_Latn,spa_Latn,0.1360833978856474,-0.3870379972849415
18,256,devtest,ind_Latn,rus_Cyrl,0.03628881138825809,-0.39051166766543
18,256,devtest,ind_Latn,hin_Deva,0.16017387829102486,-0.18443711865795656
18,256,devtest,ind_Latn,arb_Arab,0.15696482942384404,-0.3146726588795551
18,256,devtest,ind_Latn,zho_Hans,0.1292017116266136,-0.4080328500405762
18,256,devtest,ind_Latn,jpn_Jpan,0.07436696304484254,-0.3957345295505273
18,256,devtest,ind_Latn,tur_Latn,0.11804891351049734,-0.34816340645867333
18,256,devtest,ind_Latn,vie_Latn,0.1344080158549105,-0.32468818830463353
19,64,devtest,eng_Latn,deu_Latn,0.28425693951026276,-0.1975866968795208
19,64,devtest,eng_Latn,fra_Latn,0.24072139272797358,-0.18593571090255814
19,64,devtest,eng_Latn,spa_Latn,0.18768619016379753,-0.23499650994042498
19,64,devtest,eng_Latn,rus_Cyrl,0.1713911770870279,-0.21070955354087118
19,64,devtest,eng_Latn,hin_Deva,0.26482044519404746,-0.04067425106403211
19,64,devtest,eng_Latn,arb_Arab,0.2657021383462285,-0.153998785121235
19,64,devtest,eng_Latn,zho_Hans,0.04408442565804672,-0.27766439199294846
19,64,devtest,eng_Latn,jpn_Jpan,0.05390333939554049,-0.2704215367183785
19,64,devtest,eng_Latn,tur_Latn,0.22113922884682466,-0.22944914452739726
19,64,devtest,eng_Latn,vie_Latn,0.2723236407690136,-0.22542713240359508
19,64,devtest,eng_Latn,ind_Latn,0.2938581529456927,-0.19792631168774552
19,64,devtest,deu_Latn,eng_Latn,0.15852838207073938,-0.2699479836752918
19,64,devtest,deu_Latn,fra_Latn,0.14410990080552494,-0.27963544942406443
19,64,devtest,deu_Latn,spa_Latn,0.16167823522583827,-0.3282823556717382
19,64,devtest,deu_Latn,rus_Cyrl,0.06872649444893894,-0.35010189876908643
19,64,devtest,deu_Latn,hin_Deva,0.17123245304073462,-0.19663295632640057
19,64,devtest,deu_Latn,arb_Arab,0.10132907471493457,-0.2999840556150262
19,64,devtest,deu_Latn,zho_Hans,0.09745367306805229,-0.33920443137810835
19,64,devtest,deu_Latn,jpn_Jpan,0.05684895161954276,-0.31334028295545924
19,64,devtest,deu_Latn,tur_Latn,0.1611012099071964,-0.28837882392863967
19,64,devtest,deu_Latn,vie_Latn,0.0391945311552707,-0.338986362553852
19,64,devtest,deu_Latn,ind_Latn,0.17132480426377003,-0.2818330162669284
19,64,devtest,fra_Latn,eng_Latn,0.13427513323264137,-0.24086338665422383
19,64,devtest,fra_Latn,deu_Latn,0.14524846003216338,-0.26786284733096005
19,64,devtest,fra_Latn,spa_Latn,0.1608896041472487,-0.3175061956535218
19,64,devtest,fra_Latn,rus_Cyrl,0.13562264316136857,-0.33821795893659484
19,64,devtest,fra_Latn,hin_Deva,0.13850303295166766,-0.18189056874378318
19,64,devtest,fra_Latn,arb_Arab,0.1317476580946544,-0.29233734157174196
19,64,devtest,fra_Latn,zho_Hans,0.11904983304227033,-0.3653708116453807
19,64,devtest,fra_Latn,jpn_Jpan,0.08656826604387961,-0.3822270178017152
19,64,devtest,fra_Latn,tur_Latn,0.13630677652992124,-0.31911275377580167
19,64,devtest,fra_Latn,vie_Latn,0.07448130552549896,-0.31176255817152276
19,64,devtest,fra_Latn,ind_Latn,0.13335795937405204,-0.2876479551641164
19,64,devtest,spa_Latn,eng_Latn,0.07391052607767622,-0.29350863418324796
19,64,devtest,spa_Latn,deu_Latn,0.1343058416572588,-0.3173060417479902
19,64,devtest,spa_Latn,fra_Latn,0.16258198016600878,-0.31808651889567563
19,64,devtest,spa_Latn,rus_Cyrl,0.06293638594797141,-0.3622757087440063
19,64,devtest,spa_Latn,hin_Deva,0.15363013987090846,-0.1712513203370594
19,64,devtest,spa_Latn,arb_Arab,0.1743769969682735,-0.2712314216485367
19,64,devtest,spa_Latn,zho_Hans,0.10830569625605005,-0.374532256560442
19,64,devtest,spa_Latn,jpn_Jpan,0.006363237296153929,-0.36083786775445803
19,64,devtest,spa_Latn,tur_Latn,0.1530663552573841,-0.32492063350223
19,64,devtest,spa_Latn,vie_Latn,0.057514280913574294,-0.3230474792367529
19,64,devtest,spa_Latn,ind_Latn,0.09168448959322902,-0.3030182508617152
19,64,devtest,rus_Cyrl,eng_Latn,0.021528116264910933,-0.2900014929478131
19,64,devtest,rus_Cyrl,deu_Latn,0.017394348178258193,-0.3383807051913051
19,64,devtest,rus_Cyrl,fra_Latn,0.08915574354680719,-0.35452721039406704
19,64,devtest,rus_Cyrl,spa_Latn,0.013159154214862556,-0.36978252975763254
19,64,devtest,rus_Cyrl,hin_Deva,0.1895890116911424,-0.19031656815962966
19,64,devtest,rus_Cyrl,arb_Arab,0.059780506129936094,-0.3094147296450132
19,64,devtest,rus_Cyrl,zho_Hans,0.09418184794764098,-0.3950739629898935
19,64,devtest,rus_Cyrl,jpn_Jpan,0.013507602934153755,-0.3401788893150284
19,64,devtest,rus_Cyrl,tur_Latn,0.018592367212563223,-0.3144275722842603
19,64,devtest,rus_Cyrl,vie_Latn,-0.04966703397921926,-0.34030355881871027
19,64,devtest,rus_Cyrl,ind_Latn,-0.05633748783945646,-0.31525414081110203
19,64,devtest,hin_Deva,eng_Latn,0.12787510518729606,-0.20251199046630472
19,64,devtest,hin_Deva,deu_Latn,0.0716243019119158,-0.30405235766528727
19,64,devtest,hin_Deva,fra_Latn,0.041665190562592734,-0.30744426135854447
19,64,devtest,hin_Deva,spa_Latn,0.04078363137517663,-0.3053513679818725
19,64,devtest,hin_Deva,rus_Cyrl,0.09824029334121565,-0.31275894476293764
19,64,devtest,hin_Deva,arb_Arab,0.03795926033509451,-0.33544394326742394
19,64,devtest,hin_Deva,zho_Hans,0.14875949709115863,-0.26635914887242035
19,64,devtest,hin_Deva,jpn_Jpan,0.14725360621974606,-0.25217003127048687
19,64,devtest,hin_Deva,tur_Latn,0.04845741917887363,-0.34406711238739984
19,64,devtest,hin_Deva,vie_Latn,0.04435606292343819,-0.30903524257569515
19,64,devtest,hin_Deva,ind_Latn,0.02475224742304494,-0.25557356296822736
19,64,devtest,arb_Arab,eng_Latn,0.14027180969150285,-0.2611061941046571
19,64,devtest,arb_Arab,deu_Latn,0.07912528923071464,-0.34044037291023843
19,64,devtest,arb_Arab,fra_Latn,0.1132482196254191,-0.34073839155151364
19,64,devtest,arb_Arab,spa_Latn,0.14642087231941198,-0.3236556652224763
19,64,devtest,arb_Arab,rus_Cyrl,0.11468550314765859,-0.3510615194277631
19,64,devtest,arb_Arab,hin_Deva,0.14568236582210384,-0.2534077889029542
19,64,devtest,arb_Arab,zho_Hans,0.17442942955708135,-0.37569378993985136
19,64,devtest,arb_Arab,jpn_Jpan,0.09289539369624693,-0.360541658600355
19,64,devtest,arb_Arab,tur_Latn,0.09041970018713133,-0.34797450142230824
19,64,devtest,arb_Arab,vie_Latn,0.04765965915924203,-0.3371718913888619
19,64,devtest,arb_Arab,ind_Latn,0.0625117112838337,-0.3047025995182224
19,64,devtest,zho_Hans,eng_Latn,0.11616248069002906,-0.34252268892724286
19,64,devtest,zho_Hans,deu_Latn,0.2587986240988179,-0.3342328786561861
19,64,devtest,zho_Hans,fra_Latn,0.24603933706937722,-0.3610082978296796
19,64,devtest,zho_Hans,spa_Latn,0.263719089915819,-0.366692169933685
19,64,devtest,zho_Hans,rus_Cyrl,0.2329878141272093,-0.3746639476074838
19,64,devtest,zho_Hans,hin_Deva,0.27489370317217143,-0.15776260171571013
19,64,devtest,zho_Hans,arb_Arab,0.3091064454787929,-0.3174836532050172
19,64,devtest,zho_Hans,jpn_Jpan,0.2170872564340304,-0.3725066472762193
19,64,devtest,zho_Hans,tur_Latn,0.28777090744761386,-0.31687530254713675
19,64,devtest,zho_Hans,vie_Latn,0.3048554490037503,-0.3345985923862488
19,64,devtest,zho_Hans,ind_Latn,0.2801130245695022,-0.3345728806348707
19,64,devtest,jpn_Jpan,eng_Latn,-0.08226134085781396,-0.3134031195917518
19,64,devtest,jpn_Jpan,deu_Latn,0.13497783149282339,-0.28988813565252625
19,64,devtest,jpn_Jpan,fra_Latn,0.17039288558771795,-0.3537137755122744
19,64,devtest,jpn_Jpan,spa_Latn,0.07195382602428967,-0.34064954494711497
19,64,devtest,jpn_Jpan,rus_Cyrl,0.11344513438388862,-0.31523817114463515
19,64,devtest,jpn_Jpan,hin_Deva,0.29039003264412033,-0.11485492907866444
19,64,devtest,jpn_Jpan,arb_Arab,0.21570616268555104,-0.2802072290842344
19,64,devtest,jpn_Jpan,zho_Hans,0.10151959814296106,-0.3537286443289654
19,64,devtest,jpn_Jpan,tur_Latn,0.16402562444290641,-0.30990224111511167
19,64,devtest,jpn_Jpan,vie_Latn,0.0754650156841873,-0.3219551997022045
19,64,devtest,jpn_Jpan,ind_Latn,0.16949432524483107,-0.3046761024131477
19,64,devtest,tur_Latn,eng_Latn,0.1043189259205577,-0.3199544305787358
19,64,devtest,tur_Latn,deu_Latn,0.1353629628431124,-0.3069821975171719
19,64,devtest,tur_Latn,fra_Latn,0.14717324551037422,-0.35065682957616884
19,64,devtest,tur_Latn,spa_Latn,0.1471307353112298,-0.3743406712940905
19,64,devtest,tur_Latn,rus_Cyrl,0.059882176445493415,-0.34341444180402686
19,64,devtest,tur_Latn,hin_Deva,0.14739331777230902,-0.24924594063521616
19,64,devtest,tur_Latn,arb_Arab,0.14053856250251848,-0.319109881973913
19,64,devtest,tur_Latn,zho_Hans,0.15407614531094954,-0.3531362574948559
19,64,devtest,tur_Latn,jpn_Jpan,0.06665999301556019,-0.3670703457193679
19,64,devtest,tur_Latn,vie_Latn,0.0218246958516173,-0.3383049278472143
19,64,devtest,tur_Latn,ind_Latn,0.10725999692211022,-0.3198911572972059
19,64,devtest,vie_Latn,eng_Latn,0.1582935372546352,-0.27383437134220207
19,64,devtest,vie_Latn,deu_Latn,0.09110023679199018,-0.326892454001773
19,64,devtest,vie_Latn,fra_Latn,0.11924529727738942,-0.29690638906863387
19,64,devtest,vie_Latn,spa_Latn,0.1154604723622516,-0.3153058980520038
19,64,devtest,vie_Latn,rus_Cyrl,0.03989447683142383,-0.3244249463864557
19,64,devtest,vie_Latn,hin_Deva,0.14600440242294196,-0.18084694053727274
19,64,devtest,vie_Latn,arb_Arab,0.11603849581335705,-0.2794916835083124
19,64,devtest,vie_Latn,zho_Hans,0.17727400032203247,-0.31517003159663365
19,64,devtest,vie_Latn,jpn_Jpan,0.06899663655424051,-0.3451728571305164
19,64,devtest,vie_Latn,tur_Latn,0.0514865778959138,-0.3020579216673383
19,64,devtest,vie_Latn,ind_Latn,0.19832358790778812,-0.23472054405581574
19,64,devtest,ind_Latn,eng_Latn,0.1682195343114983,-0.2543568719657935
19,64,devtest,ind_Latn,deu_Latn,0.18260780793414394,-0.2762087614350626
19,64,devtest,ind_Latn,fra_Latn,0.14141117887264212,-0.2883873718418276
19,64,devtest,ind_Latn,spa_Latn,0.1258020588481133,-0.31367171795250204
19,64,devtest,ind_Latn,rus_Cyrl,0.013360811135428955,-0.30862122169659467
19,64,devtest,ind_Latn,hin_Deva,0.10788338036586043,-0.16101557528597024
19,64,devtest,ind_Latn,arb_Arab,0.11995630187628105,-0.2558309870115654
19,64,devtest,ind_Latn,zho_Hans,0.13218840040181534,-0.3232572199629533
19,64,devtest,ind_Latn,jpn_Jpan,0.10599398717728552,-0.3306363764240308
19,64,devtest,ind_Latn,tur_Latn,0.12925326364916984,-0.3033763909324101
19,64,devtest,ind_Latn,vie_Latn,0.14830958551304899,-0.24289174586547121
19,128,devtest,eng_Latn,deu_Latn,0.28925111144255267,-0.21736484083846447
19,128,devtest,eng_Latn,fra_Latn,0.25832185230964005,-0.20198279796211926
19,128,devtest,eng_Latn,spa_Latn,0.18375689865020767,-0.2692588191991335
19,128,devtest,eng_Latn,rus_Cyrl,0.16773170896046188,-0.23999819576617032
19,128,devtest,eng_Latn,hin_Deva,0.29071524815491073,-0.038320460268636274
19,128,devtest,eng_Latn,arb_Arab,0.26587205773428263,-0.17831810129531828
19,128,devtest,eng_Latn,zho_Hans,0.06020823596765664,-0.3014470453998623
19,128,devtest,eng_Latn,jpn_Jpan,0.0648147336485919,-0.30191509105873593
19,128,devtest,eng_Latn,tur_Latn,0.23039805737441052,-0.23346441215286606
19,128,devtest,eng_Latn,vie_Latn,0.28015438301661455,-0.24669503986700697
19,128,devtest,eng_Latn,ind_Latn,0.30189620339495343,-0.21930665572739888
19,128,devtest,deu_Latn,eng_Latn,0.14092083684045176,-0.3098616878053101
19,128,devtest,deu_Latn,fra_Latn,0.1367020337415959,-0.325178425454058
19,128,devtest,deu_Latn,spa_Latn,0.1637027229239501,-0.376598511378491
19,128,devtest,deu_Latn,rus_Cyrl,0.06441429312999061,-0.37618996961939827
19,128,devtest,deu_Latn,hin_Deva,0.1894711374847631,-0.21516913430265958
19,128,devtest,deu_Latn,arb_Arab,0.11117777186565146,-0.3391606141245896
19,128,devtest,deu_Latn,zho_Hans,0.11373092986762648,-0.37500670564273364
19,128,devtest,deu_Latn,jpn_Jpan,0.04885283778718046,-0.352340812491744
19,128,devtest,deu_Latn,tur_Latn,0.16909978376842907,-0.3159899974035252
19,128,devtest,deu_Latn,vie_Latn,0.034367012362197524,-0.3591767324625416
19,128,devtest,deu_Latn,ind_Latn,0.161764601120256,-0.3212282197876922
19,128,devtest,fra_Latn,eng_Latn,0.12654764752439765,-0.27537667744017985
19,128,devtest,fra_Latn,deu_Latn,0.13842291813841928,-0.3139489259012597
19,128,devtest,fra_Latn,spa_Latn,0.15718729239707918,-0.3648417236923149
19,128,devtest,fra_Latn,rus_Cyrl,0.11757293501475581,-0.36832924936135203
19,128,devtest,fra_Latn,hin_Deva,0.15556096072927975,-0.2012114547630687
19,128,devtest,fra_Latn,arb_Arab,0.1399297519791679,-0.31987272589141724
19,128,devtest,fra_Latn,zho_Hans,0.11613175251196323,-0.3981790405843385
19,128,devtest,fra_Latn,jpn_Jpan,0.06186988367641191,-0.4088760950857528
19,128,devtest,fra_Latn,tur_Latn,0.13589271599961783,-0.32807948989116376
19,128,devtest,fra_Latn,vie_Latn,0.06322362698473893,-0.3527030793354876
19,128,devtest,fra_Latn,ind_Latn,0.12690139239470943,-0.31404241989656073
19,128,devtest,spa_Latn,eng_Latn,0.052480643162153826,-0.34676604572733843
19,128,devtest,spa_Latn,deu_Latn,0.1388146768181833,-0.3614374356888159
19,128,devtest,spa_Latn,fra_Latn,0.16369363023807534,-0.36509235992556527
19,128,devtest,spa_Latn,rus_Cyrl,0.07138833519723888,-0.3978077057843922
19,128,devtest,spa_Latn,hin_Deva,0.17578321149756637,-0.19042851894712542
19,128,devtest,spa_Latn,arb_Arab,0.17266536299618643,-0.30965951758184385
19,128,devtest,spa_Latn,zho_Hans,0.10798882304032169,-0.4030279575895514
19,128,devtest,spa_Latn,jpn_Jpan,0.003673592584494366,-0.39120204349931054
19,128,devtest,spa_Latn,tur_Latn,0.15726416536946997,-0.34162419204370814
19,128,devtest,spa_Latn,vie_Latn,0.04464465769958074,-0.3476864431817549
19,128,devtest,spa_Latn,ind_Latn,0.10427617215896216,-0.332395417121682
19,128,devtest,rus_Cyrl,eng_Latn,-0.0056584120944907735,-0.3308636698613413
19,128,devtest,rus_Cyrl,deu_Latn,-0.003366569035480989,-0.3632981856829323
19,128,devtest,rus_Cyrl,fra_Latn,0.05434478444303234,-0.3830617623453544
19,128,devtest,rus_Cyrl,spa_Latn,0.013831022428419052,-0.4122775698298575
19,128,devtest,rus_Cyrl,hin_Deva,0.2271045002577122,-0.19923320366146055
19,128,devtest,rus_Cyrl,arb_Arab,0.051030509348507586,-0.34152692562063786
19,128,devtest,rus_Cyrl,zho_Hans,0.10457678989576523,-0.4401146177893616
19,128,devtest,rus_Cyrl,jpn_Jpan,-0.0016116397314465836,-0.4020178805724924
19,128,devtest,rus_Cyrl,tur_Latn,0.006114293123930813,-0.3425408263865791
19,128,devtest,rus_Cyrl,vie_Latn,-0.07010065781906037,-0.37452068519341264
19,128,devtest,rus_Cyrl,ind_Latn,-0.05390560723483597,-0.3593443078868386
19,128,devtest,hin_Deva,eng_Latn,0.13035494313837612,-0.2192840734526479
19,128,devtest,hin_Deva,deu_Latn,0.07858716762215524,-0.3336921507866934
19,128,devtest,hin_Deva,fra_Latn,0.04481782883756923,-0.33806854894330424
19,128,devtest,hin_Deva,spa_Latn,0.04154277530180559,-0.34446788320427096
19,128,devtest,hin_Deva,rus_Cyrl,0.1247082787359292,-0.3303556218281708
19,128,devtest,hin_Deva,arb_Arab,0.04572317320800712,-0.3492008001054901
19,128,devtest,hin_Deva,zho_Hans,0.16469665047026796,-0.27832073821980013
19,128,devtest,hin_Deva,jpn_Jpan,0.14784576346385417,-0.27247720805071524
19,128,devtest,hin_Deva,tur_Latn,0.04399683270746096,-0.36751647411713306
19,128,devtest,hin_Deva,vie_Latn,0.05558410301189929,-0.32336368917341723
19,128,devtest,hin_Deva,ind_Latn,0.02664647424075151,-0.28107981322334147
19,128,devtest,arb_Arab,eng_Latn,0.11163517382280483,-0.3103946934888397
19,128,devtest,arb_Arab,deu_Latn,0.0830345149287124,-0.3853680938063038
19,128,devtest,arb_Arab,fra_Latn,0.10669712304841368,-0.3773673067541538
19,128,devtest,arb_Arab,spa_Latn,0.1341231315418403,-0.3722498547794492
19,128,devtest,arb_Arab,rus_Cyrl,0.12037076302187423,-0.385938488354447
19,128,devtest,arb_Arab,hin_Deva,0.1805526718925607,-0.26230237125855044
19,128,devtest,arb_Arab,zho_Hans,0.16664607854518454,-0.4016333288473552
19,128,devtest,arb_Arab,jpn_Jpan,0.07228465279079271,-0.39924885563852086
19,128,devtest,arb_Arab,tur_Latn,0.08598456587178466,-0.3724654656100051
19,128,devtest,arb_Arab,vie_Latn,0.04154182397255929,-0.36874904751715143
19,128,devtest,arb_Arab,ind_Latn,0.07869306249775139,-0.34903742731477905
19,128,devtest,zho_Hans,eng_Latn,0.1391136447492462,-0.37141179708661337
19,128,devtest,zho_Hans,deu_Latn,0.3036541272925915,-0.35653121835396634
19,128,devtest,zho_Hans,fra_Latn,0.27086315673094996,-0.38877332003893783
19,128,devtest,zho_Hans,spa_Latn,0.29582967907651525,-0.3886063853501728
19,128,devtest,zho_Hans,rus_Cyrl,0.2710597796564384,-0.407755948246271
19,128,devtest,zho_Hans,hin_Deva,0.31223356503582655,-0.15625319619660635
19,128,devtest,zho_Hans,arb_Arab,0.3304868116811575,-0.33091175628778285
19,128,devtest,zho_Hans,jpn_Jpan,0.23376324697927048,-0.3895485621630263
19,128,devtest,zho_Hans,tur_Latn,0.3123646347356477,-0.3372629462995646
19,128,devtest,zho_Hans,vie_Latn,0.3428909530567645,-0.3631145880454248
19,128,devtest,zho_Hans,ind_Latn,0.3176267051272385,-0.3590208714222958
19,128,devtest,jpn_Jpan,eng_Latn,-0.10087865568811423,-0.3520251557459677
19,128,devtest,jpn_Jpan,deu_Latn,0.14081318961847716,-0.31472438901980776
19,128,devtest,jpn_Jpan,fra_Latn,0.16249036235302752,-0.3761642750558484
19,128,devtest,jpn_Jpan,spa_Latn,0.08084398364704967,-0.3700625903899141
19,128,devtest,jpn_Jpan,rus_Cyrl,0.12173232923427968,-0.36750167228185954
19,128,devtest,jpn_Jpan,hin_Deva,0.31090860418521965,-0.12067086632730607
19,128,devtest,jpn_Jpan,arb_Arab,0.21565199592752368,-0.309168330276496
19,128,devtest,jpn_Jpan,zho_Hans,0.09366055598379679,-0.3692386541434554
19,128,devtest,jpn_Jpan,tur_Latn,0.17495937737904102,-0.32700178343438374
19,128,devtest,jpn_Jpan,vie_Latn,0.0712142846556862,-0.35326535373893303
19,128,devtest,jpn_Jpan,ind_Latn,0.1751425486139132,-0.32856376468572424
19,128,devtest,tur_Latn,eng_Latn,0.09167996228827377,-0.3388549771690423
19,128,devtest,tur_Latn,deu_Latn,0.13515695579692583,-0.33745646701553866
19,128,devtest,tur_Latn,fra_Latn,0.14156653335690764,-0.364467975614883
19,128,devtest,tur_Latn,spa_Latn,0.13914232272234342,-0.3950304878876695
19,128,devtest,tur_Latn,rus_Cyrl,0.05555973331565922,-0.3809898742417386
19,128,devtest,tur_Latn,hin_Deva,0.16903095373791927,-0.2687233081356873
19,128,devtest,tur_Latn,arb_Arab,0.14062585740082484,-0.349458734562463
19,128,devtest,tur_Latn,zho_Hans,0.15277152943408323,-0.3835405231401143
19,128,devtest,tur_Latn,jpn_Jpan,0.0548104572717816,-0.3993886517263527
19,128,devtest,tur_Latn,vie_Latn,0.003554019288197639,-0.3645192541159979
19,128,devtest,tur_Latn,ind_Latn,0.10857894387413888,-0.3542325789582439
19,128,devtest,vie_Latn,eng_Latn,0.141959817441023,-0.3108424590417366
19,128,devtest,vie_Latn,deu_Latn,0.09648340104876679,-0.3463151807491653
19,128,devtest,vie_Latn,fra_Latn,0.12661991807045064,-0.33939902379913406
19,128,devtest,vie_Latn,spa_Latn,0.11146089848118093,-0.34136634257890286
19,128,devtest,vie_Latn,rus_Cyrl,0.04280827961626622,-0.35643694407653753
19,128,devtest,vie_Latn,hin_Deva,0.1707009313505436,-0.18878352993956618
19,128,devtest,vie_Latn,arb_Arab,0.12878736006785033,-0.3054270743245608
19,128,devtest,vie_Latn,zho_Hans,0.18438567428000094,-0.35555290293690767
19,128,devtest,vie_Latn,jpn_Jpan,0.05464841240317594,-0.3805834301495586
19,128,devtest,vie_Latn,tur_Latn,0.051785008454897544,-0.3216752446538077
19,128,devtest,vie_Latn,ind_Latn,0.20719755776190713,-0.2699187673766161
19,128,devtest,ind_Latn,eng_Latn,0.15842050394772533,-0.28592772206683814
19,128,devtest,ind_Latn,deu_Latn,0.1771802758199112,-0.31676866812359417
19,128,devtest,ind_Latn,fra_Latn,0.13881517677512506,-0.3168107744934617
19,128,devtest,ind_Latn,spa_Latn,0.13861786729341646,-0.34068183112155404
19,128,devtest,ind_Latn,rus_Cyrl,0.02906202052558103,-0.3521085514016227
19,128,devtest,ind_Latn,hin_Deva,0.13314558015073935,-0.17576865563959593
19,128,devtest,ind_Latn,arb_Arab,0.1497087723909431,-0.291599184900311
19,128,devtest,ind_Latn,zho_Hans,0.13841352807690926,-0.36427219392629406
19,128,devtest,ind_Latn,jpn_Jpan,0.09510751011063193,-0.3628630081196759
19,128,devtest,ind_Latn,tur_Latn,0.1334204354355734,-0.3310718728187141
19,128,devtest,ind_Latn,vie_Latn,0.149383008612566,-0.2848573832675786
19,256,devtest,eng_Latn,deu_Latn,0.30610131239674615,-0.2395478916791427
19,256,devtest,eng_Latn,fra_Latn,0.26622147726720835,-0.2311471735926189
19,256,devtest,eng_Latn,spa_Latn,0.20262279283393667,-0.29935833952750734
19,256,devtest,eng_Latn,rus_Cyrl,0.18045919654872955,-0.26664973554762716
19,256,devtest,eng_Latn,hin_Deva,0.3211655289468154,-0.03797512522984638
19,256,devtest,eng_Latn,arb_Arab,0.28327819784312896,-0.19193887319360886
19,256,devtest,eng_Latn,zho_Hans,0.03867650127733882,-0.3228088551652634
19,256,devtest,eng_Latn,jpn_Jpan,0.0780135586684877,-0.3138783026920972
19,256,devtest,eng_Latn,tur_Latn,0.23998336902097628,-0.23932233582410747
19,256,devtest,eng_Latn,vie_Latn,0.2885144866242645,-0.26455488818203565
19,256,devtest,eng_Latn,ind_Latn,0.3049239258956881,-0.24019908118677338
19,256,devtest,deu_Latn,eng_Latn,0.1338103931200137,-0.34732504740383113
19,256,devtest,deu_Latn,fra_Latn,0.1392838785691166,-0.357093556064807
19,256,devtest,deu_Latn,spa_Latn,0.16348611295382534,-0.3925808174290219
19,256,devtest,deu_Latn,rus_Cyrl,0.06252473647332388,-0.40930982103798624
19,256,devtest,deu_Latn,hin_Deva,0.2156823884178585,-0.21877533164864774
19,256,devtest,deu_Latn,arb_Arab,0.10008036030155883,-0.3607799795538624
19,256,devtest,deu_Latn,zho_Hans,0.11668532862990831,-0.41467167106465513
19,256,devtest,deu_Latn,jpn_Jpan,0.04539503348349783,-0.3844978711693527
19,256,devtest,deu_Latn,tur_Latn,0.16924321863507272,-0.33764050962449105
19,256,devtest,deu_Latn,vie_Latn,0.035125429166242804,-0.3892709439161235
19,256,devtest,deu_Latn,ind_Latn,0.15277927364851435,-0.35711252831138746
19,256,devtest,fra_Latn,eng_Latn,0.11566782056408692,-0.31641220388809943
19,256,devtest,fra_Latn,deu_Latn,0.14109887858125073,-0.337686185568553
19,256,devtest,fra_Latn,spa_Latn,0.1521968094348856,-0.39122462190374724
19,256,devtest,fra_Latn,rus_Cyrl,0.12342664722378581,-0.3955631883238665
19,256,devtest,fra_Latn,hin_Deva,0.18890160697434652,-0.19884795204616929
19,256,devtest,fra_Latn,arb_Arab,0.1417050805666189,-0.3345639502911092
19,256,devtest,fra_Latn,zho_Hans,0.13684233304936835,-0.4266501666219402
19,256,devtest,fra_Latn,jpn_Jpan,0.04989271314212962,-0.4297144975567923
19,256,devtest,fra_Latn,tur_Latn,0.13045273045955028,-0.3400237655383618
19,256,devtest,fra_Latn,vie_Latn,0.0518560554989176,-0.3675991617165825
19,256,devtest,fra_Latn,ind_Latn,0.1108959109003782,-0.3448691872799813
19,256,devtest,spa_Latn,eng_Latn,0.051529630411643074,-0.3903160323532898
19,256,devtest,spa_Latn,deu_Latn,0.14167729126017903,-0.3751434976098092
19,256,devtest,spa_Latn,fra_Latn,0.16279075871168378,-0.3910121910365827
19,256,devtest,spa_Latn,rus_Cyrl,0.0711669765927721,-0.4285821640610353
19,256,devtest,spa_Latn,hin_Deva,0.19668444128889562,-0.19787306942154434
19,256,devtest,spa_Latn,arb_Arab,0.1752006967163844,-0.3330417882362268
19,256,devtest,spa_Latn,zho_Hans,0.11087860140387418,-0.45114947750073986
19,256,devtest,spa_Latn,jpn_Jpan,-0.012691697299070718,-0.4160881679369694
19,256,devtest,spa_Latn,tur_Latn,0.15233731018727575,-0.3524790688445167
19,256,devtest,spa_Latn,vie_Latn,0.040745652400273204,-0.37413983542239826
19,256,devtest,spa_Latn,ind_Latn,0.09510100521312248,-0.3688698404954465
19,256,devtest,rus_Cyrl,eng_Latn,-0.01981351996622059,-0.3791858782108977
19,256,devtest,rus_Cyrl,deu_Latn,-0.01627960383062772,-0.3944327061731969
19,256,devtest,rus_Cyrl,fra_Latn,0.04665134072751426,-0.4145691034588892
19,256,devtest,rus_Cyrl,spa_Latn,-0.0018863300766455158,-0.44923866316754235
19,256,devtest,rus_Cyrl,hin_Deva,0.25972221014248464,-0.2124506292798325
19,256,devtest,rus_Cyrl,arb_Arab,0.03956403582249561,-0.3616188136632379
19,256,devtest,rus_Cyrl,zho_Hans,0.09993571236646533,-0.47215034212731755
19,256,devtest,rus_Cyrl,jpn_Jpan,-0.023149769116257872,-0.4253645865463075
19,256,devtest,rus_Cyrl,tur_Latn,-0.007849667648432633,-0.36296518565597174
19,256,devtest,rus_Cyrl,vie_Latn,-0.08547983072150088,-0.4202752122321324
19,256,devtest,rus_Cyrl,ind_Latn,-0.06881392659294297,-0.3973756742329724
19,256,devtest,hin_Deva,eng_Latn,0.1332075010727653,-0.24161706959339077
19,256,devtest,hin_Deva,deu_Latn,0.07994385742528583,-0.34484061307144015
19,256,devtest,hin_Deva,fra_Latn,0.05470928223845526,-0.35130252740339024
19,256,devtest,hin_Deva,spa_Latn,0.03803050444497473,-0.3591397662809458
19,256,devtest,hin_Deva,rus_Cyrl,0.12796648479425912,-0.3533870760919027
19,256,devtest,hin_Deva,arb_Arab,0.03760780274810979,-0.3571057749535383
19,256,devtest,hin_Deva,zho_Hans,0.17630084508306113,-0.2956795356137599
19,256,devtest,hin_Deva,jpn_Jpan,0.15659491453331545,-0.2886321891959224
19,256,devtest,hin_Deva,tur_Latn,0.04648209293226053,-0.38003685698088324
19,256,devtest,hin_Deva,vie_Latn,0.07266234781199031,-0.33828796468988287
19,256,devtest,hin_Deva,ind_Latn,0.02388257402268119,-0.30214792774776034
19,256,devtest,arb_Arab,eng_Latn,0.10498240514121952,-0.34507024836813005
19,256,devtest,arb_Arab,deu_Latn,0.0642575163804399,-0.415943779144956
19,256,devtest,arb_Arab,fra_Latn,0.10732502693434433,-0.40459878098329555
19,256,devtest,arb_Arab,spa_Latn,0.13131569585722125,-0.4033689626133505
19,256,devtest,arb_Arab,rus_Cyrl,0.11816856795516345,-0.4105704129715122
19,256,devtest,arb_Arab,hin_Deva,0.20487487998816997,-0.2680989892500833
19,256,devtest,arb_Arab,zho_Hans,0.16040817341305855,-0.4286217827107532
19,256,devtest,arb_Arab,jpn_Jpan,0.05827262839133191,-0.4259970571813189
19,256,devtest,arb_Arab,tur_Latn,0.07318197412936008,-0.3866555509821656
19,256,devtest,arb_Arab,vie_Latn,0.0282362928852851,-0.39518920433727295
19,256,devtest,arb_Arab,ind_Latn,0.0791891103146611,-0.3861094510964295
19,256,devtest,zho_Hans,eng_Latn,0.12433343173277572,-0.4109704471528543
19,256,devtest,zho_Hans,deu_Latn,0.3424029317049653,-0.38524473709116275
19,256,devtest,zho_Hans,fra_Latn,0.3160274996624101,-0.4148682274166605
19,256,devtest,zho_Hans,spa_Latn,0.3299167095608556,-0.4303056032882098
19,256,devtest,zho_Hans,rus_Cyrl,0.3005235760848624,-0.4328842116024925
19,256,devtest,zho_Hans,hin_Deva,0.3524761818977947,-0.16197479978967186
19,256,devtest,zho_Hans,arb_Arab,0.3579255621678208,-0.34832586936541277
19,256,devtest,zho_Hans,jpn_Jpan,0.2603458438276765,-0.4178576655766387
19,256,devtest,zho_Hans,tur_Latn,0.3434259209116226,-0.35420298333091627
19,256,devtest,zho_Hans,vie_Latn,0.36592648098438246,-0.3946833338317549
19,256,devtest,zho_Hans,ind_Latn,0.355313950495199,-0.38928061627781574
19,256,devtest,jpn_Jpan,eng_Latn,-0.1111681172666425,-0.3815640580830235
19,256,devtest,jpn_Jpan,deu_Latn,0.15370817894176683,-0.340856416653691
19,256,devtest,jpn_Jpan,fra_Latn,0.16837884675424844,-0.3956917652596749
19,256,devtest,jpn_Jpan,spa_Latn,0.07508517767577408,-0.3933621332371103
19,256,devtest,jpn_Jpan,rus_Cyrl,0.12837901378958577,-0.3908538551451114
19,256,devtest,jpn_Jpan,hin_Deva,0.34559193037311364,-0.13034195893937064
19,256,devtest,jpn_Jpan,arb_Arab,0.22062879550736403,-0.3266143729740968
19,256,devtest,jpn_Jpan,zho_Hans,0.09361617561395276,-0.4021784894674973
19,256,devtest,jpn_Jpan,tur_Latn,0.18742784488647268,-0.343846509911883
19,256,devtest,jpn_Jpan,vie_Latn,0.07192545433304547,-0.365666279175543
19,256,devtest,jpn_Jpan,ind_Latn,0.18048604327979162,-0.34679333991534933
19,256,devtest,tur_Latn,eng_Latn,0.07777871111728074,-0.36989334248591554
19,256,devtest,tur_Latn,deu_Latn,0.13064006313533863,-0.3653468625794224
19,256,devtest,tur_Latn,fra_Latn,0.13330413420961637,-0.38942220006040673
19,256,devtest,tur_Latn,spa_Latn,0.12608327569394004,-0.41631726127795277
19,256,devtest,tur_Latn,rus_Cyrl,0.052730882543572555,-0.4059550166264415
19,256,devtest,tur_Latn,hin_Deva,0.1991929479272223,-0.27698748667794837
19,256,devtest,tur_Latn,arb_Arab,0.13164145928808393,-0.3705913785454152
19,256,devtest,tur_Latn,zho_Hans,0.15223893792783086,-0.41398879640066694
19,256,devtest,tur_Latn,jpn_Jpan,0.04305428522225453,-0.424353309376289
19,256,devtest,tur_Latn,vie_Latn,-0.0021584601270446,-0.387724386052334
19,256,devtest,tur_Latn,ind_Latn,0.09319508359983204,-0.3792582506738064
19,256,devtest,vie_Latn,eng_Latn,0.1315209586180188,-0.33615790054261957
19,256,devtest,vie_Latn,deu_Latn,0.11193622955241501,-0.3664253010020833
19,256,devtest,vie_Latn,fra_Latn,0.13036550108128198,-0.35027897006297615
19,256,devtest,vie_Latn,spa_Latn,0.1151414735219345,-0.3672299224491673
19,256,devtest,vie_Latn,rus_Cyrl,0.05276846940742875,-0.3930440000401072
19,256,devtest,vie_Latn,hin_Deva,0.21470233519072074,-0.1859290335429862
19,256,devtest,vie_Latn,arb_Arab,0.1365470416759163,-0.31984328055497147
19,256,devtest,vie_Latn,zho_Hans,0.16707241710210993,-0.38855994297718693
19,256,devtest,vie_Latn,jpn_Jpan,0.04389606812291608,-0.3893772710217853
19,256,devtest,vie_Latn,tur_Latn,0.05847548393802498,-0.3331981694068866
19,256,devtest,vie_Latn,ind_Latn,0.20971692169156894,-0.3031844479038028
19,256,devtest,ind_Latn,eng_Latn,0.13823021060946414,-0.3242296230004902
19,256,devtest,ind_Latn,deu_Latn,0.17100002657136484,-0.3444836414716225
19,256,devtest,ind_Latn,fra_Latn,0.12543882876345092,-0.34473558789341374
19,256,devtest,ind_Latn,spa_Latn,0.1281760446307229,-0.37514675263918407
19,256,devtest,ind_Latn,rus_Cyrl,0.03145541570206974,-0.3850659874791199
19,256,devtest,ind_Latn,hin_Deva,0.16109416333138912,-0.17942321798134117
19,256,devtest,ind_Latn,arb_Arab,0.15963683861661054,-0.3133104973974399
19,256,devtest,ind_Latn,zho_Hans,0.14211010866878573,-0.3962505437133838
19,256,devtest,ind_Latn,jpn_Jpan,0.08525630010920456,-0.3819377925519377
19,256,devtest,ind_Latn,tur_Latn,0.12431436314748096,-0.34510260246192626
19,256,devtest,ind_Latn,vie_Latn,0.13909406194483,-0.3194913553192644
20,64,devtest,eng_Latn,deu_Latn,0.2983211454127557,-0.1372732422883763
20,64,devtest,eng_Latn,fra_Latn,0.22822732755455954,-0.13174341581632548
20,64,devtest,eng_Latn,spa_Latn,0.18523854374791246,-0.1665134388922516
20,64,devtest,eng_Latn,rus_Cyrl,0.20226832005195322,-0.14599778279856965
20,64,devtest,eng_Latn,hin_Deva,0.27544944191320403,0.03742759456039186
20,64,devtest,eng_Latn,arb_Arab,0.2448181244895197,-0.10794387288080178
20,64,devtest,eng_Latn,zho_Hans,0.03435307692106862,-0.23170634554124953
20,64,devtest,eng_Latn,jpn_Jpan,0.06660284420142398,-0.22139319794258708
20,64,devtest,eng_Latn,tur_Latn,0.23385992470135805,-0.16134840662096828
20,64,devtest,eng_Latn,vie_Latn,0.2573625275554958,-0.1730468959713637
20,64,devtest,eng_Latn,ind_Latn,0.29843568528226294,-0.1329690249533872
20,64,devtest,deu_Latn,eng_Latn,0.16270454947127527,-0.2312262420303087
20,64,devtest,deu_Latn,fra_Latn,0.13848588191354472,-0.25592499519726253
20,64,devtest,deu_Latn,spa_Latn,0.14825697470916993,-0.308439853554197
20,64,devtest,deu_Latn,rus_Cyrl,0.05140763011499979,-0.3377839381766582
20,64,devtest,deu_Latn,hin_Deva,0.20535792176148,-0.1635777982165373
20,64,devtest,deu_Latn,arb_Arab,0.09524455551949214,-0.2801099426453669
20,64,devtest,deu_Latn,zho_Hans,0.13089897968405387,-0.3180879668264974
20,64,devtest,deu_Latn,jpn_Jpan,0.051981617979065385,-0.30430311271331933
20,64,devtest,deu_Latn,tur_Latn,0.15455324049371766,-0.2741088559119919
20,64,devtest,deu_Latn,vie_Latn,0.024646233161409906,-0.2951878477352768
20,64,devtest,deu_Latn,ind_Latn,0.14529088060782688,-0.266368210090798
20,64,devtest,fra_Latn,eng_Latn,0.11540717439192409,-0.19479453084237972
20,64,devtest,fra_Latn,deu_Latn,0.14100528988368288,-0.23199785690539124
20,64,devtest,fra_Latn,spa_Latn,0.1285169148275672,-0.2564193295507804
20,64,devtest,fra_Latn,rus_Cyrl,0.11178562068184741,-0.3199768835715524
20,64,devtest,fra_Latn,hin_Deva,0.14969502039932744,-0.1223055733452492
20,64,devtest,fra_Latn,arb_Arab,0.11772456201407476,-0.25527754018450666
20,64,devtest,fra_Latn,zho_Hans,0.13053103909029443,-0.34323919634999317
20,64,devtest,fra_Latn,jpn_Jpan,0.07448576415259608,-0.3671721776058376
20,64,devtest,fra_Latn,tur_Latn,0.12093911744197311,-0.25663249382061126
20,64,devtest,fra_Latn,vie_Latn,0.064063470544646,-0.26953436193566427
20,64,devtest,fra_Latn,ind_Latn,0.11987900365946523,-0.22830369934161543
20,64,devtest,spa_Latn,eng_Latn,0.07661983270714157,-0.2261206191750526
20,64,devtest,spa_Latn,deu_Latn,0.11674883669215509,-0.28188868768809244
20,64,devtest,spa_Latn,fra_Latn,0.12751101183872057,-0.25328800639883525
20,64,devtest,spa_Latn,rus_Cyrl,0.05719299971071409,-0.32319428677636736
20,64,devtest,spa_Latn,hin_Deva,0.17613347295161902,-0.11056087495053793
20,64,devtest,spa_Latn,arb_Arab,0.1585958936345748,-0.21978540086381249
20,64,devtest,spa_Latn,zho_Hans,0.11630943838999783,-0.3463189452465987
20,64,devtest,spa_Latn,jpn_Jpan,-0.007448234424217813,-0.3299569047663799
20,64,devtest,spa_Latn,tur_Latn,0.1373208389762119,-0.27777014776698605
20,64,devtest,spa_Latn,vie_Latn,0.03224314067857885,-0.2531757760066346
20,64,devtest,spa_Latn,ind_Latn,0.08898026118806929,-0.2489325736231741
20,64,devtest,rus_Cyrl,eng_Latn,0.04337237508054978,-0.24476341331918333
20,64,devtest,rus_Cyrl,deu_Latn,-0.008249420806887443,-0.32822961594589545
20,64,devtest,rus_Cyrl,fra_Latn,0.05453741202748634,-0.3489033304432013
20,64,devtest,rus_Cyrl,spa_Latn,0.0005867600857443496,-0.34887121005996197
20,64,devtest,rus_Cyrl,hin_Deva,0.20778168154818646,-0.15246872243598364
20,64,devtest,rus_Cyrl,arb_Arab,0.019837848616443655,-0.30340774252519215
20,64,devtest,rus_Cyrl,zho_Hans,0.12578928780633314,-0.3752211815113667
20,64,devtest,rus_Cyrl,jpn_Jpan,0.015621643733222008,-0.32555342344740673
20,64,devtest,rus_Cyrl,tur_Latn,-0.0027416162896822926,-0.3098794712641034
20,64,devtest,rus_Cyrl,vie_Latn,-0.06424507321246241,-0.31175041805311204
20,64,devtest,rus_Cyrl,ind_Latn,-0.060285561668590996,-0.3127729453041553
20,64,devtest,hin_Deva,eng_Latn,0.14018992395030896,-0.1484319942536111
20,64,devtest,hin_Deva,deu_Latn,0.10026564087538073,-0.27926779199373286
20,64,devtest,hin_Deva,fra_Latn,0.06037553544332636,-0.27807372281394804
20,64,devtest,hin_Deva,spa_Latn,0.06322548359308636,-0.2722441651331679
20,64,devtest,hin_Deva,rus_Cyrl,0.1134295066545976,-0.2883456899659324
20,64,devtest,hin_Deva,arb_Arab,0.05293426546892943,-0.28506505994193426
20,64,devtest,hin_Deva,zho_Hans,0.18671158805615015,-0.2326703871170907
20,64,devtest,hin_Deva,jpn_Jpan,0.15734857078648506,-0.2288026779823165
20,64,devtest,hin_Deva,tur_Latn,0.05118349490715961,-0.3350732781428183
20,64,devtest,hin_Deva,vie_Latn,0.05289658339684946,-0.2818121307395866
20,64,devtest,hin_Deva,ind_Latn,0.023672427664804003,-0.23154260257148146
20,64,devtest,arb_Arab,eng_Latn,0.11133963415600769,-0.22147215576696588
20,64,devtest,arb_Arab,deu_Latn,0.06859526775302384,-0.3000737524359251
20,64,devtest,arb_Arab,fra_Latn,0.09305457197036462,-0.30088847402555025
20,64,devtest,arb_Arab,spa_Latn,0.1312816331727508,-0.2736340460795783
20,64,devtest,arb_Arab,rus_Cyrl,0.07397732867779475,-0.33113441162378277
20,64,devtest,arb_Arab,hin_Deva,0.16641251023033632,-0.1848183318623225
20,64,devtest,arb_Arab,zho_Hans,0.20085116540739134,-0.3436570659307214
20,64,devtest,arb_Arab,jpn_Jpan,0.10207474604066791,-0.34154395636465323
20,64,devtest,arb_Arab,tur_Latn,0.09577660679615456,-0.32374155826063383
20,64,devtest,arb_Arab,vie_Latn,0.040264347927816524,-0.28720233810658485
20,64,devtest,arb_Arab,ind_Latn,0.04519540664821635,-0.26658339517257723
20,64,devtest,zho_Hans,eng_Latn,0.10199418243349727,-0.3059521975266212
20,64,devtest,zho_Hans,deu_Latn,0.3081908850832117,-0.2916757683245641
20,64,devtest,zho_Hans,fra_Latn,0.27747850425129533,-0.34199571739614426
20,64,devtest,zho_Hans,spa_Latn,0.29153234913609816,-0.3423358572452812
20,64,devtest,zho_Hans,rus_Cyrl,0.27636861384341366,-0.34117704832129925
20,64,devtest,zho_Hans,hin_Deva,0.32384793114435084,-0.10096369953083291
20,64,devtest,zho_Hans,arb_Arab,0.3323387380718488,-0.2795722064680828
20,64,devtest,zho_Hans,jpn_Jpan,0.2215822711904147,-0.3627821038955408
20,64,devtest,zho_Hans,tur_Latn,0.3309567063627517,-0.2979637521412281
20,64,devtest,zho_Hans,vie_Latn,0.33099878656174303,-0.3210441178050591
20,64,devtest,zho_Hans,ind_Latn,0.33679352945167057,-0.2960444988452563
20,64,devtest,jpn_Jpan,eng_Latn,-0.06413669442789237,-0.2755737982998982
20,64,devtest,jpn_Jpan,deu_Latn,0.13590199960554042,-0.2554351276157043
20,64,devtest,jpn_Jpan,fra_Latn,0.16085591947400726,-0.33680198989986443
20,64,devtest,jpn_Jpan,spa_Latn,0.06489114076656553,-0.30981009353222033
20,64,devtest,jpn_Jpan,rus_Cyrl,0.11001627010929983,-0.2870938605518093
20,64,devtest,jpn_Jpan,hin_Deva,0.29814096619440467,-0.06219735214532492
20,64,devtest,jpn_Jpan,arb_Arab,0.2283068871415733,-0.2625504177731835
20,64,devtest,jpn_Jpan,zho_Hans,0.09497810762106842,-0.3447002140556948
20,64,devtest,jpn_Jpan,tur_Latn,0.17900357628784103,-0.2764397272773244
20,64,devtest,jpn_Jpan,vie_Latn,0.05508824921459893,-0.3059651433455017
20,64,devtest,jpn_Jpan,ind_Latn,0.16638772510242414,-0.26064044705634104
20,64,devtest,tur_Latn,eng_Latn,0.10219226137096722,-0.27842423773501995
20,64,devtest,tur_Latn,deu_Latn,0.12497715061243031,-0.3031696224956664
20,64,devtest,tur_Latn,fra_Latn,0.12914789032543256,-0.3100745173430797
20,64,devtest,tur_Latn,spa_Latn,0.12743882433201464,-0.35204698742878343
20,64,devtest,tur_Latn,rus_Cyrl,0.052087936387619535,-0.35074740509259306
20,64,devtest,tur_Latn,hin_Deva,0.15230422773007202,-0.2313348808713385
20,64,devtest,tur_Latn,arb_Arab,0.1366543795340037,-0.32293042495953994
20,64,devtest,tur_Latn,zho_Hans,0.17948176288598383,-0.35536419150798265
20,64,devtest,tur_Latn,jpn_Jpan,0.0650078081943681,-0.36738532086434367
20,64,devtest,tur_Latn,vie_Latn,0.02638038486920024,-0.32608267031912486
20,64,devtest,tur_Latn,ind_Latn,0.0806234289808458,-0.3018905333406004
20,64,devtest,vie_Latn,eng_Latn,0.14433742791281637,-0.22933362194662016
20,64,devtest,vie_Latn,deu_Latn,0.07718051663696593,-0.2765079788684403
20,64,devtest,vie_Latn,fra_Latn,0.11315877626774448,-0.26552400380675634
20,64,devtest,vie_Latn,spa_Latn,0.08917080530367524,-0.25955152070603443
20,64,devtest,vie_Latn,rus_Cyrl,0.03462835084629021,-0.2942054711515505
20,64,devtest,vie_Latn,hin_Deva,0.16552327229189798,-0.13260319054494926
20,64,devtest,vie_Latn,arb_Arab,0.10966535183789403,-0.2373291468747576
20,64,devtest,vie_Latn,zho_Hans,0.1962428910582836,-0.3180304548760774
20,64,devtest,vie_Latn,jpn_Jpan,0.04638807721672795,-0.3421457835428105
20,64,devtest,vie_Latn,tur_Latn,0.06699272196574063,-0.2746249678585386
20,64,devtest,vie_Latn,ind_Latn,0.19249062260283106,-0.1811084290609301
20,64,devtest,ind_Latn,eng_Latn,0.16297720642512584,-0.1936441520755661
20,64,devtest,ind_Latn,deu_Latn,0.16100898831818186,-0.25667533133796167
20,64,devtest,ind_Latn,fra_Latn,0.1293328145391996,-0.23254885516598414
20,64,devtest,ind_Latn,spa_Latn,0.11125077151761673,-0.2602941841404147
20,64,devtest,ind_Latn,rus_Cyrl,0.022044432608938413,-0.29584560265831766
20,64,devtest,ind_Latn,hin_Deva,0.11353668974206471,-0.11919517725801729
20,64,devtest,ind_Latn,arb_Arab,0.103638571672596,-0.22623294717257345
20,64,devtest,ind_Latn,zho_Hans,0.1800834361163267,-0.2907127860768193
20,64,devtest,ind_Latn,jpn_Jpan,0.09933630040651244,-0.28771324096728074
20,64,devtest,ind_Latn,tur_Latn,0.11267914349463323,-0.27000194879015416
20,64,devtest,ind_Latn,vie_Latn,0.14634734228764465,-0.19030178374831758
20,128,devtest,eng_Latn,deu_Latn,0.3040204074249586,-0.15097320897610042
20,128,devtest,eng_Latn,fra_Latn,0.24840591599022158,-0.1534730793134665
20,128,devtest,eng_Latn,spa_Latn,0.17848756897796153,-0.20132067076944976
20,128,devtest,eng_Latn,rus_Cyrl,0.20315416528080396,-0.15754315073804515
20,128,devtest,eng_Latn,hin_Deva,0.2960736803323309,0.03982236751433647
20,128,devtest,eng_Latn,arb_Arab,0.2449202984283895,-0.12218105302762448
20,128,devtest,eng_Latn,zho_Hans,0.03710412796396488,-0.2630639784152338
20,128,devtest,eng_Latn,jpn_Jpan,0.06255752260948252,-0.24163925074497752
20,128,devtest,eng_Latn,tur_Latn,0.23868100270520004,-0.16478724499721886
20,128,devtest,eng_Latn,vie_Latn,0.26882873730131135,-0.18455600215862392
20,128,devtest,eng_Latn,ind_Latn,0.29654800679411786,-0.1521420777445664
20,128,devtest,deu_Latn,eng_Latn,0.1425117067539904,-0.26380999869229227
20,128,devtest,deu_Latn,fra_Latn,0.1294829595678604,-0.3139530190862333
20,128,devtest,deu_Latn,spa_Latn,0.15303058691250987,-0.3474834959133585
20,128,devtest,deu_Latn,rus_Cyrl,0.060224685031126254,-0.3712530162303236
20,128,devtest,deu_Latn,hin_Deva,0.22338582376493007,-0.18559714664137536
20,128,devtest,deu_Latn,arb_Arab,0.10256915099187384,-0.3228134104896876
20,128,devtest,deu_Latn,zho_Hans,0.13928846112647308,-0.3701016241704901
20,128,devtest,deu_Latn,jpn_Jpan,0.054067872853984116,-0.3560365461291289
20,128,devtest,deu_Latn,tur_Latn,0.1594342550835509,-0.30714084735243324
20,128,devtest,deu_Latn,vie_Latn,0.0073284791873129375,-0.3294929226465773
20,128,devtest,deu_Latn,ind_Latn,0.15556395182761615,-0.3002527911187251
20,128,devtest,fra_Latn,eng_Latn,0.11360292533930773,-0.22760650805184346
20,128,devtest,fra_Latn,deu_Latn,0.13422559562387687,-0.2902044003964251
20,128,devtest,fra_Latn,spa_Latn,0.13601610446507695,-0.318472277880718
20,128,devtest,fra_Latn,rus_Cyrl,0.10307063041046308,-0.34725181693206486
20,128,devtest,fra_Latn,hin_Deva,0.17508049125796482,-0.14180646369996042
20,128,devtest,fra_Latn,arb_Arab,0.12652707949996334,-0.28593298627488956
20,128,devtest,fra_Latn,zho_Hans,0.12985438676277344,-0.3823747140124405
20,128,devtest,fra_Latn,jpn_Jpan,0.03866972172033116,-0.3896432098844417
20,128,devtest,fra_Latn,tur_Latn,0.1196996976441797,-0.28345123812090234
20,128,devtest,fra_Latn,vie_Latn,0.05149137835738013,-0.29531611067327135
20,128,devtest,fra_Latn,ind_Latn,0.10441254698807019,-0.2621301886423305
20,128,devtest,spa_Latn,eng_Latn,0.05216783424430152,-0.27871533816309957
20,128,devtest,spa_Latn,deu_Latn,0.12078621470338086,-0.31256716022663567
20,128,devtest,spa_Latn,fra_Latn,0.1378252695474381,-0.31390338736777956
20,128,devtest,spa_Latn,rus_Cyrl,0.07971492933973474,-0.34990314834801023
20,128,devtest,spa_Latn,hin_Deva,0.19273276172695086,-0.12561676953800197
20,128,devtest,spa_Latn,arb_Arab,0.15541329363918516,-0.25765882722851124
20,128,devtest,spa_Latn,zho_Hans,0.11622884080327324,-0.3742020202751392
20,128,devtest,spa_Latn,jpn_Jpan,-0.01911278868067808,-0.35620204979255243
20,128,devtest,spa_Latn,tur_Latn,0.14734592657334727,-0.2995474598636012
20,128,devtest,spa_Latn,vie_Latn,0.012149884251572797,-0.28706498769788047
20,128,devtest,spa_Latn,ind_Latn,0.09333387889683298,-0.28548297909488957
20,128,devtest,rus_Cyrl,eng_Latn,0.01802622732249856,-0.2723559425165038
20,128,devtest,rus_Cyrl,deu_Latn,-0.012591756610394815,-0.35757356907658805
20,128,devtest,rus_Cyrl,fra_Latn,0.029073820363941082,-0.37863903786678416
20,128,devtest,rus_Cyrl,spa_Latn,0.013547903830145114,-0.3863809932917802
20,128,devtest,rus_Cyrl,hin_Deva,0.2477836249505004,-0.16297645043697967
20,128,devtest,rus_Cyrl,arb_Arab,0.030335433895955687,-0.3285926379430189
20,128,devtest,rus_Cyrl,zho_Hans,0.13312873816870158,-0.41425310848605956
20,128,devtest,rus_Cyrl,jpn_Jpan,0.012681882815270865,-0.38669234549694637
20,128,devtest,rus_Cyrl,tur_Latn,-0.015068992636279538,-0.3364187505603578
20,128,devtest,rus_Cyrl,vie_Latn,-0.08408309033706682,-0.3595754736441582
20,128,devtest,rus_Cyrl,ind_Latn,-0.06609175829069244,-0.33720526042259397
20,128,devtest,hin_Deva,eng_Latn,0.14031897556018258,-0.17250797901844067
20,128,devtest,hin_Deva,deu_Latn,0.10246096228217808,-0.31778038645317014
20,128,devtest,hin_Deva,fra_Latn,0.07574140245202854,-0.3080602877649303
20,128,devtest,hin_Deva,spa_Latn,0.059578927416714215,-0.30539669768894423
20,128,devtest,hin_Deva,rus_Cyrl,0.14554894837149232,-0.30759398006063154
20,128,devtest,hin_Deva,arb_Arab,0.06606703309394171,-0.3098440451315391
20,128,devtest,hin_Deva,zho_Hans,0.20111052992914824,-0.243897423233768
20,128,devtest,hin_Deva,jpn_Jpan,0.1549609650831033,-0.2617558251754684
20,128,devtest,hin_Deva,tur_Latn,0.04852277825946311,-0.36172883630987185
20,128,devtest,hin_Deva,vie_Latn,0.06282039181418947,-0.3015177307054551
20,128,devtest,hin_Deva,ind_Latn,0.040303051064488164,-0.25347142904653214
20,128,devtest,arb_Arab,eng_Latn,0.09296843111953977,-0.26163933461108946
20,128,devtest,arb_Arab,deu_Latn,0.06785094640020185,-0.34719705095909764
20,128,devtest,arb_Arab,fra_Latn,0.09000753711152479,-0.338803650345174
20,128,devtest,arb_Arab,spa_Latn,0.11995754785722858,-0.32380074021908595
20,128,devtest,arb_Arab,rus_Cyrl,0.0972409697450288,-0.3528447204310841
20,128,devtest,arb_Arab,hin_Deva,0.19835053388391438,-0.20085004962776412
20,128,devtest,arb_Arab,zho_Hans,0.1821424288213308,-0.36915150640040856
20,128,devtest,arb_Arab,jpn_Jpan,0.0779289320307155,-0.3708014092231828
20,128,devtest,arb_Arab,tur_Latn,0.0834111148171161,-0.3384237344881095
20,128,devtest,arb_Arab,vie_Latn,0.04803865367702988,-0.3163596801130318
20,128,devtest,arb_Arab,ind_Latn,0.0522810985028577,-0.3046700622006994
20,128,devtest,zho_Hans,eng_Latn,0.10601750981916573,-0.34310363952234557
20,128,devtest,zho_Hans,deu_Latn,0.34651488261446806,-0.3268398525899873
20,128,devtest,zho_Hans,fra_Latn,0.30183161982199347,-0.37290513327446173
20,128,devtest,zho_Hans,spa_Latn,0.3174973413873188,-0.3652005842766342
20,128,devtest,zho_Hans,rus_Cyrl,0.30682527155544115,-0.36617527673117223
20,128,devtest,zho_Hans,hin_Deva,0.3565279917226292,-0.09625656580958293
20,128,devtest,zho_Hans,arb_Arab,0.3442933189997004,-0.2956596334751806
20,128,devtest,zho_Hans,jpn_Jpan,0.23821524762817484,-0.3746386300897527
20,128,devtest,zho_Hans,tur_Latn,0.36151352022444183,-0.3105300250790309
20,128,devtest,zho_Hans,vie_Latn,0.35208873201379953,-0.32955412631394176
20,128,devtest,zho_Hans,ind_Latn,0.36589670298648785,-0.3198505312509242
20,128,devtest,jpn_Jpan,eng_Latn,-0.091254170277424,-0.3062092358344596
20,128,devtest,jpn_Jpan,deu_Latn,0.1488039885795632,-0.2928558744736107
20,128,devtest,jpn_Jpan,fra_Latn,0.14288943996458484,-0.35451347669234173
20,128,devtest,jpn_Jpan,spa_Latn,0.06411648191495975,-0.3335393187943931
20,128,devtest,jpn_Jpan,rus_Cyrl,0.12682051858875884,-0.3311254405483989
20,128,devtest,jpn_Jpan,hin_Deva,0.3184240885403382,-0.07140664262861839
20,128,devtest,jpn_Jpan,arb_Arab,0.2236146830431727,-0.2799209531433124
20,128,devtest,jpn_Jpan,zho_Hans,0.08700303736740714,-0.3504048086021871
20,128,devtest,jpn_Jpan,tur_Latn,0.1863663285713323,-0.2898005810898678
20,128,devtest,jpn_Jpan,vie_Latn,0.05779306090650785,-0.3248043521539237
20,128,devtest,jpn_Jpan,ind_Latn,0.17591408799571512,-0.2929472354868582
20,128,devtest,tur_Latn,eng_Latn,0.08847518268803355,-0.307691119902743
20,128,devtest,tur_Latn,deu_Latn,0.12189777372954097,-0.34259351313373315
20,128,devtest,tur_Latn,fra_Latn,0.1272369668754378,-0.33974226849944106
20,128,devtest,tur_Latn,spa_Latn,0.12728424788061465,-0.37771061222664243
20,128,devtest,tur_Latn,rus_Cyrl,0.04366146053963072,-0.37978572573607217
20,128,devtest,tur_Latn,hin_Deva,0.1768675480243868,-0.249358014111586
20,128,devtest,tur_Latn,arb_Arab,0.12966194702022102,-0.34577231712062095
20,128,devtest,tur_Latn,zho_Hans,0.18378789553378128,-0.3785758550570181
20,128,devtest,tur_Latn,jpn_Jpan,0.050137166415573906,-0.3893536040504194
20,128,devtest,tur_Latn,vie_Latn,0.0105709875062176,-0.34293173159643353
20,128,devtest,tur_Latn,ind_Latn,0.0909737754429146,-0.33704137909018533
20,128,devtest,vie_Latn,eng_Latn,0.13754973098026266,-0.25625435203043095
20,128,devtest,vie_Latn,deu_Latn,0.06947273930786577,-0.3073323979249746
20,128,devtest,vie_Latn,fra_Latn,0.1153517545118567,-0.2897629949188755
20,128,devtest,vie_Latn,spa_Latn,0.07554901061358661,-0.2916320937277493
20,128,devtest,vie_Latn,rus_Cyrl,0.033317857449634454,-0.33413061229816404
20,128,devtest,vie_Latn,hin_Deva,0.18839206488422208,-0.14084851450231148
20,128,devtest,vie_Latn,arb_Arab,0.13440958971101646,-0.2575557056887215
20,128,devtest,vie_Latn,zho_Hans,0.1863312451770576,-0.3295675297895408
20,128,devtest,vie_Latn,jpn_Jpan,0.04022390609969451,-0.3661463900773304
20,128,devtest,vie_Latn,tur_Latn,0.06739567790616799,-0.2857686531413357
20,128,devtest,vie_Latn,ind_Latn,0.19166751705951487,-0.21641428154981995
20,128,devtest,ind_Latn,eng_Latn,0.1415483643344823,-0.2269964234656556
20,128,devtest,ind_Latn,deu_Latn,0.1690290905421815,-0.2885093203518067
20,128,devtest,ind_Latn,fra_Latn,0.11408027011747482,-0.2680273313345789
20,128,devtest,ind_Latn,spa_Latn,0.12029231404664946,-0.29829874593339295
20,128,devtest,ind_Latn,rus_Cyrl,0.026519094598015047,-0.3172078328182158
20,128,devtest,ind_Latn,hin_Deva,0.1455677348670143,-0.12587783283211354
20,128,devtest,ind_Latn,arb_Arab,0.12100168692728656,-0.25364844512144225
20,128,devtest,ind_Latn,zho_Hans,0.18305821646107986,-0.3259689454051492
20,128,devtest,ind_Latn,jpn_Jpan,0.10179366370070116,-0.33301935017651496
20,128,devtest,ind_Latn,tur_Latn,0.12634614939666902,-0.2976176803254812
20,128,devtest,ind_Latn,vie_Latn,0.13570817452870657,-0.2288210413962389
20,256,devtest,eng_Latn,deu_Latn,0.3197051649675381,-0.17220703095385143
20,256,devtest,eng_Latn,fra_Latn,0.2652647711560938,-0.17937026659668542
20,256,devtest,eng_Latn,spa_Latn,0.19722990155498113,-0.23836337187181808
20,256,devtest,eng_Latn,rus_Cyrl,0.20494027690562128,-0.18816942694043332
20,256,devtest,eng_Latn,hin_Deva,0.32338211133951594,0.038519309708081644
20,256,devtest,eng_Latn,arb_Arab,0.2659352702244248,-0.1291256880916312
20,256,devtest,eng_Latn,zho_Hans,0.025169543268841275,-0.28592621051472966
20,256,devtest,eng_Latn,jpn_Jpan,0.07203104832277468,-0.26547806227231974
20,256,devtest,eng_Latn,tur_Latn,0.255798814541193,-0.16848812561711518
20,256,devtest,eng_Latn,vie_Latn,0.28272907259576796,-0.20476271786390812
20,256,devtest,eng_Latn,ind_Latn,0.3086401626602379,-0.17182785814283597
20,256,devtest,deu_Latn,eng_Latn,0.1368821073545337,-0.3018258414366607
20,256,devtest,deu_Latn,fra_Latn,0.1346777142085141,-0.33252806039193733
20,256,devtest,deu_Latn,spa_Latn,0.15315412251226884,-0.37469868379604426
20,256,devtest,deu_Latn,rus_Cyrl,0.05970662663586972,-0.39887794248534936
20,256,devtest,deu_Latn,hin_Deva,0.23798137599890146,-0.1909830339144316
20,256,devtest,deu_Latn,arb_Arab,0.10121060139998839,-0.3452818417529336
20,256,devtest,deu_Latn,zho_Hans,0.13856851639248438,-0.4015500674815073
20,256,devtest,deu_Latn,jpn_Jpan,0.05252251323939797,-0.3825683103195855
20,256,devtest,deu_Latn,tur_Latn,0.16419573334525225,-0.328023132642394
20,256,devtest,deu_Latn,vie_Latn,0.018631075165080033,-0.3575834574989971
20,256,devtest,deu_Latn,ind_Latn,0.14990959820173413,-0.33316976843480794
20,256,devtest,fra_Latn,eng_Latn,0.11068234161831494,-0.26975442983410663
20,256,devtest,fra_Latn,deu_Latn,0.13651816261053937,-0.3002030497011733
20,256,devtest,fra_Latn,spa_Latn,0.13353602471739806,-0.3488045595596817
20,256,devtest,fra_Latn,rus_Cyrl,0.11041732363246169,-0.3723966154161855
20,256,devtest,fra_Latn,hin_Deva,0.19496006444748137,-0.14512311001152164
20,256,devtest,fra_Latn,arb_Arab,0.12971131273582615,-0.30334059128832463
20,256,devtest,fra_Latn,zho_Hans,0.14008707432214956,-0.40456560407225356
20,256,devtest,fra_Latn,jpn_Jpan,0.041249074813348385,-0.40568800685225176
20,256,devtest,fra_Latn,tur_Latn,0.11809397259832054,-0.29666096517438084
20,256,devtest,fra_Latn,vie_Latn,0.03985975926893449,-0.3170187385890125
20,256,devtest,fra_Latn,ind_Latn,0.09725609831571531,-0.29469191855701643
20,256,devtest,spa_Latn,eng_Latn,0.05229150005889738,-0.3277950057722487
20,256,devtest,spa_Latn,deu_Latn,0.12270904145002255,-0.3353059513752074
20,256,devtest,spa_Latn,fra_Latn,0.13981655492813563,-0.3457156507905134
20,256,devtest,spa_Latn,rus_Cyrl,0.07314179569204746,-0.3842084992505405
20,256,devtest,spa_Latn,hin_Deva,0.2119326620529659,-0.14139943885037953
20,256,devtest,spa_Latn,arb_Arab,0.16173635965836974,-0.28408862809042834
20,256,devtest,spa_Latn,zho_Hans,0.11719600605474352,-0.4116920485355441
20,256,devtest,spa_Latn,jpn_Jpan,-0.026900534476180356,-0.3890535735282304
20,256,devtest,spa_Latn,tur_Latn,0.1459147049466491,-0.30916449181210615
20,256,devtest,spa_Latn,vie_Latn,0.011834081189111492,-0.3151858848923597
20,256,devtest,spa_Latn,ind_Latn,0.08504176560055104,-0.3189097526460471
20,256,devtest,rus_Cyrl,eng_Latn,-0.004122277015195731,-0.3248878842376926
20,256,devtest,rus_Cyrl,deu_Latn,-0.024068172551946945,-0.3844143521122575
20,256,devtest,rus_Cyrl,fra_Latn,0.02357704203799729,-0.40662620005583816
20,256,devtest,rus_Cyrl,spa_Latn,-0.004681477440795153,-0.42541282789259693
20,256,devtest,rus_Cyrl,hin_Deva,0.2716790252224745,-0.1830598474320946
20,256,devtest,rus_Cyrl,arb_Arab,0.028781773581065654,-0.3531891888246485
20,256,devtest,rus_Cyrl,zho_Hans,0.12873090689760666,-0.44645828522365955
20,256,devtest,rus_Cyrl,jpn_Jpan,-0.008934406080204496,-0.42077443214114335
20,256,devtest,rus_Cyrl,tur_Latn,-0.026063663688177943,-0.35587862270781384
20,256,devtest,rus_Cyrl,vie_Latn,-0.08782138607394221,-0.3975692137613134
20,256,devtest,rus_Cyrl,ind_Latn,-0.08134032278994219,-0.3772351420397398
20,256,devtest,hin_Deva,eng_Latn,0.1411819980702097,-0.19656634128141653
20,256,devtest,hin_Deva,deu_Latn,0.09640562475448577,-0.3309154408644937
20,256,devtest,hin_Deva,fra_Latn,0.07016848393619761,-0.32521431274023194
20,256,devtest,hin_Deva,spa_Latn,0.051836692150967215,-0.3394615788853664
20,256,devtest,hin_Deva,rus_Cyrl,0.14326621210002854,-0.338748957944604
20,256,devtest,hin_Deva,arb_Arab,0.05164840309290764,-0.330016047183236
20,256,devtest,hin_Deva,zho_Hans,0.21149714961099553,-0.2609534190311367
20,256,devtest,hin_Deva,jpn_Jpan,0.16321860271504976,-0.27137094738573575
20,256,devtest,hin_Deva,tur_Latn,0.04891883460485279,-0.3767201791022156
20,256,devtest,hin_Deva,vie_Latn,0.07532004765102723,-0.3189483606844008
20,256,devtest,hin_Deva,ind_Latn,0.0298920323837893,-0.2807272437979377
20,256,devtest,arb_Arab,eng_Latn,0.08898028396695974,-0.2870466664040619
20,256,devtest,arb_Arab,deu_Latn,0.05968849801056696,-0.3745579045098674
20,256,devtest,arb_Arab,fra_Latn,0.09103927793866029,-0.36613328036032355
20,256,devtest,arb_Arab,spa_Latn,0.12049477481262404,-0.3580333445990707
20,256,devtest,arb_Arab,rus_Cyrl,0.10188430927533287,-0.38106291655724855
20,256,devtest,arb_Arab,hin_Deva,0.21802255460192357,-0.20912660047400725
20,256,devtest,arb_Arab,zho_Hans,0.1902839762889912,-0.4018612219339253
20,256,devtest,arb_Arab,jpn_Jpan,0.06209164554042992,-0.4021632503246905
20,256,devtest,arb_Arab,tur_Latn,0.07721071068727094,-0.3560140561066688
20,256,devtest,arb_Arab,vie_Latn,0.03363154150001697,-0.34902749208053274
20,256,devtest,arb_Arab,ind_Latn,0.057051728780871266,-0.34179756731932903
20,256,devtest,zho_Hans,eng_Latn,0.09893370525054151,-0.3814079675982792
20,256,devtest,zho_Hans,deu_Latn,0.3759781848342755,-0.34734978508101166
20,256,devtest,zho_Hans,fra_Latn,0.3398442210413933,-0.39538708337278217
20,256,devtest,zho_Hans,spa_Latn,0.3504261902311331,-0.39893177243200306
20,256,devtest,zho_Hans,rus_Cyrl,0.33134961508388877,-0.39122055162252467
20,256,devtest,zho_Hans,hin_Deva,0.3925953861553254,-0.10027381046190956
20,256,devtest,zho_Hans,arb_Arab,0.3756550015003394,-0.3142825259441087
20,256,devtest,zho_Hans,jpn_Jpan,0.26107953250644567,-0.3953959562677117
20,256,devtest,zho_Hans,tur_Latn,0.38737901424476223,-0.32304491430604076
20,256,devtest,zho_Hans,vie_Latn,0.38715988411091073,-0.3582758407167507
20,256,devtest,zho_Hans,ind_Latn,0.394987614948291,-0.34633034906257143
20,256,devtest,jpn_Jpan,eng_Latn,-0.10266039230986657,-0.34028419260770654
20,256,devtest,jpn_Jpan,deu_Latn,0.16405066370209817,-0.3116715026763097
20,256,devtest,jpn_Jpan,fra_Latn,0.15920966325594738,-0.3693819797047339
20,256,devtest,jpn_Jpan,spa_Latn,0.06484334297516119,-0.3652901489825437
20,256,devtest,jpn_Jpan,rus_Cyrl,0.13205990934309908,-0.3624312710948021
20,256,devtest,jpn_Jpan,hin_Deva,0.34551263683161754,-0.07465714629103753
20,256,devtest,jpn_Jpan,arb_Arab,0.2227288805479886,-0.30089574469968666
20,256,devtest,jpn_Jpan,zho_Hans,0.08720619363385208,-0.3717953533205474
20,256,devtest,jpn_Jpan,tur_Latn,0.1982437165339392,-0.2998089215320725
20,256,devtest,jpn_Jpan,vie_Latn,0.05641392591014485,-0.3335334360086108
20,256,devtest,jpn_Jpan,ind_Latn,0.17700804869812342,-0.30676755923430077
20,256,devtest,tur_Latn,eng_Latn,0.08188467559559752,-0.3303787153566971
20,256,devtest,tur_Latn,deu_Latn,0.1197400091448446,-0.36499339586438356
20,256,devtest,tur_Latn,fra_Latn,0.1176560691664344,-0.3707028264466598
20,256,devtest,tur_Latn,spa_Latn,0.11849837711576998,-0.4012076408952606
20,256,devtest,tur_Latn,rus_Cyrl,0.045365456586920455,-0.4060983526139375
20,256,devtest,tur_Latn,hin_Deva,0.19965222138156125,-0.2605644991550465
20,256,devtest,tur_Latn,arb_Arab,0.12789901618562147,-0.36760484320902803
20,256,devtest,tur_Latn,zho_Hans,0.18240367519128708,-0.4044491195588443
20,256,devtest,tur_Latn,jpn_Jpan,0.04506329222334332,-0.4094058559827432
20,256,devtest,tur_Latn,vie_Latn,0.0001551090890803045,-0.3686679095174576
20,256,devtest,tur_Latn,ind_Latn,0.07930819337647409,-0.35996057627211053
20,256,devtest,vie_Latn,eng_Latn,0.13460773392664938,-0.28351686824985456
20,256,devtest,vie_Latn,deu_Latn,0.0932969272773037,-0.32532974234050244
20,256,devtest,vie_Latn,fra_Latn,0.11576257499526968,-0.30798136270260185
20,256,devtest,vie_Latn,spa_Latn,0.08491111131560916,-0.3204740772750365
20,256,devtest,vie_Latn,rus_Cyrl,0.0493793298208343,-0.3647772254125652
20,256,devtest,vie_Latn,hin_Deva,0.22154696083126518,-0.14207197844239863
20,256,devtest,vie_Latn,arb_Arab,0.13690419840256876,-0.2824197431817523
20,256,devtest,vie_Latn,zho_Hans,0.1905127295575355,-0.3643323994681481
20,256,devtest,vie_Latn,jpn_Jpan,0.03055588583767539,-0.3731367320895944
20,256,devtest,vie_Latn,tur_Latn,0.07254925858995687,-0.2977448311255063
20,256,devtest,vie_Latn,ind_Latn,0.20051331938550976,-0.24342738479737752
20,256,devtest,ind_Latn,eng_Latn,0.1371440185562958,-0.25491774703308584
20,256,devtest,ind_Latn,deu_Latn,0.1632022582997495,-0.31255832899922925
20,256,devtest,ind_Latn,fra_Latn,0.10774495520667773,-0.29762063178665915
20,256,devtest,ind_Latn,spa_Latn,0.1139749981348156,-0.33107813742033365
20,256,devtest,ind_Latn,rus_Cyrl,0.029650972989789998,-0.35267247078720276
20,256,devtest,ind_Latn,hin_Deva,0.16110172976057102,-0.13566145636848287
20,256,devtest,ind_Latn,arb_Arab,0.1322721786493437,-0.28180060067605933
20,256,devtest,ind_Latn,zho_Hans,0.18280940147213925,-0.35654521024023383
20,256,devtest,ind_Latn,jpn_Jpan,0.0920412104622499,-0.35028811565997203
20,256,devtest,ind_Latn,tur_Latn,0.11918282575360181,-0.31184627768160356
20,256,devtest,ind_Latn,vie_Latn,0.13304258262570412,-0.2572155786218494
21,64,devtest,eng_Latn,deu_Latn,0.30863553091488605,-0.1389281674120429
21,64,devtest,eng_Latn,fra_Latn,0.2651890238655119,-0.13169908975739894
21,64,devtest,eng_Latn,spa_Latn,0.18913339455502648,-0.1596081001275905
21,64,devtest,eng_Latn,rus_Cyrl,0.1989264070673541,-0.13092913960312907
21,64,devtest,eng_Latn,hin_Deva,0.2841987034033109,0.04619834962639047
21,64,devtest,eng_Latn,arb_Arab,0.2521996575173425,-0.10159039131000527
21,64,devtest,eng_Latn,zho_Hans,0.028371388350495044,-0.2482464668610863
21,64,devtest,eng_Latn,jpn_Jpan,0.05872215865466089,-0.22348171775839276
21,64,devtest,eng_Latn,tur_Latn,0.237849184273291,-0.15840318149187868
21,64,devtest,eng_Latn,vie_Latn,0.2572541635718414,-0.15595578854889924
21,64,devtest,eng_Latn,ind_Latn,0.30761116877510675,-0.11744062373652829
21,64,devtest,deu_Latn,eng_Latn,0.16497457920273992,-0.2491618279204391
21,64,devtest,deu_Latn,fra_Latn,0.13613476086296117,-0.27051299433043374
21,64,devtest,deu_Latn,spa_Latn,0.1427946700651978,-0.31942016223958414
21,64,devtest,deu_Latn,rus_Cyrl,0.05747581792860504,-0.3540926558769781
21,64,devtest,deu_Latn,hin_Deva,0.2203008221535042,-0.17263278280454078
21,64,devtest,deu_Latn,arb_Arab,0.08976331057240418,-0.3003851352420457
21,64,devtest,deu_Latn,zho_Hans,0.1607149483812391,-0.3391839533004049
21,64,devtest,deu_Latn,jpn_Jpan,0.04628071220161286,-0.30958239805315896
21,64,devtest,deu_Latn,tur_Latn,0.14988789594508223,-0.29692177944133413
21,64,devtest,deu_Latn,vie_Latn,0.02832856255470941,-0.3075840139728664
21,64,devtest,deu_Latn,ind_Latn,0.15955511755310917,-0.2905819298067953
21,64,devtest,fra_Latn,eng_Latn,0.15024661502601183,-0.21074835138114045
21,64,devtest,fra_Latn,deu_Latn,0.13675013959443222,-0.24555175288804906
21,64,devtest,fra_Latn,spa_Latn,0.13768612438197464,-0.2790035351976182
21,64,devtest,fra_Latn,rus_Cyrl,0.10374781713269293,-0.3201587129160446
21,64,devtest,fra_Latn,hin_Deva,0.15544562411693197,-0.1313045396441938
21,64,devtest,fra_Latn,arb_Arab,0.10979404191014124,-0.2775587415012686
21,64,devtest,fra_Latn,zho_Hans,0.1386111756417176,-0.36869107848487903
21,64,devtest,fra_Latn,jpn_Jpan,0.07635344028035507,-0.3782320435366724
21,64,devtest,fra_Latn,tur_Latn,0.11649459330771507,-0.283776364827161
21,64,devtest,fra_Latn,vie_Latn,0.06442077748866686,-0.26957537523169145
21,64,devtest,fra_Latn,ind_Latn,0.12194946046298807,-0.23870214440269036
21,64,devtest,spa_Latn,eng_Latn,0.0783744619420889,-0.23510631892895292
21,64,devtest,spa_Latn,deu_Latn,0.11592611715819615,-0.28514707580891896
21,64,devtest,spa_Latn,fra_Latn,0.14443646277528363,-0.2740565568786135
21,64,devtest,spa_Latn,rus_Cyrl,0.06316480167501495,-0.32380911801914886
21,64,devtest,spa_Latn,hin_Deva,0.19083623341682326,-0.1185584073265892
21,64,devtest,spa_Latn,arb_Arab,0.149843468621329,-0.23701854811652243
21,64,devtest,spa_Latn,zho_Hans,0.1369003329276871,-0.36274893863470675
21,64,devtest,spa_Latn,jpn_Jpan,-0.007014227467746624,-0.3245328937693807
21,64,devtest,spa_Latn,tur_Latn,0.12159277767634945,-0.28970806789132497
21,64,devtest,spa_Latn,vie_Latn,0.03332599411041319,-0.26817282978864476
21,64,devtest,spa_Latn,ind_Latn,0.07163022581965711,-0.2648287533665996
21,64,devtest,rus_Cyrl,eng_Latn,0.032774588778745145,-0.24866623044864136
21,64,devtest,rus_Cyrl,deu_Latn,-0.00644272964061327,-0.34052449392042855
21,64,devtest,rus_Cyrl,fra_Latn,0.04614052708622208,-0.34908451808134505
21,64,devtest,rus_Cyrl,spa_Latn,0.004043765972115558,-0.35099649044370773
21,64,devtest,rus_Cyrl,hin_Deva,0.23332159254920704,-0.15817936186801612
21,64,devtest,rus_Cyrl,arb_Arab,0.02649934973888055,-0.3237521735650808
21,64,devtest,rus_Cyrl,zho_Hans,0.14046502679581732,-0.39265255133734683
21,64,devtest,rus_Cyrl,jpn_Jpan,0.012677002586244702,-0.3347706153875856
21,64,devtest,rus_Cyrl,tur_Latn,-0.013196606480467528,-0.32573979685974885
21,64,devtest,rus_Cyrl,vie_Latn,-0.07364389920238397,-0.3053497067338826
21,64,devtest,rus_Cyrl,ind_Latn,-0.0696949758119956,-0.32018237383995474
21,64,devtest,hin_Deva,eng_Latn,0.14440003299695048,-0.16428091634373335
21,64,devtest,hin_Deva,deu_Latn,0.10065629755960677,-0.29906763121476465
21,64,devtest,hin_Deva,fra_Latn,0.06090459721443773,-0.28837393294506164
21,64,devtest,hin_Deva,spa_Latn,0.06972996204602769,-0.285193525130353
21,64,devtest,hin_Deva,rus_Cyrl,0.1366629692148082,-0.2988961019032119
21,64,devtest,hin_Deva,arb_Arab,0.062292039367186004,-0.31194083510465076
21,64,devtest,hin_Deva,zho_Hans,0.20403141647249834,-0.25164600979966995
21,64,devtest,hin_Deva,jpn_Jpan,0.16520826448600548,-0.23362873571899154
21,64,devtest,hin_Deva,tur_Latn,0.04678720231962886,-0.3453415277391301
21,64,devtest,hin_Deva,vie_Latn,0.06720913225588053,-0.2942147102988708
21,64,devtest,hin_Deva,ind_Latn,0.029173128984986575,-0.2536600940110562
21,64,devtest,arb_Arab,eng_Latn,0.11293749932375848,-0.23198842810166667
21,64,devtest,arb_Arab,deu_Latn,0.062048359303895385,-0.31982870578719286
21,64,devtest,arb_Arab,fra_Latn,0.08167943293582916,-0.3260329596315395
21,64,devtest,arb_Arab,spa_Latn,0.11964850881000409,-0.2951062261864526
21,64,devtest,arb_Arab,rus_Cyrl,0.08364967292081396,-0.35076604843624803
21,64,devtest,arb_Arab,hin_Deva,0.18732098316945192,-0.20278978934412906
21,64,devtest,arb_Arab,zho_Hans,0.2122518536874349,-0.38309359344367794
21,64,devtest,arb_Arab,jpn_Jpan,0.0868078108370259,-0.36363979221586
21,64,devtest,arb_Arab,tur_Latn,0.077853380151822,-0.3399229798238456
21,64,devtest,arb_Arab,vie_Latn,0.039239384369330645,-0.2972347194763801
21,64,devtest,arb_Arab,ind_Latn,0.03354296111784026,-0.29253111851722163
21,64,devtest,zho_Hans,eng_Latn,0.08723481093215928,-0.3300529679363668
21,64,devtest,zho_Hans,deu_Latn,0.32998213265240006,-0.30343590512449065
21,64,devtest,zho_Hans,fra_Latn,0.28885418310368244,-0.3653727453991723
21,64,devtest,zho_Hans,spa_Latn,0.30512920601464366,-0.35255114047638736
21,64,devtest,zho_Hans,rus_Cyrl,0.28403230873347496,-0.3488969092884135
21,64,devtest,zho_Hans,hin_Deva,0.3303082434805645,-0.10540192199937458
21,64,devtest,zho_Hans,arb_Arab,0.345761182278235,-0.3106705577372091
21,64,devtest,zho_Hans,jpn_Jpan,0.2240217615877521,-0.3772444209573214
21,64,devtest,zho_Hans,tur_Latn,0.3499156879981199,-0.3020936071679282
21,64,devtest,zho_Hans,vie_Latn,0.3397270687276433,-0.31728879396298315
21,64,devtest,zho_Hans,ind_Latn,0.3562641895346025,-0.30517936299320303
21,64,devtest,jpn_Jpan,eng_Latn,-0.06881043583700526,-0.2797105696492342
21,64,devtest,jpn_Jpan,deu_Latn,0.13539936794462487,-0.2502693009007875
21,64,devtest,jpn_Jpan,fra_Latn,0.1635427983186098,-0.3394374119473059
21,64,devtest,jpn_Jpan,spa_Latn,0.07047313080430431,-0.2983037744105125
21,64,devtest,jpn_Jpan,rus_Cyrl,0.10452987886003377,-0.28625766806223807
21,64,devtest,jpn_Jpan,hin_Deva,0.30632240746268236,-0.05692764734608021
21,64,devtest,jpn_Jpan,arb_Arab,0.2174770324067584,-0.27120849483077736
21,64,devtest,jpn_Jpan,zho_Hans,0.10377361842437191,-0.3552580887374715
21,64,devtest,jpn_Jpan,tur_Latn,0.17783715245713472,-0.27012161094697684
21,64,devtest,jpn_Jpan,vie_Latn,0.05624713577999897,-0.30798205377663357
21,64,devtest,jpn_Jpan,ind_Latn,0.17662740847679667,-0.26748862858154854
21,64,devtest,tur_Latn,eng_Latn,0.10106790781209347,-0.3007903711586173
21,64,devtest,tur_Latn,deu_Latn,0.11829826668981969,-0.3254022985010611
21,64,devtest,tur_Latn,fra_Latn,0.12292969285823158,-0.3377403522453552
21,64,devtest,tur_Latn,spa_Latn,0.11511856044443551,-0.36609300113487503
21,64,devtest,tur_Latn,rus_Cyrl,0.04482000949641554,-0.3675208824760962
21,64,devtest,tur_Latn,hin_Deva,0.1612547341061433,-0.23636754672481136
21,64,devtest,tur_Latn,arb_Arab,0.1182746754883601,-0.34211234615367897
21,64,devtest,tur_Latn,zho_Hans,0.20103169908977644,-0.3712565103339819
21,64,devtest,tur_Latn,jpn_Jpan,0.06687747884069493,-0.3669732548219846
21,64,devtest,tur_Latn,vie_Latn,0.02462339275619377,-0.3276306718317809
21,64,devtest,tur_Latn,ind_Latn,0.07194420220283879,-0.31616574195448793
21,64,devtest,vie_Latn,eng_Latn,0.14794974981819783,-0.23470370906152413
21,64,devtest,vie_Latn,deu_Latn,0.08298023551199096,-0.29371716177767027
21,64,devtest,vie_Latn,fra_Latn,0.12204467545684637,-0.27513889483884857
21,64,devtest,vie_Latn,spa_Latn,0.0961655119805023,-0.2814567563630685
21,64,devtest,vie_Latn,rus_Cyrl,0.02948883391087546,-0.2980031760498358
21,64,devtest,vie_Latn,hin_Deva,0.18510026496247883,-0.14681517493553595
21,64,devtest,vie_Latn,arb_Arab,0.11567455964518299,-0.25502716293749617
21,64,devtest,vie_Latn,zho_Hans,0.21213415153692108,-0.32860648611449234
21,64,devtest,vie_Latn,jpn_Jpan,0.04690232024755958,-0.3619467947239434
21,64,devtest,vie_Latn,tur_Latn,0.0706747492401861,-0.2835287352826114
21,64,devtest,vie_Latn,ind_Latn,0.20436528241241667,-0.19482907530583762
21,64,devtest,ind_Latn,eng_Latn,0.1654751164211955,-0.19628789692431253
21,64,devtest,ind_Latn,deu_Latn,0.17315799588632785,-0.28179502932595496
21,64,devtest,ind_Latn,fra_Latn,0.12423130499959242,-0.2480410981593254
21,64,devtest,ind_Latn,spa_Latn,0.09702195101384845,-0.28165789647153167
21,64,devtest,ind_Latn,rus_Cyrl,0.013661238955426709,-0.31474578315135887
21,64,devtest,ind_Latn,hin_Deva,0.12663489072230422,-0.14068555765473623
21,64,devtest,ind_Latn,arb_Arab,0.09054036410541978,-0.25507462174943846
21,64,devtest,ind_Latn,zho_Hans,0.2007319077045281,-0.31533819704886523
21,64,devtest,ind_Latn,jpn_Jpan,0.11044452571654227,-0.3110217194478842
21,64,devtest,ind_Latn,tur_Latn,0.11291090297047082,-0.2860407951657152
21,64,devtest,ind_Latn,vie_Latn,0.15514657700239556,-0.2008049431470767
21,128,devtest,eng_Latn,deu_Latn,0.3207349246215742,-0.15431720114757358
21,128,devtest,eng_Latn,fra_Latn,0.2749572575997411,-0.15020360402871505
21,128,devtest,eng_Latn,spa_Latn,0.1831683498754486,-0.20142707536668522
21,128,devtest,eng_Latn,rus_Cyrl,0.21682088193787455,-0.15342232399628886
21,128,devtest,eng_Latn,hin_Deva,0.30998583406505154,0.05299926907700069
21,128,devtest,eng_Latn,arb_Arab,0.24637690663492876,-0.11578728080064166
21,128,devtest,eng_Latn,zho_Hans,0.03789413662676117,-0.2806405536721116
21,128,devtest,eng_Latn,jpn_Jpan,0.06290599312127432,-0.24744115464776584
21,128,devtest,eng_Latn,tur_Latn,0.24484963768403908,-0.1592042688316887
21,128,devtest,eng_Latn,vie_Latn,0.2714175006513945,-0.17569554745747476
21,128,devtest,eng_Latn,ind_Latn,0.3090968506648546,-0.1433298477339657
21,128,devtest,deu_Latn,eng_Latn,0.1590073132570321,-0.2822332866549781
21,128,devtest,deu_Latn,fra_Latn,0.12319785577889224,-0.32546521471975615
21,128,devtest,deu_Latn,spa_Latn,0.1495636288589637,-0.3720420804633629
21,128,devtest,deu_Latn,rus_Cyrl,0.06434654988237772,-0.3894920475231609
21,128,devtest,deu_Latn,hin_Deva,0.23453572636841125,-0.19223326181061862
21,128,devtest,deu_Latn,arb_Arab,0.09528882886354695,-0.341664338223803
21,128,devtest,deu_Latn,zho_Hans,0.15939644225722904,-0.38815383416696897
21,128,devtest,deu_Latn,jpn_Jpan,0.05777294604365597,-0.3727991678117742
21,128,devtest,deu_Latn,tur_Latn,0.15744587021018516,-0.3319828479610628
21,128,devtest,deu_Latn,vie_Latn,0.018464020251045737,-0.34392181191221055
21,128,devtest,deu_Latn,ind_Latn,0.15501102662217892,-0.32125921290728954
21,128,devtest,fra_Latn,eng_Latn,0.13432406445398032,-0.2445192501566582
21,128,devtest,fra_Latn,deu_Latn,0.12815803937907258,-0.2980890904529512
21,128,devtest,fra_Latn,spa_Latn,0.13729410223214575,-0.33640228371483355
21,128,devtest,fra_Latn,rus_Cyrl,0.10215982781604038,-0.3565804792401137
21,128,devtest,fra_Latn,hin_Deva,0.17695536682631188,-0.1496869056481211
21,128,devtest,fra_Latn,arb_Arab,0.11639200605949765,-0.29765738054173324
21,128,devtest,fra_Latn,zho_Hans,0.13948536436611864,-0.4022038885658114
21,128,devtest,fra_Latn,jpn_Jpan,0.05905633277333466,-0.39833967540109727
21,128,devtest,fra_Latn,tur_Latn,0.11568068071735696,-0.29501316364995617
21,128,devtest,fra_Latn,vie_Latn,0.049035857814142686,-0.29818951354048834
21,128,devtest,fra_Latn,ind_Latn,0.10226600727634391,-0.27167128412985514
21,128,devtest,spa_Latn,eng_Latn,0.05414080794802291,-0.2984850957916258
21,128,devtest,spa_Latn,deu_Latn,0.12322421894626137,-0.3361660640826845
21,128,devtest,spa_Latn,fra_Latn,0.14971953216151426,-0.331539445202667
21,128,devtest,spa_Latn,rus_Cyrl,0.07377565729484227,-0.3636885289571569
21,128,devtest,spa_Latn,hin_Deva,0.2006560934475129,-0.1350504489246137
21,128,devtest,spa_Latn,arb_Arab,0.1579966961009221,-0.2775231131638466
21,128,devtest,spa_Latn,zho_Hans,0.13103995862331774,-0.3932355120524077
21,128,devtest,spa_Latn,jpn_Jpan,-0.021992507191949534,-0.36994328948656435
21,128,devtest,spa_Latn,tur_Latn,0.1455008568922718,-0.30810439834496217
21,128,devtest,spa_Latn,vie_Latn,0.018427810376276766,-0.298413494370206
21,128,devtest,spa_Latn,ind_Latn,0.08708849054381847,-0.29865297396455986
21,128,devtest,rus_Cyrl,eng_Latn,0.019047976565016472,-0.293173213599242
21,128,devtest,rus_Cyrl,deu_Latn,-0.012357118687204039,-0.37397517882710296
21,128,devtest,rus_Cyrl,fra_Latn,0.030559726844760444,-0.3882386884729732
21,128,devtest,rus_Cyrl,spa_Latn,0.006518824486987866,-0.3981255396739202
21,128,devtest,rus_Cyrl,hin_Deva,0.262853623248417,-0.1705906440653194
21,128,devtest,rus_Cyrl,arb_Arab,0.02839748371000176,-0.3474708015964355
21,128,devtest,rus_Cyrl,zho_Hans,0.13897591723375208,-0.4374272018799144
21,128,devtest,rus_Cyrl,jpn_Jpan,0.006759127498467956,-0.3987890689847461
21,128,devtest,rus_Cyrl,tur_Latn,-0.02621275777003087,-0.353341579202825
21,128,devtest,rus_Cyrl,vie_Latn,-0.09208694163803509,-0.36534181185934556
21,128,devtest,rus_Cyrl,ind_Latn,-0.070075802173894,-0.359432532869419
21,128,devtest,hin_Deva,eng_Latn,0.14830106540625373,-0.18755238526917187
21,128,devtest,hin_Deva,deu_Latn,0.09660063152050226,-0.3334701743937068
21,128,devtest,hin_Deva,fra_Latn,0.06889502254478044,-0.3263920550612043
21,128,devtest,hin_Deva,spa_Latn,0.05700225982540427,-0.3266773162810637
21,128,devtest,hin_Deva,rus_Cyrl,0.14771609360649718,-0.32813526980719177
21,128,devtest,hin_Deva,arb_Arab,0.06882966571694553,-0.3309035883883223
21,128,devtest,hin_Deva,zho_Hans,0.21264190890545506,-0.26428050830845545
21,128,devtest,hin_Deva,jpn_Jpan,0.16901260037523383,-0.26593956639586325
21,128,devtest,hin_Deva,tur_Latn,0.05257878102271302,-0.3683531666759338
21,128,devtest,hin_Deva,vie_Latn,0.06553676442159967,-0.31444911711398926
21,128,devtest,hin_Deva,ind_Latn,0.032959938642891075,-0.2782140266265238
21,128,devtest,arb_Arab,eng_Latn,0.08170966081056691,-0.27854378630398796
21,128,devtest,arb_Arab,deu_Latn,0.06459526056754349,-0.36827274701101725
21,128,devtest,arb_Arab,fra_Latn,0.07519771426116861,-0.35403190048501615
21,128,devtest,arb_Arab,spa_Latn,0.11966469446307057,-0.35003846637082975
21,128,devtest,arb_Arab,rus_Cyrl,0.09721726644656654,-0.37633625602832127
21,128,devtest,arb_Arab,hin_Deva,0.21576369136154883,-0.2140072405581116
21,128,devtest,arb_Arab,zho_Hans,0.19833397153995516,-0.38898594572406114
21,128,devtest,arb_Arab,jpn_Jpan,0.07121324983292789,-0.38681668011905546
21,128,devtest,arb_Arab,tur_Latn,0.08025302878924967,-0.3642294265856363
21,128,devtest,arb_Arab,vie_Latn,0.04117111415230981,-0.3393602547962829
21,128,devtest,arb_Arab,ind_Latn,0.0482214511823666,-0.3290331834446254
21,128,devtest,zho_Hans,eng_Latn,0.10404044396799837,-0.3703151150351342
21,128,devtest,zho_Hans,deu_Latn,0.36133709855912827,-0.3351329414098711
21,128,devtest,zho_Hans,fra_Latn,0.31620113786620324,-0.38909974231070127
21,128,devtest,zho_Hans,spa_Latn,0.33213881663601946,-0.37685366051205527
21,128,devtest,zho_Hans,rus_Cyrl,0.31523207100378425,-0.37954672510513054
21,128,devtest,zho_Hans,hin_Deva,0.3676908754127806,-0.09810496160645495
21,128,devtest,zho_Hans,arb_Arab,0.36075283171037176,-0.3071322631121042
21,128,devtest,zho_Hans,jpn_Jpan,0.25231276531601404,-0.3929869374478541
21,128,devtest,zho_Hans,tur_Latn,0.37343365501119796,-0.3116651853332965
21,128,devtest,zho_Hans,vie_Latn,0.3650850536728099,-0.3354646132355816
21,128,devtest,zho_Hans,ind_Latn,0.3824253497233731,-0.33089531986509835
21,128,devtest,jpn_Jpan,eng_Latn,-0.0888618967386867,-0.3168860278322162
21,128,devtest,jpn_Jpan,deu_Latn,0.15767698669706814,-0.29663214711856317
21,128,devtest,jpn_Jpan,fra_Latn,0.1618866938821,-0.3557386472922367
21,128,devtest,jpn_Jpan,spa_Latn,0.06647579155128638,-0.33983217222877954
21,128,devtest,jpn_Jpan,rus_Cyrl,0.12031195771058292,-0.3355454640095994
21,128,devtest,jpn_Jpan,hin_Deva,0.33280956486754604,-0.06269170718776026
21,128,devtest,jpn_Jpan,arb_Arab,0.22053246366824292,-0.28313321039316236
21,128,devtest,jpn_Jpan,zho_Hans,0.10703162734124609,-0.3689807128883038
21,128,devtest,jpn_Jpan,tur_Latn,0.18780483691263788,-0.2865247620020358
21,128,devtest,jpn_Jpan,vie_Latn,0.06358210332106787,-0.32591675439612416
21,128,devtest,jpn_Jpan,ind_Latn,0.1863511170014376,-0.2933808692380451
21,128,devtest,tur_Latn,eng_Latn,0.09021709560915686,-0.3264875269915812
21,128,devtest,tur_Latn,deu_Latn,0.11765877056153799,-0.36479373895751854
21,128,devtest,tur_Latn,fra_Latn,0.1220498735780443,-0.36065847923244554
21,128,devtest,tur_Latn,spa_Latn,0.12423350503614033,-0.39108465840447526
21,128,devtest,tur_Latn,rus_Cyrl,0.031058538321648014,-0.3982847697140149
21,128,devtest,tur_Latn,hin_Deva,0.18910003544961973,-0.24983978706628507
21,128,devtest,tur_Latn,arb_Arab,0.12082616676392822,-0.3690101769271298
21,128,devtest,tur_Latn,zho_Hans,0.19124209243166895,-0.3928815606880108
21,128,devtest,tur_Latn,jpn_Jpan,0.0554928916312209,-0.39659987925404677
21,128,devtest,tur_Latn,vie_Latn,-0.0025200262396254704,-0.3539106112068894
21,128,devtest,tur_Latn,ind_Latn,0.0873158283467258,-0.34790879586446183
21,128,devtest,vie_Latn,eng_Latn,0.13840196699211152,-0.2743499859970841
21,128,devtest,vie_Latn,deu_Latn,0.08641802694160892,-0.33106556926270714
21,128,devtest,vie_Latn,fra_Latn,0.1185420136929927,-0.303206503767116
21,128,devtest,vie_Latn,spa_Latn,0.09128510209215315,-0.3146477834783483
21,128,devtest,vie_Latn,rus_Cyrl,0.030126962046788212,-0.3492838869707524
21,128,devtest,vie_Latn,hin_Deva,0.20185282524326612,-0.15665479860075684
21,128,devtest,vie_Latn,arb_Arab,0.1359062078740139,-0.2851484149282851
21,128,devtest,vie_Latn,zho_Hans,0.20403436797932148,-0.3549656338511674
21,128,devtest,vie_Latn,jpn_Jpan,0.04769982337271298,-0.38377714088333736
21,128,devtest,vie_Latn,tur_Latn,0.06268893830689323,-0.3023741417550784
21,128,devtest,vie_Latn,ind_Latn,0.19770582451297122,-0.2385432553621797
21,128,devtest,ind_Latn,eng_Latn,0.1518702484784283,-0.2413055637825712
21,128,devtest,ind_Latn,deu_Latn,0.16846159090233137,-0.31488926562046765
21,128,devtest,ind_Latn,fra_Latn,0.10729328676395956,-0.2839911206460497
21,128,devtest,ind_Latn,spa_Latn,0.11407130683749622,-0.3182525225516097
21,128,devtest,ind_Latn,rus_Cyrl,0.025765402412499604,-0.34778516944550925
21,128,devtest,ind_Latn,hin_Deva,0.14961253255097948,-0.14952242335967952
21,128,devtest,ind_Latn,arb_Arab,0.11684775833023542,-0.282812765991588
21,128,devtest,ind_Latn,zho_Hans,0.20238482390918539,-0.35569470427298294
21,128,devtest,ind_Latn,jpn_Jpan,0.11021944273899589,-0.351871785789509
21,128,devtest,ind_Latn,tur_Latn,0.12790013871708047,-0.3166180118396399
21,128,devtest,ind_Latn,vie_Latn,0.13459286200144485,-0.24985219190445837
21,256,devtest,eng_Latn,deu_Latn,0.3356867166184072,-0.16649698664931314
21,256,devtest,eng_Latn,fra_Latn,0.28400675468016007,-0.1759063147811943
21,256,devtest,eng_Latn,spa_Latn,0.20478881743665683,-0.23771425056269588
21,256,devtest,eng_Latn,rus_Cyrl,0.22305780741020909,-0.18320063298049846
21,256,devtest,eng_Latn,hin_Deva,0.3341499317445136,0.053611651016417565
21,256,devtest,eng_Latn,arb_Arab,0.26894067495081353,-0.13263832271748496
21,256,devtest,eng_Latn,zho_Hans,0.033219551078056846,-0.30149281952371837
21,256,devtest,eng_Latn,jpn_Jpan,0.07350365218176959,-0.27198241755498687
21,256,devtest,eng_Latn,tur_Latn,0.26061146343924135,-0.15982315401932168
21,256,devtest,eng_Latn,vie_Latn,0.2865118197042063,-0.1927186415696152
21,256,devtest,eng_Latn,ind_Latn,0.3205837132859383,-0.1676171728447731
21,256,devtest,deu_Latn,eng_Latn,0.14358766499937664,-0.32048045150161736
21,256,devtest,deu_Latn,fra_Latn,0.12464775969823762,-0.35104739501331994
21,256,devtest,deu_Latn,spa_Latn,0.1509420212015309,-0.3979346259253635
21,256,devtest,deu_Latn,rus_Cyrl,0.05571959985289485,-0.4219028451515624
21,256,devtest,deu_Latn,hin_Deva,0.2550812158262581,-0.2037426790487966
21,256,devtest,deu_Latn,arb_Arab,0.09948744950107385,-0.37062096497137154
21,256,devtest,deu_Latn,zho_Hans,0.16000044518336304,-0.4207605209065369
21,256,devtest,deu_Latn,jpn_Jpan,0.053983628091521185,-0.3976651217835286
21,256,devtest,deu_Latn,tur_Latn,0.16031745673687592,-0.34723372120818713
21,256,devtest,deu_Latn,vie_Latn,0.01881258107604472,-0.36323072668837736
21,256,devtest,deu_Latn,ind_Latn,0.14697848662101645,-0.35291527923011734
21,256,devtest,fra_Latn,eng_Latn,0.12299158896044368,-0.28439447716736616
21,256,devtest,fra_Latn,deu_Latn,0.12907022084662473,-0.3146335762200917
21,256,devtest,fra_Latn,spa_Latn,0.13893966419145046,-0.3631697772079316
21,256,devtest,fra_Latn,rus_Cyrl,0.10291535542946827,-0.38199257812214776
21,256,devtest,fra_Latn,hin_Deva,0.2023088823351821,-0.15462343801164724
21,256,devtest,fra_Latn,arb_Arab,0.12548241028628554,-0.31709305986438807
21,256,devtest,fra_Latn,zho_Hans,0.14735461441570566,-0.4316223686914604
21,256,devtest,fra_Latn,jpn_Jpan,0.04555115411835925,-0.41920073823367665
21,256,devtest,fra_Latn,tur_Latn,0.10900334238189162,-0.3097970150587322
21,256,devtest,fra_Latn,vie_Latn,0.03380073320666302,-0.32171141461412206
21,256,devtest,fra_Latn,ind_Latn,0.103003328245189,-0.3051245218942549
21,256,devtest,spa_Latn,eng_Latn,0.05997064289491568,-0.3446572105946013
21,256,devtest,spa_Latn,deu_Latn,0.1277300896233521,-0.35881425519518223
21,256,devtest,spa_Latn,fra_Latn,0.15378719044346553,-0.3593986024649777
21,256,devtest,spa_Latn,rus_Cyrl,0.06541715268504279,-0.4023339815746714
21,256,devtest,spa_Latn,hin_Deva,0.22255557677717194,-0.1469365580915579
21,256,devtest,spa_Latn,arb_Arab,0.15583423963380885,-0.3051003543104259
21,256,devtest,spa_Latn,zho_Hans,0.13922639132214612,-0.4395664794535978
21,256,devtest,spa_Latn,jpn_Jpan,-0.023433608287005834,-0.39661463157665966
21,256,devtest,spa_Latn,tur_Latn,0.14356764389761711,-0.3227941301468225
21,256,devtest,spa_Latn,vie_Latn,0.015831495604348433,-0.3241362531645852
21,256,devtest,spa_Latn,ind_Latn,0.08883014143075874,-0.33810741359888735
21,256,devtest,rus_Cyrl,eng_Latn,0.0034705514162790196,-0.3467986388771827
21,256,devtest,rus_Cyrl,deu_Latn,-0.032792305570441854,-0.4012932052640644
21,256,devtest,rus_Cyrl,fra_Latn,0.013433853413342314,-0.4182307252255059
21,256,devtest,rus_Cyrl,spa_Latn,-0.015520656159313908,-0.44394237343975845
21,256,devtest,rus_Cyrl,hin_Deva,0.29237888069612916,-0.19263005140032827
21,256,devtest,rus_Cyrl,arb_Arab,0.02775021691674555,-0.3714277536571199
21,256,devtest,rus_Cyrl,zho_Hans,0.13808497100526004,-0.4681218988588797
21,256,devtest,rus_Cyrl,jpn_Jpan,-0.013808732117673668,-0.4289843704602227
21,256,devtest,rus_Cyrl,tur_Latn,-0.03537872937996273,-0.3797195924868127
21,256,devtest,rus_Cyrl,vie_Latn,-0.10598798427812665,-0.3968186511413777
21,256,devtest,rus_Cyrl,ind_Latn,-0.09054271083268967,-0.39456276995434475
21,256,devtest,hin_Deva,eng_Latn,0.14531796554284926,-0.20835358352493835
21,256,devtest,hin_Deva,deu_Latn,0.09510107163082859,-0.35004981887623476
21,256,devtest,hin_Deva,fra_Latn,0.07175144319286283,-0.3442611253266637
21,256,devtest,hin_Deva,spa_Latn,0.054153571256572115,-0.35422185778544835
21,256,devtest,hin_Deva,rus_Cyrl,0.1542630721914549,-0.3560369363072135
21,256,devtest,hin_Deva,arb_Arab,0.05898956534336005,-0.35297775804762976
21,256,devtest,hin_Deva,zho_Hans,0.21745542887389918,-0.2841326601003469
21,256,devtest,hin_Deva,jpn_Jpan,0.16522303831369756,-0.279423257645698
21,256,devtest,hin_Deva,tur_Latn,0.05036960936411304,-0.3903122099480048
21,256,devtest,hin_Deva,vie_Latn,0.07128408482740523,-0.33231910434421064
21,256,devtest,hin_Deva,ind_Latn,0.023234298348453027,-0.3067713916961105
21,256,devtest,arb_Arab,eng_Latn,0.0829907688212402,-0.3161039761587554
21,256,devtest,arb_Arab,deu_Latn,0.06023960185179734,-0.3973253869308434
21,256,devtest,arb_Arab,fra_Latn,0.08126994525335011,-0.3835951391115597
21,256,devtest,arb_Arab,spa_Latn,0.11201533763677639,-0.3834089114326277
21,256,devtest,arb_Arab,rus_Cyrl,0.10528361934039625,-0.4027787948462993
21,256,devtest,arb_Arab,hin_Deva,0.236009263536862,-0.22648390160307016
21,256,devtest,arb_Arab,zho_Hans,0.19786072404065988,-0.418978886413627
21,256,devtest,arb_Arab,jpn_Jpan,0.05501056912706876,-0.4137321475871711
21,256,devtest,arb_Arab,tur_Latn,0.07251018899671094,-0.37726898029898265
21,256,devtest,arb_Arab,vie_Latn,0.025085143624240174,-0.3649934344450578
21,256,devtest,arb_Arab,ind_Latn,0.04792062420081992,-0.3686056421823335
21,256,devtest,zho_Hans,eng_Latn,0.10022594867977577,-0.40508062160910624
21,256,devtest,zho_Hans,deu_Latn,0.3973085755830088,-0.35518389747738854
21,256,devtest,zho_Hans,fra_Latn,0.3506352731516813,-0.41376213182724353
21,256,devtest,zho_Hans,spa_Latn,0.3683975126804303,-0.41708381968900327
21,256,devtest,zho_Hans,rus_Cyrl,0.34000762437496057,-0.4003470074360472
21,256,devtest,zho_Hans,hin_Deva,0.40098711327685105,-0.1042180814578231
21,256,devtest,zho_Hans,arb_Arab,0.3875042574327212,-0.324900617297955
21,256,devtest,zho_Hans,jpn_Jpan,0.2763146372898175,-0.40933508409512015
21,256,devtest,zho_Hans,tur_Latn,0.396974600215118,-0.32605741244869363
21,256,devtest,zho_Hans,vie_Latn,0.3951074045411381,-0.35928433211643607
21,256,devtest,zho_Hans,ind_Latn,0.40794742028525344,-0.3587253525258262
21,256,devtest,jpn_Jpan,eng_Latn,-0.09833194892005531,-0.35524955377287176
21,256,devtest,jpn_Jpan,deu_Latn,0.170239426029903,-0.3148806964115343
21,256,devtest,jpn_Jpan,fra_Latn,0.1645376825996179,-0.3753786674855184
21,256,devtest,jpn_Jpan,spa_Latn,0.07270276808938647,-0.3684567467347398
21,256,devtest,jpn_Jpan,rus_Cyrl,0.12787723832188236,-0.36210626854476513
21,256,devtest,jpn_Jpan,hin_Deva,0.3532634603886707,-0.07145843898617728
21,256,devtest,jpn_Jpan,arb_Arab,0.22059867841937147,-0.30337093417922145
21,256,devtest,jpn_Jpan,zho_Hans,0.10553719104180191,-0.3892909509263152
21,256,devtest,jpn_Jpan,tur_Latn,0.20097290977951815,-0.3023317448414566
21,256,devtest,jpn_Jpan,vie_Latn,0.059524729627750746,-0.3388263577523315
21,256,devtest,jpn_Jpan,ind_Latn,0.18814108532232987,-0.3106034724045589
21,256,devtest,tur_Latn,eng_Latn,0.08437584686777568,-0.35072380600078396
21,256,devtest,tur_Latn,deu_Latn,0.11312458905678292,-0.38359436101838423
21,256,devtest,tur_Latn,fra_Latn,0.10875248819199976,-0.3879416861206066
21,256,devtest,tur_Latn,spa_Latn,0.11382491731564781,-0.41801841069823265
21,256,devtest,tur_Latn,rus_Cyrl,0.03525561227730734,-0.43077979302775166
21,256,devtest,tur_Latn,hin_Deva,0.20987792452263254,-0.27015007834446725
21,256,devtest,tur_Latn,arb_Arab,0.1180022364361248,-0.38718068256258026
21,256,devtest,tur_Latn,zho_Hans,0.19069028585476794,-0.4198732126429572
21,256,devtest,tur_Latn,jpn_Jpan,0.04634781733530043,-0.4202249083128779
21,256,devtest,tur_Latn,vie_Latn,-0.004927363766255567,-0.37971515806575784
21,256,devtest,tur_Latn,ind_Latn,0.08135546190902354,-0.3775450741868418
21,256,devtest,vie_Latn,eng_Latn,0.132271962674317,-0.3035057178740814
21,256,devtest,vie_Latn,deu_Latn,0.09897985708579028,-0.3385069083482822
21,256,devtest,vie_Latn,fra_Latn,0.11908133498856709,-0.32420524185822575
21,256,devtest,vie_Latn,spa_Latn,0.09692510002597976,-0.33915199684137043
21,256,devtest,vie_Latn,rus_Cyrl,0.0430357475075124,-0.3746215151604666
21,256,devtest,vie_Latn,hin_Deva,0.23366745801347963,-0.15817292923473375
21,256,devtest,vie_Latn,arb_Arab,0.13963096967692068,-0.30386263261437446
21,256,devtest,vie_Latn,zho_Hans,0.20176081277679547,-0.38241979054082237
21,256,devtest,vie_Latn,jpn_Jpan,0.038926953180857496,-0.39570905413989665
21,256,devtest,vie_Latn,tur_Latn,0.07349680716803304,-0.3153505650000297
21,256,devtest,vie_Latn,ind_Latn,0.2077760950512686,-0.2634557660994499
21,256,devtest,ind_Latn,eng_Latn,0.14021605805868276,-0.27809064602772543
21,256,devtest,ind_Latn,deu_Latn,0.16146809747818508,-0.33594294703830363
21,256,devtest,ind_Latn,fra_Latn,0.11016007221650266,-0.31523794798320626
21,256,devtest,ind_Latn,spa_Latn,0.11715606867868955,-0.35693193204981977
21,256,devtest,ind_Latn,rus_Cyrl,0.024355165555913362,-0.3780549684176549
21,256,devtest,ind_Latn,hin_Deva,0.16721554926847465,-0.15908708693139115
21,256,devtest,ind_Latn,arb_Arab,0.12212687872823702,-0.3141439448384816
21,256,devtest,ind_Latn,zho_Hans,0.19881843076452022,-0.38865462192261335
21,256,devtest,ind_Latn,jpn_Jpan,0.10097303541086343,-0.3692798948840098
21,256,devtest,ind_Latn,tur_Latn,0.1251497695562624,-0.3344542487569976
21,256,devtest,ind_Latn,vie_Latn,0.13355406788151883,-0.27692152980019535
22,64,devtest,eng_Latn,deu_Latn,0.32010785689950894,-0.11570375025197405
22,64,devtest,eng_Latn,fra_Latn,0.2749944307389055,-0.11743020369106784
22,64,devtest,eng_Latn,spa_Latn,0.19577962882042857,-0.15394422359783036
22,64,devtest,eng_Latn,rus_Cyrl,0.2178788542551811,-0.11790858089650551
22,64,devtest,eng_Latn,hin_Deva,0.286374837043177,0.07580304120307763
22,64,devtest,eng_Latn,arb_Arab,0.2709698593662556,-0.09019713862268809
22,64,devtest,eng_Latn,zho_Hans,0.02926688438190855,-0.23522708471275638
22,64,devtest,eng_Latn,jpn_Jpan,0.07224583727299694,-0.2245577789691129
22,64,devtest,eng_Latn,tur_Latn,0.24180406745085387,-0.13622103924063703
22,64,devtest,eng_Latn,vie_Latn,0.24742530478836605,-0.14308524081660576
22,64,devtest,eng_Latn,ind_Latn,0.3248048338798931,-0.10947614451538772
22,64,devtest,deu_Latn,eng_Latn,0.1686156997595951,-0.23772965618508135
22,64,devtest,deu_Latn,fra_Latn,0.12372480247332769,-0.29055353112717963
22,64,devtest,deu_Latn,spa_Latn,0.15242506792943944,-0.327669177128657
22,64,devtest,deu_Latn,rus_Cyrl,0.045782433698227966,-0.37118529679678464
22,64,devtest,deu_Latn,hin_Deva,0.21059189116801108,-0.1675485085533714
22,64,devtest,deu_Latn,arb_Arab,0.09021607166195222,-0.32099509446073676
22,64,devtest,deu_Latn,zho_Hans,0.17588201525516306,-0.36389393547564214
22,64,devtest,deu_Latn,jpn_Jpan,0.04889799682416836,-0.34227207599179726
22,64,devtest,deu_Latn,tur_Latn,0.158176135660082,-0.3168486737881042
22,64,devtest,deu_Latn,vie_Latn,0.0356479461826563,-0.3388657072745593
22,64,devtest,deu_Latn,ind_Latn,0.16072440178559386,-0.2993759782320966
22,64,devtest,fra_Latn,eng_Latn,0.15305632773187666,-0.20938407449068416
22,64,devtest,fra_Latn,deu_Latn,0.12625796241752535,-0.26711439080053945
22,64,devtest,fra_Latn,spa_Latn,0.13768827834983086,-0.3041696628424826
22,64,devtest,fra_Latn,rus_Cyrl,0.09227536328447138,-0.34237108071904965
22,64,devtest,fra_Latn,hin_Deva,0.16631260465028083,-0.12013965104721393
22,64,devtest,fra_Latn,arb_Arab,0.10661448095727866,-0.3002013314176759
22,64,devtest,fra_Latn,zho_Hans,0.16212250514952334,-0.3869817782065917
22,64,devtest,fra_Latn,jpn_Jpan,0.08125745358159245,-0.39289364482695127
22,64,devtest,fra_Latn,tur_Latn,0.10621457980526502,-0.2916079422198201
22,64,devtest,fra_Latn,vie_Latn,0.06928740054266133,-0.29364303567337974
22,64,devtest,fra_Latn,ind_Latn,0.11833365209658628,-0.24991932860617416
22,64,devtest,spa_Latn,eng_Latn,0.08281602205754728,-0.24497324073710408
22,64,devtest,spa_Latn,deu_Latn,0.12320257010826463,-0.2978313471767322
22,64,devtest,spa_Latn,fra_Latn,0.1480276367323565,-0.2979810535474581
22,64,devtest,spa_Latn,rus_Cyrl,0.06794090476676756,-0.3483390707448305
22,64,devtest,spa_Latn,hin_Deva,0.19397166479313077,-0.10937083409289247
22,64,devtest,spa_Latn,arb_Arab,0.14472275804275897,-0.2743627269059927
22,64,devtest,spa_Latn,zho_Hans,0.14915986731459693,-0.37559574847926497
22,64,devtest,spa_Latn,jpn_Jpan,-0.012117782224009749,-0.3478805946731654
22,64,devtest,spa_Latn,tur_Latn,0.12673525832417631,-0.30623172711708874
22,64,devtest,spa_Latn,vie_Latn,0.04479532241501472,-0.28541298157314243
22,64,devtest,spa_Latn,ind_Latn,0.08882292146248635,-0.27069168349921363
22,64,devtest,rus_Cyrl,eng_Latn,0.05038964784315336,-0.24771714707290982
22,64,devtest,rus_Cyrl,deu_Latn,-0.016765495617582643,-0.35782466419089226
22,64,devtest,rus_Cyrl,fra_Latn,0.030195764743974392,-0.37107004817824996
22,64,devtest,rus_Cyrl,spa_Latn,0.0061004222204845,-0.3738335484136359
22,64,devtest,rus_Cyrl,hin_Deva,0.24808978749640936,-0.14505691423128889
22,64,devtest,rus_Cyrl,arb_Arab,0.02424005600840937,-0.3415852951788475
22,64,devtest,rus_Cyrl,zho_Hans,0.15597984556419442,-0.4136173400336039
22,64,devtest,rus_Cyrl,jpn_Jpan,0.004808086416624917,-0.3543391090567087
22,64,devtest,rus_Cyrl,tur_Latn,-0.016303550454193037,-0.34339971336262654
22,64,devtest,rus_Cyrl,vie_Latn,-0.069256209613512,-0.3302623565283515
22,64,devtest,rus_Cyrl,ind_Latn,-0.06796348636726753,-0.33423315677571985
22,64,devtest,hin_Deva,eng_Latn,0.14599289874708077,-0.15512497298573816
22,64,devtest,hin_Deva,deu_Latn,0.09055551153874238,-0.3177015718947339
22,64,devtest,hin_Deva,fra_Latn,0.06881490114163365,-0.28809068938171817
22,64,devtest,hin_Deva,spa_Latn,0.07347966944776566,-0.2934330069888624
22,64,devtest,hin_Deva,rus_Cyrl,0.1403882285930875,-0.3005639768582198
22,64,devtest,hin_Deva,arb_Arab,0.06955826143540292,-0.32751832402186903
22,64,devtest,hin_Deva,zho_Hans,0.2120888678361934,-0.24083789052168422
22,64,devtest,hin_Deva,jpn_Jpan,0.17846302776332018,-0.2391677329479009
22,64,devtest,hin_Deva,tur_Latn,0.04881244808368423,-0.3599752820977525
22,64,devtest,hin_Deva,vie_Latn,0.0789625468954428,-0.2869151692275
22,64,devtest,hin_Deva,ind_Latn,0.03519874488538055,-0.24837942597228577
22,64,devtest,arb_Arab,eng_Latn,0.12001380153096984,-0.2462170742023307
22,64,devtest,arb_Arab,deu_Latn,0.06555437740414126,-0.3516295664462234
22,64,devtest,arb_Arab,fra_Latn,0.08499913343023038,-0.36298133561724694
22,64,devtest,arb_Arab,spa_Latn,0.11717835009750537,-0.3378782428701884
22,64,devtest,arb_Arab,rus_Cyrl,0.0923593350613025,-0.3785688192613148
22,64,devtest,arb_Arab,hin_Deva,0.20285292498090632,-0.20237563355242302
22,64,devtest,arb_Arab,zho_Hans,0.21330033903644538,-0.3954572768277559
22,64,devtest,arb_Arab,jpn_Jpan,0.08054069493308191,-0.38211579608178287
22,64,devtest,arb_Arab,tur_Latn,0.060298415471375426,-0.353975581737282
22,64,devtest,arb_Arab,vie_Latn,0.033939933721172794,-0.33630203340581516
22,64,devtest,arb_Arab,ind_Latn,0.0291048396652285,-0.31742689649140843
22,64,devtest,zho_Hans,eng_Latn,0.08398051171211428,-0.31708888656875195
22,64,devtest,zho_Hans,deu_Latn,0.35192672127558494,-0.31905851886376735
22,64,devtest,zho_Hans,fra_Latn,0.31634006348139415,-0.3708709690277751
22,64,devtest,zho_Hans,spa_Latn,0.32403952913708806,-0.36043834416352155
22,64,devtest,zho_Hans,rus_Cyrl,0.3061753401905792,-0.35695366845356974
22,64,devtest,zho_Hans,hin_Deva,0.3426969631855595,-0.0835945104103153
22,64,devtest,zho_Hans,arb_Arab,0.36261311787094475,-0.30802578904939026
22,64,devtest,zho_Hans,jpn_Jpan,0.2430067934207946,-0.37500263463984984
22,64,devtest,zho_Hans,tur_Latn,0.3524600088232256,-0.3006366719846782
22,64,devtest,zho_Hans,vie_Latn,0.3416775025967159,-0.31602923780632064
22,64,devtest,zho_Hans,ind_Latn,0.3737472185279805,-0.3055087459628957
22,64,devtest,jpn_Jpan,eng_Latn,-0.06653054842365488,-0.28579256825966226
22,64,devtest,jpn_Jpan,deu_Latn,0.14103258148355655,-0.2746280750766299
22,64,devtest,jpn_Jpan,fra_Latn,0.176254370361249,-0.3502266677711564
22,64,devtest,jpn_Jpan,spa_Latn,0.07337306032451382,-0.3175003122063329
22,64,devtest,jpn_Jpan,rus_Cyrl,0.10217412307327892,-0.3000255202025336
22,64,devtest,jpn_Jpan,hin_Deva,0.319652516103403,-0.042486861067665055
22,64,devtest,jpn_Jpan,arb_Arab,0.21538395847600678,-0.280635852721871
22,64,devtest,jpn_Jpan,zho_Hans,0.1194525500631733,-0.359584526276349
22,64,devtest,jpn_Jpan,tur_Latn,0.1763914769890552,-0.2773675271979723
22,64,devtest,jpn_Jpan,vie_Latn,0.06372848399487452,-0.3123183191484417
22,64,devtest,jpn_Jpan,ind_Latn,0.17578922072734432,-0.2825307910782968
22,64,devtest,tur_Latn,eng_Latn,0.11235161480543425,-0.3019992045667215
22,64,devtest,tur_Latn,deu_Latn,0.12730755502869723,-0.346262289405358
22,64,devtest,tur_Latn,fra_Latn,0.11484248519129267,-0.35273854828972745
22,64,devtest,tur_Latn,spa_Latn,0.1224021272392432,-0.38639064276063445
22,64,devtest,tur_Latn,rus_Cyrl,0.045362920835440954,-0.3910825445008035
22,64,devtest,tur_Latn,hin_Deva,0.16581222501233292,-0.2442673467873702
22,64,devtest,tur_Latn,arb_Arab,0.10090165333836695,-0.35068964775751005
22,64,devtest,tur_Latn,zho_Hans,0.20025469003226026,-0.38497559057399355
22,64,devtest,tur_Latn,jpn_Jpan,0.06059148025333676,-0.3741620397089146
22,64,devtest,tur_Latn,vie_Latn,0.02324852561416555,-0.339925819945649
22,64,devtest,tur_Latn,ind_Latn,0.08503255631675914,-0.3366893080670558
22,64,devtest,vie_Latn,eng_Latn,0.13698040613163767,-0.23174299071466975
22,64,devtest,vie_Latn,deu_Latn,0.08812921372115638,-0.31775117813833437
22,64,devtest,vie_Latn,fra_Latn,0.1231555199636177,-0.29357952411812593
22,64,devtest,vie_Latn,spa_Latn,0.10647267135213799,-0.29380871524323626
22,64,devtest,vie_Latn,rus_Cyrl,0.03348499065792818,-0.3165544657702558
22,64,devtest,vie_Latn,hin_Deva,0.19692025452422093,-0.12265352494339453
22,64,devtest,vie_Latn,arb_Arab,0.11889730119816329,-0.2784470723330777
22,64,devtest,vie_Latn,zho_Hans,0.2162664388505038,-0.33441122164009895
22,64,devtest,vie_Latn,jpn_Jpan,0.053773579150684446,-0.3639392613349544
22,64,devtest,vie_Latn,tur_Latn,0.07329085383945799,-0.28773276784475216
22,64,devtest,vie_Latn,ind_Latn,0.2042894472051465,-0.21611647471021858
22,64,devtest,ind_Latn,eng_Latn,0.17698815241451565,-0.19793253565596544
22,64,devtest,ind_Latn,deu_Latn,0.16886876018284175,-0.2879762354388989
22,64,devtest,ind_Latn,fra_Latn,0.12557188120999632,-0.2541774066801016
22,64,devtest,ind_Latn,spa_Latn,0.1114648346025938,-0.28982010139418335
22,64,devtest,ind_Latn,rus_Cyrl,0.01650970486372575,-0.32937248224727445
22,64,devtest,ind_Latn,hin_Deva,0.12310775952452402,-0.1221040125116271
22,64,devtest,ind_Latn,arb_Arab,0.08478003517519428,-0.2722947133601158
22,64,devtest,ind_Latn,zho_Hans,0.22210953185228335,-0.3253878080336857
22,64,devtest,ind_Latn,jpn_Jpan,0.11061687242055426,-0.32958808033473164
22,64,devtest,ind_Latn,tur_Latn,0.1232722560969637,-0.29875263058349316
22,64,devtest,ind_Latn,vie_Latn,0.15475704874810312,-0.22389241288702627
22,128,devtest,eng_Latn,deu_Latn,0.33876781530362626,-0.14399718073491932
22,128,devtest,eng_Latn,fra_Latn,0.29182150261027334,-0.143954683448223
22,128,devtest,eng_Latn,spa_Latn,0.20071626323648917,-0.18414823789567336
22,128,devtest,eng_Latn,rus_Cyrl,0.23477004714924313,-0.1384261670359786
22,128,devtest,eng_Latn,hin_Deva,0.3082570970927907,0.08339964787437754
22,128,devtest,eng_Latn,arb_Arab,0.27436279368236005,-0.11254208526981745
22,128,devtest,eng_Latn,zho_Hans,0.0476622461134089,-0.28468801381751113
22,128,devtest,eng_Latn,jpn_Jpan,0.08718206775435186,-0.2429745423533624
22,128,devtest,eng_Latn,tur_Latn,0.2449851517694914,-0.14099087968127041
22,128,devtest,eng_Latn,vie_Latn,0.2710569608602818,-0.15985072735096095
22,128,devtest,eng_Latn,ind_Latn,0.32903812355777656,-0.13984248596860485
22,128,devtest,deu_Latn,eng_Latn,0.16360299049779348,-0.28866803484056297
22,128,devtest,deu_Latn,fra_Latn,0.12427776500753128,-0.35675938543302227
22,128,devtest,deu_Latn,spa_Latn,0.15762576845509937,-0.3893295504050304
22,128,devtest,deu_Latn,rus_Cyrl,0.04940649191733286,-0.40974863393574473
22,128,devtest,deu_Latn,hin_Deva,0.23469807911317914,-0.18586182438466495
22,128,devtest,deu_Latn,arb_Arab,0.08962193924833851,-0.3619157648971751
22,128,devtest,deu_Latn,zho_Hans,0.17567020232268407,-0.40940777453284877
22,128,devtest,deu_Latn,jpn_Jpan,0.05875343558096508,-0.3906496653193029
22,128,devtest,deu_Latn,tur_Latn,0.15433374527071256,-0.3496710453751275
22,128,devtest,deu_Latn,vie_Latn,0.025351570342114695,-0.3654976506453055
22,128,devtest,deu_Latn,ind_Latn,0.15975756148475118,-0.33602303888092805
22,128,devtest,fra_Latn,eng_Latn,0.14393352644835863,-0.25704179603204147
22,128,devtest,fra_Latn,deu_Latn,0.1284744274273188,-0.3300486439891625
22,128,devtest,fra_Latn,spa_Latn,0.14421285543477064,-0.3545358855337608
22,128,devtest,fra_Latn,rus_Cyrl,0.10131138183845881,-0.373594001935502
22,128,devtest,fra_Latn,hin_Deva,0.18662799427561355,-0.14291013290248908
22,128,devtest,fra_Latn,arb_Arab,0.11694062587677179,-0.32350382417711354
22,128,devtest,fra_Latn,zho_Hans,0.1699676659594217,-0.4253788219285738
22,128,devtest,fra_Latn,jpn_Jpan,0.05942373327092084,-0.41584734052060257
22,128,devtest,fra_Latn,tur_Latn,0.10364324040499484,-0.3131555441763575
22,128,devtest,fra_Latn,vie_Latn,0.056590970286371854,-0.31861135018006936
22,128,devtest,fra_Latn,ind_Latn,0.10699478004786218,-0.2991618532071559
22,128,devtest,spa_Latn,eng_Latn,0.06866690101742412,-0.2938718966296373
22,128,devtest,spa_Latn,deu_Latn,0.1303969960222539,-0.3511012215278913
22,128,devtest,spa_Latn,fra_Latn,0.15660691965479223,-0.3432876502749474
22,128,devtest,spa_Latn,rus_Cyrl,0.07903872500147936,-0.3791168001087188
22,128,devtest,spa_Latn,hin_Deva,0.202643169985048,-0.12255473335222265
22,128,devtest,spa_Latn,arb_Arab,0.1487020068153525,-0.30446801189663775
22,128,devtest,spa_Latn,zho_Hans,0.15042937482771723,-0.4159708832266043
22,128,devtest,spa_Latn,jpn_Jpan,-0.025258938551409475,-0.37735939861641327
22,128,devtest,spa_Latn,tur_Latn,0.1332038775586504,-0.31873930042493376
22,128,devtest,spa_Latn,vie_Latn,0.019526081120484335,-0.3188757930909776
22,128,devtest,spa_Latn,ind_Latn,0.08889385895348331,-0.3103976502781222
22,128,devtest,rus_Cyrl,eng_Latn,0.03237136924102818,-0.29693076788672096
22,128,devtest,rus_Cyrl,deu_Latn,-0.028493877534637772,-0.3956200975745532
22,128,devtest,rus_Cyrl,fra_Latn,0.02120061290229608,-0.40340504789228937
22,128,devtest,rus_Cyrl,spa_Latn,0.0053840808594033,-0.41372346156803813
22,128,devtest,rus_Cyrl,hin_Deva,0.2719480506672224,-0.15865780635875426
22,128,devtest,rus_Cyrl,arb_Arab,0.03283992996965504,-0.3673169782305873
22,128,devtest,rus_Cyrl,zho_Hans,0.1647759010089319,-0.4490260817196379
22,128,devtest,rus_Cyrl,jpn_Jpan,0.0016360989516936545,-0.4175081160187549
22,128,devtest,rus_Cyrl,tur_Latn,-0.02977741067519318,-0.36482110821997504
22,128,devtest,rus_Cyrl,vie_Latn,-0.07128648732560884,-0.37522796549630116
22,128,devtest,rus_Cyrl,ind_Latn,-0.07654643453155899,-0.3781401202217196
22,128,devtest,hin_Deva,eng_Latn,0.15115436686014008,-0.1799233182273418
22,128,devtest,hin_Deva,deu_Latn,0.10165003169411603,-0.35347505651401084
22,128,devtest,hin_Deva,fra_Latn,0.07552983309988692,-0.3372618495537345
22,128,devtest,hin_Deva,spa_Latn,0.05495415397942787,-0.3382587032945692
22,128,devtest,hin_Deva,rus_Cyrl,0.1470982630769234,-0.33458854489126677
22,128,devtest,hin_Deva,arb_Arab,0.0720938099650603,-0.35139829375067877
22,128,devtest,hin_Deva,zho_Hans,0.22487775513989083,-0.26674921202578367
22,128,devtest,hin_Deva,jpn_Jpan,0.172784227750959,-0.2748791476239925
22,128,devtest,hin_Deva,tur_Latn,0.055829246143200686,-0.3799520275656631
22,128,devtest,hin_Deva,vie_Latn,0.07691840153921513,-0.31928802716633364
22,128,devtest,hin_Deva,ind_Latn,0.03882032040272709,-0.2879528647394203
22,128,devtest,arb_Arab,eng_Latn,0.09493824207597581,-0.3097578822697083
22,128,devtest,arb_Arab,deu_Latn,0.060342787808391925,-0.3978908838986098
22,128,devtest,arb_Arab,fra_Latn,0.07949056966984314,-0.39000743186167486
22,128,devtest,arb_Arab,spa_Latn,0.10845727224960433,-0.38431605569469096
22,128,devtest,arb_Arab,rus_Cyrl,0.11012946169605856,-0.4097169391040105
22,128,devtest,arb_Arab,hin_Deva,0.22319868948792673,-0.21733494260139935
22,128,devtest,arb_Arab,zho_Hans,0.2072467714616631,-0.4164897441209863
22,128,devtest,arb_Arab,jpn_Jpan,0.0675566520843456,-0.4164547709082558
22,128,devtest,arb_Arab,tur_Latn,0.0654222519967589,-0.3759200074462819
22,128,devtest,arb_Arab,vie_Latn,0.04068215489305178,-0.37048048435970826
22,128,devtest,arb_Arab,ind_Latn,0.04448354363947568,-0.3591074781371329
22,128,devtest,zho_Hans,eng_Latn,0.10614824559177784,-0.3795684972256198
22,128,devtest,zho_Hans,deu_Latn,0.3873234255232778,-0.3465961026605405
22,128,devtest,zho_Hans,fra_Latn,0.3498526825888651,-0.39707924416894935
22,128,devtest,zho_Hans,spa_Latn,0.35941973452561105,-0.39059188307793147
22,128,devtest,zho_Hans,rus_Cyrl,0.3402332570356009,-0.3780469867940359
22,128,devtest,zho_Hans,hin_Deva,0.3806349113138571,-0.08007372977063137
22,128,devtest,zho_Hans,arb_Arab,0.38868810852922114,-0.31327857358438094
22,128,devtest,zho_Hans,jpn_Jpan,0.2670208980741546,-0.4008455334066395
22,128,devtest,zho_Hans,tur_Latn,0.3801403515033007,-0.3155165840703533
22,128,devtest,zho_Hans,vie_Latn,0.38263165824718753,-0.34545624714803913
22,128,devtest,zho_Hans,ind_Latn,0.40583905496283323,-0.33354202096016344
22,128,devtest,jpn_Jpan,eng_Latn,-0.07980026823011062,-0.32694369571371834
22,128,devtest,jpn_Jpan,deu_Latn,0.16228591801205272,-0.31420187838556374
22,128,devtest,jpn_Jpan,fra_Latn,0.17164611046570033,-0.3728223540686547
22,128,devtest,jpn_Jpan,spa_Latn,0.07062724626060075,-0.3523660041051222
22,128,devtest,jpn_Jpan,rus_Cyrl,0.11912351169730936,-0.35028142293737025
22,128,devtest,jpn_Jpan,hin_Deva,0.3403549094903901,-0.05314911840365306
22,128,devtest,jpn_Jpan,arb_Arab,0.22659201945653512,-0.3032205332167106
22,128,devtest,jpn_Jpan,zho_Hans,0.11673539578656901,-0.3842322140475165
22,128,devtest,jpn_Jpan,tur_Latn,0.19069487947185756,-0.2949548108798001
22,128,devtest,jpn_Jpan,vie_Latn,0.06429047646866493,-0.3447405164702775
22,128,devtest,jpn_Jpan,ind_Latn,0.18661835889257244,-0.31526644843567453
22,128,devtest,tur_Latn,eng_Latn,0.09271407925923122,-0.33656287756848097
22,128,devtest,tur_Latn,deu_Latn,0.1170013490323211,-0.38737014195522307
22,128,devtest,tur_Latn,fra_Latn,0.10854958614171657,-0.38491116109043244
22,128,devtest,tur_Latn,spa_Latn,0.11538248058649957,-0.409422815256455
22,128,devtest,tur_Latn,rus_Cyrl,0.0312062776869571,-0.4172146148134359
22,128,devtest,tur_Latn,hin_Deva,0.1893089182083292,-0.25005277240621204
22,128,devtest,tur_Latn,arb_Arab,0.11211454349756649,-0.38001603840512344
22,128,devtest,tur_Latn,zho_Hans,0.19652011801650707,-0.4170874032704586
22,128,devtest,tur_Latn,jpn_Jpan,0.05283412495850552,-0.40623336314688496
22,128,devtest,tur_Latn,vie_Latn,0.006252220370734774,-0.36756267054952063
22,128,devtest,tur_Latn,ind_Latn,0.08357354507273519,-0.37287297151990983
22,128,devtest,vie_Latn,eng_Latn,0.14262864286594185,-0.2672124386600569
22,128,devtest,vie_Latn,deu_Latn,0.09417844966938221,-0.34232537582666545
22,128,devtest,vie_Latn,fra_Latn,0.12513400403836938,-0.3186316194558163
22,128,devtest,vie_Latn,spa_Latn,0.09119650583421528,-0.3335277156812899
22,128,devtest,vie_Latn,rus_Cyrl,0.0533090964178104,-0.35444071799304255
22,128,devtest,vie_Latn,hin_Deva,0.21281108059055992,-0.13638776939973557
22,128,devtest,vie_Latn,arb_Arab,0.13882011141847958,-0.3003649750312132
22,128,devtest,vie_Latn,zho_Hans,0.22230408491397285,-0.37283801348978257
22,128,devtest,vie_Latn,jpn_Jpan,0.044723354579533026,-0.397507597076121
22,128,devtest,vie_Latn,tur_Latn,0.07334817084822569,-0.30559133189250487
22,128,devtest,vie_Latn,ind_Latn,0.19786012351081436,-0.2519078453290701
22,128,devtest,ind_Latn,eng_Latn,0.15849865933927412,-0.2558157585370737
22,128,devtest,ind_Latn,deu_Latn,0.169378709046518,-0.3266479164373616
22,128,devtest,ind_Latn,fra_Latn,0.11551114411733324,-0.30707513893887844
22,128,devtest,ind_Latn,spa_Latn,0.11211290636575658,-0.329305237240286
22,128,devtest,ind_Latn,rus_Cyrl,0.02022102355236066,-0.3635988691471903
22,128,devtest,ind_Latn,hin_Deva,0.15169504890163787,-0.14064549044741254
22,128,devtest,ind_Latn,arb_Arab,0.11363121165639867,-0.30688633984690916
22,128,devtest,ind_Latn,zho_Hans,0.22408069260414834,-0.37040714352129944
22,128,devtest,ind_Latn,jpn_Jpan,0.11002934552289076,-0.3724987392466172
22,128,devtest,ind_Latn,tur_Latn,0.12416803414696025,-0.33242362824140015
22,128,devtest,ind_Latn,vie_Latn,0.13793417929804125,-0.26756305494745475
22,256,devtest,eng_Latn,deu_Latn,0.3606359427202406,-0.15284793512012187
22,256,devtest,eng_Latn,fra_Latn,0.30138191180786933,-0.1678201091647155
22,256,devtest,eng_Latn,spa_Latn,0.2174671136312862,-0.22434432012035527
22,256,devtest,eng_Latn,rus_Cyrl,0.24223607814909537,-0.17362833855412527
22,256,devtest,eng_Latn,hin_Deva,0.3345427888814971,0.08781588504802444
22,256,devtest,eng_Latn,arb_Arab,0.2832280863572172,-0.11858025873084126
22,256,devtest,eng_Latn,zho_Hans,0.043325305753715744,-0.29671811357737976
22,256,devtest,eng_Latn,jpn_Jpan,0.09986990149297219,-0.26736187099446485
22,256,devtest,eng_Latn,tur_Latn,0.26390676908844846,-0.13406546098574884
22,256,devtest,eng_Latn,vie_Latn,0.28567963780280614,-0.17366801318355593
22,256,devtest,eng_Latn,ind_Latn,0.33774575150894465,-0.16109441941183936
22,256,devtest,deu_Latn,eng_Latn,0.16192588900303187,-0.32320885847006103
22,256,devtest,deu_Latn,fra_Latn,0.12184328343887971,-0.3764021401180579
22,256,devtest,deu_Latn,spa_Latn,0.1546650191761935,-0.4169989079490303
22,256,devtest,deu_Latn,rus_Cyrl,0.05981677237433953,-0.4460477208380458
22,256,devtest,deu_Latn,hin_Deva,0.2522327004191065,-0.19004402682145435
22,256,devtest,deu_Latn,arb_Arab,0.0880778607810462,-0.3952648958539225
22,256,devtest,deu_Latn,zho_Hans,0.18604459562496634,-0.44288161551785543
22,256,devtest,deu_Latn,jpn_Jpan,0.05318991169949791,-0.42053037819456884
22,256,devtest,deu_Latn,tur_Latn,0.1670341665176298,-0.36340710014448324
22,256,devtest,deu_Latn,vie_Latn,0.020188777998864357,-0.38815286780160946
22,256,devtest,deu_Latn,ind_Latn,0.1537694839999293,-0.3695325997268517
22,256,devtest,fra_Latn,eng_Latn,0.12760671436959797,-0.2963300096168738
22,256,devtest,fra_Latn,deu_Latn,0.1244191468814726,-0.34095393087079046
22,256,devtest,fra_Latn,spa_Latn,0.13126041557968174,-0.38618580365108307
22,256,devtest,fra_Latn,rus_Cyrl,0.10444950998797341,-0.40346694903706926
22,256,devtest,fra_Latn,hin_Deva,0.20941981837419135,-0.139087971569239
22,256,devtest,fra_Latn,arb_Arab,0.12542630236242472,-0.3411959443369317
22,256,devtest,fra_Latn,zho_Hans,0.16975232170354562,-0.45296004489272024
22,256,devtest,fra_Latn,jpn_Jpan,0.04336005578069515,-0.43234963591549697
22,256,devtest,fra_Latn,tur_Latn,0.10425392670939987,-0.3185000800037687
22,256,devtest,fra_Latn,vie_Latn,0.036669749147980914,-0.3429033023532591
22,256,devtest,fra_Latn,ind_Latn,0.09863058179479799,-0.3269894834166536
22,256,devtest,spa_Latn,eng_Latn,0.06789048858068128,-0.34777900846096105
22,256,devtest,spa_Latn,deu_Latn,0.13118867532607098,-0.3705145936132334
22,256,devtest,spa_Latn,fra_Latn,0.1474035534972027,-0.3790790150230877
22,256,devtest,spa_Latn,rus_Cyrl,0.07332049315109328,-0.41732875550753107
22,256,devtest,spa_Latn,hin_Deva,0.23081474915807323,-0.1292188776322118
22,256,devtest,spa_Latn,arb_Arab,0.14875522867420896,-0.3288519878283137
22,256,devtest,spa_Latn,zho_Hans,0.15495205613006802,-0.4550952447142481
22,256,devtest,spa_Latn,jpn_Jpan,-0.028761568347608048,-0.40656896787517727
22,256,devtest,spa_Latn,tur_Latn,0.13905770514130741,-0.32616685586265437
22,256,devtest,spa_Latn,vie_Latn,0.027285522385629486,-0.34163627231705174
22,256,devtest,spa_Latn,ind_Latn,0.08677702447067279,-0.3465830244121503
22,256,devtest,rus_Cyrl,eng_Latn,0.016565486405929298,-0.35792016817138433
22,256,devtest,rus_Cyrl,deu_Latn,-0.029213793554992262,-0.42727770249156605
22,256,devtest,rus_Cyrl,fra_Latn,0.007978468626569804,-0.43969372559718517
22,256,devtest,rus_Cyrl,spa_Latn,-0.010994273315591272,-0.4564898820027873
22,256,devtest,rus_Cyrl,hin_Deva,0.29745215606096603,-0.17656774982303428
22,256,devtest,rus_Cyrl,arb_Arab,0.021905883245448524,-0.3903247331272575
22,256,devtest,rus_Cyrl,zho_Hans,0.15562435862690388,-0.48877831483263623
22,256,devtest,rus_Cyrl,jpn_Jpan,-0.02006991041606315,-0.4533231402706561
22,256,devtest,rus_Cyrl,tur_Latn,-0.04056629796832709,-0.3843998210579282
22,256,devtest,rus_Cyrl,vie_Latn,-0.08910460671187709,-0.41355276091754894
22,256,devtest,rus_Cyrl,ind_Latn,-0.09619445564368537,-0.41367996365268633
22,256,devtest,hin_Deva,eng_Latn,0.15379021646717225,-0.19905604649074793
22,256,devtest,hin_Deva,deu_Latn,0.09394370177906064,-0.3589682008257146
22,256,devtest,hin_Deva,fra_Latn,0.07641272580743842,-0.3452805497445426
22,256,devtest,hin_Deva,spa_Latn,0.06151448623315098,-0.36116089808211593
22,256,devtest,hin_Deva,rus_Cyrl,0.14323878911511814,-0.36111426376179684
22,256,devtest,hin_Deva,arb_Arab,0.06952929266970911,-0.36378592800235177
22,256,devtest,hin_Deva,zho_Hans,0.2345961127624155,-0.2839597348233093
22,256,devtest,hin_Deva,jpn_Jpan,0.17513359633368797,-0.28814957473839026
22,256,devtest,hin_Deva,tur_Latn,0.052852351324957206,-0.39835599874017946
22,256,devtest,hin_Deva,vie_Latn,0.08269955358373539,-0.33762575630764996
22,256,devtest,hin_Deva,ind_Latn,0.028099020233993584,-0.31465219050021914
22,256,devtest,arb_Arab,eng_Latn,0.08244098399192142,-0.3336628861350267
22,256,devtest,arb_Arab,deu_Latn,0.04973386210615385,-0.43439830517313155
22,256,devtest,arb_Arab,fra_Latn,0.08288619621042236,-0.41902515728892653
22,256,devtest,arb_Arab,spa_Latn,0.10349978231955073,-0.41736067544484395
22,256,devtest,arb_Arab,rus_Cyrl,0.10854702624844809,-0.43404524591298316
22,256,devtest,arb_Arab,hin_Deva,0.24517935410502392,-0.22506766467227124
22,256,devtest,arb_Arab,zho_Hans,0.20322637634106755,-0.4498676689094547
22,256,devtest,arb_Arab,jpn_Jpan,0.05132266743869876,-0.43662561379821335
22,256,devtest,arb_Arab,tur_Latn,0.061722420013246904,-0.3956979817001538
22,256,devtest,arb_Arab,vie_Latn,0.024102280918653695,-0.3937237415753256
22,256,devtest,arb_Arab,ind_Latn,0.03876323388043556,-0.3924246838975159
22,256,devtest,zho_Hans,eng_Latn,0.10416257443594616,-0.40538019886742443
22,256,devtest,zho_Hans,deu_Latn,0.43065102379653536,-0.3644450893023487
22,256,devtest,zho_Hans,fra_Latn,0.3818836889857256,-0.41744900712134164
22,256,devtest,zho_Hans,spa_Latn,0.3918497431205617,-0.42480815744981526
22,256,devtest,zho_Hans,rus_Cyrl,0.3603496933801059,-0.4030075479126826
22,256,devtest,zho_Hans,hin_Deva,0.4152461377449964,-0.07830559052265701
22,256,devtest,zho_Hans,arb_Arab,0.4074828280115999,-0.3280296110299377
22,256,devtest,zho_Hans,jpn_Jpan,0.2919455760684562,-0.41703585597197285
22,256,devtest,zho_Hans,tur_Latn,0.4066610452751874,-0.3212067322527062
22,256,devtest,zho_Hans,vie_Latn,0.40408113364104087,-0.36707691018539174
22,256,devtest,zho_Hans,ind_Latn,0.4284384655491043,-0.35942358698755056
22,256,devtest,jpn_Jpan,eng_Latn,-0.08405371806569216,-0.36578160575788915
22,256,devtest,jpn_Jpan,deu_Latn,0.17780228521932742,-0.33604200077497043
22,256,devtest,jpn_Jpan,fra_Latn,0.17154935360107082,-0.3897019091668355
22,256,devtest,jpn_Jpan,spa_Latn,0.07803362867003394,-0.3796608245501062
22,256,devtest,jpn_Jpan,rus_Cyrl,0.12295840481716411,-0.3842548575899603
22,256,devtest,jpn_Jpan,hin_Deva,0.36448242841819656,-0.06011303360268484
22,256,devtest,jpn_Jpan,arb_Arab,0.2268369914565791,-0.3180434055046906
22,256,devtest,jpn_Jpan,zho_Hans,0.11590141418747923,-0.4060475040784215
22,256,devtest,jpn_Jpan,tur_Latn,0.20491524054396082,-0.31313901541988143
22,256,devtest,jpn_Jpan,vie_Latn,0.06276100049547796,-0.3580518265708125
22,256,devtest,jpn_Jpan,ind_Latn,0.1872272141941991,-0.33038301861437125
22,256,devtest,tur_Latn,eng_Latn,0.09195444662412261,-0.3538738768351858
22,256,devtest,tur_Latn,deu_Latn,0.1204688502627189,-0.40345589270090204
22,256,devtest,tur_Latn,fra_Latn,0.10977768664067698,-0.4011726722158135
22,256,devtest,tur_Latn,spa_Latn,0.11275993188054374,-0.4316776221576768
22,256,devtest,tur_Latn,rus_Cyrl,0.03204162832845743,-0.44200921643621666
22,256,devtest,tur_Latn,hin_Deva,0.20955597460688205,-0.2662225047869436
22,256,devtest,tur_Latn,arb_Arab,0.10938469921515218,-0.4054011806040645
22,256,devtest,tur_Latn,zho_Hans,0.1983413055175975,-0.43616360903732543
22,256,devtest,tur_Latn,jpn_Jpan,0.04781261479024128,-0.4363033809227814
22,256,devtest,tur_Latn,vie_Latn,0.0012419379984619566,-0.39382454070157785
22,256,devtest,tur_Latn,ind_Latn,0.08189632593031784,-0.39473041622431143
22,256,devtest,vie_Latn,eng_Latn,0.1384712127239467,-0.2953938264553426
22,256,devtest,vie_Latn,deu_Latn,0.09951562663905222,-0.3538462123293087
22,256,devtest,vie_Latn,fra_Latn,0.1197422500690937,-0.3392308484429797
22,256,devtest,vie_Latn,spa_Latn,0.10799507160710402,-0.354577597766388
22,256,devtest,vie_Latn,rus_Cyrl,0.05713106875297737,-0.38760863028648207
22,256,devtest,vie_Latn,hin_Deva,0.24188849411903546,-0.13961331576608857
22,256,devtest,vie_Latn,arb_Arab,0.14310941949047035,-0.3148441489172771
22,256,devtest,vie_Latn,zho_Hans,0.21462864776804047,-0.39907360028790057
22,256,devtest,vie_Latn,jpn_Jpan,0.03752902411491234,-0.4081926381316622
22,256,devtest,vie_Latn,tur_Latn,0.08120793646860125,-0.3197319897423341
22,256,devtest,vie_Latn,ind_Latn,0.2046512572355943,-0.27535091476351
22,256,devtest,ind_Latn,eng_Latn,0.14808003039916726,-0.29014306231415576
22,256,devtest,ind_Latn,deu_Latn,0.16554720199407472,-0.35214072036433824
22,256,devtest,ind_Latn,fra_Latn,0.10978023090287609,-0.3344499925135217
22,256,devtest,ind_Latn,spa_Latn,0.11069726570617228,-0.3680406201401259
22,256,devtest,ind_Latn,rus_Cyrl,0.021170047084112603,-0.3941029803177385
22,256,devtest,ind_Latn,hin_Deva,0.16534973267078962,-0.14963234332290082
22,256,devtest,ind_Latn,arb_Arab,0.11477295073617552,-0.32909379433023894
22,256,devtest,ind_Latn,zho_Hans,0.2184712255729474,-0.40635815032505934
22,256,devtest,ind_Latn,jpn_Jpan,0.10245708474808055,-0.3910049174495357
22,256,devtest,ind_Latn,tur_Latn,0.12491151956447562,-0.3427595863609666
22,256,devtest,ind_Latn,vie_Latn,0.13638103974575513,-0.2909429298049063
23,64,devtest,eng_Latn,deu_Latn,0.3362535524928027,-0.09755707150884292
23,64,devtest,eng_Latn,fra_Latn,0.2971487822313706,-0.09874361445879012
23,64,devtest,eng_Latn,spa_Latn,0.19682550548358232,-0.12693653901857327
23,64,devtest,eng_Latn,rus_Cyrl,0.22996215392401217,-0.0878578790333963
23,64,devtest,eng_Latn,hin_Deva,0.29093498092471,0.11809063694322462
23,64,devtest,eng_Latn,arb_Arab,0.2734045157202523,-0.07026524852927503
23,64,devtest,eng_Latn,zho_Hans,0.03779437068547124,-0.2567826469674328
23,64,devtest,eng_Latn,jpn_Jpan,0.10818023399258077,-0.21907985315639553
23,64,devtest,eng_Latn,tur_Latn,0.26428076434427505,-0.10222622254831029
23,64,devtest,eng_Latn,vie_Latn,0.25869323125390786,-0.12761882761592688
23,64,devtest,eng_Latn,ind_Latn,0.33130446781261963,-0.08915166918299375
23,64,devtest,deu_Latn,eng_Latn,0.17314393747772025,-0.2495759659285341
23,64,devtest,deu_Latn,fra_Latn,0.12919663478248447,-0.2988486802149192
23,64,devtest,deu_Latn,spa_Latn,0.1416957386341796,-0.3442790062288883
23,64,devtest,deu_Latn,rus_Cyrl,0.03909400234960311,-0.39352500986919037
23,64,devtest,deu_Latn,hin_Deva,0.20422115544462052,-0.14793824341273862
23,64,devtest,deu_Latn,arb_Arab,0.07684602278332175,-0.3227398933782915
23,64,devtest,deu_Latn,zho_Hans,0.18405656333515255,-0.377382643199298
23,64,devtest,deu_Latn,jpn_Jpan,0.05968071850931024,-0.35240515222225205
23,64,devtest,deu_Latn,tur_Latn,0.16229391427704484,-0.3277170877717016
23,64,devtest,deu_Latn,vie_Latn,0.04191848618002772,-0.3471310223365716
23,64,devtest,deu_Latn,ind_Latn,0.14251939295776467,-0.316680262569389
23,64,devtest,fra_Latn,eng_Latn,0.15678949855972335,-0.22275499311170033
23,64,devtest,fra_Latn,deu_Latn,0.12495311721571192,-0.2787327776628945
23,64,devtest,fra_Latn,spa_Latn,0.14254443362305658,-0.3047294215354113
23,64,devtest,fra_Latn,rus_Cyrl,0.09778450177910478,-0.3546851127343896
23,64,devtest,fra_Latn,hin_Deva,0.1882009788807165,-0.11034126241300862
23,64,devtest,fra_Latn,arb_Arab,0.10319971368857193,-0.3215231198479052
23,64,devtest,fra_Latn,zho_Hans,0.16513355590337303,-0.40088777805113834
23,64,devtest,fra_Latn,jpn_Jpan,0.0847794219810318,-0.41214890203933907
23,64,devtest,fra_Latn,tur_Latn,0.10622989415074495,-0.3024196007345436
23,64,devtest,fra_Latn,vie_Latn,0.07303739525067073,-0.2997132698055074
23,64,devtest,fra_Latn,ind_Latn,0.11504116134899503,-0.27464385890190707
23,64,devtest,spa_Latn,eng_Latn,0.07560560629483726,-0.23723184600062955
23,64,devtest,spa_Latn,deu_Latn,0.11637926051421105,-0.3096064339535126
23,64,devtest,spa_Latn,fra_Latn,0.1549048797318601,-0.29414038660733377
23,64,devtest,spa_Latn,rus_Cyrl,0.07164958767510717,-0.34297246132557874
23,64,devtest,spa_Latn,hin_Deva,0.20379645139766636,-0.09530570332899706
23,64,devtest,spa_Latn,arb_Arab,0.13765988386738806,-0.2789338745833082
23,64,devtest,spa_Latn,zho_Hans,0.14659302348506761,-0.3800737277278004
23,64,devtest,spa_Latn,jpn_Jpan,-0.005735480232229064,-0.3533196586813608
23,64,devtest,spa_Latn,tur_Latn,0.12934050836208788,-0.29733842039501424
23,64,devtest,spa_Latn,vie_Latn,0.04002211555692236,-0.2903801333983671
23,64,devtest,spa_Latn,ind_Latn,0.07462029433198533,-0.28953003319306014
23,64,devtest,rus_Cyrl,eng_Latn,0.04984094877574767,-0.23400018359607447
23,64,devtest,rus_Cyrl,deu_Latn,-0.03005809754859372,-0.3738157715531814
23,64,devtest,rus_Cyrl,fra_Latn,0.031305059490009196,-0.37239348330625976
23,64,devtest,rus_Cyrl,spa_Latn,0.006096803925480007,-0.36521660723203525
23,64,devtest,rus_Cyrl,hin_Deva,0.24588128490354091,-0.11925026308867134
23,64,devtest,rus_Cyrl,arb_Arab,0.012082765075796465,-0.3383841921222507
23,64,devtest,rus_Cyrl,zho_Hans,0.16598711778751593,-0.4043051357257048
23,64,devtest,rus_Cyrl,jpn_Jpan,0.013393145361726574,-0.3577698360736278
23,64,devtest,rus_Cyrl,tur_Latn,-0.023934790322785306,-0.3442775551017026
23,64,devtest,rus_Cyrl,vie_Latn,-0.06559448716884654,-0.3361237294190781
23,64,devtest,rus_Cyrl,ind_Latn,-0.08394800407800064,-0.33500366828641837
23,64,devtest,hin_Deva,eng_Latn,0.15200467640877824,-0.14653336651365004
23,64,devtest,hin_Deva,deu_Latn,0.08803690162297335,-0.3153813185344779
23,64,devtest,hin_Deva,fra_Latn,0.08549138388648989,-0.30265875581830765
23,64,devtest,hin_Deva,spa_Latn,0.08416951842203793,-0.30606658739448533
23,64,devtest,hin_Deva,rus_Cyrl,0.145157588004472,-0.3002627992245344
23,64,devtest,hin_Deva,arb_Arab,0.0749117923819887,-0.31927471389963397
23,64,devtest,hin_Deva,zho_Hans,0.2088660609645184,-0.23038826554752437
23,64,devtest,hin_Deva,jpn_Jpan,0.17718414804181648,-0.23421205405935996
23,64,devtest,hin_Deva,tur_Latn,0.044178657154153145,-0.37440490862039166
23,64,devtest,hin_Deva,vie_Latn,0.08437671481241318,-0.2811338977319448
23,64,devtest,hin_Deva,ind_Latn,0.02191637342957626,-0.26179253293953114
23,64,devtest,arb_Arab,eng_Latn,0.11469866680142135,-0.2568872488538507
23,64,devtest,arb_Arab,deu_Latn,0.05664182960527444,-0.34327866678825036
23,64,devtest,arb_Arab,fra_Latn,0.08102577649130466,-0.37599929739496013
23,64,devtest,arb_Arab,spa_Latn,0.11290361926192001,-0.3434519005747583
23,64,devtest,arb_Arab,rus_Cyrl,0.08064162046702666,-0.37706546445271516
23,64,devtest,arb_Arab,hin_Deva,0.21240838002267742,-0.17670765406076777
23,64,devtest,arb_Arab,zho_Hans,0.22590095533886245,-0.39536790744397715
23,64,devtest,arb_Arab,jpn_Jpan,0.07578039448924333,-0.38491153564567104
23,64,devtest,arb_Arab,tur_Latn,0.04693347274988887,-0.3470378631556094
23,64,devtest,arb_Arab,vie_Latn,0.04279928590172544,-0.33229798294205776
23,64,devtest,arb_Arab,ind_Latn,0.028154888063101575,-0.31915532858842993
23,64,devtest,zho_Hans,eng_Latn,0.09422897787568325,-0.34125417552100706
23,64,devtest,zho_Hans,deu_Latn,0.3627517069784659,-0.2990764946574707
23,64,devtest,zho_Hans,fra_Latn,0.3298059195209205,-0.3563150021116609
23,64,devtest,zho_Hans,spa_Latn,0.32177486547091627,-0.3436969543665505
23,64,devtest,zho_Hans,rus_Cyrl,0.31494000598360034,-0.3255200012855087
23,64,devtest,zho_Hans,hin_Deva,0.3319674824708849,-0.035946140016089166
23,64,devtest,zho_Hans,arb_Arab,0.3722767802816563,-0.28282808666125325
23,64,devtest,zho_Hans,jpn_Jpan,0.2473601684526023,-0.35948740242828353
23,64,devtest,zho_Hans,tur_Latn,0.36333847141456166,-0.2700529425779047
23,64,devtest,zho_Hans,vie_Latn,0.33690994903877697,-0.309645333178716
23,64,devtest,zho_Hans,ind_Latn,0.3734949687166512,-0.2854539261834301
23,64,devtest,jpn_Jpan,eng_Latn,-0.048845874161608085,-0.2975734589414441
23,64,devtest,jpn_Jpan,deu_Latn,0.15240952083039752,-0.27119324938087613
23,64,devtest,jpn_Jpan,fra_Latn,0.189229499488119,-0.3613347376289664
23,64,devtest,jpn_Jpan,spa_Latn,0.08701102189367578,-0.32156056091629165
23,64,devtest,jpn_Jpan,rus_Cyrl,0.11755067673587843,-0.30075380175953365
23,64,devtest,jpn_Jpan,hin_Deva,0.31714575878499074,-0.01510726709518166
23,64,devtest,jpn_Jpan,arb_Arab,0.21953034969713223,-0.27228650348496736
23,64,devtest,jpn_Jpan,zho_Hans,0.12022874918490678,-0.35630355820805526
23,64,devtest,jpn_Jpan,tur_Latn,0.19184588645393785,-0.2705155788292154
23,64,devtest,jpn_Jpan,vie_Latn,0.061339546998013285,-0.3250979501080098
23,64,devtest,jpn_Jpan,ind_Latn,0.183617063402632,-0.2794529171987086
23,64,devtest,tur_Latn,eng_Latn,0.11540658094432217,-0.29937903108776454
23,64,devtest,tur_Latn,deu_Latn,0.1266949066115463,-0.36447547243947964
23,64,devtest,tur_Latn,fra_Latn,0.11550681512929754,-0.36852186413470595
23,64,devtest,tur_Latn,spa_Latn,0.11883558535502997,-0.3852985329701261
23,64,devtest,tur_Latn,rus_Cyrl,0.03865108192793667,-0.39882898099217207
23,64,devtest,tur_Latn,hin_Deva,0.16996507914844533,-0.24150334171243643
23,64,devtest,tur_Latn,arb_Arab,0.07512064688185928,-0.3530932085339015
23,64,devtest,tur_Latn,zho_Hans,0.20428785173065014,-0.38804528530018706
23,64,devtest,tur_Latn,jpn_Jpan,0.07883741033605056,-0.3834165275180016
23,64,devtest,tur_Latn,vie_Latn,0.02817062084729197,-0.353843718607359
23,64,devtest,tur_Latn,ind_Latn,0.06900909361972753,-0.34881190562847225
23,64,devtest,vie_Latn,eng_Latn,0.1348793096544638,-0.2363045259621403
23,64,devtest,vie_Latn,deu_Latn,0.09468144394475032,-0.31670422147923466
23,64,devtest,vie_Latn,fra_Latn,0.12944885809477788,-0.29625905173914546
23,64,devtest,vie_Latn,spa_Latn,0.10748498609303905,-0.2975585981787326
23,64,devtest,vie_Latn,rus_Cyrl,0.04224541063199248,-0.32114233348224397
23,64,devtest,vie_Latn,hin_Deva,0.20683275099391407,-0.09487931767139438
23,64,devtest,vie_Latn,arb_Arab,0.12746998894921735,-0.27128561889472286
23,64,devtest,vie_Latn,zho_Hans,0.20912730067914975,-0.3472578132246717
23,64,devtest,vie_Latn,jpn_Jpan,0.04462427173518316,-0.37767909093957497
23,64,devtest,vie_Latn,tur_Latn,0.08676858370657757,-0.28941898357141094
23,64,devtest,vie_Latn,ind_Latn,0.1941259603867262,-0.22549317530912083
23,64,devtest,ind_Latn,eng_Latn,0.1730721736263203,-0.215335642418576
23,64,devtest,ind_Latn,deu_Latn,0.15085642688345452,-0.3039702938837404
23,64,devtest,ind_Latn,fra_Latn,0.12055716640356799,-0.28229319958103755
23,64,devtest,ind_Latn,spa_Latn,0.10198825279846074,-0.31860072365775616
23,64,devtest,ind_Latn,rus_Cyrl,-0.003796667285764045,-0.3375651466371891
23,64,devtest,ind_Latn,hin_Deva,0.1247166594513303,-0.12132171815220069
23,64,devtest,ind_Latn,arb_Arab,0.08697012947883803,-0.2805343258581462
23,64,devtest,ind_Latn,zho_Hans,0.2230134726141243,-0.3427725486543342
23,64,devtest,ind_Latn,jpn_Jpan,0.11143929544579603,-0.3382298390013592
23,64,devtest,ind_Latn,tur_Latn,0.11208239237301454,-0.3097206920112276
23,64,devtest,ind_Latn,vie_Latn,0.1452081119682595,-0.24325876190761922
23,128,devtest,eng_Latn,deu_Latn,0.34728390616421284,-0.1297010475339344
23,128,devtest,eng_Latn,fra_Latn,0.3088720127787988,-0.1220223104454477
23,128,devtest,eng_Latn,spa_Latn,0.19586415878433072,-0.1691314968531555
23,128,devtest,eng_Latn,rus_Cyrl,0.24046141198689874,-0.12005625351385507
23,128,devtest,eng_Latn,hin_Deva,0.3088209945049275,0.1281643108732821
23,128,devtest,eng_Latn,arb_Arab,0.27066329123588845,-0.08747175566460741
23,128,devtest,eng_Latn,zho_Hans,0.04296705059015053,-0.29377601477047566
23,128,devtest,eng_Latn,jpn_Jpan,0.12267523060663392,-0.2310322320138924
23,128,devtest,eng_Latn,tur_Latn,0.27341223000959375,-0.10058726584540521
23,128,devtest,eng_Latn,vie_Latn,0.26931433160737867,-0.14669810994535837
23,128,devtest,eng_Latn,ind_Latn,0.3518542122698343,-0.11480272652303972
23,128,devtest,deu_Latn,eng_Latn,0.16022377195523468,-0.30880422030039584
23,128,devtest,deu_Latn,fra_Latn,0.1256972929875436,-0.3719343505610435
23,128,devtest,deu_Latn,spa_Latn,0.15750157858449432,-0.3982614032169559
23,128,devtest,deu_Latn,rus_Cyrl,0.060894041118021776,-0.43043661114522397
23,128,devtest,deu_Latn,hin_Deva,0.23012819886089325,-0.16663844760349544
23,128,devtest,deu_Latn,arb_Arab,0.08683333806390368,-0.36856912341684284
23,128,devtest,deu_Latn,zho_Hans,0.18768946745962686,-0.42359362850825244
23,128,devtest,deu_Latn,jpn_Jpan,0.059234385114506294,-0.40888368852716256
23,128,devtest,deu_Latn,tur_Latn,0.16006890500897547,-0.36822046655644886
23,128,devtest,deu_Latn,vie_Latn,0.025234491792464682,-0.3843772665270595
23,128,devtest,deu_Latn,ind_Latn,0.15759396729832298,-0.34082577048187324
23,128,devtest,fra_Latn,eng_Latn,0.1387078375835386,-0.26703868869274516
23,128,devtest,fra_Latn,deu_Latn,0.12043624514646586,-0.3411822286969022
23,128,devtest,fra_Latn,spa_Latn,0.14327801022423403,-0.3470585702768636
23,128,devtest,fra_Latn,rus_Cyrl,0.10706591165405069,-0.39425651374712284
23,128,devtest,fra_Latn,hin_Deva,0.20519624523725485,-0.12191436075814836
23,128,devtest,fra_Latn,arb_Arab,0.113906698884986,-0.33355689531639343
23,128,devtest,fra_Latn,zho_Hans,0.16569929699466332,-0.43755877861336134
23,128,devtest,fra_Latn,jpn_Jpan,0.05887062351113644,-0.42597325102411693
23,128,devtest,fra_Latn,tur_Latn,0.09614212924085291,-0.31768853692798593
23,128,devtest,fra_Latn,vie_Latn,0.04857337068293839,-0.3155494679435462
23,128,devtest,fra_Latn,ind_Latn,0.09770567071484369,-0.29929866578749814
23,128,devtest,spa_Latn,eng_Latn,0.05367458765331675,-0.29931524618670735
23,128,devtest,spa_Latn,deu_Latn,0.1324167590742558,-0.35374136528471745
23,128,devtest,spa_Latn,fra_Latn,0.15901631219927614,-0.3331058825808907
23,128,devtest,spa_Latn,rus_Cyrl,0.08541151510208596,-0.3827045170201122
23,128,devtest,spa_Latn,hin_Deva,0.21415466264063832,-0.09779406109937891
23,128,devtest,spa_Latn,arb_Arab,0.13462474408755062,-0.30365216912298265
23,128,devtest,spa_Latn,zho_Hans,0.14745113132102883,-0.41631513072917326
23,128,devtest,spa_Latn,jpn_Jpan,-0.028461836364010017,-0.3836980016255968
23,128,devtest,spa_Latn,tur_Latn,0.1303235223401355,-0.3143515829039434
23,128,devtest,spa_Latn,vie_Latn,0.028284260860096003,-0.3153694970948274
23,128,devtest,spa_Latn,ind_Latn,0.0762635000541018,-0.30758899900668224
23,128,devtest,rus_Cyrl,eng_Latn,0.018210651529500983,-0.3013416691621957
23,128,devtest,rus_Cyrl,deu_Latn,-0.027672424801469437,-0.40957489193347896
23,128,devtest,rus_Cyrl,fra_Latn,0.021364728153824408,-0.4199758083496179
23,128,devtest,rus_Cyrl,spa_Latn,0.00810673495947895,-0.41584692982734545
23,128,devtest,rus_Cyrl,hin_Deva,0.2805795755535347,-0.13094345593663687
23,128,devtest,rus_Cyrl,arb_Arab,0.025777308128907096,-0.3678996317059116
23,128,devtest,rus_Cyrl,zho_Hans,0.15664070136151462,-0.4551399242549932
23,128,devtest,rus_Cyrl,jpn_Jpan,0.001956407637386006,-0.42847395447023723
23,128,devtest,rus_Cyrl,tur_Latn,-0.039834855243616886,-0.3655546992334493
23,128,devtest,rus_Cyrl,vie_Latn,-0.07493740139826584,-0.38965786505040567
23,128,devtest,rus_Cyrl,ind_Latn,-0.0908620702600911,-0.38108099536498174
23,128,devtest,hin_Deva,eng_Latn,0.1516557766851891,-0.17157086361203283
23,128,devtest,hin_Deva,deu_Latn,0.09435976119191226,-0.3579545995219653
23,128,devtest,hin_Deva,fra_Latn,0.08431474550573964,-0.34375961644784025
23,128,devtest,hin_Deva,spa_Latn,0.06684810159924366,-0.3437924647796681
23,128,devtest,hin_Deva,rus_Cyrl,0.1634771256520986,-0.3344013445978091
23,128,devtest,hin_Deva,arb_Arab,0.0885705769848661,-0.3522340213389159
23,128,devtest,hin_Deva,zho_Hans,0.22593350661029435,-0.26146065686167586
23,128,devtest,hin_Deva,jpn_Jpan,0.18130081260573663,-0.26624063019138045
23,128,devtest,hin_Deva,tur_Latn,0.04896265818678923,-0.39469738647397595
23,128,devtest,hin_Deva,vie_Latn,0.08533640099932087,-0.3210109812276828
23,128,devtest,hin_Deva,ind_Latn,0.030083381414966588,-0.2998404074327859
23,128,devtest,arb_Arab,eng_Latn,0.07800908156922709,-0.31350369745399764
23,128,devtest,arb_Arab,deu_Latn,0.055678324224830274,-0.3920337781848559
23,128,devtest,arb_Arab,fra_Latn,0.0810154534670302,-0.3972987034806863
23,128,devtest,arb_Arab,spa_Latn,0.10191266850592393,-0.3822112871719652
23,128,devtest,arb_Arab,rus_Cyrl,0.10533130384604729,-0.40197317104808983
23,128,devtest,arb_Arab,hin_Deva,0.23864143829917234,-0.19407890723637888
23,128,devtest,arb_Arab,zho_Hans,0.21244364209231165,-0.4214562467228528
23,128,devtest,arb_Arab,jpn_Jpan,0.06482422398629664,-0.4144530335617277
23,128,devtest,arb_Arab,tur_Latn,0.06396379960736634,-0.38252279138129996
23,128,devtest,arb_Arab,vie_Latn,0.03618853726401757,-0.3598438890804536
23,128,devtest,arb_Arab,ind_Latn,0.03965092185887502,-0.356246538966214
23,128,devtest,zho_Hans,eng_Latn,0.10133408723290775,-0.3852347978359049
23,128,devtest,zho_Hans,deu_Latn,0.39775989743476475,-0.31974160199684354
23,128,devtest,zho_Hans,fra_Latn,0.3566643565442797,-0.3764942671568551
23,128,devtest,zho_Hans,spa_Latn,0.3584051081694282,-0.36843426794893075
23,128,devtest,zho_Hans,rus_Cyrl,0.3377022101888995,-0.35337187148838234
23,128,devtest,zho_Hans,hin_Deva,0.36926148866141173,-0.03211273919026426
23,128,devtest,zho_Hans,arb_Arab,0.389383225710613,-0.2897952742610432
23,128,devtest,zho_Hans,jpn_Jpan,0.28086990653215754,-0.38274757108976043
23,128,devtest,zho_Hans,tur_Latn,0.3942062463713648,-0.2823107279801056
23,128,devtest,zho_Hans,vie_Latn,0.3760618409461014,-0.33183423989324795
23,128,devtest,zho_Hans,ind_Latn,0.4119395927829518,-0.2979321386785831
23,128,devtest,jpn_Jpan,eng_Latn,-0.06334743271500032,-0.32992354860209416
23,128,devtest,jpn_Jpan,deu_Latn,0.16760953161471165,-0.3163342659948819
23,128,devtest,jpn_Jpan,fra_Latn,0.18701986264635345,-0.376470927017485
23,128,devtest,jpn_Jpan,spa_Latn,0.07482379508295393,-0.35428309192525725
23,128,devtest,jpn_Jpan,rus_Cyrl,0.12477535726957216,-0.3559980218141604
23,128,devtest,jpn_Jpan,hin_Deva,0.3440236758275447,-0.02283822805198314
23,128,devtest,jpn_Jpan,arb_Arab,0.23380709415260442,-0.29439416548322705
23,128,devtest,jpn_Jpan,zho_Hans,0.12796497246248467,-0.3874043744569909
23,128,devtest,jpn_Jpan,tur_Latn,0.2056441685989749,-0.2878048391935891
23,128,devtest,jpn_Jpan,vie_Latn,0.06969079545635874,-0.3541706435279867
23,128,devtest,jpn_Jpan,ind_Latn,0.20053579668855506,-0.3055560201477857
23,128,devtest,tur_Latn,eng_Latn,0.10725523360142519,-0.33337046755480615
23,128,devtest,tur_Latn,deu_Latn,0.11312365108203636,-0.40596930834632433
23,128,devtest,tur_Latn,fra_Latn,0.10508075082732707,-0.3956904910406104
23,128,devtest,tur_Latn,spa_Latn,0.10561661827729996,-0.4167970719106509
23,128,devtest,tur_Latn,rus_Cyrl,0.02961734570508991,-0.42677354117722544
23,128,devtest,tur_Latn,hin_Deva,0.19542806805544133,-0.25038882494799186
23,128,devtest,tur_Latn,arb_Arab,0.09847308587768416,-0.3967127088577134
23,128,devtest,tur_Latn,zho_Hans,0.22077205500208502,-0.4238012903508017
23,128,devtest,tur_Latn,jpn_Jpan,0.06556206792797933,-0.41765328481422465
23,128,devtest,tur_Latn,vie_Latn,0.015331008765258912,-0.3807352557346908
23,128,devtest,tur_Latn,ind_Latn,0.0712435275568919,-0.3812266977578872
23,128,devtest,vie_Latn,eng_Latn,0.12873265533041914,-0.27249958624398346
23,128,devtest,vie_Latn,deu_Latn,0.09275381064266972,-0.3498142591134666
23,128,devtest,vie_Latn,fra_Latn,0.12316573865852486,-0.308622447299212
23,128,devtest,vie_Latn,spa_Latn,0.10401895658811984,-0.32539693267088987
23,128,devtest,vie_Latn,rus_Cyrl,0.05592601342776789,-0.3653303139083483
23,128,devtest,vie_Latn,hin_Deva,0.22760782017491932,-0.10655346569452509
23,128,devtest,vie_Latn,arb_Arab,0.13553465279461654,-0.28700342492662184
23,128,devtest,vie_Latn,zho_Hans,0.22060523458644676,-0.3786904225437186
23,128,devtest,vie_Latn,jpn_Jpan,0.04590678460179038,-0.4084843255076714
23,128,devtest,vie_Latn,tur_Latn,0.08793058474139757,-0.3021929805700425
23,128,devtest,vie_Latn,ind_Latn,0.19865492257006098,-0.25019111667583877
23,128,devtest,ind_Latn,eng_Latn,0.16768812396327273,-0.272080342294464
23,128,devtest,ind_Latn,deu_Latn,0.16431369065530965,-0.3297966710141643
23,128,devtest,ind_Latn,fra_Latn,0.10736415851406687,-0.3107001425751914
23,128,devtest,ind_Latn,spa_Latn,0.09888341747691431,-0.3357996107967892
23,128,devtest,ind_Latn,rus_Cyrl,0.006414943326589697,-0.3786746984770984
23,128,devtest,ind_Latn,hin_Deva,0.151932693827358,-0.13420406597604284
23,128,devtest,ind_Latn,arb_Arab,0.11213706996184025,-0.3138819325890475
23,128,devtest,ind_Latn,zho_Hans,0.23865235060557027,-0.3703222199059745
23,128,devtest,ind_Latn,jpn_Jpan,0.11649841139216528,-0.37514163040288223
23,128,devtest,ind_Latn,tur_Latn,0.11560348859054599,-0.3403975807027507
23,128,devtest,ind_Latn,vie_Latn,0.1428000112221456,-0.2724670138555255
23,256,devtest,eng_Latn,deu_Latn,0.37686877198123786,-0.12875941477147723
23,256,devtest,eng_Latn,fra_Latn,0.3196986823237837,-0.14462109123748154
23,256,devtest,eng_Latn,spa_Latn,0.22536675456573216,-0.1941504553087977
23,256,devtest,eng_Latn,rus_Cyrl,0.2658090360185808,-0.14248837959399485
23,256,devtest,eng_Latn,hin_Deva,0.3325833660779853,0.13616758398437004
23,256,devtest,eng_Latn,arb_Arab,0.2829991748201981,-0.09468995496267141
23,256,devtest,eng_Latn,zho_Hans,0.0396234554091878,-0.3110965539554008
23,256,devtest,eng_Latn,jpn_Jpan,0.12639420808513668,-0.25722664831194497
23,256,devtest,eng_Latn,tur_Latn,0.29478430879857154,-0.09483782395761914
23,256,devtest,eng_Latn,vie_Latn,0.29024617990296503,-0.1584526302966351
23,256,devtest,eng_Latn,ind_Latn,0.3607661731502404,-0.12606147975127577
23,256,devtest,deu_Latn,eng_Latn,0.16617469809070368,-0.33753566074576336
23,256,devtest,deu_Latn,fra_Latn,0.12860628424975365,-0.39557167167244844
23,256,devtest,deu_Latn,spa_Latn,0.1560583034180192,-0.4310618873487078
23,256,devtest,deu_Latn,rus_Cyrl,0.07036850253869414,-0.4633283284885275
23,256,devtest,deu_Latn,hin_Deva,0.2501516543858155,-0.17695712578923925
23,256,devtest,deu_Latn,arb_Arab,0.09207055565666107,-0.4056263868341319
23,256,devtest,deu_Latn,zho_Hans,0.20667581322871684,-0.45608291802373385
23,256,devtest,deu_Latn,jpn_Jpan,0.05043561571664517,-0.43357045464152244
23,256,devtest,deu_Latn,tur_Latn,0.1642607025713697,-0.38159225718191625
23,256,devtest,deu_Latn,vie_Latn,0.02877163382597913,-0.4003943532763936
23,256,devtest,deu_Latn,ind_Latn,0.15576630311287332,-0.3768658491324089
23,256,devtest,fra_Latn,eng_Latn,0.12164859714031148,-0.30918318875337486
23,256,devtest,fra_Latn,deu_Latn,0.12253324458624017,-0.35581946395173963
23,256,devtest,fra_Latn,spa_Latn,0.13045869947922525,-0.38190241994571444
23,256,devtest,fra_Latn,rus_Cyrl,0.11526303079634372,-0.4113284407399803
23,256,devtest,fra_Latn,hin_Deva,0.22313095820216414,-0.11997354663811755
23,256,devtest,fra_Latn,arb_Arab,0.12266116770096218,-0.3525980004215312
23,256,devtest,fra_Latn,zho_Hans,0.1729145713694236,-0.46293849236198376
23,256,devtest,fra_Latn,jpn_Jpan,0.04680609852654718,-0.4475929380656022
23,256,devtest,fra_Latn,tur_Latn,0.10358893093028715,-0.323947194181219
23,256,devtest,fra_Latn,vie_Latn,0.03788070202092737,-0.35031753437195934
23,256,devtest,fra_Latn,ind_Latn,0.08294433005525972,-0.3369824060547462
23,256,devtest,spa_Latn,eng_Latn,0.05695792342536074,-0.3429444370182404
23,256,devtest,spa_Latn,deu_Latn,0.13377443477003179,-0.3767553723521884
23,256,devtest,spa_Latn,fra_Latn,0.15113217608054044,-0.37181713541968614
23,256,devtest,spa_Latn,rus_Cyrl,0.07998404364898878,-0.417935423506037
23,256,devtest,spa_Latn,hin_Deva,0.2398096135846989,-0.10657370170483811
23,256,devtest,spa_Latn,arb_Arab,0.14117317503409266,-0.3293486285561919
23,256,devtest,spa_Latn,zho_Hans,0.1546083093331318,-0.4640701067751099
23,256,devtest,spa_Latn,jpn_Jpan,-0.02699324111786612,-0.4162190133419828
23,256,devtest,spa_Latn,tur_Latn,0.13724489967609904,-0.32092415685867565
23,256,devtest,spa_Latn,vie_Latn,0.022412615363669595,-0.3393755970096929
23,256,devtest,spa_Latn,ind_Latn,0.08006586421097033,-0.3448214543879765
23,256,devtest,rus_Cyrl,eng_Latn,0.014312901260292662,-0.35619324251506723
23,256,devtest,rus_Cyrl,deu_Latn,-0.031283537639695574,-0.4354519886983337
23,256,devtest,rus_Cyrl,fra_Latn,0.013776591917680546,-0.44209083179718606
23,256,devtest,rus_Cyrl,spa_Latn,-0.0102606336097526,-0.45828427309569925
23,256,devtest,rus_Cyrl,hin_Deva,0.30422617172048894,-0.14360566039765035
23,256,devtest,rus_Cyrl,arb_Arab,0.01753324418402674,-0.39470588894533026
23,256,devtest,rus_Cyrl,zho_Hans,0.15764387341046424,-0.49226357561369993
23,256,devtest,rus_Cyrl,jpn_Jpan,-0.025020844468095518,-0.4632560234795031
23,256,devtest,rus_Cyrl,tur_Latn,-0.04914784254549039,-0.37978574310451724
23,256,devtest,rus_Cyrl,vie_Latn,-0.09413698935035093,-0.42238443781591195
23,256,devtest,rus_Cyrl,ind_Latn,-0.10833044967491895,-0.4211336586213032
23,256,devtest,hin_Deva,eng_Latn,0.15153056862830938,-0.19315553615177092
23,256,devtest,hin_Deva,deu_Latn,0.09108148348707384,-0.37666252075447293
23,256,devtest,hin_Deva,fra_Latn,0.07817505534494402,-0.360044871909913
23,256,devtest,hin_Deva,spa_Latn,0.06439150115430749,-0.37368554245990127
23,256,devtest,hin_Deva,rus_Cyrl,0.14983294310730294,-0.3628088328209961
23,256,devtest,hin_Deva,arb_Arab,0.07754104363776919,-0.37160547116952375
23,256,devtest,hin_Deva,zho_Hans,0.24092452563434988,-0.2831702993821508
23,256,devtest,hin_Deva,jpn_Jpan,0.17620931855707372,-0.2900198765439971
23,256,devtest,hin_Deva,tur_Latn,0.037753998470907345,-0.41996836625495654
23,256,devtest,hin_Deva,vie_Latn,0.08769297957077662,-0.34313472495611974
23,256,devtest,hin_Deva,ind_Latn,0.02632628171464542,-0.32999112856902213
23,256,devtest,arb_Arab,eng_Latn,0.06906874902833614,-0.3405588528191078
23,256,devtest,arb_Arab,deu_Latn,0.0530951161558248,-0.42910770959074424
23,256,devtest,arb_Arab,fra_Latn,0.08272563062870404,-0.4248790956498616
23,256,devtest,arb_Arab,spa_Latn,0.09870013410993728,-0.4160450713661229
23,256,devtest,arb_Arab,rus_Cyrl,0.1067831685103355,-0.4336320968936459
23,256,devtest,arb_Arab,hin_Deva,0.25637645358381694,-0.1991230525697201
23,256,devtest,arb_Arab,zho_Hans,0.21822975492402172,-0.4547448947623015
23,256,devtest,arb_Arab,jpn_Jpan,0.04134248581323434,-0.442879091761886
23,256,devtest,arb_Arab,tur_Latn,0.059384007490647886,-0.3933810319711584
23,256,devtest,arb_Arab,vie_Latn,0.032847268378610246,-0.3893872929859689
23,256,devtest,arb_Arab,ind_Latn,0.03461598672486995,-0.39077069394083436
23,256,devtest,zho_Hans,eng_Latn,0.10063444585092347,-0.42144976850179044
23,256,devtest,zho_Hans,deu_Latn,0.4460351776505915,-0.3339645272562549
23,256,devtest,zho_Hans,fra_Latn,0.39197591097851514,-0.3953056271921083
23,256,devtest,zho_Hans,spa_Latn,0.39588472969891075,-0.40946080389941
23,256,devtest,zho_Hans,rus_Cyrl,0.36452777065193387,-0.3747838275540151
23,256,devtest,zho_Hans,hin_Deva,0.40599978499523676,-0.026952966175058414
23,256,devtest,zho_Hans,arb_Arab,0.4170273347549251,-0.30873805192193526
23,256,devtest,zho_Hans,jpn_Jpan,0.30088344446300214,-0.4068917433574484
23,256,devtest,zho_Hans,tur_Latn,0.41840474761903373,-0.2883620616739067
23,256,devtest,zho_Hans,vie_Latn,0.4053002286221794,-0.35453333557660843
23,256,devtest,zho_Hans,ind_Latn,0.4291559123009931,-0.3201841117677337
23,256,devtest,jpn_Jpan,eng_Latn,-0.08060600629607774,-0.3728993427227382
23,256,devtest,jpn_Jpan,deu_Latn,0.17866462597871194,-0.33359783208337734
23,256,devtest,jpn_Jpan,fra_Latn,0.19292485095511822,-0.39433383991013504
23,256,devtest,jpn_Jpan,spa_Latn,0.08457589347389091,-0.38361194471851195
23,256,devtest,jpn_Jpan,rus_Cyrl,0.12535786300714857,-0.38498067859938034
23,256,devtest,jpn_Jpan,hin_Deva,0.3661882844960588,-0.030272629244359466
23,256,devtest,jpn_Jpan,arb_Arab,0.22941017299132105,-0.3153611295663042
23,256,devtest,jpn_Jpan,zho_Hans,0.12485524932609378,-0.41526072151919485
23,256,devtest,jpn_Jpan,tur_Latn,0.21700197460614173,-0.2983326651480425
23,256,devtest,jpn_Jpan,vie_Latn,0.07201252310025946,-0.3714636157092914
23,256,devtest,jpn_Jpan,ind_Latn,0.2051385808952982,-0.32263273368402884
23,256,devtest,tur_Latn,eng_Latn,0.10530628914262107,-0.357962696927806
23,256,devtest,tur_Latn,deu_Latn,0.11113428191418345,-0.4244052957349122
23,256,devtest,tur_Latn,fra_Latn,0.11032203201105208,-0.4157416058285544
23,256,devtest,tur_Latn,spa_Latn,0.10640705972445316,-0.4359111527542427
23,256,devtest,tur_Latn,rus_Cyrl,0.028767324757084885,-0.4488053326673257
23,256,devtest,tur_Latn,hin_Deva,0.2105453570966133,-0.2652109952042294
23,256,devtest,tur_Latn,arb_Arab,0.09687445101232045,-0.41222427849614174
23,256,devtest,tur_Latn,zho_Hans,0.21584861432836008,-0.4431500683704183
23,256,devtest,tur_Latn,jpn_Jpan,0.05993015939256028,-0.44102433172771827
23,256,devtest,tur_Latn,vie_Latn,0.00584793282303302,-0.4008108688712055
23,256,devtest,tur_Latn,ind_Latn,0.0739638759102198,-0.3977577036678366
23,256,devtest,vie_Latn,eng_Latn,0.13175067737780044,-0.3014118840839866
23,256,devtest,vie_Latn,deu_Latn,0.10732114504594843,-0.35586114970389804
23,256,devtest,vie_Latn,fra_Latn,0.12156868691118113,-0.34563023106547114
23,256,devtest,vie_Latn,spa_Latn,0.10729475625828154,-0.35012404946305
23,256,devtest,vie_Latn,rus_Cyrl,0.05890823257061566,-0.3884247590167121
23,256,devtest,vie_Latn,hin_Deva,0.2532890327254263,-0.10934347571016953
23,256,devtest,vie_Latn,arb_Arab,0.1518865962714006,-0.3078003342979014
23,256,devtest,vie_Latn,zho_Hans,0.2184129489091119,-0.4084638494889114
23,256,devtest,vie_Latn,jpn_Jpan,0.039371656531223084,-0.42285068120465163
23,256,devtest,vie_Latn,tur_Latn,0.0939533170723815,-0.30870135144745714
23,256,devtest,vie_Latn,ind_Latn,0.20805502016275434,-0.2703582637606314
23,256,devtest,ind_Latn,eng_Latn,0.15344218497400464,-0.29862414826676575
23,256,devtest,ind_Latn,deu_Latn,0.1642769100405339,-0.35766529749962583
23,256,devtest,ind_Latn,fra_Latn,0.09338395308256509,-0.34816828622446455
23,256,devtest,ind_Latn,spa_Latn,0.09831726687330383,-0.37235704296927896
23,256,devtest,ind_Latn,rus_Cyrl,0.00754360291782847,-0.4106844357333588
23,256,devtest,ind_Latn,hin_Deva,0.17263599556326195,-0.14315902023682897
23,256,devtest,ind_Latn,arb_Arab,0.1118715260863705,-0.33741051795497545
23,256,devtest,ind_Latn,zho_Hans,0.22227311790925292,-0.40605585166628094
23,256,devtest,ind_Latn,jpn_Jpan,0.10919442882344904,-0.39768802647025264
23,256,devtest,ind_Latn,tur_Latn,0.11885760516406954,-0.3443328885481415
23,256,devtest,ind_Latn,vie_Latn,0.14040946524381637,-0.29462894801505757
24,64,devtest,eng_Latn,deu_Latn,0.29817488460926345,-0.053202051333812395
24,64,devtest,eng_Latn,fra_Latn,0.2661648288998632,-0.06497549474652796
24,64,devtest,eng_Latn,spa_Latn,0.17553331592203908,-0.07932462144921937
24,64,devtest,eng_Latn,rus_Cyrl,0.22465453918007086,-0.02761888377909367
24,64,devtest,eng_Latn,hin_Deva,0.19975950331511363,0.17634087317162545
24,64,devtest,eng_Latn,arb_Arab,0.24868303073266243,-0.005293795048145297
24,64,devtest,eng_Latn,zho_Hans,0.03770998263700619,-0.2264461250497951
24,64,devtest,eng_Latn,jpn_Jpan,0.12770862730033247,-0.13566597364386376
24,64,devtest,eng_Latn,tur_Latn,0.23200658085419296,-0.03475543975372665
24,64,devtest,eng_Latn,vie_Latn,0.2347906883800274,-0.07486120908044226
24,64,devtest,eng_Latn,ind_Latn,0.2867733088089137,-0.022790035208175585
24,64,devtest,deu_Latn,eng_Latn,0.12676904466120006,-0.24490989331321228
24,64,devtest,deu_Latn,fra_Latn,0.10958015309896314,-0.32447623291391103
24,64,devtest,deu_Latn,spa_Latn,0.12988810068413933,-0.3472377833354928
24,64,devtest,deu_Latn,rus_Cyrl,0.04627713714426047,-0.40341738505744407
24,64,devtest,deu_Latn,hin_Deva,0.17945539387126197,-0.11769031699621031
24,64,devtest,deu_Latn,arb_Arab,0.07783135197303236,-0.31638599324236216
24,64,devtest,deu_Latn,zho_Hans,0.1614413485801331,-0.3707152485819918
24,64,devtest,deu_Latn,jpn_Jpan,0.05864855082275063,-0.35266973076490377
24,64,devtest,deu_Latn,tur_Latn,0.1523775641969783,-0.3170257400422236
24,64,devtest,deu_Latn,vie_Latn,0.03666261922674012,-0.35893718773217975
24,64,devtest,deu_Latn,ind_Latn,0.12971836669122533,-0.32071684743751266
24,64,devtest,fra_Latn,eng_Latn,0.11284086151317137,-0.23121266106029362
24,64,devtest,fra_Latn,deu_Latn,0.10045519428789867,-0.30298859812918866
24,64,devtest,fra_Latn,spa_Latn,0.11285482394102865,-0.3175032719211573
24,64,devtest,fra_Latn,rus_Cyrl,0.112628022300211,-0.3572696650029036
24,64,devtest,fra_Latn,hin_Deva,0.16064394011910255,-0.07282062566515256
24,64,devtest,fra_Latn,arb_Arab,0.08299068281674951,-0.30260722502848114
24,64,devtest,fra_Latn,zho_Hans,0.13770075793306352,-0.38157603137839347
24,64,devtest,fra_Latn,jpn_Jpan,0.08040921569983045,-0.40512022989878815
24,64,devtest,fra_Latn,tur_Latn,0.09133689871375753,-0.28557380175259645
24,64,devtest,fra_Latn,vie_Latn,0.057837025785133174,-0.3015912375985106
24,64,devtest,fra_Latn,ind_Latn,0.11133083994525649,-0.2697086595827292
24,64,devtest,spa_Latn,eng_Latn,0.04734553324767136,-0.21769971835819177
24,64,devtest,spa_Latn,deu_Latn,0.10030836519097693,-0.3045856148925878
24,64,devtest,spa_Latn,fra_Latn,0.1298395032034011,-0.2964118487552339
24,64,devtest,spa_Latn,rus_Cyrl,0.08276122690210012,-0.3312877555766524
24,64,devtest,spa_Latn,hin_Deva,0.16548102194097136,-0.060086315597024736
24,64,devtest,spa_Latn,arb_Arab,0.12409914877541987,-0.26269717568008694
24,64,devtest,spa_Latn,zho_Hans,0.13238910850108176,-0.3554251653642112
24,64,devtest,spa_Latn,jpn_Jpan,-0.010936813198161258,-0.3452162985357283
24,64,devtest,spa_Latn,tur_Latn,0.12029683649683716,-0.2853102756082323
24,64,devtest,spa_Latn,vie_Latn,0.023430088506870526,-0.3078741081811742
24,64,devtest,spa_Latn,ind_Latn,0.07426557213777875,-0.27520363873007736
24,64,devtest,rus_Cyrl,eng_Latn,0.04111759578704605,-0.21817748208795792
24,64,devtest,rus_Cyrl,deu_Latn,-0.022223785779723917,-0.3828249398965949
24,64,devtest,rus_Cyrl,fra_Latn,0.04134655895165108,-0.37401717835493203
24,64,devtest,rus_Cyrl,spa_Latn,0.015320382083497305,-0.3595907250692457
24,64,devtest,rus_Cyrl,hin_Deva,0.21672690639361297,-0.08916198994466723
24,64,devtest,rus_Cyrl,arb_Arab,0.021414656412343018,-0.3398818674489416
24,64,devtest,rus_Cyrl,zho_Hans,0.14697595959438048,-0.3997075840353537
24,64,devtest,rus_Cyrl,jpn_Jpan,0.007872858553987953,-0.36801927886030217
24,64,devtest,rus_Cyrl,tur_Latn,-0.042433647357501734,-0.32563340355486914
24,64,devtest,rus_Cyrl,vie_Latn,-0.06873416003525418,-0.34670088327926224
24,64,devtest,rus_Cyrl,ind_Latn,-0.0830271405885764,-0.3316551899603056
24,64,devtest,hin_Deva,eng_Latn,0.04700039138026664,-0.15391392385949687
24,64,devtest,hin_Deva,deu_Latn,0.05585581263224006,-0.34597400509379983
24,64,devtest,hin_Deva,fra_Latn,0.058325770598312815,-0.31987158283137856
24,64,devtest,hin_Deva,spa_Latn,0.04537250624087842,-0.32368014846919735
24,64,devtest,hin_Deva,rus_Cyrl,0.1009447658277357,-0.3171481189368828
24,64,devtest,hin_Deva,arb_Arab,0.05342573875676759,-0.3427946281998052
24,64,devtest,hin_Deva,zho_Hans,0.14525023264875575,-0.24625565624013426
24,64,devtest,hin_Deva,jpn_Jpan,0.13069341898279874,-0.2558241435905492
24,64,devtest,hin_Deva,tur_Latn,0.008789823768379374,-0.3788755629540286
24,64,devtest,hin_Deva,vie_Latn,0.0214096613392234,-0.30964324627306417
24,64,devtest,hin_Deva,ind_Latn,-0.0037525378440125814,-0.3103671065934914
24,64,devtest,arb_Arab,eng_Latn,0.07740581592811846,-0.260752262777839
24,64,devtest,arb_Arab,deu_Latn,0.05258187653195003,-0.36405799222385077
24,64,devtest,arb_Arab,fra_Latn,0.061234993108875056,-0.3766821267988368
24,64,devtest,arb_Arab,spa_Latn,0.08979221812415124,-0.35654216607916583
24,64,devtest,arb_Arab,rus_Cyrl,0.0963378300714008,-0.39519434754740806
24,64,devtest,arb_Arab,hin_Deva,0.19210495136368236,-0.1826005180165594
24,64,devtest,arb_Arab,zho_Hans,0.19940280053949505,-0.379750439728152
24,64,devtest,arb_Arab,jpn_Jpan,0.055417885084129065,-0.37803568509875984
24,64,devtest,arb_Arab,tur_Latn,0.05650084423377081,-0.36110954728911376
24,64,devtest,arb_Arab,vie_Latn,0.022061333232766503,-0.341254541419845
24,64,devtest,arb_Arab,ind_Latn,0.012835778609834035,-0.33735327080272154
24,64,devtest,zho_Hans,eng_Latn,0.0929743927884625,-0.3228256057839011
24,64,devtest,zho_Hans,deu_Latn,0.32560777616229364,-0.2652737075421837
24,64,devtest,zho_Hans,fra_Latn,0.29722762829235333,-0.31539872300477145
24,64,devtest,zho_Hans,spa_Latn,0.29812848180093404,-0.29786008501556793
24,64,devtest,zho_Hans,rus_Cyrl,0.2851977609977068,-0.28143150798543887
24,64,devtest,zho_Hans,hin_Deva,0.2460151132099044,0.019198457193407938
24,64,devtest,zho_Hans,arb_Arab,0.3536321719303463,-0.21517714214579942
24,64,devtest,zho_Hans,jpn_Jpan,0.2422360014560445,-0.31184975004126486
24,64,devtest,zho_Hans,tur_Latn,0.32325406248028554,-0.2037856663898768
24,64,devtest,zho_Hans,vie_Latn,0.29596341783371616,-0.275436392191284
24,64,devtest,zho_Hans,ind_Latn,0.33059073080732054,-0.2398460416562875
24,64,devtest,jpn_Jpan,eng_Latn,-0.03798600671864627,-0.2561601091301103
24,64,devtest,jpn_Jpan,deu_Latn,0.16017034450081263,-0.2663519813767082
24,64,devtest,jpn_Jpan,fra_Latn,0.20356466700395456,-0.346943868026559
24,64,devtest,jpn_Jpan,spa_Latn,0.09807586323610974,-0.3090906348620966
24,64,devtest,jpn_Jpan,rus_Cyrl,0.11834231025385843,-0.2990556707684194
24,64,devtest,jpn_Jpan,hin_Deva,0.28430704803073903,0.022148671312423544
24,64,devtest,jpn_Jpan,arb_Arab,0.21964865276826634,-0.24133637880073425
24,64,devtest,jpn_Jpan,zho_Hans,0.11467626472645082,-0.32876752009646404
24,64,devtest,jpn_Jpan,tur_Latn,0.18817773591890877,-0.24462635183231865
24,64,devtest,jpn_Jpan,vie_Latn,0.0681405221024142,-0.32547158970424916
24,64,devtest,jpn_Jpan,ind_Latn,0.1826969488767184,-0.26945563838095543
24,64,devtest,tur_Latn,eng_Latn,0.08828640776926953,-0.3000405690639291
24,64,devtest,tur_Latn,deu_Latn,0.11213812912179147,-0.3716379541036667
24,64,devtest,tur_Latn,fra_Latn,0.10075115665820208,-0.38226703882796936
24,64,devtest,tur_Latn,spa_Latn,0.11698215580894247,-0.40455685516639406
24,64,devtest,tur_Latn,rus_Cyrl,0.037121931155606754,-0.399528350379421
24,64,devtest,tur_Latn,hin_Deva,0.14639341067597794,-0.23459441337652373
24,64,devtest,tur_Latn,arb_Arab,0.08229186082949928,-0.36616825772395806
24,64,devtest,tur_Latn,zho_Hans,0.18236750292210577,-0.36810010885253946
24,64,devtest,tur_Latn,jpn_Jpan,0.07400625743390432,-0.39207119389998657
24,64,devtest,tur_Latn,vie_Latn,0.02214253313922622,-0.36325623800400675
24,64,devtest,tur_Latn,ind_Latn,0.061294481416355635,-0.3780678138558116
24,64,devtest,vie_Latn,eng_Latn,0.09900284762999553,-0.21804274081081307
24,64,devtest,vie_Latn,deu_Latn,0.08134247901852852,-0.32674869821555225
24,64,devtest,vie_Latn,fra_Latn,0.11816476726723792,-0.29105383688418074
24,64,devtest,vie_Latn,spa_Latn,0.08572532835561857,-0.31834857815810513
24,64,devtest,vie_Latn,rus_Cyrl,0.04583611159417275,-0.3196410750838263
24,64,devtest,vie_Latn,hin_Deva,0.15769085426903864,-0.06740132282124069
24,64,devtest,vie_Latn,arb_Arab,0.11375499927815466,-0.24898894918958622
24,64,devtest,vie_Latn,zho_Hans,0.17576581323304777,-0.33209900340757603
24,64,devtest,vie_Latn,jpn_Jpan,0.04256172392208225,-0.375689003866714
24,64,devtest,vie_Latn,tur_Latn,0.09278836334317045,-0.2653394425047071
24,64,devtest,vie_Latn,ind_Latn,0.17292815562911268,-0.23469458336782686
24,64,devtest,ind_Latn,eng_Latn,0.12914363321647326,-0.2021479222211861
24,64,devtest,ind_Latn,deu_Latn,0.14364545186132918,-0.3249356508002697
24,64,devtest,ind_Latn,fra_Latn,0.11459005455331613,-0.2889610803533776
24,64,devtest,ind_Latn,spa_Latn,0.10568978636393915,-0.3195898283179392
24,64,devtest,ind_Latn,rus_Cyrl,0.004078742446596747,-0.3444575969641393
24,64,devtest,ind_Latn,hin_Deva,0.09534813445289993,-0.1350845256340444
24,64,devtest,ind_Latn,arb_Arab,0.075995763412083,-0.28616496076152104
24,64,devtest,ind_Latn,zho_Hans,0.1916156944727197,-0.33506477525976885
24,64,devtest,ind_Latn,jpn_Jpan,0.10596073246708884,-0.34130397281227803
24,64,devtest,ind_Latn,tur_Latn,0.10176595176411116,-0.32585708565819416
24,64,devtest,ind_Latn,vie_Latn,0.1277476142130017,-0.26999623837705744
24,128,devtest,eng_Latn,deu_Latn,0.3332504935333228,-0.0646476899363144
24,128,devtest,eng_Latn,fra_Latn,0.2863077783626712,-0.0816052992633488
24,128,devtest,eng_Latn,spa_Latn,0.1995105027288668,-0.10764699162507271
24,128,devtest,eng_Latn,rus_Cyrl,0.24251901322709077,-0.04899987195518122
24,128,devtest,eng_Latn,hin_Deva,0.2190912457480746,0.19346849765890312
24,128,devtest,eng_Latn,arb_Arab,0.2554654084653791,-0.013214495719829916
24,128,devtest,eng_Latn,zho_Hans,0.03492189566666558,-0.25947753374068494
24,128,devtest,eng_Latn,jpn_Jpan,0.12202839528104772,-0.16089822985323196
24,128,devtest,eng_Latn,tur_Latn,0.24415276020470209,-0.03053320738933599
24,128,devtest,eng_Latn,vie_Latn,0.25519868093306974,-0.10659379836438011
24,128,devtest,eng_Latn,ind_Latn,0.3260412521741948,-0.044855716310306694
24,128,devtest,deu_Latn,eng_Latn,0.13807371260002124,-0.2980219783320828
24,128,devtest,deu_Latn,fra_Latn,0.12586895815594012,-0.38066546726980344
24,128,devtest,deu_Latn,spa_Latn,0.15053479260489394,-0.4050905987663389
24,128,devtest,deu_Latn,rus_Cyrl,0.05644532276816051,-0.4346038602537511
24,128,devtest,deu_Latn,hin_Deva,0.21045726481108576,-0.1339129339604983
24,128,devtest,deu_Latn,arb_Arab,0.07600673670880326,-0.37267562601546184
24,128,devtest,deu_Latn,zho_Hans,0.18103755025250018,-0.4219617625129601
24,128,devtest,deu_Latn,jpn_Jpan,0.06369987859085305,-0.40629259737168893
24,128,devtest,deu_Latn,tur_Latn,0.1577154626802397,-0.366265020349524
24,128,devtest,deu_Latn,vie_Latn,0.03501938571280646,-0.3857853842695357
24,128,devtest,deu_Latn,ind_Latn,0.1397348074250477,-0.35388644926949214
24,128,devtest,fra_Latn,eng_Latn,0.10413027045466197,-0.26941876531055314
24,128,devtest,fra_Latn,deu_Latn,0.11304262255971682,-0.3510538252825202
24,128,devtest,fra_Latn,spa_Latn,0.12816577174511679,-0.34825287152599277
24,128,devtest,fra_Latn,rus_Cyrl,0.12000616303336745,-0.38170296505943996
24,128,devtest,fra_Latn,hin_Deva,0.17524978824594348,-0.09056281351271965
24,128,devtest,fra_Latn,arb_Arab,0.11470707775304582,-0.3314452085345109
24,128,devtest,fra_Latn,zho_Hans,0.1579030499040944,-0.4255040295917373
24,128,devtest,fra_Latn,jpn_Jpan,0.056928393880156164,-0.4211487014181622
24,128,devtest,fra_Latn,tur_Latn,0.08474991212166247,-0.3083371233157285
24,128,devtest,fra_Latn,vie_Latn,0.032114526964772135,-0.3294386808546547
24,128,devtest,fra_Latn,ind_Latn,0.09343631943125548,-0.2994535822542071
24,128,devtest,spa_Latn,eng_Latn,0.054794075609602214,-0.27191709876940706
24,128,devtest,spa_Latn,deu_Latn,0.11950780421011235,-0.3491965597049103
24,128,devtest,spa_Latn,fra_Latn,0.15097609447427215,-0.32442692490132335
24,128,devtest,spa_Latn,rus_Cyrl,0.09275320934435925,-0.36312374824399346
24,128,devtest,spa_Latn,hin_Deva,0.19094367440860488,-0.06370874390474948
24,128,devtest,spa_Latn,arb_Arab,0.12789333115608256,-0.28744509543955754
24,128,devtest,spa_Latn,zho_Hans,0.14266671337930112,-0.3995650678729193
24,128,devtest,spa_Latn,jpn_Jpan,-0.038722411550424225,-0.37588448142092806
24,128,devtest,spa_Latn,tur_Latn,0.12069019014529854,-0.2870874768230356
24,128,devtest,spa_Latn,vie_Latn,0.023934372989392882,-0.3251912851514457
24,128,devtest,spa_Latn,ind_Latn,0.06790408530537548,-0.30141861464428404
24,128,devtest,rus_Cyrl,eng_Latn,0.018308589258966702,-0.2885704426313325
24,128,devtest,rus_Cyrl,deu_Latn,-0.03241992323675575,-0.41714852060159047
24,128,devtest,rus_Cyrl,fra_Latn,0.02844409437375686,-0.41140982928219105
24,128,devtest,rus_Cyrl,spa_Latn,0.016295249175331414,-0.40503437699146116
24,128,devtest,rus_Cyrl,hin_Deva,0.2480002474272498,-0.10861620267785865
24,128,devtest,rus_Cyrl,arb_Arab,0.015712357259335372,-0.3804867878282149
24,128,devtest,rus_Cyrl,zho_Hans,0.1383875957312223,-0.4480171645399612
24,128,devtest,rus_Cyrl,jpn_Jpan,-0.015175003898599106,-0.43152018184850355
24,128,devtest,rus_Cyrl,tur_Latn,-0.04998798100998969,-0.36095958183254856
24,128,devtest,rus_Cyrl,vie_Latn,-0.08190567519435017,-0.39835186180140375
24,128,devtest,rus_Cyrl,ind_Latn,-0.09459161428706662,-0.3927024739836173
24,128,devtest,hin_Deva,eng_Latn,0.06912999841909001,-0.18254736317238793
24,128,devtest,hin_Deva,deu_Latn,0.05698395892564384,-0.38144299365533696
24,128,devtest,hin_Deva,fra_Latn,0.047205730318160846,-0.3719417199751168
24,128,devtest,hin_Deva,spa_Latn,0.040867967835561056,-0.37113218316321017
24,128,devtest,hin_Deva,rus_Cyrl,0.11291293334036419,-0.36343601401199127
24,128,devtest,hin_Deva,arb_Arab,0.06375483467404315,-0.3896027312535981
24,128,devtest,hin_Deva,zho_Hans,0.16942593864423952,-0.28502058247866513
24,128,devtest,hin_Deva,jpn_Jpan,0.1364240927768145,-0.30465416046929344
24,128,devtest,hin_Deva,tur_Latn,0.01465975232059535,-0.42773149374569985
24,128,devtest,hin_Deva,vie_Latn,0.035716044781548245,-0.3515165245346485
24,128,devtest,hin_Deva,ind_Latn,-0.0027160238834611655,-0.35422401407434057
24,128,devtest,arb_Arab,eng_Latn,0.03900094857377617,-0.3262431988177156
24,128,devtest,arb_Arab,deu_Latn,0.03675001354802732,-0.41485485406552736
24,128,devtest,arb_Arab,fra_Latn,0.08584268604591484,-0.419750429778047
24,128,devtest,arb_Arab,spa_Latn,0.08431382909357328,-0.3977825910173067
24,128,devtest,arb_Arab,rus_Cyrl,0.10642496153120433,-0.43278145408287555
24,128,devtest,arb_Arab,hin_Deva,0.2333283617360135,-0.20310708551309736
24,128,devtest,arb_Arab,zho_Hans,0.18194225170000067,-0.4346471990328173
24,128,devtest,arb_Arab,jpn_Jpan,0.04339977749007414,-0.42578877807490867
24,128,devtest,arb_Arab,tur_Latn,0.06368848893624524,-0.39135070344025336
24,128,devtest,arb_Arab,vie_Latn,0.016294025856816288,-0.3810931338662724
24,128,devtest,arb_Arab,ind_Latn,0.026079403061196074,-0.3894435477071852
24,128,devtest,zho_Hans,eng_Latn,0.09312536782069898,-0.36019554694849204
24,128,devtest,zho_Hans,deu_Latn,0.37717713044002615,-0.2835920688623915
24,128,devtest,zho_Hans,fra_Latn,0.34078490457807825,-0.3404881768354693
24,128,devtest,zho_Hans,spa_Latn,0.34199682429485867,-0.3294660910054913
24,128,devtest,zho_Hans,rus_Cyrl,0.3037618569103483,-0.2999272595853085
24,128,devtest,zho_Hans,hin_Deva,0.28449393945212437,0.031006150570265834
24,128,devtest,zho_Hans,arb_Arab,0.3690212520014104,-0.24021088680011748
24,128,devtest,zho_Hans,jpn_Jpan,0.2629851674635056,-0.3395123936482748
24,128,devtest,zho_Hans,tur_Latn,0.3541122270070565,-0.2204374046179685
24,128,devtest,zho_Hans,vie_Latn,0.3414038735820302,-0.30887329877404823
24,128,devtest,zho_Hans,ind_Latn,0.37875484378912455,-0.25822370191542665
24,128,devtest,jpn_Jpan,eng_Latn,-0.07253093009111464,-0.3053667226261807
24,128,devtest,jpn_Jpan,deu_Latn,0.1821049282607517,-0.30954903842684856
24,128,devtest,jpn_Jpan,fra_Latn,0.20401170432974675,-0.36887342422244856
24,128,devtest,jpn_Jpan,spa_Latn,0.08712144428653612,-0.34581143091261063
24,128,devtest,jpn_Jpan,rus_Cyrl,0.1212169662272182,-0.34838358811514325
24,128,devtest,jpn_Jpan,hin_Deva,0.31405262176166976,0.006823259749914662
24,128,devtest,jpn_Jpan,arb_Arab,0.2312726799195863,-0.2806478147471119
24,128,devtest,jpn_Jpan,zho_Hans,0.11148498846326725,-0.36770483264826453
24,128,devtest,jpn_Jpan,tur_Latn,0.1958950241843189,-0.27192284762030106
24,128,devtest,jpn_Jpan,vie_Latn,0.07226683402948039,-0.3599266847107725
24,128,devtest,jpn_Jpan,ind_Latn,0.20535735335158514,-0.29030829861372187
24,128,devtest,tur_Latn,eng_Latn,0.08457822066669723,-0.3396072514696084
24,128,devtest,tur_Latn,deu_Latn,0.10822181821643935,-0.4243394458926955
24,128,devtest,tur_Latn,fra_Latn,0.10237218446969583,-0.41910989604213683
24,128,devtest,tur_Latn,spa_Latn,0.10341214966264928,-0.42277505212323657
24,128,devtest,tur_Latn,rus_Cyrl,0.033245201347470735,-0.4445599636443481
24,128,devtest,tur_Latn,hin_Deva,0.17896933743446114,-0.261937678570358
24,128,devtest,tur_Latn,arb_Arab,0.0912489669837168,-0.4081119848078794
24,128,devtest,tur_Latn,zho_Hans,0.19646753797444677,-0.42420853303626216
24,128,devtest,tur_Latn,jpn_Jpan,0.04722499144467669,-0.4405051067456058
24,128,devtest,tur_Latn,vie_Latn,-0.00010205901318754835,-0.38997602198457826
24,128,devtest,tur_Latn,ind_Latn,0.07105252342607331,-0.4059833488158203
24,128,devtest,vie_Latn,eng_Latn,0.10537977686662908,-0.276165009796658
24,128,devtest,vie_Latn,deu_Latn,0.09625825266389934,-0.3495812276839303
24,128,devtest,vie_Latn,fra_Latn,0.10971914619310015,-0.32320374510686056
24,128,devtest,vie_Latn,spa_Latn,0.10044345432328126,-0.3430077884256154
24,128,devtest,vie_Latn,rus_Cyrl,0.049550058100910184,-0.36554171757434356
24,128,devtest,vie_Latn,hin_Deva,0.19640999537501644,-0.07567990019202366
24,128,devtest,vie_Latn,arb_Arab,0.13106254295828326,-0.28220124958514536
24,128,devtest,vie_Latn,zho_Hans,0.19538910369283716,-0.38333857418632544
24,128,devtest,vie_Latn,jpn_Jpan,0.03814027152040011,-0.4087555158799306
24,128,devtest,vie_Latn,tur_Latn,0.08623766030708033,-0.28033106754830217
24,128,devtest,vie_Latn,ind_Latn,0.17914702475411637,-0.25712853736778496
24,128,devtest,ind_Latn,eng_Latn,0.14507389615436483,-0.26382886576666026
24,128,devtest,ind_Latn,deu_Latn,0.1496194644668547,-0.35255945700605384
24,128,devtest,ind_Latn,fra_Latn,0.09763666340129967,-0.32109401969052176
24,128,devtest,ind_Latn,spa_Latn,0.09722556338292206,-0.3508881304815088
24,128,devtest,ind_Latn,rus_Cyrl,0.008908676022318,-0.39928912929160576
24,128,devtest,ind_Latn,hin_Deva,0.1269783556625734,-0.147634343776538
24,128,devtest,ind_Latn,arb_Arab,0.10724521841833067,-0.3346264583284316
24,128,devtest,ind_Latn,zho_Hans,0.21755709577970658,-0.3732247571555241
24,128,devtest,ind_Latn,jpn_Jpan,0.1121178154284458,-0.37293991682052274
24,128,devtest,ind_Latn,tur_Latn,0.11674466720074789,-0.3471777558050891
24,128,devtest,ind_Latn,vie_Latn,0.12341499678069345,-0.2916191524624474
24,256,devtest,eng_Latn,deu_Latn,0.36403889054798844,-0.0615694918047633
24,256,devtest,eng_Latn,fra_Latn,0.3098307567259179,-0.09097053400491896
24,256,devtest,eng_Latn,spa_Latn,0.2118799788519646,-0.14195357533992772
24,256,devtest,eng_Latn,rus_Cyrl,0.2745674548479973,-0.058227924131319546
24,256,devtest,eng_Latn,hin_Deva,0.24656623623254634,0.21383399634518493
24,256,devtest,eng_Latn,arb_Arab,0.2708703426792381,-0.014261190112508107
24,256,devtest,eng_Latn,zho_Hans,0.05171527511928146,-0.27924626297978294
24,256,devtest,eng_Latn,jpn_Jpan,0.1380080025961116,-0.1749710073420928
24,256,devtest,eng_Latn,tur_Latn,0.2647830197916257,-0.01722474996702319
24,256,devtest,eng_Latn,vie_Latn,0.2818418055728552,-0.10748487868378913
24,256,devtest,eng_Latn,ind_Latn,0.3454940191342073,-0.061368645084279694
24,256,devtest,deu_Latn,eng_Latn,0.1453049268485487,-0.33070459430468047
24,256,devtest,deu_Latn,fra_Latn,0.12027789767926375,-0.4008688261898764
24,256,devtest,deu_Latn,spa_Latn,0.15431618280507065,-0.4380115104877372
24,256,devtest,deu_Latn,rus_Cyrl,0.06223689859266665,-0.469815267800848
24,256,devtest,deu_Latn,hin_Deva,0.228410753260809,-0.14501774546144833
24,256,devtest,deu_Latn,arb_Arab,0.08136172707058939,-0.4032313954524879
24,256,devtest,deu_Latn,zho_Hans,0.19051301078930089,-0.4555115350753152
24,256,devtest,deu_Latn,jpn_Jpan,0.054734339185243674,-0.43930210971439976
24,256,devtest,deu_Latn,tur_Latn,0.16437353745939906,-0.3876242683088338
24,256,devtest,deu_Latn,vie_Latn,0.027579194992732328,-0.4108578928930266
24,256,devtest,deu_Latn,ind_Latn,0.14468758472103982,-0.3780089092113614
24,256,devtest,fra_Latn,eng_Latn,0.10037714967547431,-0.3079305549394965
24,256,devtest,fra_Latn,deu_Latn,0.10753139847934196,-0.3611734367397901
24,256,devtest,fra_Latn,spa_Latn,0.11847211733961337,-0.38398319684775906
24,256,devtest,fra_Latn,rus_Cyrl,0.12253175943204589,-0.4024553006889864
24,256,devtest,fra_Latn,hin_Deva,0.20434485112468326,-0.08050671758132609
24,256,devtest,fra_Latn,arb_Arab,0.10955092687239078,-0.34822856266493907
24,256,devtest,fra_Latn,zho_Hans,0.1621848442345913,-0.4541068708950824
24,256,devtest,fra_Latn,jpn_Jpan,0.04195558751025723,-0.43174312676512444
24,256,devtest,fra_Latn,tur_Latn,0.09364900590602263,-0.3145992079525953
24,256,devtest,fra_Latn,vie_Latn,0.0242048228844493,-0.355648724425718
24,256,devtest,fra_Latn,ind_Latn,0.07897041669466782,-0.329326945833598
24,256,devtest,spa_Latn,eng_Latn,0.042685171306603896,-0.3292352311926482
24,256,devtest,spa_Latn,deu_Latn,0.12851749011163568,-0.36928058279535086
24,256,devtest,spa_Latn,fra_Latn,0.1454643223396967,-0.36013340877778866
24,256,devtest,spa_Latn,rus_Cyrl,0.08771566851803411,-0.399306489012438
24,256,devtest,spa_Latn,hin_Deva,0.212757379777424,-0.05889890305189659
24,256,devtest,spa_Latn,arb_Arab,0.13863532844544998,-0.3083126903625403
24,256,devtest,spa_Latn,zho_Hans,0.13990299538429685,-0.4472395720557222
24,256,devtest,spa_Latn,jpn_Jpan,-0.04169973458752971,-0.4027272773085484
24,256,devtest,spa_Latn,tur_Latn,0.13473054869674295,-0.29307888304898144
24,256,devtest,spa_Latn,vie_Latn,0.015198818430687915,-0.34334602996224184
24,256,devtest,spa_Latn,ind_Latn,0.0750555709917682,-0.3288307022908456
24,256,devtest,rus_Cyrl,eng_Latn,0.00825653789868927,-0.34818539821155325
24,256,devtest,rus_Cyrl,deu_Latn,-0.042028035872806596,-0.4421226800069859
24,256,devtest,rus_Cyrl,fra_Latn,0.012645801477807557,-0.439104448930492
24,256,devtest,rus_Cyrl,spa_Latn,-0.005900258140836035,-0.4521967855220391
24,256,devtest,rus_Cyrl,hin_Deva,0.28687337347096636,-0.11314010942323005
24,256,devtest,rus_Cyrl,arb_Arab,0.007765991458161341,-0.4020656290767159
24,256,devtest,rus_Cyrl,zho_Hans,0.14084580144957723,-0.4796234493360446
24,256,devtest,rus_Cyrl,jpn_Jpan,-0.03786083515654218,-0.4706019795951669
24,256,devtest,rus_Cyrl,tur_Latn,-0.06416350334928327,-0.3722621842894807
24,256,devtest,rus_Cyrl,vie_Latn,-0.09194184778284056,-0.42799494579492453
24,256,devtest,rus_Cyrl,ind_Latn,-0.10767606448077831,-0.4189376938684258
24,256,devtest,hin_Deva,eng_Latn,0.08485076774030331,-0.20496218977791936
24,256,devtest,hin_Deva,deu_Latn,0.050506674154770594,-0.3985014594478179
24,256,devtest,hin_Deva,fra_Latn,0.05500455897519823,-0.38209702004544377
24,256,devtest,hin_Deva,spa_Latn,0.03862767929632669,-0.3928612011335585
24,256,devtest,hin_Deva,rus_Cyrl,0.12036163756125967,-0.3889194482081109
24,256,devtest,hin_Deva,arb_Arab,0.060280747922354,-0.3970641525952633
24,256,devtest,hin_Deva,zho_Hans,0.18895907179560772,-0.29767972587879143
24,256,devtest,hin_Deva,jpn_Jpan,0.14026867132100101,-0.3248502436881992
24,256,devtest,hin_Deva,tur_Latn,0.011867200212999448,-0.4406844064735968
24,256,devtest,hin_Deva,vie_Latn,0.042012579349719026,-0.36796579672762536
24,256,devtest,hin_Deva,ind_Latn,-0.0022510329436617287,-0.3702207119989016
24,256,devtest,arb_Arab,eng_Latn,0.027248265273890775,-0.361104969482134
24,256,devtest,arb_Arab,deu_Latn,0.03444054524366882,-0.44282412683196
24,256,devtest,arb_Arab,fra_Latn,0.07338514057267578,-0.444064331242947
24,256,devtest,arb_Arab,spa_Latn,0.08067411864202625,-0.4231596284011525
24,256,devtest,arb_Arab,rus_Cyrl,0.10919836903635927,-0.4575823215761672
24,256,devtest,arb_Arab,hin_Deva,0.2530073815023288,-0.20056317007811708
24,256,devtest,arb_Arab,zho_Hans,0.18562171988945672,-0.46503604331347986
24,256,devtest,arb_Arab,jpn_Jpan,0.021084393193583073,-0.4538377528355478
24,256,devtest,arb_Arab,tur_Latn,0.06293449792343608,-0.40906087946410613
24,256,devtest,arb_Arab,vie_Latn,0.010571065638898166,-0.41009748577519867
24,256,devtest,arb_Arab,ind_Latn,0.012632249396193961,-0.41155711871347705
24,256,devtest,zho_Hans,eng_Latn,0.10563225739426471,-0.40317799335601134
24,256,devtest,zho_Hans,deu_Latn,0.41961397622149466,-0.29546889654615005
24,256,devtest,zho_Hans,fra_Latn,0.3759926628146741,-0.35967462141978596
24,256,devtest,zho_Hans,spa_Latn,0.37744682932562407,-0.37295549669869715
24,256,devtest,zho_Hans,rus_Cyrl,0.33904395859368197,-0.31294023762364276
24,256,devtest,zho_Hans,hin_Deva,0.31809257235291466,0.0444581219194965
24,256,devtest,zho_Hans,arb_Arab,0.4047022782356318,-0.25355125318673244
24,256,devtest,zho_Hans,jpn_Jpan,0.2945206795839252,-0.3635005540405544
24,256,devtest,zho_Hans,tur_Latn,0.37891583798181094,-0.2241828863290822
24,256,devtest,zho_Hans,vie_Latn,0.37452737065122077,-0.3280921632011377
24,256,devtest,zho_Hans,ind_Latn,0.4027566008709174,-0.2824970515839084
24,256,devtest,jpn_Jpan,eng_Latn,-0.08799167857509611,-0.34606249715484366
24,256,devtest,jpn_Jpan,deu_Latn,0.18989788432286972,-0.336998840775091
24,256,devtest,jpn_Jpan,fra_Latn,0.2081277848893598,-0.38222813518796384
24,256,devtest,jpn_Jpan,spa_Latn,0.0970909774705657,-0.37993305246797027
24,256,devtest,jpn_Jpan,rus_Cyrl,0.12566497239765434,-0.3859676650236986
24,256,devtest,jpn_Jpan,hin_Deva,0.34198964626057327,-5.782295957284228e-05
24,256,devtest,jpn_Jpan,arb_Arab,0.2320730863112988,-0.3044345615880932
24,256,devtest,jpn_Jpan,zho_Hans,0.11850850329431119,-0.40163459591833023
24,256,devtest,jpn_Jpan,tur_Latn,0.21122934607840096,-0.28419569784964205
24,256,devtest,jpn_Jpan,vie_Latn,0.0692449952311757,-0.3760968207406332
24,256,devtest,jpn_Jpan,ind_Latn,0.20466215969808468,-0.32533371169626873
24,256,devtest,tur_Latn,eng_Latn,0.08077755075845593,-0.36863303277228204
24,256,devtest,tur_Latn,deu_Latn,0.10868575094802431,-0.4470205538814498
24,256,devtest,tur_Latn,fra_Latn,0.10984020043581759,-0.4381607706009613
24,256,devtest,tur_Latn,spa_Latn,0.10765894951000654,-0.4449702438198141
24,256,devtest,tur_Latn,rus_Cyrl,0.02780991647073908,-0.465901585233593
24,256,devtest,tur_Latn,hin_Deva,0.20368893482182407,-0.26768365137377426
24,256,devtest,tur_Latn,arb_Arab,0.09734008748838414,-0.43666835345436944
24,256,devtest,tur_Latn,zho_Hans,0.19481294034077057,-0.4516948639358682
24,256,devtest,tur_Latn,jpn_Jpan,0.04380435572232388,-0.4584011012700258
24,256,devtest,tur_Latn,vie_Latn,-0.011730571418309368,-0.4195150575612882
24,256,devtest,tur_Latn,ind_Latn,0.07110478915976938,-0.42266819329754174
24,256,devtest,vie_Latn,eng_Latn,0.11737082074548115,-0.3001500394542674
24,256,devtest,vie_Latn,deu_Latn,0.10062342640013337,-0.36168849284490223
24,256,devtest,vie_Latn,fra_Latn,0.11394442890168484,-0.35069465521846116
24,256,devtest,vie_Latn,spa_Latn,0.09934899882836169,-0.35957794730773
24,256,devtest,vie_Latn,rus_Cyrl,0.06144636482713812,-0.38530844955781635
24,256,devtest,vie_Latn,hin_Deva,0.22383534931503773,-0.07547553411487082
24,256,devtest,vie_Latn,arb_Arab,0.14169648777255828,-0.2982862492198849
24,256,devtest,vie_Latn,zho_Hans,0.19663187671629165,-0.4115498564470984
24,256,devtest,vie_Latn,jpn_Jpan,0.02699520287044121,-0.41712335165937875
24,256,devtest,vie_Latn,tur_Latn,0.09129333311861967,-0.29278333858571665
24,256,devtest,vie_Latn,ind_Latn,0.194488826468971,-0.2838422763660469
24,256,devtest,ind_Latn,eng_Latn,0.1394419491679011,-0.3108318221641599
24,256,devtest,ind_Latn,deu_Latn,0.15624293981080573,-0.3653350959079008
24,256,devtest,ind_Latn,fra_Latn,0.0833886102338327,-0.3502581242973769
24,256,devtest,ind_Latn,spa_Latn,0.09623844839434306,-0.3813461658219972
24,256,devtest,ind_Latn,rus_Cyrl,0.012690082232511357,-0.41593686277718334
24,256,devtest,ind_Latn,hin_Deva,0.15382119813427317,-0.14442764145874407
24,256,devtest,ind_Latn,arb_Arab,0.10299147927555254,-0.35262497920783376
24,256,devtest,ind_Latn,zho_Hans,0.20531073105274164,-0.41351556450053834
24,256,devtest,ind_Latn,jpn_Jpan,0.0954514393087419,-0.4077284318693032
24,256,devtest,ind_Latn,tur_Latn,0.1203457745154263,-0.3560601675276772
24,256,devtest,ind_Latn,vie_Latn,0.12727662303564535,-0.3209840080342189
25,64,devtest,eng_Latn,deu_Latn,0.26681264667063675,-0.044662401707083806
25,64,devtest,eng_Latn,fra_Latn,0.2276856221143464,-0.05629965875294116
25,64,devtest,eng_Latn,spa_Latn,0.12298584076870063,-0.09360007944690964
25,64,devtest,eng_Latn,rus_Cyrl,0.20515334082106296,-0.03737321124710354
25,64,devtest,eng_Latn,hin_Deva,0.19825628246803792,0.1762691095274143
25,64,devtest,eng_Latn,arb_Arab,0.2086900530458006,-0.009053939787551977
25,64,devtest,eng_Latn,zho_Hans,0.04488435416397219,-0.21299222205026389
25,64,devtest,eng_Latn,jpn_Jpan,0.11271960760845046,-0.1218207770854698
25,64,devtest,eng_Latn,tur_Latn,0.21805785807090036,-0.03812213256218957
25,64,devtest,eng_Latn,vie_Latn,0.1776715393480177,-0.08021169756970163
25,64,devtest,eng_Latn,ind_Latn,0.23746987160076277,-0.02662145214699735
25,64,devtest,deu_Latn,eng_Latn,0.08080823711346485,-0.2594785076700055
25,64,devtest,deu_Latn,fra_Latn,0.10673238852041836,-0.3301767022047628
25,64,devtest,deu_Latn,spa_Latn,0.12457706577579254,-0.35574552562006145
25,64,devtest,deu_Latn,rus_Cyrl,0.04636428688413884,-0.3986191473756099
25,64,devtest,deu_Latn,hin_Deva,0.19027265493774193,-0.1084457467493506
25,64,devtest,deu_Latn,arb_Arab,0.07408302604025324,-0.32277528080128376
25,64,devtest,deu_Latn,zho_Hans,0.1554861903820162,-0.3806437698364852
25,64,devtest,deu_Latn,jpn_Jpan,0.04296021452885394,-0.34135678788998103
25,64,devtest,deu_Latn,tur_Latn,0.165033518492948,-0.35015098385060445
25,64,devtest,deu_Latn,vie_Latn,0.05061973481011911,-0.3651941713540401
25,64,devtest,deu_Latn,ind_Latn,0.13192128926801203,-0.31847438005489953
25,64,devtest,fra_Latn,eng_Latn,0.04553937646322669,-0.254777137385067
25,64,devtest,fra_Latn,deu_Latn,0.09656267921186823,-0.3119340136240802
25,64,devtest,fra_Latn,spa_Latn,0.09740005246064964,-0.3290892185315617
25,64,devtest,fra_Latn,rus_Cyrl,0.11937955747921304,-0.3497435695887496
25,64,devtest,fra_Latn,hin_Deva,0.1762123160706689,-0.09072094616065174
25,64,devtest,fra_Latn,arb_Arab,0.08340666653581628,-0.3091444906933517
25,64,devtest,fra_Latn,zho_Hans,0.1515649457385801,-0.4105654168018537
25,64,devtest,fra_Latn,jpn_Jpan,0.062423896623779014,-0.40442775148206245
25,64,devtest,fra_Latn,tur_Latn,0.09095596233108767,-0.30938180953159883
25,64,devtest,fra_Latn,vie_Latn,0.05692763720356884,-0.3212197182271942
25,64,devtest,fra_Latn,ind_Latn,0.11308286024805211,-0.28808020788558114
25,64,devtest,spa_Latn,eng_Latn,-0.0089670365261542,-0.24173167545870758
25,64,devtest,spa_Latn,deu_Latn,0.09846111541207302,-0.30907447644091796
25,64,devtest,spa_Latn,fra_Latn,0.11512063599914095,-0.29773777585645583
25,64,devtest,spa_Latn,rus_Cyrl,0.08727608909452846,-0.33222246441479836
25,64,devtest,spa_Latn,hin_Deva,0.17843903425244279,-0.04960716411968887
25,64,devtest,spa_Latn,arb_Arab,0.13967882312219984,-0.2589728160177418
25,64,devtest,spa_Latn,zho_Hans,0.0994057300305029,-0.36347795037473285
25,64,devtest,spa_Latn,jpn_Jpan,-0.009234028458304082,-0.3437855561384843
25,64,devtest,spa_Latn,tur_Latn,0.1123205642382349,-0.29881896982087247
25,64,devtest,spa_Latn,vie_Latn,0.018812450030595975,-0.31408126475786297
25,64,devtest,spa_Latn,ind_Latn,0.08135123278865528,-0.29373099098749944
25,64,devtest,rus_Cyrl,eng_Latn,0.020424176211656788,-0.23014646287554358
25,64,devtest,rus_Cyrl,deu_Latn,-0.026100105240174757,-0.3707864775595277
25,64,devtest,rus_Cyrl,fra_Latn,0.030195527382421105,-0.35251483845100634
25,64,devtest,rus_Cyrl,spa_Latn,0.012743993940683217,-0.35864194766117824
25,64,devtest,rus_Cyrl,hin_Deva,0.244610686602693,-0.06978054194701727
25,64,devtest,rus_Cyrl,arb_Arab,0.02500442659128408,-0.33007719430334376
25,64,devtest,rus_Cyrl,zho_Hans,0.09778928427694313,-0.3883283509362612
25,64,devtest,rus_Cyrl,jpn_Jpan,-0.02477995733094034,-0.36297460052712177
25,64,devtest,rus_Cyrl,tur_Latn,-0.03796873899386036,-0.31934772855526306
25,64,devtest,rus_Cyrl,vie_Latn,-0.06023813125006326,-0.3413892583416575
25,64,devtest,rus_Cyrl,ind_Latn,-0.05990287109336415,-0.32703318616208893
25,64,devtest,hin_Deva,eng_Latn,0.035321793812009915,-0.18909306317680188
25,64,devtest,hin_Deva,deu_Latn,0.05629670164925651,-0.344490052121569
25,64,devtest,hin_Deva,fra_Latn,0.06133233782963327,-0.3432384878895791
25,64,devtest,hin_Deva,spa_Latn,0.042165312456352515,-0.3306039862357538
25,64,devtest,hin_Deva,rus_Cyrl,0.10903145499484682,-0.3335764440963717
25,64,devtest,hin_Deva,arb_Arab,0.04748589712833966,-0.3495754559745412
25,64,devtest,hin_Deva,zho_Hans,0.14293855328256924,-0.25335546329159037
25,64,devtest,hin_Deva,jpn_Jpan,0.12264362224497445,-0.2620303858163075
25,64,devtest,hin_Deva,tur_Latn,0.014440773349614128,-0.38380037567124586
25,64,devtest,hin_Deva,vie_Latn,0.038675589528624835,-0.291360746512673
25,64,devtest,hin_Deva,ind_Latn,0.0032801020473440566,-0.3182428340388925
25,64,devtest,arb_Arab,eng_Latn,0.0362766344002196,-0.2584498419690667
25,64,devtest,arb_Arab,deu_Latn,0.05941144657431031,-0.349828225249705
25,64,devtest,arb_Arab,fra_Latn,0.06378191420617348,-0.34738256678016965
25,64,devtest,arb_Arab,spa_Latn,0.1070162348368793,-0.3323342335436871
25,64,devtest,arb_Arab,rus_Cyrl,0.10521675334285327,-0.37020283819909905
25,64,devtest,arb_Arab,hin_Deva,0.1846890920741118,-0.14487640721490877
25,64,devtest,arb_Arab,zho_Hans,0.19805865490803287,-0.3749310295442876
25,64,devtest,arb_Arab,jpn_Jpan,0.06573728933564393,-0.3566556712709229
25,64,devtest,arb_Arab,tur_Latn,0.07448710175473566,-0.3515008679012317
25,64,devtest,arb_Arab,vie_Latn,0.0427689492035416,-0.32837160571002566
25,64,devtest,arb_Arab,ind_Latn,0.029434048298562058,-0.3106705514555546
25,64,devtest,zho_Hans,eng_Latn,0.08972717586155644,-0.3000538200769872
25,64,devtest,zho_Hans,deu_Latn,0.3198126224966023,-0.24571958657787432
25,64,devtest,zho_Hans,fra_Latn,0.3072786884264102,-0.29815658680233526
25,64,devtest,zho_Hans,spa_Latn,0.2598835837999803,-0.2869875598994905
25,64,devtest,zho_Hans,rus_Cyrl,0.24104144815252562,-0.2534363445981428
25,64,devtest,zho_Hans,hin_Deva,0.25421320635512945,0.0532435684848465
25,64,devtest,zho_Hans,arb_Arab,0.3513074901320772,-0.20823957451021088
25,64,devtest,zho_Hans,jpn_Jpan,0.21933861945092806,-0.2936563950256837
25,64,devtest,zho_Hans,tur_Latn,0.3267791276901737,-0.20250267737080274
25,64,devtest,zho_Hans,vie_Latn,0.253635924150413,-0.2727819134591658
25,64,devtest,zho_Hans,ind_Latn,0.28956954566084425,-0.22588278827240033
25,64,devtest,jpn_Jpan,eng_Latn,-0.046848729210839345,-0.2366036484904982
25,64,devtest,jpn_Jpan,deu_Latn,0.15690774881894035,-0.2425256469845583
25,64,devtest,jpn_Jpan,fra_Latn,0.20814160481730803,-0.31970436500664995
25,64,devtest,jpn_Jpan,spa_Latn,0.10509759384553032,-0.30929453947798885
25,64,devtest,jpn_Jpan,rus_Cyrl,0.10392078927881844,-0.28774769462332556
25,64,devtest,jpn_Jpan,hin_Deva,0.2778096610240664,0.03608029945392721
25,64,devtest,jpn_Jpan,arb_Arab,0.2339816134721829,-0.22632300132869781
25,64,devtest,jpn_Jpan,zho_Hans,0.08038377409721231,-0.3209935072850045
25,64,devtest,jpn_Jpan,tur_Latn,0.18653345346285918,-0.2480110319901267
25,64,devtest,jpn_Jpan,vie_Latn,0.059141190898985285,-0.33046409811799576
25,64,devtest,jpn_Jpan,ind_Latn,0.16544010480907598,-0.25327540656768316
25,64,devtest,tur_Latn,eng_Latn,0.0590413704923612,-0.3099825942146982
25,64,devtest,tur_Latn,deu_Latn,0.13303660598267514,-0.4038253384527369
25,64,devtest,tur_Latn,fra_Latn,0.09054944607003206,-0.39097108798790076
25,64,devtest,tur_Latn,spa_Latn,0.10525667514198574,-0.42206534344632957
25,64,devtest,tur_Latn,rus_Cyrl,0.05012587841750163,-0.3969082046543612
25,64,devtest,tur_Latn,hin_Deva,0.14657595876173776,-0.21173958120561462
25,64,devtest,tur_Latn,arb_Arab,0.09292141866519713,-0.38268873027437905
25,64,devtest,tur_Latn,zho_Hans,0.17271476384013706,-0.39339878477856655
25,64,devtest,tur_Latn,jpn_Jpan,0.06376846261176791,-0.4016553102268147
25,64,devtest,tur_Latn,vie_Latn,0.020120441176273946,-0.3685658800660535
25,64,devtest,tur_Latn,ind_Latn,0.0703863915260255,-0.3784422844512047
25,64,devtest,vie_Latn,eng_Latn,0.05877194582768634,-0.2114758058672196
25,64,devtest,vie_Latn,deu_Latn,0.08616415604240987,-0.30195058771884076
25,64,devtest,vie_Latn,fra_Latn,0.13036806588685926,-0.2813624598761123
25,64,devtest,vie_Latn,spa_Latn,0.08035011105448564,-0.30249941299478067
25,64,devtest,vie_Latn,rus_Cyrl,0.0611094180269192,-0.30225049946393245
25,64,devtest,vie_Latn,hin_Deva,0.18191543067874574,-0.01929409476403001
25,64,devtest,vie_Latn,arb_Arab,0.12317445143309567,-0.22801020594913607
25,64,devtest,vie_Latn,zho_Hans,0.1406890339826038,-0.32846200070042125
25,64,devtest,vie_Latn,jpn_Jpan,0.02571334426442019,-0.36703196617441075
25,64,devtest,vie_Latn,tur_Latn,0.08736283371636787,-0.24567675829984412
25,64,devtest,vie_Latn,ind_Latn,0.16956190731995674,-0.2237219952128619
25,64,devtest,ind_Latn,eng_Latn,0.0873846691081554,-0.19961408396659716
25,64,devtest,ind_Latn,deu_Latn,0.13314376989658372,-0.3071221400496686
25,64,devtest,ind_Latn,fra_Latn,0.11494459858947384,-0.28802906310394927
25,64,devtest,ind_Latn,spa_Latn,0.10768185493151189,-0.33204583231228874
25,64,devtest,ind_Latn,rus_Cyrl,0.025397295543404225,-0.33277007185510604
25,64,devtest,ind_Latn,hin_Deva,0.11703790288058916,-0.10570756300017005
25,64,devtest,ind_Latn,arb_Arab,0.06956616132022907,-0.2681836522388797
25,64,devtest,ind_Latn,zho_Hans,0.15121422242580676,-0.33053177754645446
25,64,devtest,ind_Latn,jpn_Jpan,0.08953324141913552,-0.32865870221829424
25,64,devtest,ind_Latn,tur_Latn,0.10153258847657158,-0.3195093629853711
25,64,devtest,ind_Latn,vie_Latn,0.12401815822156817,-0.2679427502729872
25,128,devtest,eng_Latn,deu_Latn,0.29531274872129276,-0.057610858153108756
25,128,devtest,eng_Latn,fra_Latn,0.24666002315046565,-0.06907563782808822
25,128,devtest,eng_Latn,spa_Latn,0.15367667276481767,-0.11185606985538013
25,128,devtest,eng_Latn,rus_Cyrl,0.21840623129991008,-0.04674683890744762
25,128,devtest,eng_Latn,hin_Deva,0.2137346082054589,0.20257410920641328
25,128,devtest,eng_Latn,arb_Arab,0.22815148260066956,-0.009668825367910982
25,128,devtest,eng_Latn,zho_Hans,0.05129612265837444,-0.2384882732511239
25,128,devtest,eng_Latn,jpn_Jpan,0.10689652079958928,-0.15711000639648778
25,128,devtest,eng_Latn,tur_Latn,0.23307012443555516,-0.04184650203278124
25,128,devtest,eng_Latn,vie_Latn,0.20659944314867126,-0.11242640725465043
25,128,devtest,eng_Latn,ind_Latn,0.25597930298478166,-0.05553044709921002
25,128,devtest,deu_Latn,eng_Latn,0.09094719533300259,-0.3053422511934976
25,128,devtest,deu_Latn,fra_Latn,0.11139335811658845,-0.3718390841413273
25,128,devtest,deu_Latn,spa_Latn,0.15249406744867114,-0.409942202040033
25,128,devtest,deu_Latn,rus_Cyrl,0.05307173103723859,-0.4294998806479031
25,128,devtest,deu_Latn,hin_Deva,0.20162495721765875,-0.1169129889239351
25,128,devtest,deu_Latn,arb_Arab,0.07033672069032691,-0.36976616173666826
25,128,devtest,deu_Latn,zho_Hans,0.17600811767665858,-0.4252078707352299
25,128,devtest,deu_Latn,jpn_Jpan,0.053005431243782236,-0.407610470509104
25,128,devtest,deu_Latn,tur_Latn,0.16358838311692633,-0.3796396536224794
25,128,devtest,deu_Latn,vie_Latn,0.04859198101971684,-0.39684484863838565
25,128,devtest,deu_Latn,ind_Latn,0.1545095433219161,-0.36472387600091616
25,128,devtest,fra_Latn,eng_Latn,0.039658980678151594,-0.2906579299327989
25,128,devtest,fra_Latn,deu_Latn,0.10099127229310965,-0.3469681453951433
25,128,devtest,fra_Latn,spa_Latn,0.10737434224272983,-0.36025590447950756
25,128,devtest,fra_Latn,rus_Cyrl,0.12838863260224898,-0.38199394443997114
25,128,devtest,fra_Latn,hin_Deva,0.18901223124405256,-0.09260056818518038
25,128,devtest,fra_Latn,arb_Arab,0.10788845678868751,-0.3384586171835061
25,128,devtest,fra_Latn,zho_Hans,0.14501117890618684,-0.43037717599173636
25,128,devtest,fra_Latn,jpn_Jpan,0.03285665000516761,-0.4284238759126436
25,128,devtest,fra_Latn,tur_Latn,0.08673487131292451,-0.32660568019164726
25,128,devtest,fra_Latn,vie_Latn,0.03035540034760874,-0.33892992409408
25,128,devtest,fra_Latn,ind_Latn,0.09183339615176564,-0.3127390674480052
25,128,devtest,spa_Latn,eng_Latn,0.00449175358077115,-0.2809497478583266
25,128,devtest,spa_Latn,deu_Latn,0.12860018878858342,-0.3471071025243059
25,128,devtest,spa_Latn,fra_Latn,0.12911101621981935,-0.32386618198165806
25,128,devtest,spa_Latn,rus_Cyrl,0.09630090996599505,-0.36527452573964647
25,128,devtest,spa_Latn,hin_Deva,0.20256289751389958,-0.04920905003336626
25,128,devtest,spa_Latn,arb_Arab,0.13247564847379292,-0.28629498699271005
25,128,devtest,spa_Latn,zho_Hans,0.1174267413956784,-0.40182884635120575
25,128,devtest,spa_Latn,jpn_Jpan,-0.04263043678600094,-0.3719138502341641
25,128,devtest,spa_Latn,tur_Latn,0.11342500429941729,-0.30419496788979533
25,128,devtest,spa_Latn,vie_Latn,0.02221839080659231,-0.33491405323269635
25,128,devtest,spa_Latn,ind_Latn,0.07102107935456586,-0.3118245030658635
25,128,devtest,rus_Cyrl,eng_Latn,-0.005902495124106205,-0.29342631485073495
25,128,devtest,rus_Cyrl,deu_Latn,-0.03926300441276591,-0.3994808463384634
25,128,devtest,rus_Cyrl,fra_Latn,0.019186362761078157,-0.3934714599468834
25,128,devtest,rus_Cyrl,spa_Latn,0.008654805340399273,-0.3996429652044959
25,128,devtest,rus_Cyrl,hin_Deva,0.271071070904059,-0.07042976849666807
25,128,devtest,rus_Cyrl,arb_Arab,0.007760977521554516,-0.3750908052774051
25,128,devtest,rus_Cyrl,zho_Hans,0.1118870704223675,-0.42822329248169694
25,128,devtest,rus_Cyrl,jpn_Jpan,-0.03556836651670826,-0.42526156197175385
25,128,devtest,rus_Cyrl,tur_Latn,-0.04859912445136467,-0.3543775432656141
25,128,devtest,rus_Cyrl,vie_Latn,-0.07033969246299693,-0.3880456797934239
25,128,devtest,rus_Cyrl,ind_Latn,-0.07845791319419944,-0.38636829250099297
25,128,devtest,hin_Deva,eng_Latn,0.04731352620792076,-0.20490736550309846
25,128,devtest,hin_Deva,deu_Latn,0.03991687981872751,-0.3867720480710281
25,128,devtest,hin_Deva,fra_Latn,0.04569568501183043,-0.3881065701185571
25,128,devtest,hin_Deva,spa_Latn,0.04266624833753487,-0.37683021418064117
25,128,devtest,hin_Deva,rus_Cyrl,0.11339198168347894,-0.3687886768808759
25,128,devtest,hin_Deva,arb_Arab,0.047279839125520785,-0.37104267108438554
25,128,devtest,hin_Deva,zho_Hans,0.14955113123103145,-0.2906822093100932
25,128,devtest,hin_Deva,jpn_Jpan,0.12160565664549444,-0.3052574247647521
25,128,devtest,hin_Deva,tur_Latn,0.016580018317829657,-0.4209286817805635
25,128,devtest,hin_Deva,vie_Latn,0.03284698403739954,-0.33577220270706704
25,128,devtest,hin_Deva,ind_Latn,-0.0005359312788926039,-0.3515531448020976
25,128,devtest,arb_Arab,eng_Latn,0.019248941373806103,-0.3088295181588431
25,128,devtest,arb_Arab,deu_Latn,0.04146031639743073,-0.3883879697594899
25,128,devtest,arb_Arab,fra_Latn,0.0868850914892666,-0.38888975044133944
25,128,devtest,arb_Arab,spa_Latn,0.09261608009397218,-0.37165253346289506
25,128,devtest,arb_Arab,rus_Cyrl,0.10705686807755765,-0.41280673357836783
25,128,devtest,arb_Arab,hin_Deva,0.21375944527799767,-0.14399859191778977
25,128,devtest,arb_Arab,zho_Hans,0.1797961876165246,-0.42438249770534336
25,128,devtest,arb_Arab,jpn_Jpan,0.038318181791480777,-0.405759698136989
25,128,devtest,arb_Arab,tur_Latn,0.06804552216536341,-0.37368452189161194
25,128,devtest,arb_Arab,vie_Latn,0.03893486528769487,-0.36023201786560766
25,128,devtest,arb_Arab,ind_Latn,0.04910142134321491,-0.3708077990959029
25,128,devtest,zho_Hans,eng_Latn,0.09609327717387069,-0.33488114123947504
25,128,devtest,zho_Hans,deu_Latn,0.36912031346110785,-0.26202682350356876
25,128,devtest,zho_Hans,fra_Latn,0.3282100898889405,-0.30534502703841476
25,128,devtest,zho_Hans,spa_Latn,0.30866850065782403,-0.31548262405508787
25,128,devtest,zho_Hans,rus_Cyrl,0.2794564593867438,-0.2691747821626853
25,128,devtest,zho_Hans,hin_Deva,0.27938710179773246,0.067230018886165
25,128,devtest,zho_Hans,arb_Arab,0.3622954350368102,-0.2285628995643413
25,128,devtest,zho_Hans,jpn_Jpan,0.24800929359597984,-0.32111875217808067
25,128,devtest,zho_Hans,tur_Latn,0.35479750856250664,-0.220661674975295
25,128,devtest,zho_Hans,vie_Latn,0.3061685209190979,-0.3043313153958302
25,128,devtest,zho_Hans,ind_Latn,0.331085217237446,-0.2440067487837945
25,128,devtest,jpn_Jpan,eng_Latn,-0.08933077723460886,-0.29361066539562736
25,128,devtest,jpn_Jpan,deu_Latn,0.1790439097828291,-0.29538464646601503
25,128,devtest,jpn_Jpan,fra_Latn,0.1967124549281614,-0.35304586801388677
25,128,devtest,jpn_Jpan,spa_Latn,0.08595711996154609,-0.33817710522699357
25,128,devtest,jpn_Jpan,rus_Cyrl,0.11757458598549274,-0.34403420842234406
25,128,devtest,jpn_Jpan,hin_Deva,0.2988941072161227,0.031806159203323116
25,128,devtest,jpn_Jpan,arb_Arab,0.2294514580652301,-0.2708347908763487
25,128,devtest,jpn_Jpan,zho_Hans,0.08715722818014209,-0.36031838307171765
25,128,devtest,jpn_Jpan,tur_Latn,0.19388263567756356,-0.2635183878043668
25,128,devtest,jpn_Jpan,vie_Latn,0.06133492085457638,-0.3554135845698712
25,128,devtest,jpn_Jpan,ind_Latn,0.1826214136740833,-0.27911137829631977
25,128,devtest,tur_Latn,eng_Latn,0.0591649240472024,-0.3502231524670946
25,128,devtest,tur_Latn,deu_Latn,0.11890817029384454,-0.4327074243035144
25,128,devtest,tur_Latn,fra_Latn,0.09378118405080961,-0.4216734805787057
25,128,devtest,tur_Latn,spa_Latn,0.0951772715797929,-0.43480760856253275
25,128,devtest,tur_Latn,rus_Cyrl,0.0465579255617838,-0.4473306995774518
25,128,devtest,tur_Latn,hin_Deva,0.17915507532123112,-0.22927988785343897
25,128,devtest,tur_Latn,arb_Arab,0.085990048579617,-0.4087228069038361
25,128,devtest,tur_Latn,zho_Hans,0.19110004332849476,-0.4419038961419845
25,128,devtest,tur_Latn,jpn_Jpan,0.04791421083850942,-0.43221266988572477
25,128,devtest,tur_Latn,vie_Latn,0.004401048885847101,-0.3986875991079751
25,128,devtest,tur_Latn,ind_Latn,0.0761853288154858,-0.40788549455548095
25,128,devtest,vie_Latn,eng_Latn,0.07298775437429442,-0.27105870591392384
25,128,devtest,vie_Latn,deu_Latn,0.10022567660481364,-0.32714411057687004
25,128,devtest,vie_Latn,fra_Latn,0.11532433482965815,-0.3012590090582475
25,128,devtest,vie_Latn,spa_Latn,0.09356672511229781,-0.3289335199908501
25,128,devtest,vie_Latn,rus_Cyrl,0.07119584636120792,-0.3432596843359175
25,128,devtest,vie_Latn,hin_Deva,0.20656505033726713,-0.026157416353984882
25,128,devtest,vie_Latn,arb_Arab,0.13773772234295448,-0.2537493989063576
25,128,devtest,vie_Latn,zho_Hans,0.17309440323783698,-0.373929455902387
25,128,devtest,vie_Latn,jpn_Jpan,0.02630797449860328,-0.3938334049042005
25,128,devtest,vie_Latn,tur_Latn,0.08366274289976532,-0.26792477142285503
25,128,devtest,vie_Latn,ind_Latn,0.1713947651905843,-0.25251673462325025
25,128,devtest,ind_Latn,eng_Latn,0.08076060600279501,-0.26695035083649415
25,128,devtest,ind_Latn,deu_Latn,0.1535540232512193,-0.3456591342889284
25,128,devtest,ind_Latn,fra_Latn,0.09363798545939986,-0.31503646047014827
25,128,devtest,ind_Latn,spa_Latn,0.09355523721839644,-0.3489703235710729
25,128,devtest,ind_Latn,rus_Cyrl,0.02603717229468442,-0.39192500929664187
25,128,devtest,ind_Latn,hin_Deva,0.13837556315548544,-0.10400547376086434
25,128,devtest,ind_Latn,arb_Arab,0.10274032886934882,-0.31833662715232247
25,128,devtest,ind_Latn,zho_Hans,0.17311179400374238,-0.37158146088216176
25,128,devtest,ind_Latn,jpn_Jpan,0.09164805919831608,-0.35885650876904823
25,128,devtest,ind_Latn,tur_Latn,0.1125894516279349,-0.34022842311619217
25,128,devtest,ind_Latn,vie_Latn,0.11858539761938468,-0.296305010327425
25,256,devtest,eng_Latn,deu_Latn,0.32118446354617725,-0.04621670165836548
25,256,devtest,eng_Latn,fra_Latn,0.27875401238451697,-0.07516579863039
25,256,devtest,eng_Latn,spa_Latn,0.1778616443079246,-0.13980712978910148
25,256,devtest,eng_Latn,rus_Cyrl,0.2480334625906822,-0.05868565550983157
25,256,devtest,eng_Latn,hin_Deva,0.23893827993569433,0.22539080874597228
25,256,devtest,eng_Latn,arb_Arab,0.24431851482752964,-0.0047610308734634685
25,256,devtest,eng_Latn,zho_Hans,0.05341715653057785,-0.2715392298109255
25,256,devtest,eng_Latn,jpn_Jpan,0.12492313258018813,-0.17066956737791958
25,256,devtest,eng_Latn,tur_Latn,0.260632264110338,-0.02567037263766772
25,256,devtest,eng_Latn,vie_Latn,0.23013929840378985,-0.1226196611371508
25,256,devtest,eng_Latn,ind_Latn,0.28333735464632265,-0.06698082907176597
25,256,devtest,deu_Latn,eng_Latn,0.09334173547852306,-0.3378314560896459
25,256,devtest,deu_Latn,fra_Latn,0.12486627422331431,-0.39945548473454134
25,256,devtest,deu_Latn,spa_Latn,0.14950024564699516,-0.4407546959368151
25,256,devtest,deu_Latn,rus_Cyrl,0.058987839573150014,-0.46301445235880956
25,256,devtest,deu_Latn,hin_Deva,0.23231054681398733,-0.1229916873206394
25,256,devtest,deu_Latn,arb_Arab,0.08156974289098236,-0.39847445340157767
25,256,devtest,deu_Latn,zho_Hans,0.1837679785630146,-0.45883989719917784
25,256,devtest,deu_Latn,jpn_Jpan,0.0400991984782066,-0.4346208718093027
25,256,devtest,deu_Latn,tur_Latn,0.16747906183584038,-0.39745044961741094
25,256,devtest,deu_Latn,vie_Latn,0.0432013190096985,-0.42695870305857253
25,256,devtest,deu_Latn,ind_Latn,0.15113024327380653,-0.3882685677248772
25,256,devtest,fra_Latn,eng_Latn,0.04853350174889863,-0.32009266789006086
25,256,devtest,fra_Latn,deu_Latn,0.1132203208985781,-0.35990051410814367
25,256,devtest,fra_Latn,spa_Latn,0.10646502618347818,-0.3907487077496356
25,256,devtest,fra_Latn,rus_Cyrl,0.13097565932878008,-0.39795241503845374
25,256,devtest,fra_Latn,hin_Deva,0.2193165252419614,-0.07517898176209913
25,256,devtest,fra_Latn,arb_Arab,0.11185408191513835,-0.35654328336065527
25,256,devtest,fra_Latn,zho_Hans,0.15103147994439736,-0.46645515679464916
25,256,devtest,fra_Latn,jpn_Jpan,0.023607522826468948,-0.44285044397934714
25,256,devtest,fra_Latn,tur_Latn,0.09510202174128313,-0.32733419026730254
25,256,devtest,fra_Latn,vie_Latn,0.01354950890773072,-0.37285934272520094
25,256,devtest,fra_Latn,ind_Latn,0.07493193129508928,-0.33955465740923874
25,256,devtest,spa_Latn,eng_Latn,0.00707719755852178,-0.33727605603877686
25,256,devtest,spa_Latn,deu_Latn,0.13220959260634357,-0.36470288122187167
25,256,devtest,spa_Latn,fra_Latn,0.1304655377481451,-0.35249198239692314
25,256,devtest,spa_Latn,rus_Cyrl,0.09877229229314279,-0.3966340859971175
25,256,devtest,spa_Latn,hin_Deva,0.22282800878494452,-0.03798449986334551
25,256,devtest,spa_Latn,arb_Arab,0.13574874319484226,-0.3004047482883855
25,256,devtest,spa_Latn,zho_Hans,0.12332329256540059,-0.4400016145961029
25,256,devtest,spa_Latn,jpn_Jpan,-0.04719305323801694,-0.400497063697053
25,256,devtest,spa_Latn,tur_Latn,0.12236385364672613,-0.30339087763902106
25,256,devtest,spa_Latn,vie_Latn,0.016348128989346223,-0.36176864340429155
25,256,devtest,spa_Latn,ind_Latn,0.08705602674100914,-0.33608540630755224
25,256,devtest,rus_Cyrl,eng_Latn,-0.014755059686014975,-0.35545970858560433
25,256,devtest,rus_Cyrl,deu_Latn,-0.04700481691942641,-0.42027567980038577
25,256,devtest,rus_Cyrl,fra_Latn,0.007578520198582533,-0.4168445205303708
25,256,devtest,rus_Cyrl,spa_Latn,-0.004790958363723053,-0.4452236322607704
25,256,devtest,rus_Cyrl,hin_Deva,0.3006443431790557,-0.07293331190665828
25,256,devtest,rus_Cyrl,arb_Arab,0.002390269797352898,-0.382255955127003
25,256,devtest,rus_Cyrl,zho_Hans,0.11582778588667617,-0.4716531466203017
25,256,devtest,rus_Cyrl,jpn_Jpan,-0.05873222067032971,-0.4579504344704681
25,256,devtest,rus_Cyrl,tur_Latn,-0.05871481025239972,-0.36225142361726015
25,256,devtest,rus_Cyrl,vie_Latn,-0.08255270706681837,-0.4255014246465432
25,256,devtest,rus_Cyrl,ind_Latn,-0.0916961609875072,-0.4046639171852335
25,256,devtest,hin_Deva,eng_Latn,0.05934584629613486,-0.22024327827020304
25,256,devtest,hin_Deva,deu_Latn,0.044293796590943124,-0.40257490543574703
25,256,devtest,hin_Deva,fra_Latn,0.05426318706398534,-0.3936426890482478
25,256,devtest,hin_Deva,spa_Latn,0.045606556128088886,-0.39619317775118185
25,256,devtest,hin_Deva,rus_Cyrl,0.11939254412388593,-0.3902178538678894
25,256,devtest,hin_Deva,arb_Arab,0.04262697138450818,-0.3847818012973353
25,256,devtest,hin_Deva,zho_Hans,0.1728761713609904,-0.3037251403028093
25,256,devtest,hin_Deva,jpn_Jpan,0.1250014024153353,-0.32889806506029096
25,256,devtest,hin_Deva,tur_Latn,0.013576620942372832,-0.438783765593048
25,256,devtest,hin_Deva,vie_Latn,0.049474452933972776,-0.35753639390289216
25,256,devtest,hin_Deva,ind_Latn,0.00230665517134307,-0.3684849931674353
25,256,devtest,arb_Arab,eng_Latn,0.003542956155974771,-0.34508154411036596
25,256,devtest,arb_Arab,deu_Latn,0.04782248915124067,-0.41590588682630997
25,256,devtest,arb_Arab,fra_Latn,0.08497816894851538,-0.4192446327927467
25,256,devtest,arb_Arab,spa_Latn,0.08315964082482846,-0.39634517442646705
25,256,devtest,arb_Arab,rus_Cyrl,0.1139409740899012,-0.4282676091252862
25,256,devtest,arb_Arab,hin_Deva,0.2340948935698969,-0.14701541804921373
25,256,devtest,arb_Arab,zho_Hans,0.17990631195356774,-0.4501157100561147
25,256,devtest,arb_Arab,jpn_Jpan,0.0174647499572377,-0.4376808637264187
25,256,devtest,arb_Arab,tur_Latn,0.06668655747543344,-0.39209873688803387
25,256,devtest,arb_Arab,vie_Latn,0.024931561194961403,-0.3940009474738798
25,256,devtest,arb_Arab,ind_Latn,0.04062822452649381,-0.3937340909246009
25,256,devtest,zho_Hans,eng_Latn,0.10040478382018182,-0.38095770425283826
25,256,devtest,zho_Hans,deu_Latn,0.4064317806823695,-0.2667985282508886
25,256,devtest,zho_Hans,fra_Latn,0.36129433620104373,-0.33309191596361554
25,256,devtest,zho_Hans,spa_Latn,0.34843252596391,-0.3450355409040466
25,256,devtest,zho_Hans,rus_Cyrl,0.3080744083301044,-0.2921739230144638
25,256,devtest,zho_Hans,hin_Deva,0.31323017478716947,0.08554802185014586
25,256,devtest,zho_Hans,arb_Arab,0.39434521806988226,-0.2329268014793425
25,256,devtest,zho_Hans,jpn_Jpan,0.280274106145711,-0.3414421851639158
25,256,devtest,zho_Hans,tur_Latn,0.3829972602493262,-0.21774717931969473
25,256,devtest,zho_Hans,vie_Latn,0.33464358987698417,-0.3264320718226749
25,256,devtest,zho_Hans,ind_Latn,0.36114746229888894,-0.2635842995977481
25,256,devtest,jpn_Jpan,eng_Latn,-0.09484221297006801,-0.3309297172045923
25,256,devtest,jpn_Jpan,deu_Latn,0.1867706036425976,-0.309998044407216
25,256,devtest,jpn_Jpan,fra_Latn,0.2120673443835295,-0.36732347054599107
25,256,devtest,jpn_Jpan,spa_Latn,0.09324913156560223,-0.3698292397682741
25,256,devtest,jpn_Jpan,rus_Cyrl,0.11783574677692134,-0.3732647262969592
25,256,devtest,jpn_Jpan,hin_Deva,0.3254247466820345,0.031075660936921386
25,256,devtest,jpn_Jpan,arb_Arab,0.23618971360520974,-0.29134323407910667
25,256,devtest,jpn_Jpan,zho_Hans,0.0967888223594667,-0.38917946371788836
25,256,devtest,jpn_Jpan,tur_Latn,0.2065699610691327,-0.2761436260933189
25,256,devtest,jpn_Jpan,vie_Latn,0.06074632371358635,-0.3755902443490393
25,256,devtest,jpn_Jpan,ind_Latn,0.18857468995663568,-0.3137549222623125
25,256,devtest,tur_Latn,eng_Latn,0.06574181489181788,-0.38031268864183015
25,256,devtest,tur_Latn,deu_Latn,0.11922493362970239,-0.4524837344564534
25,256,devtest,tur_Latn,fra_Latn,0.10297625289248134,-0.43639389065326073
25,256,devtest,tur_Latn,spa_Latn,0.09617850753319288,-0.45053352421058196
25,256,devtest,tur_Latn,rus_Cyrl,0.0472302123307462,-0.46328647635759707
25,256,devtest,tur_Latn,hin_Deva,0.2030967954455534,-0.23240117382648348
25,256,devtest,tur_Latn,arb_Arab,0.09204543016617549,-0.43368915342527165
25,256,devtest,tur_Latn,zho_Hans,0.1970287291941684,-0.4673229923272545
25,256,devtest,tur_Latn,jpn_Jpan,0.03915168638943341,-0.45445019491420113
25,256,devtest,tur_Latn,vie_Latn,-0.00484619940808242,-0.4263848753706054
25,256,devtest,tur_Latn,ind_Latn,0.07581472672371473,-0.4220832801970554
25,256,devtest,vie_Latn,eng_Latn,0.08626700543609227,-0.3032572698312356
25,256,devtest,vie_Latn,deu_Latn,0.1082202506422247,-0.3440401629304113
25,256,devtest,vie_Latn,fra_Latn,0.11087780724448248,-0.33375152651568185
25,256,devtest,vie_Latn,spa_Latn,0.09026225607267603,-0.3481283595531417
25,256,devtest,vie_Latn,rus_Cyrl,0.07525823116170298,-0.3687712465346004
25,256,devtest,vie_Latn,hin_Deva,0.2375082057978994,-0.023801460642768384
25,256,devtest,vie_Latn,arb_Arab,0.13606249976412282,-0.27857368502721896
25,256,devtest,vie_Latn,zho_Hans,0.17049986872524567,-0.4047014794136588
25,256,devtest,vie_Latn,jpn_Jpan,0.018949523055431714,-0.40478108096972387
25,256,devtest,vie_Latn,tur_Latn,0.08978716107483316,-0.2731226612546577
25,256,devtest,vie_Latn,ind_Latn,0.18340501705384676,-0.27879791321078207
25,256,devtest,ind_Latn,eng_Latn,0.08068459843719177,-0.31259139877218717
25,256,devtest,ind_Latn,deu_Latn,0.15492321277379395,-0.35880806335303406
25,256,devtest,ind_Latn,fra_Latn,0.07833830321760783,-0.3410549178460309
25,256,devtest,ind_Latn,spa_Latn,0.1009840695645206,-0.3767919508372153
25,256,devtest,ind_Latn,rus_Cyrl,0.025921492647120726,-0.40132970415999214
25,256,devtest,ind_Latn,hin_Deva,0.16233339043978504,-0.09833519106339086
25,256,devtest,ind_Latn,arb_Arab,0.10338446267315216,-0.3364055490603865
25,256,devtest,ind_Latn,zho_Hans,0.16902978435305355,-0.40628048122909644
25,256,devtest,ind_Latn,jpn_Jpan,0.08555994618169677,-0.3937321917340609
25,256,devtest,ind_Latn,tur_Latn,0.11107588762630777,-0.34249648257148224
25,256,devtest,ind_Latn,vie_Latn,0.12196617261467903,-0.3255084800433333
26,64,devtest,eng_Latn,deu_Latn,0.2530013056895709,-0.07093848854416586
26,64,devtest,eng_Latn,fra_Latn,0.22060109682279683,-0.06880121112131453
26,64,devtest,eng_Latn,spa_Latn,0.12000282054678749,-0.1300347493166918
26,64,devtest,eng_Latn,rus_Cyrl,0.19777819038378996,-0.062386505760868
26,64,devtest,eng_Latn,hin_Deva,0.2151972760950985,0.18396340414098744
26,64,devtest,eng_Latn,arb_Arab,0.20072762392187415,-0.029978882524891063
26,64,devtest,eng_Latn,zho_Hans,0.05712496573008533,-0.2122624092342226
26,64,devtest,eng_Latn,jpn_Jpan,0.09596665314592437,-0.1415094832801432
26,64,devtest,eng_Latn,tur_Latn,0.19283891717922527,-0.08482303374016555
26,64,devtest,eng_Latn,vie_Latn,0.14888153071387042,-0.09790808697802515
26,64,devtest,eng_Latn,ind_Latn,0.2064827814344874,-0.06468942451138533
26,64,devtest,deu_Latn,eng_Latn,0.03792880045770187,-0.28387542312934505
26,64,devtest,deu_Latn,fra_Latn,0.09094684202066529,-0.3166255620298099
26,64,devtest,deu_Latn,spa_Latn,0.1213620019980016,-0.3454058724904213
26,64,devtest,deu_Latn,rus_Cyrl,0.061162744614151124,-0.381985073026062
26,64,devtest,deu_Latn,hin_Deva,0.1644276710590413,-0.09784399605858653
26,64,devtest,deu_Latn,arb_Arab,0.07586233161564059,-0.2989264980806586
26,64,devtest,deu_Latn,zho_Hans,0.14670752358999473,-0.38753612803514464
26,64,devtest,deu_Latn,jpn_Jpan,0.041322087830978425,-0.3510939950109946
26,64,devtest,deu_Latn,tur_Latn,0.14346584297014192,-0.360111180646049
26,64,devtest,deu_Latn,vie_Latn,0.043068701006618526,-0.34805229834294155
26,64,devtest,deu_Latn,ind_Latn,0.13407186084697312,-0.3153743440595399
26,64,devtest,fra_Latn,eng_Latn,0.016783976271315025,-0.2726406607164829
26,64,devtest,fra_Latn,deu_Latn,0.08748770810272193,-0.2934064231586067
26,64,devtest,fra_Latn,spa_Latn,0.08868418365713875,-0.32604624420314576
26,64,devtest,fra_Latn,rus_Cyrl,0.12803850694322785,-0.35711721056542783
26,64,devtest,fra_Latn,hin_Deva,0.1778770524184361,-0.06770652378237041
26,64,devtest,fra_Latn,arb_Arab,0.08916187125755642,-0.28721243310851047
26,64,devtest,fra_Latn,zho_Hans,0.12398775087454056,-0.40980444415709477
26,64,devtest,fra_Latn,jpn_Jpan,0.052749171245049464,-0.40178135241738044
26,64,devtest,fra_Latn,tur_Latn,0.0744473352905412,-0.33044206300921175
26,64,devtest,fra_Latn,vie_Latn,0.0339968453044483,-0.32757538382564544
26,64,devtest,fra_Latn,ind_Latn,0.11931128851612201,-0.2909466314723014
26,64,devtest,spa_Latn,eng_Latn,-0.032941461823990686,-0.2788503616483606
26,64,devtest,spa_Latn,deu_Latn,0.10946593946375273,-0.29400727186025344
26,64,devtest,spa_Latn,fra_Latn,0.1196771407601991,-0.29363463301439713
26,64,devtest,spa_Latn,rus_Cyrl,0.0900258022519657,-0.34328210302315665
26,64,devtest,spa_Latn,hin_Deva,0.1964013572295643,-0.03411539805771301
26,64,devtest,spa_Latn,arb_Arab,0.12613939530183652,-0.2507856083383326
26,64,devtest,spa_Latn,zho_Hans,0.09390526024929786,-0.378211225880212
26,64,devtest,spa_Latn,jpn_Jpan,-0.02820406060549765,-0.355886417095866
26,64,devtest,spa_Latn,tur_Latn,0.09532524813776229,-0.3247285760890355
26,64,devtest,spa_Latn,vie_Latn,0.012253891768202504,-0.3160089960364865
26,64,devtest,spa_Latn,ind_Latn,0.09134817339672724,-0.29737380689280696
26,64,devtest,rus_Cyrl,eng_Latn,0.0022229902013185692,-0.2614045484903132
26,64,devtest,rus_Cyrl,deu_Latn,-0.01640850763441381,-0.3499854667328463
26,64,devtest,rus_Cyrl,fra_Latn,0.03322253558915899,-0.36064022633623694
26,64,devtest,rus_Cyrl,spa_Latn,0.0004399615154581275,-0.37243866996928643
26,64,devtest,rus_Cyrl,hin_Deva,0.24308907854826067,-0.05734542552135657
26,64,devtest,rus_Cyrl,arb_Arab,0.023237170261037294,-0.31746922499300606
26,64,devtest,rus_Cyrl,zho_Hans,0.11411212349360492,-0.4103961596474991
26,64,devtest,rus_Cyrl,jpn_Jpan,-0.03434326351346917,-0.36821448423148634
26,64,devtest,rus_Cyrl,tur_Latn,-0.03873800378344631,-0.35419755406958614
26,64,devtest,rus_Cyrl,vie_Latn,-0.046880297588171076,-0.34316227017505113
26,64,devtest,rus_Cyrl,ind_Latn,-0.038804486222231045,-0.3486977550160218
26,64,devtest,hin_Deva,eng_Latn,0.046118791638934065,-0.1900972684483171
26,64,devtest,hin_Deva,deu_Latn,0.047737961986931615,-0.32389406081299355
26,64,devtest,hin_Deva,fra_Latn,0.06797636466174913,-0.31015057875162716
26,64,devtest,hin_Deva,spa_Latn,0.07542006221151303,-0.3096725916435942
26,64,devtest,hin_Deva,rus_Cyrl,0.10937091067696425,-0.31602734864951837
26,64,devtest,hin_Deva,arb_Arab,0.0303842349296195,-0.3270934176283207
26,64,devtest,hin_Deva,zho_Hans,0.14880723423048653,-0.2519582421052095
26,64,devtest,hin_Deva,jpn_Jpan,0.12913197243933236,-0.26756032287984527
26,64,devtest,hin_Deva,tur_Latn,0.031671841052933115,-0.3377465307252054
26,64,devtest,hin_Deva,vie_Latn,0.05642559845000494,-0.277822462152237
26,64,devtest,hin_Deva,ind_Latn,0.003471590018307391,-0.2869289423643708
26,64,devtest,arb_Arab,eng_Latn,0.007357530922856262,-0.26275626987757894
26,64,devtest,arb_Arab,deu_Latn,0.0525031926401963,-0.30230378428997556
26,64,devtest,arb_Arab,fra_Latn,0.06668183873198479,-0.3210697007908822
26,64,devtest,arb_Arab,spa_Latn,0.08521472138109608,-0.30990865427488035
26,64,devtest,arb_Arab,rus_Cyrl,0.10240827723027625,-0.3458194328892852
26,64,devtest,arb_Arab,hin_Deva,0.1769449606305309,-0.11552813835923073
26,64,devtest,arb_Arab,zho_Hans,0.1924542397063355,-0.38503034887852244
26,64,devtest,arb_Arab,jpn_Jpan,0.03963191093831447,-0.35591386764768085
26,64,devtest,arb_Arab,tur_Latn,0.06485947838023995,-0.33660171826311047
26,64,devtest,arb_Arab,vie_Latn,0.04599499074086631,-0.3050377355136591
26,64,devtest,arb_Arab,ind_Latn,0.030391549813771408,-0.293479013946305
26,64,devtest,zho_Hans,eng_Latn,0.0918333154917702,-0.28339767770763014
26,64,devtest,zho_Hans,deu_Latn,0.32528872812039583,-0.23444503554415333
26,64,devtest,zho_Hans,fra_Latn,0.28846933419775933,-0.28224971338266364
26,64,devtest,zho_Hans,spa_Latn,0.25392533107306003,-0.283910603951674
26,64,devtest,zho_Hans,rus_Cyrl,0.2652849058229924,-0.2605679566476792
26,64,devtest,zho_Hans,hin_Deva,0.24807833483346736,0.06979011190457506
26,64,devtest,zho_Hans,arb_Arab,0.35341268165643624,-0.21441234957520933
26,64,devtest,zho_Hans,jpn_Jpan,0.20489321431400612,-0.28966373929550826
26,64,devtest,zho_Hans,tur_Latn,0.297568659813586,-0.21739580158357977
26,64,devtest,zho_Hans,vie_Latn,0.2406868196339769,-0.2844928340565764
26,64,devtest,zho_Hans,ind_Latn,0.27386847984252466,-0.2312541548342216
26,64,devtest,jpn_Jpan,eng_Latn,-0.07293041520842383,-0.24158244091238434
26,64,devtest,jpn_Jpan,deu_Latn,0.15788841204485327,-0.23516257765617035
26,64,devtest,jpn_Jpan,fra_Latn,0.19018395454547302,-0.30725325477362786
26,64,devtest,jpn_Jpan,spa_Latn,0.08864365573255835,-0.30837580788772556
26,64,devtest,jpn_Jpan,rus_Cyrl,0.11232114492877623,-0.27137187626065745
26,64,devtest,jpn_Jpan,hin_Deva,0.2760966495970556,0.0445883736621605
26,64,devtest,jpn_Jpan,arb_Arab,0.21019324188650926,-0.22003635920259212
26,64,devtest,jpn_Jpan,zho_Hans,0.059819528227183796,-0.32093083852008875
26,64,devtest,jpn_Jpan,tur_Latn,0.14094363793916304,-0.2751367581711465
26,64,devtest,jpn_Jpan,vie_Latn,0.05032674910528138,-0.33167834575094624
26,64,devtest,jpn_Jpan,ind_Latn,0.15875891279397863,-0.25305480620157045
26,64,devtest,tur_Latn,eng_Latn,-0.005690838990264649,-0.3550506236742603
26,64,devtest,tur_Latn,deu_Latn,0.09994204879013928,-0.37338039280269325
26,64,devtest,tur_Latn,fra_Latn,0.06786651496609687,-0.38621312107981187
26,64,devtest,tur_Latn,spa_Latn,0.07100065775256958,-0.4102581749760342
26,64,devtest,tur_Latn,rus_Cyrl,0.046505224772473534,-0.4006444582371413
26,64,devtest,tur_Latn,hin_Deva,0.16643100540456715,-0.1592827103400842
26,64,devtest,tur_Latn,arb_Arab,0.078592584643191,-0.34727102982157365
26,64,devtest,tur_Latn,zho_Hans,0.12211035556530894,-0.4037319940167341
26,64,devtest,tur_Latn,jpn_Jpan,0.021043048932847377,-0.4084814776912158
26,64,devtest,tur_Latn,vie_Latn,-0.0018585821688495551,-0.36040722348384996
26,64,devtest,tur_Latn,ind_Latn,0.05212048741318747,-0.35079535330488565
26,64,devtest,vie_Latn,eng_Latn,0.0016238040170602434,-0.21263093786200393
26,64,devtest,vie_Latn,deu_Latn,0.08328719761385497,-0.26209092354670704
26,64,devtest,vie_Latn,fra_Latn,0.1217579904054475,-0.26730553477424784
26,64,devtest,vie_Latn,spa_Latn,0.0753834380576115,-0.2888141553280046
26,64,devtest,vie_Latn,rus_Cyrl,0.07901825363674,-0.28833444716096873
26,64,devtest,vie_Latn,hin_Deva,0.18597943022829092,0.008031677723225846
26,64,devtest,vie_Latn,arb_Arab,0.13178858582962646,-0.19890118391823902
26,64,devtest,vie_Latn,zho_Hans,0.1105093080770342,-0.3430361121199693
26,64,devtest,vie_Latn,jpn_Jpan,0.019795140388295468,-0.3657037612436299
26,64,devtest,vie_Latn,tur_Latn,0.07662373947615245,-0.24938887493575182
26,64,devtest,vie_Latn,ind_Latn,0.17059265357470443,-0.21406027706065794
26,64,devtest,ind_Latn,eng_Latn,0.030667451982705665,-0.21900483669176543
26,64,devtest,ind_Latn,deu_Latn,0.1264243302691506,-0.2799999702322054
26,64,devtest,ind_Latn,fra_Latn,0.12214421881156726,-0.280273275973032
26,64,devtest,ind_Latn,spa_Latn,0.12615295972791749,-0.31920210772073715
26,64,devtest,ind_Latn,rus_Cyrl,0.05305685448724402,-0.33240326141167886
26,64,devtest,ind_Latn,hin_Deva,0.1020748173570627,-0.06239983272220184
26,64,devtest,ind_Latn,arb_Arab,0.0781873341174415,-0.23717699550214888
26,64,devtest,ind_Latn,zho_Hans,0.11440956530138723,-0.3274139495527095
26,64,devtest,ind_Latn,jpn_Jpan,0.08765457029284704,-0.32599474278046914
26,64,devtest,ind_Latn,tur_Latn,0.07876085355111796,-0.3133845128723453
26,64,devtest,ind_Latn,vie_Latn,0.12415775104850997,-0.2550837105458804
26,128,devtest,eng_Latn,deu_Latn,0.29136171550877954,-0.06986317136108915
26,128,devtest,eng_Latn,fra_Latn,0.2375767049395377,-0.08679002388783633
26,128,devtest,eng_Latn,spa_Latn,0.14460616938606025,-0.14689217756962877
26,128,devtest,eng_Latn,rus_Cyrl,0.21697180278982078,-0.07781328641661713
26,128,devtest,eng_Latn,hin_Deva,0.23025088703318472,0.20638553679032287
26,128,devtest,eng_Latn,arb_Arab,0.21770250768598554,-0.027752984435304655
26,128,devtest,eng_Latn,zho_Hans,0.06539230081780702,-0.2428103265831438
26,128,devtest,eng_Latn,jpn_Jpan,0.09202150821465849,-0.17601749054552313
26,128,devtest,eng_Latn,tur_Latn,0.21152577579691892,-0.08662985727498103
26,128,devtest,eng_Latn,vie_Latn,0.1612396099704182,-0.14166678087708284
26,128,devtest,eng_Latn,ind_Latn,0.23320661656683073,-0.07818532666633772
26,128,devtest,deu_Latn,eng_Latn,0.06060254794577828,-0.3151322177996496
26,128,devtest,deu_Latn,fra_Latn,0.10130536159032362,-0.36725547539704934
26,128,devtest,deu_Latn,spa_Latn,0.12609280867598452,-0.3941423118586708
26,128,devtest,deu_Latn,rus_Cyrl,0.056195134177241486,-0.4227795562107797
26,128,devtest,deu_Latn,hin_Deva,0.18502928450997488,-0.10561035365908623
26,128,devtest,deu_Latn,arb_Arab,0.07070442045244549,-0.35827665493058275
26,128,devtest,deu_Latn,zho_Hans,0.16706002716941046,-0.4202340542506891
26,128,devtest,deu_Latn,jpn_Jpan,0.04065498464150494,-0.3962874653241279
26,128,devtest,deu_Latn,tur_Latn,0.16142064241810464,-0.38426566003850565
26,128,devtest,deu_Latn,vie_Latn,0.04276760962225749,-0.3886546351284076
26,128,devtest,deu_Latn,ind_Latn,0.13497240107867503,-0.35399053277004877
26,128,devtest,fra_Latn,eng_Latn,0.010587889584724234,-0.30387032036422945
26,128,devtest,fra_Latn,deu_Latn,0.09789875731813508,-0.33219593924739527
26,128,devtest,fra_Latn,spa_Latn,0.09668679958843795,-0.35285708419963574
26,128,devtest,fra_Latn,rus_Cyrl,0.13110823444025174,-0.38125173280877134
26,128,devtest,fra_Latn,hin_Deva,0.19879508351386832,-0.06137217509752061
26,128,devtest,fra_Latn,arb_Arab,0.10425819711196303,-0.3061538250425729
26,128,devtest,fra_Latn,zho_Hans,0.1432814487635701,-0.4410287550502924
26,128,devtest,fra_Latn,jpn_Jpan,0.025798262204965564,-0.43671992458963166
26,128,devtest,fra_Latn,tur_Latn,0.0803606501369999,-0.34508961323292925
26,128,devtest,fra_Latn,vie_Latn,0.029599790097732614,-0.34521627120109516
26,128,devtest,fra_Latn,ind_Latn,0.09954822620429601,-0.31291890787723686
26,128,devtest,spa_Latn,eng_Latn,-0.029933541706540036,-0.31104348419537176
26,128,devtest,spa_Latn,deu_Latn,0.11543839008745681,-0.32541486945107684
26,128,devtest,spa_Latn,fra_Latn,0.13373322279072786,-0.3168221580716103
26,128,devtest,spa_Latn,rus_Cyrl,0.1118851612783079,-0.3620840867163258
26,128,devtest,spa_Latn,hin_Deva,0.20935609866650817,-0.02379675311020636
26,128,devtest,spa_Latn,arb_Arab,0.13901659294410904,-0.28243087293562347
26,128,devtest,spa_Latn,zho_Hans,0.10798246068234076,-0.4238598875288499
26,128,devtest,spa_Latn,jpn_Jpan,-0.048906988480083985,-0.3828092081587549
26,128,devtest,spa_Latn,tur_Latn,0.1015877191219948,-0.3286636832881663
26,128,devtest,spa_Latn,vie_Latn,0.026553405573470117,-0.34960067884191487
26,128,devtest,spa_Latn,ind_Latn,0.08431517740615992,-0.3241726939980336
26,128,devtest,rus_Cyrl,eng_Latn,-0.014294965983004443,-0.3347040106525054
26,128,devtest,rus_Cyrl,deu_Latn,-0.042091436975670346,-0.3815569995956211
26,128,devtest,rus_Cyrl,fra_Latn,0.019153386873089397,-0.39465288486349154
26,128,devtest,rus_Cyrl,spa_Latn,0.016449712741755152,-0.3992412177954439
26,128,devtest,rus_Cyrl,hin_Deva,0.2726457534625358,-0.05774793857193547
26,128,devtest,rus_Cyrl,arb_Arab,0.010319631058325729,-0.3491530861378291
26,128,devtest,rus_Cyrl,zho_Hans,0.1227030806384061,-0.44584050922565527
26,128,devtest,rus_Cyrl,jpn_Jpan,-0.04425202651251953,-0.42113194102022494
26,128,devtest,rus_Cyrl,tur_Latn,-0.052431802814278027,-0.37045440705514926
26,128,devtest,rus_Cyrl,vie_Latn,-0.058204026899563846,-0.38984771440040744
26,128,devtest,rus_Cyrl,ind_Latn,-0.070999763036395,-0.38297352721040534
26,128,devtest,hin_Deva,eng_Latn,0.04293605299290283,-0.22030066718639094
26,128,devtest,hin_Deva,deu_Latn,0.04205074954722934,-0.3564031730901654
26,128,devtest,hin_Deva,fra_Latn,0.06341136088068033,-0.3458038550509502
26,128,devtest,hin_Deva,spa_Latn,0.05942607626600512,-0.344385131884618
26,128,devtest,hin_Deva,rus_Cyrl,0.12099397813122714,-0.3480129236297068
26,128,devtest,hin_Deva,arb_Arab,0.03785309362964709,-0.35173404019863014
26,128,devtest,hin_Deva,zho_Hans,0.1680907286573705,-0.2844653690280788
26,128,devtest,hin_Deva,jpn_Jpan,0.12136627663959083,-0.3114962488503899
26,128,devtest,hin_Deva,tur_Latn,0.0354889909245725,-0.36968204516854214
26,128,devtest,hin_Deva,vie_Latn,0.04476607760721089,-0.3218579127846074
26,128,devtest,hin_Deva,ind_Latn,0.019641570204184763,-0.32368761495054427
26,128,devtest,arb_Arab,eng_Latn,-0.008788591302763233,-0.3081738498241492
26,128,devtest,arb_Arab,deu_Latn,0.03776014865424859,-0.35735746080695946
26,128,devtest,arb_Arab,fra_Latn,0.07450812697612402,-0.3519156110223576
26,128,devtest,arb_Arab,spa_Latn,0.09238170589633837,-0.3557012428966468
26,128,devtest,arb_Arab,rus_Cyrl,0.10785690361366335,-0.3764787757083894
26,128,devtest,arb_Arab,hin_Deva,0.205890263013523,-0.11251678884026925
26,128,devtest,arb_Arab,zho_Hans,0.17251483433820045,-0.4391064320703867
26,128,devtest,arb_Arab,jpn_Jpan,0.01942610649680926,-0.4026941539055001
26,128,devtest,arb_Arab,tur_Latn,0.06211169226934365,-0.3591770672416338
26,128,devtest,arb_Arab,vie_Latn,0.042147631624841045,-0.34531302567345634
26,128,devtest,arb_Arab,ind_Latn,0.04469684026367562,-0.34603958245925764
26,128,devtest,zho_Hans,eng_Latn,0.09989045182531604,-0.3168144670836729
26,128,devtest,zho_Hans,deu_Latn,0.36594724540578927,-0.24072698040245882
26,128,devtest,zho_Hans,fra_Latn,0.32573671374380214,-0.30266984656854906
26,128,devtest,zho_Hans,spa_Latn,0.29309281729504455,-0.32517386460139935
26,128,devtest,zho_Hans,rus_Cyrl,0.29710241667065146,-0.2767316304873512
26,128,devtest,zho_Hans,hin_Deva,0.277841040235724,0.0877805178597937
26,128,devtest,zho_Hans,arb_Arab,0.36685289326847825,-0.23423733436376798
26,128,devtest,zho_Hans,jpn_Jpan,0.23579181660286283,-0.3213563133470808
26,128,devtest,zho_Hans,tur_Latn,0.3272757263991309,-0.23530489776734495
26,128,devtest,zho_Hans,vie_Latn,0.2893086143073981,-0.3167646283245666
26,128,devtest,zho_Hans,ind_Latn,0.319353908047745,-0.24904822288054893
26,128,devtest,jpn_Jpan,eng_Latn,-0.10531495803337206,-0.294797332013932
26,128,devtest,jpn_Jpan,deu_Latn,0.17273491441385405,-0.26827475103562815
26,128,devtest,jpn_Jpan,fra_Latn,0.18452462167987663,-0.35002978778788457
26,128,devtest,jpn_Jpan,spa_Latn,0.07571591631220054,-0.3377832489786639
26,128,devtest,jpn_Jpan,rus_Cyrl,0.11970700738202476,-0.32151508591633227
26,128,devtest,jpn_Jpan,hin_Deva,0.2921054118201617,0.04739278720144335
26,128,devtest,jpn_Jpan,arb_Arab,0.21670137554768695,-0.25484015394115
26,128,devtest,jpn_Jpan,zho_Hans,0.0732705606684168,-0.3592407744368648
26,128,devtest,jpn_Jpan,tur_Latn,0.156929323702041,-0.28697975762126404
26,128,devtest,jpn_Jpan,vie_Latn,0.060329386022680134,-0.3561390715930144
26,128,devtest,jpn_Jpan,ind_Latn,0.17561755718067967,-0.2807017643386376
26,128,devtest,tur_Latn,eng_Latn,-0.006314280201062549,-0.38239120007601196
26,128,devtest,tur_Latn,deu_Latn,0.10832149829814672,-0.39315525557911096
26,128,devtest,tur_Latn,fra_Latn,0.07746110005230805,-0.406359542606572
26,128,devtest,tur_Latn,spa_Latn,0.072709439634304,-0.42547086128793643
26,128,devtest,tur_Latn,rus_Cyrl,0.04931571160918811,-0.42691316610696295
26,128,devtest,tur_Latn,hin_Deva,0.1913688928585189,-0.1666568718341162
26,128,devtest,tur_Latn,arb_Arab,0.08248906462483768,-0.3738109994946475
26,128,devtest,tur_Latn,zho_Hans,0.1363477502941217,-0.447339904833041
26,128,devtest,tur_Latn,jpn_Jpan,0.019900123783542868,-0.4348727578394775
26,128,devtest,tur_Latn,vie_Latn,-0.006821314582232575,-0.38973305722502394
26,128,devtest,tur_Latn,ind_Latn,0.06538039726981462,-0.3863205596493796
26,128,devtest,vie_Latn,eng_Latn,0.008328546172298851,-0.2833367924877285
26,128,devtest,vie_Latn,deu_Latn,0.09799006222031621,-0.29485057454452807
26,128,devtest,vie_Latn,fra_Latn,0.12728657067316027,-0.29077127704332706
26,128,devtest,vie_Latn,spa_Latn,0.09865987449148717,-0.3280209649129424
26,128,devtest,vie_Latn,rus_Cyrl,0.08909602716859025,-0.3296410676988583
26,128,devtest,vie_Latn,hin_Deva,0.20342130146420445,0.005481417639683339
26,128,devtest,vie_Latn,arb_Arab,0.1477867767741344,-0.23142432543893385
26,128,devtest,vie_Latn,zho_Hans,0.14070883322581176,-0.3850327387630174
26,128,devtest,vie_Latn,jpn_Jpan,0.028385385027852504,-0.3912108122745967
26,128,devtest,vie_Latn,tur_Latn,0.07841403335021262,-0.27409678032627677
26,128,devtest,vie_Latn,ind_Latn,0.1677944919098403,-0.25008733182015436
26,128,devtest,ind_Latn,eng_Latn,0.03587546675754408,-0.2692485467594069
26,128,devtest,ind_Latn,deu_Latn,0.13073071373821454,-0.31019879228383407
26,128,devtest,ind_Latn,fra_Latn,0.10155267500526796,-0.3031567909743194
26,128,devtest,ind_Latn,spa_Latn,0.11447098737463385,-0.35136149015162244
26,128,devtest,ind_Latn,rus_Cyrl,0.04007722287213905,-0.36886515043816787
26,128,devtest,ind_Latn,hin_Deva,0.1342940448438992,-0.06714766653255672
26,128,devtest,ind_Latn,arb_Arab,0.10628857379509692,-0.28949220832483363
26,128,devtest,ind_Latn,zho_Hans,0.1436708656564638,-0.372907781556137
26,128,devtest,ind_Latn,jpn_Jpan,0.09030299185500242,-0.35618839241279493
26,128,devtest,ind_Latn,tur_Latn,0.1005338538212152,-0.33756867509499683
26,128,devtest,ind_Latn,vie_Latn,0.11807763522494384,-0.2941478878979753
26,256,devtest,eng_Latn,deu_Latn,0.3146943835416913,-0.06844177421947924
26,256,devtest,eng_Latn,fra_Latn,0.26706152093473146,-0.09221017885984151
26,256,devtest,eng_Latn,spa_Latn,0.17479611459724123,-0.1649737797710729
26,256,devtest,eng_Latn,rus_Cyrl,0.2348890637504346,-0.07789906618013893
26,256,devtest,eng_Latn,hin_Deva,0.25770731752029175,0.23309687871065266
26,256,devtest,eng_Latn,arb_Arab,0.2349157567829217,-0.0273625026109288
26,256,devtest,eng_Latn,zho_Hans,0.06228007019758009,-0.2723244476286066
26,256,devtest,eng_Latn,jpn_Jpan,0.10872618637266691,-0.18601596318360572
26,256,devtest,eng_Latn,tur_Latn,0.2421172643076109,-0.07504888121101616
26,256,devtest,eng_Latn,vie_Latn,0.19395339288694455,-0.14655102472058015
26,256,devtest,eng_Latn,ind_Latn,0.24954860210740124,-0.09689076548797977
26,256,devtest,deu_Latn,eng_Latn,0.056750008045876404,-0.36039425984642864
26,256,devtest,deu_Latn,fra_Latn,0.11017612601771995,-0.38688172418341527
26,256,devtest,deu_Latn,spa_Latn,0.1348109040104165,-0.4194651985214185
26,256,devtest,deu_Latn,rus_Cyrl,0.06947798654590917,-0.4551944527841196
26,256,devtest,deu_Latn,hin_Deva,0.21725773967561926,-0.10866353753004473
26,256,devtest,deu_Latn,arb_Arab,0.07843567414544514,-0.37626150726125474
26,256,devtest,deu_Latn,zho_Hans,0.16539453386631878,-0.46567932619615066
26,256,devtest,deu_Latn,jpn_Jpan,0.0383264631123864,-0.44011743472911513
26,256,devtest,deu_Latn,tur_Latn,0.16518058945922645,-0.3979479650333635
26,256,devtest,deu_Latn,vie_Latn,0.045489034564619245,-0.4181503466061307
26,256,devtest,deu_Latn,ind_Latn,0.13999393936340487,-0.3881114351023047
26,256,devtest,fra_Latn,eng_Latn,0.010920560523176397,-0.34372455386792744
26,256,devtest,fra_Latn,deu_Latn,0.10611383341267965,-0.3379966192011986
26,256,devtest,fra_Latn,spa_Latn,0.09757564137258334,-0.38437168271981864
26,256,devtest,fra_Latn,rus_Cyrl,0.13322116079623172,-0.39410232360570285
26,256,devtest,fra_Latn,hin_Deva,0.21936394970255238,-0.04883900924606147
26,256,devtest,fra_Latn,arb_Arab,0.1047370105895416,-0.3287653541006618
26,256,devtest,fra_Latn,zho_Hans,0.14087524576145216,-0.4700132753505112
26,256,devtest,fra_Latn,jpn_Jpan,0.019009122728698175,-0.4438566821388663
26,256,devtest,fra_Latn,tur_Latn,0.09047362703258031,-0.3373962186126275
26,256,devtest,fra_Latn,vie_Latn,0.013137571025951129,-0.3701495993515041
26,256,devtest,fra_Latn,ind_Latn,0.08433299946471517,-0.340799535520633
26,256,devtest,spa_Latn,eng_Latn,-0.021548465700989675,-0.3589167524840208
26,256,devtest,spa_Latn,deu_Latn,0.12631031609726986,-0.3377052573212696
26,256,devtest,spa_Latn,fra_Latn,0.13598219684205026,-0.34736790695059644
26,256,devtest,spa_Latn,rus_Cyrl,0.10678441896948031,-0.3907130070264432
26,256,devtest,spa_Latn,hin_Deva,0.22936234192804256,-0.015190772175632137
26,256,devtest,spa_Latn,arb_Arab,0.13171564724129084,-0.28946098830289496
26,256,devtest,spa_Latn,zho_Hans,0.10665145423488809,-0.4523779254489566
26,256,devtest,spa_Latn,jpn_Jpan,-0.054278780551190356,-0.40548362839907004
26,256,devtest,spa_Latn,tur_Latn,0.11482785217374422,-0.3256429229152438
26,256,devtest,spa_Latn,vie_Latn,0.021929728698094827,-0.36452920660928145
26,256,devtest,spa_Latn,ind_Latn,0.09713151272966099,-0.342261284956064
26,256,devtest,rus_Cyrl,eng_Latn,-0.03528307872166105,-0.3735655610092893
26,256,devtest,rus_Cyrl,deu_Latn,-0.04392844789134617,-0.40397614998935605
26,256,devtest,rus_Cyrl,fra_Latn,0.00793286047250108,-0.41640325776822734
26,256,devtest,rus_Cyrl,spa_Latn,-0.0017811795291789916,-0.4398125881607993
26,256,devtest,rus_Cyrl,hin_Deva,0.2944073363703365,-0.058990288317578715
26,256,devtest,rus_Cyrl,arb_Arab,0.00859973500688243,-0.3645211678661614
26,256,devtest,rus_Cyrl,zho_Hans,0.11275963558405773,-0.48170233527639744
26,256,devtest,rus_Cyrl,jpn_Jpan,-0.061496772523008045,-0.4549150161329825
26,256,devtest,rus_Cyrl,tur_Latn,-0.058891137610416054,-0.3799206785540918
26,256,devtest,rus_Cyrl,vie_Latn,-0.0745143639177374,-0.4200110893608092
26,256,devtest,rus_Cyrl,ind_Latn,-0.0802983722764053,-0.4103085126342614
26,256,devtest,hin_Deva,eng_Latn,0.05629119839547808,-0.23564151819071008
26,256,devtest,hin_Deva,deu_Latn,0.04789392709903329,-0.38468416855836063
26,256,devtest,hin_Deva,fra_Latn,0.06204327055459286,-0.3649550762885061
26,256,devtest,hin_Deva,spa_Latn,0.06651651597036949,-0.370434991427203
26,256,devtest,hin_Deva,rus_Cyrl,0.12114166395939874,-0.37694352598317665
26,256,devtest,hin_Deva,arb_Arab,0.045106770670833934,-0.36986786824041074
26,256,devtest,hin_Deva,zho_Hans,0.19151968940193953,-0.30274873483328774
26,256,devtest,hin_Deva,jpn_Jpan,0.12503956753395268,-0.3319765654834037
26,256,devtest,hin_Deva,tur_Latn,0.03694549680252404,-0.39437504859026323
26,256,devtest,hin_Deva,vie_Latn,0.05601709472750954,-0.34183389935803443
26,256,devtest,hin_Deva,ind_Latn,0.01918061430733848,-0.34320454210332085
26,256,devtest,arb_Arab,eng_Latn,-0.030695965529691994,-0.35246594887863275
26,256,devtest,arb_Arab,deu_Latn,0.037047681876945036,-0.3800806419258301
26,256,devtest,arb_Arab,fra_Latn,0.07350307685075666,-0.3919321554111801
26,256,devtest,arb_Arab,spa_Latn,0.07658709444724453,-0.37484667290257656
26,256,devtest,arb_Arab,rus_Cyrl,0.11698976598393258,-0.40166836060669125
26,256,devtest,arb_Arab,hin_Deva,0.23422058119419312,-0.11300994447728516
26,256,devtest,arb_Arab,zho_Hans,0.16827377900284987,-0.45410051000943913
26,256,devtest,arb_Arab,jpn_Jpan,0.004320030546023751,-0.4300563038664347
26,256,devtest,arb_Arab,tur_Latn,0.060898016442193816,-0.37734778129939084
26,256,devtest,arb_Arab,vie_Latn,0.028655969841648872,-0.3737767276570549
26,256,devtest,arb_Arab,ind_Latn,0.038502235006322945,-0.37231177001848215
26,256,devtest,zho_Hans,eng_Latn,0.09616205591108337,-0.36400109874730213
26,256,devtest,zho_Hans,deu_Latn,0.4003074708658863,-0.25459153281559016
26,256,devtest,zho_Hans,fra_Latn,0.3503407834990775,-0.3244169459228778
26,256,devtest,zho_Hans,spa_Latn,0.3236326508444449,-0.34085899388878926
26,256,devtest,zho_Hans,rus_Cyrl,0.31189014411878563,-0.2921726840350106
26,256,devtest,zho_Hans,hin_Deva,0.3125496166225918,0.10713869502200613
26,256,devtest,zho_Hans,arb_Arab,0.3944148212429759,-0.22736855158972713
26,256,devtest,zho_Hans,jpn_Jpan,0.272623361104599,-0.3493184979021396
26,256,devtest,zho_Hans,tur_Latn,0.3529185247558264,-0.24045150181978825
26,256,devtest,zho_Hans,vie_Latn,0.31842899386255463,-0.33674159101560375
26,256,devtest,zho_Hans,ind_Latn,0.34792987836921907,-0.2696863614679966
26,256,devtest,jpn_Jpan,eng_Latn,-0.11498115477324442,-0.33111773621230034
26,256,devtest,jpn_Jpan,deu_Latn,0.18577527530890386,-0.2974116635097571
26,256,devtest,jpn_Jpan,fra_Latn,0.1991068341582386,-0.3566268188311929
26,256,devtest,jpn_Jpan,spa_Latn,0.07918296986952077,-0.3647587024222609
26,256,devtest,jpn_Jpan,rus_Cyrl,0.12897720816310762,-0.3516913340692544
26,256,devtest,jpn_Jpan,hin_Deva,0.3144035001693558,0.052495854428767294
26,256,devtest,jpn_Jpan,arb_Arab,0.22706315909257077,-0.2751644141498224
26,256,devtest,jpn_Jpan,zho_Hans,0.08389482522456301,-0.39841528340044174
26,256,devtest,jpn_Jpan,tur_Latn,0.1653256011391605,-0.2964779568987679
26,256,devtest,jpn_Jpan,vie_Latn,0.057462699839896825,-0.3713863357209034
26,256,devtest,jpn_Jpan,ind_Latn,0.18519551582210309,-0.3121064551535998
26,256,devtest,tur_Latn,eng_Latn,-0.0011440137534309937,-0.41550343926990485
26,256,devtest,tur_Latn,deu_Latn,0.10547080197445317,-0.4075642651673286
26,256,devtest,tur_Latn,fra_Latn,0.08655811390903434,-0.41611758580709995
26,256,devtest,tur_Latn,spa_Latn,0.07686458780367951,-0.43736430014420874
26,256,devtest,tur_Latn,rus_Cyrl,0.05274087502543014,-0.44282167176917026
26,256,devtest,tur_Latn,hin_Deva,0.21499072978026784,-0.16901490148203685
26,256,devtest,tur_Latn,arb_Arab,0.08177393309985402,-0.39035626272053303
26,256,devtest,tur_Latn,zho_Hans,0.14030516327772793,-0.4758617434314009
26,256,devtest,tur_Latn,jpn_Jpan,0.0024961689969698005,-0.4532363750103884
26,256,devtest,tur_Latn,vie_Latn,-0.01844881666875025,-0.41057158989616843
26,256,devtest,tur_Latn,ind_Latn,0.06223520093361136,-0.39289552595386845
26,256,devtest,vie_Latn,eng_Latn,0.025054548469746155,-0.3072676002460287
26,256,devtest,vie_Latn,deu_Latn,0.10643921737751368,-0.31096631030076577
26,256,devtest,vie_Latn,fra_Latn,0.11429330614611087,-0.31724160219958153
26,256,devtest,vie_Latn,spa_Latn,0.09966206347972553,-0.3378038061547155
26,256,devtest,vie_Latn,rus_Cyrl,0.08907184003508657,-0.3497565129675625
26,256,devtest,vie_Latn,hin_Deva,0.23323357477282453,0.015907665326827004
26,256,devtest,vie_Latn,arb_Arab,0.14875309324242902,-0.24701180185549548
26,256,devtest,vie_Latn,zho_Hans,0.14327413780303547,-0.4123328336460998
26,256,devtest,vie_Latn,jpn_Jpan,0.019554372492576154,-0.40150787860869264
26,256,devtest,vie_Latn,tur_Latn,0.08176449041333231,-0.2795029459662506
26,256,devtest,vie_Latn,ind_Latn,0.17454849196072217,-0.2677759453261433
26,256,devtest,ind_Latn,eng_Latn,0.026855952479790317,-0.32059765095212495
26,256,devtest,ind_Latn,deu_Latn,0.13596191079180472,-0.33413825214954934
26,256,devtest,ind_Latn,fra_Latn,0.08553409613358845,-0.331068948443476
26,256,devtest,ind_Latn,spa_Latn,0.1250490167362911,-0.367631854516556
26,256,devtest,ind_Latn,rus_Cyrl,0.048479956028705036,-0.38961046423027174
26,256,devtest,ind_Latn,hin_Deva,0.1562785277144279,-0.06019922197486886
26,256,devtest,ind_Latn,arb_Arab,0.10561792875406112,-0.30836687553016007
26,256,devtest,ind_Latn,zho_Hans,0.13976612199524335,-0.41338403942763563
26,256,devtest,ind_Latn,jpn_Jpan,0.08938584153724008,-0.3899435426990537
26,256,devtest,ind_Latn,tur_Latn,0.0980579796386619,-0.33210111261150016
26,256,devtest,ind_Latn,vie_Latn,0.11458310162891316,-0.31527875894364366
27,64,devtest,eng_Latn,deu_Latn,0.1484204722814892,-0.21214894027373662
27,64,devtest,eng_Latn,fra_Latn,0.08415542509431703,-0.20795732078441326
27,64,devtest,eng_Latn,spa_Latn,0.026956710275217365,-0.2509630472046578
27,64,devtest,eng_Latn,rus_Cyrl,0.22732938489860877,-0.1082763923250437
27,64,devtest,eng_Latn,hin_Deva,0.2462285438537939,0.18353768525257896
27,64,devtest,eng_Latn,arb_Arab,0.2310008837843603,-0.07448565278932968
27,64,devtest,eng_Latn,zho_Hans,0.08078522195002981,-0.2549733717127117
27,64,devtest,eng_Latn,jpn_Jpan,0.04253891553057811,-0.20453775187727732
27,64,devtest,eng_Latn,tur_Latn,0.13472438939246645,-0.20124430347777855
27,64,devtest,eng_Latn,vie_Latn,0.10561945359081404,-0.17237541289669517
27,64,devtest,eng_Latn,ind_Latn,0.04673577207780195,-0.18608856730239356
27,64,devtest,deu_Latn,eng_Latn,-0.0621469182245145,-0.35554137063517227
27,64,devtest,deu_Latn,fra_Latn,0.08144375893086102,-0.30581894001143345
27,64,devtest,deu_Latn,spa_Latn,0.08478563882664687,-0.3695181784807265
27,64,devtest,deu_Latn,rus_Cyrl,0.0823623458171326,-0.3326812264647954
27,64,devtest,deu_Latn,hin_Deva,0.23520045454330687,0.023069178721292938
27,64,devtest,deu_Latn,arb_Arab,0.06543490248222221,-0.24324362872442376
27,64,devtest,deu_Latn,zho_Hans,0.04686893890960524,-0.4188574897296441
27,64,devtest,deu_Latn,jpn_Jpan,-0.011960347787763535,-0.3877373734161592
27,64,devtest,deu_Latn,tur_Latn,0.15510921299743854,-0.376908158861828
27,64,devtest,deu_Latn,vie_Latn,0.00029507592530227534,-0.36327058229982895
27,64,devtest,deu_Latn,ind_Latn,0.11592149601499388,-0.34780844873328604
27,64,devtest,fra_Latn,eng_Latn,-0.09446352905849387,-0.34959301489901506
27,64,devtest,fra_Latn,deu_Latn,0.08732930273247115,-0.306705360612461
27,64,devtest,fra_Latn,spa_Latn,0.07037052938843401,-0.3446061435695237
27,64,devtest,fra_Latn,rus_Cyrl,0.11431405930629078,-0.3188969589324872
27,64,devtest,fra_Latn,hin_Deva,0.23052960244913448,-0.0026778807258067625
27,64,devtest,fra_Latn,arb_Arab,0.07271434663412302,-0.2503553291510214
27,64,devtest,fra_Latn,zho_Hans,0.08267139912328812,-0.451880298146134
27,64,devtest,fra_Latn,jpn_Jpan,-0.001880882351324084,-0.4334601094222732
27,64,devtest,fra_Latn,tur_Latn,0.10321808059292016,-0.36583671169012705
27,64,devtest,fra_Latn,vie_Latn,-0.020779030022738777,-0.33630616737659375
27,64,devtest,fra_Latn,ind_Latn,0.09941190230850137,-0.31605569132502187
27,64,devtest,spa_Latn,eng_Latn,-0.10740999797636543,-0.3400119707839513
27,64,devtest,spa_Latn,deu_Latn,0.08555761473498305,-0.3311179301153632
27,64,devtest,spa_Latn,fra_Latn,0.08818598594661314,-0.30359907186588264
27,64,devtest,spa_Latn,rus_Cyrl,0.09294937882632275,-0.2887925285378973
27,64,devtest,spa_Latn,hin_Deva,0.23928402167765317,0.032251831855185334
27,64,devtest,spa_Latn,arb_Arab,0.09457777921642381,-0.20324876759733956
27,64,devtest,spa_Latn,zho_Hans,0.05720495635307424,-0.4314604228686684
27,64,devtest,spa_Latn,jpn_Jpan,-0.07371825115720426,-0.3860320173285296
27,64,devtest,spa_Latn,tur_Latn,0.10358922364551516,-0.35204426633077596
27,64,devtest,spa_Latn,vie_Latn,-0.0061881143459410065,-0.3201034022529392
27,64,devtest,spa_Latn,ind_Latn,0.06042792685166767,-0.3106567675271236
27,64,devtest,rus_Cyrl,eng_Latn,0.016179594268123126,-0.29223030780232234
27,64,devtest,rus_Cyrl,deu_Latn,0.03267837927127713,-0.36454931915176425
27,64,devtest,rus_Cyrl,fra_Latn,0.07512075752649283,-0.36602610066964075
27,64,devtest,rus_Cyrl,spa_Latn,0.05011597361679333,-0.37618847649059495
27,64,devtest,rus_Cyrl,hin_Deva,0.2539691376805247,-0.04360239061787485
27,64,devtest,rus_Cyrl,arb_Arab,0.011798064954818,-0.3109049770662109
27,64,devtest,rus_Cyrl,zho_Hans,0.1507687639167304,-0.4106990281448457
27,64,devtest,rus_Cyrl,jpn_Jpan,-0.000828950472704871,-0.36528509523136354
27,64,devtest,rus_Cyrl,tur_Latn,0.0033009521194550663,-0.404993007402665
27,64,devtest,rus_Cyrl,vie_Latn,0.006547054113526259,-0.3237090049885562
27,64,devtest,rus_Cyrl,ind_Latn,0.04859370198915166,-0.344260731180524
27,64,devtest,hin_Deva,eng_Latn,0.05776108534834724,-0.1823067210782507
27,64,devtest,hin_Deva,deu_Latn,0.09496542059683703,-0.25807658114456555
27,64,devtest,hin_Deva,fra_Latn,0.11582344249780134,-0.26529763534287043
27,64,devtest,hin_Deva,spa_Latn,0.08448233559919832,-0.28226644179279187
27,64,devtest,hin_Deva,rus_Cyrl,0.09661955267255375,-0.30745461611133645
27,64,devtest,hin_Deva,arb_Arab,0.011112259898208944,-0.3225527559199796
27,64,devtest,hin_Deva,zho_Hans,0.16506670882065075,-0.24120397454891798
27,64,devtest,hin_Deva,jpn_Jpan,0.1473716231677594,-0.24022391087126393
27,64,devtest,hin_Deva,tur_Latn,0.07027746429154273,-0.3114420828566359
27,64,devtest,hin_Deva,vie_Latn,0.06159066037554943,-0.25884476111213994
27,64,devtest,hin_Deva,ind_Latn,0.044043385363959506,-0.23868151766083112
27,64,devtest,arb_Arab,eng_Latn,0.019646718660889965,-0.2763518043897054
27,64,devtest,arb_Arab,deu_Latn,0.07297805670157251,-0.3116177732332056
27,64,devtest,arb_Arab,fra_Latn,0.08205014124837529,-0.3218279273164516
27,64,devtest,arb_Arab,spa_Latn,0.09359594245688042,-0.3081353443135281
27,64,devtest,arb_Arab,rus_Cyrl,0.09224059855791597,-0.3325898816261979
27,64,devtest,arb_Arab,hin_Deva,0.16814705849466732,-0.1006918330998849
27,64,devtest,arb_Arab,zho_Hans,0.18317003211357993,-0.3721911712763197
27,64,devtest,arb_Arab,jpn_Jpan,0.06580583147419522,-0.33453524331214524
27,64,devtest,arb_Arab,tur_Latn,0.05438557270934959,-0.36580067603878313
27,64,devtest,arb_Arab,vie_Latn,0.05853984665896567,-0.2951059579282244
27,64,devtest,arb_Arab,ind_Latn,0.0644530869017451,-0.275421769577288
27,64,devtest,zho_Hans,eng_Latn,0.10098923804531691,-0.2695004890300272
27,64,devtest,zho_Hans,deu_Latn,0.19098064687408298,-0.29029174670312835
27,64,devtest,zho_Hans,fra_Latn,0.1943153395966165,-0.3359296243868857
27,64,devtest,zho_Hans,spa_Latn,0.17097264141353302,-0.3573923286888748
27,64,devtest,zho_Hans,rus_Cyrl,0.3246546342555002,-0.22599544503781616
27,64,devtest,zho_Hans,hin_Deva,0.2594864343552523,0.1128402735553705
27,64,devtest,zho_Hans,arb_Arab,0.3633140706811738,-0.1819145418426568
27,64,devtest,zho_Hans,jpn_Jpan,0.17067647598576016,-0.31441767563513173
27,64,devtest,zho_Hans,tur_Latn,0.2343546494490135,-0.28719452533955614
27,64,devtest,zho_Hans,vie_Latn,0.20662867671106916,-0.29802921539316685
27,64,devtest,zho_Hans,ind_Latn,0.09589421375052981,-0.2876770621046808
27,64,devtest,jpn_Jpan,eng_Latn,-0.12706756961617913,-0.25811180942349343
27,64,devtest,jpn_Jpan,deu_Latn,0.10071710624742879,-0.2919682527799647
27,64,devtest,jpn_Jpan,fra_Latn,0.12424786247507265,-0.35492181478621226
27,64,devtest,jpn_Jpan,spa_Latn,0.03687915132478279,-0.35462915486303886
27,64,devtest,jpn_Jpan,rus_Cyrl,0.17778618713383362,-0.22914280078876187
27,64,devtest,jpn_Jpan,hin_Deva,0.31006955266077835,0.10721832120507463
27,64,devtest,jpn_Jpan,arb_Arab,0.23136530579586911,-0.1803033984207643
27,64,devtest,jpn_Jpan,zho_Hans,0.01997846088142055,-0.34432436358052204
27,64,devtest,jpn_Jpan,tur_Latn,0.11679847938663045,-0.3283635918244081
27,64,devtest,jpn_Jpan,vie_Latn,0.04549781962616903,-0.33289927461753477
27,64,devtest,jpn_Jpan,ind_Latn,0.1370412249321787,-0.28037813260713784
27,64,devtest,tur_Latn,eng_Latn,-0.08628956650087641,-0.36780473958839577
27,64,devtest,tur_Latn,deu_Latn,0.09484477556917326,-0.37986495225179717
27,64,devtest,tur_Latn,fra_Latn,0.08570305812566041,-0.39159718874249433
27,64,devtest,tur_Latn,spa_Latn,0.041816085315898775,-0.41834621616457796
27,64,devtest,tur_Latn,rus_Cyrl,0.07310437201623352,-0.36339649046235645
27,64,devtest,tur_Latn,hin_Deva,0.2376306116436758,-0.0194206794752315
27,64,devtest,tur_Latn,arb_Arab,0.041761773979890796,-0.28717384720478073
27,64,devtest,tur_Latn,zho_Hans,0.04489567388974608,-0.4241709867416715
27,64,devtest,tur_Latn,jpn_Jpan,-0.01870519933481705,-0.42569881436935264
27,64,devtest,tur_Latn,vie_Latn,-0.024405489699730203,-0.36398554913113496
27,64,devtest,tur_Latn,ind_Latn,0.04583661420639984,-0.3737845165842015
27,64,devtest,vie_Latn,eng_Latn,-0.02683884326332464,-0.2422152282830439
27,64,devtest,vie_Latn,deu_Latn,0.044858100333254394,-0.3249119763307514
27,64,devtest,vie_Latn,fra_Latn,0.08596765728549217,-0.2883311372930511
27,64,devtest,vie_Latn,spa_Latn,0.06350040704645134,-0.3309397933372884
27,64,devtest,vie_Latn,rus_Cyrl,0.13135622332929706,-0.24037895408957552
27,64,devtest,vie_Latn,hin_Deva,0.21546067565646196,0.052645751643301146
27,64,devtest,vie_Latn,arb_Arab,0.13075146443408217,-0.16380604293214698
27,64,devtest,vie_Latn,zho_Hans,0.08323326855146802,-0.3682877506428359
27,64,devtest,vie_Latn,jpn_Jpan,0.022815954153419304,-0.3796436167936216
27,64,devtest,vie_Latn,tur_Latn,0.08148811242873202,-0.30431797562275353
27,64,devtest,vie_Latn,ind_Latn,0.1254111857856233,-0.27279834842575656
27,64,devtest,ind_Latn,eng_Latn,-0.10002032914568215,-0.2709873555776621
27,64,devtest,ind_Latn,deu_Latn,0.09981148251602857,-0.2987676183345276
27,64,devtest,ind_Latn,fra_Latn,0.11774352897342971,-0.2828151090931241
27,64,devtest,ind_Latn,spa_Latn,0.10755331981070448,-0.31603404676789665
27,64,devtest,ind_Latn,rus_Cyrl,0.07907274464467584,-0.23925569831379245
27,64,devtest,ind_Latn,hin_Deva,0.15795515463677715,0.05100442023547848
27,64,devtest,ind_Latn,arb_Arab,0.06622431156439082,-0.16538607337407737
27,64,devtest,ind_Latn,zho_Hans,0.0018050969077140727,-0.36402261645930384
27,64,devtest,ind_Latn,jpn_Jpan,0.04728297000912534,-0.3256869513398043
27,64,devtest,ind_Latn,tur_Latn,0.10229238413800208,-0.3212868723870403
27,64,devtest,ind_Latn,vie_Latn,0.07687617257673958,-0.2778890285979508
27,128,devtest,eng_Latn,deu_Latn,0.16861128252586075,-0.21336790825036997
27,128,devtest,eng_Latn,fra_Latn,0.10992736390374018,-0.21300123374756944
27,128,devtest,eng_Latn,spa_Latn,0.05543346046497392,-0.27565234710347175
27,128,devtest,eng_Latn,rus_Cyrl,0.24630262149274376,-0.11510502541532175
27,128,devtest,eng_Latn,hin_Deva,0.2691027796078514,0.20347167000302938
27,128,devtest,eng_Latn,arb_Arab,0.2486806860986751,-0.07010254004949278
27,128,devtest,eng_Latn,zho_Hans,0.08754910144363062,-0.2920194174031952
27,128,devtest,eng_Latn,jpn_Jpan,0.050530354642724054,-0.2519737015501566
27,128,devtest,eng_Latn,tur_Latn,0.15115062088634856,-0.21419857543268017
27,128,devtest,eng_Latn,vie_Latn,0.1315570776354461,-0.2086025662898966
27,128,devtest,eng_Latn,ind_Latn,0.09339164039899973,-0.21613415727711288
27,128,devtest,deu_Latn,eng_Latn,-0.062393472812035326,-0.37053435341891
27,128,devtest,deu_Latn,fra_Latn,0.08853214592374478,-0.3396948278042527
27,128,devtest,deu_Latn,spa_Latn,0.08831563269171233,-0.3942547499250389
27,128,devtest,deu_Latn,rus_Cyrl,0.08097956376890099,-0.3638454179901021
27,128,devtest,deu_Latn,hin_Deva,0.2583373269294768,0.030139644684415007
27,128,devtest,deu_Latn,arb_Arab,0.0640737996610013,-0.27941814296016393
27,128,devtest,deu_Latn,zho_Hans,0.07596542561530104,-0.45771065598131
27,128,devtest,deu_Latn,jpn_Jpan,-0.01036579377096121,-0.42840954907939355
27,128,devtest,deu_Latn,tur_Latn,0.1604387333976242,-0.3947130148235158
27,128,devtest,deu_Latn,vie_Latn,0.006043168382206976,-0.40160433930255696
27,128,devtest,deu_Latn,ind_Latn,0.12308929203139143,-0.367092386430065
27,128,devtest,fra_Latn,eng_Latn,-0.10237373686894992,-0.3688444661071354
27,128,devtest,fra_Latn,deu_Latn,0.09882815915236216,-0.328883203647521
27,128,devtest,fra_Latn,spa_Latn,0.08244267963820441,-0.3655227912253095
27,128,devtest,fra_Latn,rus_Cyrl,0.11383327479614287,-0.32899760238973613
27,128,devtest,fra_Latn,hin_Deva,0.25628113665207686,0.01858253999505113
27,128,devtest,fra_Latn,arb_Arab,0.07865502420086178,-0.25686912403870216
27,128,devtest,fra_Latn,zho_Hans,0.0815434831439396,-0.4620302823140107
27,128,devtest,fra_Latn,jpn_Jpan,-0.01561025995471462,-0.44618754406397604
27,128,devtest,fra_Latn,tur_Latn,0.1053538267404522,-0.3617594335928034
27,128,devtest,fra_Latn,vie_Latn,-0.018189537468083654,-0.355441533174317
27,128,devtest,fra_Latn,ind_Latn,0.09603155143540948,-0.3315127628729914
27,128,devtest,spa_Latn,eng_Latn,-0.10803265167663288,-0.36138713049815774
27,128,devtest,spa_Latn,deu_Latn,0.09197853617865942,-0.3390712689585329
27,128,devtest,spa_Latn,fra_Latn,0.11281426333663969,-0.32031989725843985
27,128,devtest,spa_Latn,rus_Cyrl,0.11361231532111582,-0.2944936109701152
27,128,devtest,spa_Latn,hin_Deva,0.26544225311207076,0.05896166993364259
27,128,devtest,spa_Latn,arb_Arab,0.11012602533758666,-0.231627823394149
27,128,devtest,spa_Latn,zho_Hans,0.05890974988459958,-0.4555222799836311
27,128,devtest,spa_Latn,jpn_Jpan,-0.0865339355566523,-0.4008516431653999
27,128,devtest,spa_Latn,tur_Latn,0.11305928336266122,-0.3525038366259548
27,128,devtest,spa_Latn,vie_Latn,-0.0047359690987290246,-0.3395363401890242
27,128,devtest,spa_Latn,ind_Latn,0.0742991186463354,-0.34401034375548367
27,128,devtest,rus_Cyrl,eng_Latn,-0.006190640579622421,-0.34335214044654583
27,128,devtest,rus_Cyrl,deu_Latn,0.018588484300481916,-0.40265554866696907
27,128,devtest,rus_Cyrl,fra_Latn,0.06745856448572252,-0.3996521780951004
27,128,devtest,rus_Cyrl,spa_Latn,0.05823623231568108,-0.4027371126825756
27,128,devtest,rus_Cyrl,hin_Deva,0.2931317073382479,-0.03876608006758473
27,128,devtest,rus_Cyrl,arb_Arab,0.01145527033047594,-0.3326736901686143
27,128,devtest,rus_Cyrl,zho_Hans,0.14644402641830614,-0.45146984552094194
27,128,devtest,rus_Cyrl,jpn_Jpan,-0.026042302029765086,-0.420507575624431
27,128,devtest,rus_Cyrl,tur_Latn,-0.005628899344149324,-0.4227907946223303
27,128,devtest,rus_Cyrl,vie_Latn,-0.01481230939396439,-0.37897507593649704
27,128,devtest,rus_Cyrl,ind_Latn,0.015507580151737201,-0.39819855167158524
27,128,devtest,hin_Deva,eng_Latn,0.06679769102722494,-0.21120527946879983
27,128,devtest,hin_Deva,deu_Latn,0.09710971105116877,-0.2860342866522442
27,128,devtest,hin_Deva,fra_Latn,0.12634956550977158,-0.2902502493228039
27,128,devtest,hin_Deva,spa_Latn,0.09536599402025463,-0.2986725943059995
27,128,devtest,hin_Deva,rus_Cyrl,0.12017678823256761,-0.3329972150339858
27,128,devtest,hin_Deva,arb_Arab,0.029856301752424905,-0.3378309068625834
27,128,devtest,hin_Deva,zho_Hans,0.18104941683829645,-0.26084663029125604
27,128,devtest,hin_Deva,jpn_Jpan,0.14107907250326054,-0.280525095328988
27,128,devtest,hin_Deva,tur_Latn,0.08117949208345795,-0.3362177950151443
27,128,devtest,hin_Deva,vie_Latn,0.07428701326724839,-0.29660128531781405
27,128,devtest,hin_Deva,ind_Latn,0.059482113877549106,-0.2703049764177425
27,128,devtest,arb_Arab,eng_Latn,0.007585000944164647,-0.31477073698148544
27,128,devtest,arb_Arab,deu_Latn,0.07056247016481168,-0.3664797716510831
27,128,devtest,arb_Arab,fra_Latn,0.08971252325739949,-0.3540427211269914
27,128,devtest,arb_Arab,spa_Latn,0.11018160952438188,-0.35704270318635273
27,128,devtest,arb_Arab,rus_Cyrl,0.11480370699265274,-0.35837720739009327
27,128,devtest,arb_Arab,hin_Deva,0.21009384279755497,-0.08680629902587401
27,128,devtest,arb_Arab,zho_Hans,0.1616258746304023,-0.4226184076716669
27,128,devtest,arb_Arab,jpn_Jpan,0.03982579620547757,-0.3951055459139947
27,128,devtest,arb_Arab,tur_Latn,0.06262431097778272,-0.3891333622052717
27,128,devtest,arb_Arab,vie_Latn,0.053611927762974146,-0.3317104141236248
27,128,devtest,arb_Arab,ind_Latn,0.08378490568059634,-0.32578451755582155
27,128,devtest,zho_Hans,eng_Latn,0.10808534831542946,-0.3111759934603124
27,128,devtest,zho_Hans,deu_Latn,0.24994592959291967,-0.3105735081332835
27,128,devtest,zho_Hans,fra_Latn,0.2230691325876956,-0.3456029266657751
27,128,devtest,zho_Hans,spa_Latn,0.19920597025161854,-0.3821026688891509
27,128,devtest,zho_Hans,rus_Cyrl,0.34095796894845615,-0.24470932070730658
27,128,devtest,zho_Hans,hin_Deva,0.2889822031222423,0.13445189806896496
27,128,devtest,zho_Hans,arb_Arab,0.3730155257357827,-0.19487576573988774
27,128,devtest,zho_Hans,jpn_Jpan,0.20964497060989512,-0.3420774243435406
27,128,devtest,zho_Hans,tur_Latn,0.26643500594158576,-0.31122447231182554
27,128,devtest,zho_Hans,vie_Latn,0.2460540065877501,-0.32253620544639094
27,128,devtest,zho_Hans,ind_Latn,0.1699684893953242,-0.3046712976798945
27,128,devtest,jpn_Jpan,eng_Latn,-0.1433806971977355,-0.3081526372954846
27,128,devtest,jpn_Jpan,deu_Latn,0.12148824818252642,-0.32504569644960385
27,128,devtest,jpn_Jpan,fra_Latn,0.1327921212214361,-0.38080306245131623
27,128,devtest,jpn_Jpan,spa_Latn,0.028689252188156548,-0.38031633687074445
27,128,devtest,jpn_Jpan,rus_Cyrl,0.17892921715116908,-0.271936812195491
27,128,devtest,jpn_Jpan,hin_Deva,0.3274137311262505,0.11051981073102583
27,128,devtest,jpn_Jpan,arb_Arab,0.2334660103152355,-0.2169956463564374
27,128,devtest,jpn_Jpan,zho_Hans,0.03791962774355931,-0.38015170393459613
27,128,devtest,jpn_Jpan,tur_Latn,0.1244053365977658,-0.33681648051076973
27,128,devtest,jpn_Jpan,vie_Latn,0.057824077490226784,-0.3527021616389611
27,128,devtest,jpn_Jpan,ind_Latn,0.14579980580907817,-0.30839597123795043
27,128,devtest,tur_Latn,eng_Latn,-0.09525360210530281,-0.4014744177849501
27,128,devtest,tur_Latn,deu_Latn,0.09997367938298125,-0.4029373845358834
27,128,devtest,tur_Latn,fra_Latn,0.09024018314017739,-0.3966423484233999
27,128,devtest,tur_Latn,spa_Latn,0.04704224566516891,-0.43466138717683833
27,128,devtest,tur_Latn,rus_Cyrl,0.08117480056744313,-0.38542690984529804
27,128,devtest,tur_Latn,hin_Deva,0.2659721325577287,-0.01599081080106911
27,128,devtest,tur_Latn,arb_Arab,0.05232447404362668,-0.3089991421970516
27,128,devtest,tur_Latn,zho_Hans,0.06168254202362162,-0.4632461826592343
27,128,devtest,tur_Latn,jpn_Jpan,-0.022986029212727084,-0.44522362593593917
27,128,devtest,tur_Latn,vie_Latn,-0.03594258144191292,-0.3878495448039912
27,128,devtest,tur_Latn,ind_Latn,0.05416180968357831,-0.4009296197325292
27,128,devtest,vie_Latn,eng_Latn,-0.020999229875122354,-0.2920491776904333
27,128,devtest,vie_Latn,deu_Latn,0.071690110466671,-0.3625486654051274
27,128,devtest,vie_Latn,fra_Latn,0.09600701819043857,-0.32036990814380084
27,128,devtest,vie_Latn,spa_Latn,0.07350205700241491,-0.3584752377498498
27,128,devtest,vie_Latn,rus_Cyrl,0.13470695759189352,-0.28118376375100884
27,128,devtest,vie_Latn,hin_Deva,0.24578172609862758,0.06038625937558051
27,128,devtest,vie_Latn,arb_Arab,0.13907132706878356,-0.18606299600269544
27,128,devtest,vie_Latn,zho_Hans,0.10301871597098125,-0.399191139794655
27,128,devtest,vie_Latn,jpn_Jpan,0.036691570564584275,-0.39800032358284515
27,128,devtest,vie_Latn,tur_Latn,0.08015458300817867,-0.3206542785505723
27,128,devtest,vie_Latn,ind_Latn,0.12765490164818133,-0.29206524902137515
27,128,devtest,ind_Latn,eng_Latn,-0.08850993885709811,-0.31124903067572224
27,128,devtest,ind_Latn,deu_Latn,0.11515668273706149,-0.31489209089292686
27,128,devtest,ind_Latn,fra_Latn,0.11599128864395891,-0.30502767449702384
27,128,devtest,ind_Latn,spa_Latn,0.11807783340111748,-0.36473294989819743
27,128,devtest,ind_Latn,rus_Cyrl,0.07782847487966202,-0.27492737419855007
27,128,devtest,ind_Latn,hin_Deva,0.18641270319951064,0.06015586070007413
27,128,devtest,ind_Latn,arb_Arab,0.09226727934719138,-0.19927341746501365
27,128,devtest,ind_Latn,zho_Hans,0.04919318778552471,-0.39816083293198135
27,128,devtest,ind_Latn,jpn_Jpan,0.04249567542390584,-0.35966671417110446
27,128,devtest,ind_Latn,tur_Latn,0.11136421475676046,-0.33460285362152575
27,128,devtest,ind_Latn,vie_Latn,0.0711782029728599,-0.30049297183966656
27,256,devtest,eng_Latn,deu_Latn,0.20493288135294432,-0.2038492011710636
27,256,devtest,eng_Latn,fra_Latn,0.1345463510685287,-0.21215571884044018
27,256,devtest,eng_Latn,spa_Latn,0.08005003791650038,-0.28948026081115763
27,256,devtest,eng_Latn,rus_Cyrl,0.26021819673122626,-0.11957509712702707
27,256,devtest,eng_Latn,hin_Deva,0.2981142090507148,0.23169064474538434
27,256,devtest,eng_Latn,arb_Arab,0.260976612488465,-0.06904786163398358
27,256,devtest,eng_Latn,zho_Hans,0.09113753086140533,-0.3121877180879163
27,256,devtest,eng_Latn,jpn_Jpan,0.07596209650365077,-0.2615337333624185
27,256,devtest,eng_Latn,tur_Latn,0.19241511146581017,-0.20231437492270427
27,256,devtest,eng_Latn,vie_Latn,0.169534566665574,-0.21538041950043407
27,256,devtest,eng_Latn,ind_Latn,0.12860021009510225,-0.22081690306340399
27,256,devtest,deu_Latn,eng_Latn,-0.05820515367675709,-0.4014590279449272
27,256,devtest,deu_Latn,fra_Latn,0.08451390016782889,-0.36495701019137144
27,256,devtest,deu_Latn,spa_Latn,0.1016006427521786,-0.42430899753614226
27,256,devtest,deu_Latn,rus_Cyrl,0.10436885067360963,-0.39058159108778623
27,256,devtest,deu_Latn,hin_Deva,0.27889755331180305,0.02771333844506444
27,256,devtest,deu_Latn,arb_Arab,0.06972149084429059,-0.3040095514416825
27,256,devtest,deu_Latn,zho_Hans,0.08107316998324483,-0.48935909953099205
27,256,devtest,deu_Latn,jpn_Jpan,-0.0060554273762880055,-0.45084327249725903
27,256,devtest,deu_Latn,tur_Latn,0.17170466122891584,-0.4067227778263174
27,256,devtest,deu_Latn,vie_Latn,0.013826796076205019,-0.41321564410626693
27,256,devtest,deu_Latn,ind_Latn,0.1205377874316985,-0.4001298546691418
27,256,devtest,fra_Latn,eng_Latn,-0.11089737384195324,-0.3988503826194313
27,256,devtest,fra_Latn,deu_Latn,0.0949014233745668,-0.3411865650413791
27,256,devtest,fra_Latn,spa_Latn,0.0912269427113859,-0.3907150066682619
27,256,devtest,fra_Latn,rus_Cyrl,0.12678097122320425,-0.332096787529615
27,256,devtest,fra_Latn,hin_Deva,0.27204959612499857,0.03437158846513007
27,256,devtest,fra_Latn,arb_Arab,0.0809327940068134,-0.266748248581863
27,256,devtest,fra_Latn,zho_Hans,0.08754130436534859,-0.485019071610447
27,256,devtest,fra_Latn,jpn_Jpan,-0.025628787160600117,-0.4505801051987249
27,256,devtest,fra_Latn,tur_Latn,0.11440770252772926,-0.35428507989097324
27,256,devtest,fra_Latn,vie_Latn,-0.025609676323105363,-0.376571862344676
27,256,devtest,fra_Latn,ind_Latn,0.0882410669476747,-0.3516850428625693
27,256,devtest,spa_Latn,eng_Latn,-0.10894727850678715,-0.3935784408436815
27,256,devtest,spa_Latn,deu_Latn,0.10848617176669566,-0.355152934573196
27,256,devtest,spa_Latn,fra_Latn,0.12358522013323386,-0.34102031030020274
27,256,devtest,spa_Latn,rus_Cyrl,0.11548677160087459,-0.3131989731145516
27,256,devtest,spa_Latn,hin_Deva,0.28003605003681953,0.06964200889247978
27,256,devtest,spa_Latn,arb_Arab,0.10827790323681998,-0.23430318279766604
27,256,devtest,spa_Latn,zho_Hans,0.051299263997499546,-0.4810314900524388
27,256,devtest,spa_Latn,jpn_Jpan,-0.08514834381527633,-0.41228457885752606
27,256,devtest,spa_Latn,tur_Latn,0.1267027393755803,-0.34912602187789193
27,256,devtest,spa_Latn,vie_Latn,-0.007395012589982875,-0.35187261497205863
27,256,devtest,spa_Latn,ind_Latn,0.08121685568870846,-0.3576188741319655
27,256,devtest,rus_Cyrl,eng_Latn,-0.02213430316429597,-0.38479591874672253
27,256,devtest,rus_Cyrl,deu_Latn,0.030067395527883213,-0.42880402684989144
27,256,devtest,rus_Cyrl,fra_Latn,0.06950383951874728,-0.4162568880766518
27,256,devtest,rus_Cyrl,spa_Latn,0.046282051387122256,-0.43688338453336345
27,256,devtest,rus_Cyrl,hin_Deva,0.31541465114916123,-0.037380829157799146
27,256,devtest,rus_Cyrl,arb_Arab,0.006789524409099816,-0.36054969316766716
27,256,devtest,rus_Cyrl,zho_Hans,0.12862020945561703,-0.4892442058447764
27,256,devtest,rus_Cyrl,jpn_Jpan,-0.043776157186055806,-0.4583115560123495
27,256,devtest,rus_Cyrl,tur_Latn,-0.014805755001527449,-0.4422841589213197
27,256,devtest,rus_Cyrl,vie_Latn,-0.031813988557425,-0.41706792653860847
27,256,devtest,rus_Cyrl,ind_Latn,0.004852802031147735,-0.41761257825993214
27,256,devtest,hin_Deva,eng_Latn,0.08050210709761363,-0.2250670386938463
27,256,devtest,hin_Deva,deu_Latn,0.09511720595277015,-0.32054443050099796
27,256,devtest,hin_Deva,fra_Latn,0.11588391563199722,-0.31357573827398244
27,256,devtest,hin_Deva,spa_Latn,0.09612844355636188,-0.32622294820194225
27,256,devtest,hin_Deva,rus_Cyrl,0.11586856609716864,-0.3675694782353544
27,256,devtest,hin_Deva,arb_Arab,0.027858516328848625,-0.3661074732879699
27,256,devtest,hin_Deva,zho_Hans,0.20556898538553833,-0.28628915466918625
27,256,devtest,hin_Deva,jpn_Jpan,0.14387146487587554,-0.3071491236126678
27,256,devtest,hin_Deva,tur_Latn,0.0752671988056659,-0.36534455046874026
27,256,devtest,hin_Deva,vie_Latn,0.07594821967109773,-0.31520912897225456
27,256,devtest,hin_Deva,ind_Latn,0.05602890443510435,-0.2922793994775939
27,256,devtest,arb_Arab,eng_Latn,-0.01614231870826228,-0.35279342118852725
27,256,devtest,arb_Arab,deu_Latn,0.07021020557141942,-0.3985218868265842
27,256,devtest,arb_Arab,fra_Latn,0.08543608742070609,-0.382269595995752
27,256,devtest,arb_Arab,spa_Latn,0.1006301212958183,-0.3787330246794216
27,256,devtest,arb_Arab,rus_Cyrl,0.1262698968201731,-0.3898537934979175
27,256,devtest,arb_Arab,hin_Deva,0.2375186149615668,-0.08806844399693296
27,256,devtest,arb_Arab,zho_Hans,0.1611740012795858,-0.45171910194155585
27,256,devtest,arb_Arab,jpn_Jpan,0.023928037989120847,-0.42083533065367384
27,256,devtest,arb_Arab,tur_Latn,0.06453463807289316,-0.4053539729516268
27,256,devtest,arb_Arab,vie_Latn,0.041617295193460906,-0.3662608293081865
27,256,devtest,arb_Arab,ind_Latn,0.0738598212074116,-0.3478742934775904
27,256,devtest,zho_Hans,eng_Latn,0.11036614204300241,-0.34131539952428225
27,256,devtest,zho_Hans,deu_Latn,0.2927763721667038,-0.32262373655982385
27,256,devtest,zho_Hans,fra_Latn,0.2576273671142136,-0.365368791046359
27,256,devtest,zho_Hans,spa_Latn,0.2248421359370303,-0.4064994103600418
27,256,devtest,zho_Hans,rus_Cyrl,0.35759438015048545,-0.2573273653605018
27,256,devtest,zho_Hans,hin_Deva,0.3231828878395111,0.15546924897649353
27,256,devtest,zho_Hans,arb_Arab,0.40203372853454733,-0.19831266004188433
27,256,devtest,zho_Hans,jpn_Jpan,0.24688877320150387,-0.366370735997358
27,256,devtest,zho_Hans,tur_Latn,0.3051522269943042,-0.31144800158577396
27,256,devtest,zho_Hans,vie_Latn,0.27687495008914315,-0.3358151705734202
27,256,devtest,zho_Hans,ind_Latn,0.2014577083043203,-0.3195409954419443
27,256,devtest,jpn_Jpan,eng_Latn,-0.1488219063865083,-0.3394600679061863
27,256,devtest,jpn_Jpan,deu_Latn,0.14070284524848328,-0.3449219315011498
27,256,devtest,jpn_Jpan,fra_Latn,0.1411337475177536,-0.38531955503704185
27,256,devtest,jpn_Jpan,spa_Latn,0.04309407420473078,-0.39988720831729685
27,256,devtest,jpn_Jpan,rus_Cyrl,0.18955849957079943,-0.29637205283962975
27,256,devtest,jpn_Jpan,hin_Deva,0.3457608626089606,0.12028090870477232
27,256,devtest,jpn_Jpan,arb_Arab,0.24313660611173835,-0.22890188746076673
27,256,devtest,jpn_Jpan,zho_Hans,0.04695836798315644,-0.4143433223627219
27,256,devtest,jpn_Jpan,tur_Latn,0.13333737702371243,-0.3371404526297785
27,256,devtest,jpn_Jpan,vie_Latn,0.05963886897816117,-0.36543634399882546
27,256,devtest,jpn_Jpan,ind_Latn,0.16298550309162194,-0.33201843022022104
27,256,devtest,tur_Latn,eng_Latn,-0.08977683114040425,-0.43376575146404406
27,256,devtest,tur_Latn,deu_Latn,0.10011249385550298,-0.4165411606701973
27,256,devtest,tur_Latn,fra_Latn,0.09666307174376866,-0.4065421492065597
27,256,devtest,tur_Latn,spa_Latn,0.05065190685312844,-0.4460367463412012
27,256,devtest,tur_Latn,rus_Cyrl,0.08561367405801759,-0.4040101386763863
27,256,devtest,tur_Latn,hin_Deva,0.28419159860164694,-0.01604654939451343
27,256,devtest,tur_Latn,arb_Arab,0.051145778702984826,-0.32213981546613446
27,256,devtest,tur_Latn,zho_Hans,0.0721449829934629,-0.4919268446890838
27,256,devtest,tur_Latn,jpn_Jpan,-0.0318876759265871,-0.45526628688140497
27,256,devtest,tur_Latn,vie_Latn,-0.045511725530839854,-0.4095870227693263
27,256,devtest,tur_Latn,ind_Latn,0.04891190867011916,-0.4112757500021259
27,256,devtest,vie_Latn,eng_Latn,-0.003308233508895001,-0.31970194104890987
27,256,devtest,vie_Latn,deu_Latn,0.08619979720310839,-0.36876555604190603
27,256,devtest,vie_Latn,fra_Latn,0.09908322747300427,-0.34496555977094817
27,256,devtest,vie_Latn,spa_Latn,0.08270117882324386,-0.37084875140802687
27,256,devtest,vie_Latn,rus_Cyrl,0.13923299665814007,-0.3038169534445156
27,256,devtest,vie_Latn,hin_Deva,0.26709682210273733,0.0751368460150529
27,256,devtest,vie_Latn,arb_Arab,0.14054877637535224,-0.2063489618702321
27,256,devtest,vie_Latn,zho_Hans,0.10771057505379027,-0.418613476508128
27,256,devtest,vie_Latn,jpn_Jpan,0.03344724864539993,-0.40834774812333885
27,256,devtest,vie_Latn,tur_Latn,0.0853557599676321,-0.3320411254380324
27,256,devtest,vie_Latn,ind_Latn,0.13786981374610793,-0.3105485235868206
27,256,devtest,ind_Latn,eng_Latn,-0.07988750028271822,-0.3394784319854332
27,256,devtest,ind_Latn,deu_Latn,0.11248642863361837,-0.33901678557899545
27,256,devtest,ind_Latn,fra_Latn,0.10856830081533853,-0.319991020005511
27,256,devtest,ind_Latn,spa_Latn,0.12253407656106637,-0.37605540566624246
27,256,devtest,ind_Latn,rus_Cyrl,0.08678571308023758,-0.2806646188398845
27,256,devtest,ind_Latn,hin_Deva,0.20015442116630613,0.06702804383281259
27,256,devtest,ind_Latn,arb_Arab,0.09782547440814252,-0.20738499388172368
27,256,devtest,ind_Latn,zho_Hans,0.04730447134966298,-0.42125481081390004
27,256,devtest,ind_Latn,jpn_Jpan,0.04961022077598812,-0.37787847486312015
27,256,devtest,ind_Latn,tur_Latn,0.11291081033152775,-0.33279909463064933
27,256,devtest,ind_Latn,vie_Latn,0.07365858396997094,-0.32061491351593613
28,64,devtest,eng_Latn,deu_Latn,0.19774818410711076,-0.1523480626331993
28,64,devtest,eng_Latn,fra_Latn,0.18152901870329105,-0.18554121708371302
28,64,devtest,eng_Latn,spa_Latn,0.11445012424184003,-0.2565705993342013
28,64,devtest,eng_Latn,rus_Cyrl,0.1946058751874924,-0.08416331636491824
28,64,devtest,eng_Latn,hin_Deva,0.1942175784126551,0.09088668125639182
28,64,devtest,eng_Latn,arb_Arab,0.21096431906740526,-0.032143612230714186
28,64,devtest,eng_Latn,zho_Hans,0.12215521254189121,-0.21360000374345406
28,64,devtest,eng_Latn,jpn_Jpan,0.09813955577602898,-0.24300060238765733
28,64,devtest,eng_Latn,tur_Latn,0.16701773520409874,-0.1695535652945881
28,64,devtest,eng_Latn,vie_Latn,0.1953266999914744,-0.19919424170684447
28,64,devtest,eng_Latn,ind_Latn,0.12645588087968748,-0.19506224994348864
28,64,devtest,deu_Latn,eng_Latn,0.05123706298422713,-0.3198437222750235
28,64,devtest,deu_Latn,fra_Latn,0.07708094950321533,-0.31108455905707805
28,64,devtest,deu_Latn,spa_Latn,0.10316033759921017,-0.3425709812089317
28,64,devtest,deu_Latn,rus_Cyrl,0.11924672912584683,-0.27250443634920535
28,64,devtest,deu_Latn,hin_Deva,0.14369122337786294,-0.014945171566170415
28,64,devtest,deu_Latn,arb_Arab,0.03011304731587645,-0.1757614502911992
28,64,devtest,deu_Latn,zho_Hans,0.07357655991454767,-0.3355594840784175
28,64,devtest,deu_Latn,jpn_Jpan,-0.034216521787257675,-0.36933473993460336
28,64,devtest,deu_Latn,tur_Latn,0.16029937466815078,-0.3113347655607793
28,64,devtest,deu_Latn,vie_Latn,0.013884629012237753,-0.3365609135392312
28,64,devtest,deu_Latn,ind_Latn,0.08209203918146935,-0.3322621033413451
28,64,devtest,fra_Latn,eng_Latn,0.019068031495503318,-0.33323272741054977
28,64,devtest,fra_Latn,deu_Latn,0.08474676885867127,-0.2811657332319882
28,64,devtest,fra_Latn,spa_Latn,0.10778722661348854,-0.34317472473084937
28,64,devtest,fra_Latn,rus_Cyrl,0.11104950428846531,-0.2809590198250707
28,64,devtest,fra_Latn,hin_Deva,0.16517416287487469,-0.025698167587791376
28,64,devtest,fra_Latn,arb_Arab,0.056528423541153686,-0.16445563677754982
28,64,devtest,fra_Latn,zho_Hans,0.10758562435250774,-0.37690146707203187
28,64,devtest,fra_Latn,jpn_Jpan,0.013488452315703349,-0.39723970416714516
28,64,devtest,fra_Latn,tur_Latn,0.09155597780799948,-0.30055105138820687
28,64,devtest,fra_Latn,vie_Latn,0.017999278685058243,-0.313014297398069
28,64,devtest,fra_Latn,ind_Latn,0.09901891729612125,-0.31278479901129597
28,64,devtest,spa_Latn,eng_Latn,-0.020228858077407038,-0.3744447369883127
28,64,devtest,spa_Latn,deu_Latn,0.10959604672201029,-0.31414129315578926
28,64,devtest,spa_Latn,fra_Latn,0.12399194369270493,-0.3346127163458619
28,64,devtest,spa_Latn,rus_Cyrl,0.11076678392268764,-0.2575240955604942
28,64,devtest,spa_Latn,hin_Deva,0.21896502491970143,-0.006885935647501757
28,64,devtest,spa_Latn,arb_Arab,0.11117384515887155,-0.1903002480879035
28,64,devtest,spa_Latn,zho_Hans,0.01788474459342406,-0.38775853301278834
28,64,devtest,spa_Latn,jpn_Jpan,-0.05665147542173777,-0.41664681413055993
28,64,devtest,spa_Latn,tur_Latn,0.09517926312658247,-0.34583957233760715
28,64,devtest,spa_Latn,vie_Latn,-0.004671584595949231,-0.33879846971012195
28,64,devtest,spa_Latn,ind_Latn,0.07277065657395593,-0.33113331765315673
28,64,devtest,rus_Cyrl,eng_Latn,0.03121806954472712,-0.26456609090036315
28,64,devtest,rus_Cyrl,deu_Latn,0.08856457853390692,-0.296155036012915
28,64,devtest,rus_Cyrl,fra_Latn,0.09397835716834596,-0.36745329489947864
28,64,devtest,rus_Cyrl,spa_Latn,0.07519214742320057,-0.3381333364353609
28,64,devtest,rus_Cyrl,hin_Deva,0.2230234599244745,-0.042466562563214426
28,64,devtest,rus_Cyrl,arb_Arab,-0.012149277897666204,-0.2406741074695626
28,64,devtest,rus_Cyrl,zho_Hans,0.0959740743272207,-0.3231762748026016
28,64,devtest,rus_Cyrl,jpn_Jpan,-0.02947631287164373,-0.3402759101534868
28,64,devtest,rus_Cyrl,tur_Latn,-0.007400335959897283,-0.34862008899575814
28,64,devtest,rus_Cyrl,vie_Latn,0.020846559226553395,-0.3092758691028265
28,64,devtest,rus_Cyrl,ind_Latn,0.04814050130794021,-0.32139062861318557
28,64,devtest,hin_Deva,eng_Latn,0.05087154022550351,-0.09640763046230853
28,64,devtest,hin_Deva,deu_Latn,0.04641620961936517,-0.12305397942059336
28,64,devtest,hin_Deva,fra_Latn,0.04519017916480897,-0.1695715578589103
28,64,devtest,hin_Deva,spa_Latn,0.021333627825553092,-0.16602559244760162
28,64,devtest,hin_Deva,rus_Cyrl,0.07573417378800121,-0.12640860756105038
28,64,devtest,hin_Deva,arb_Arab,0.030779278814947287,-0.16452512068258424
28,64,devtest,hin_Deva,zho_Hans,0.14002552258424317,-0.04825403726929803
28,64,devtest,hin_Deva,jpn_Jpan,0.11120235789509321,-0.1280691079075987
28,64,devtest,hin_Deva,tur_Latn,0.0010460057994961774,-0.131493264305437
28,64,devtest,hin_Deva,vie_Latn,0.03265600663672213,-0.13846412781732942
28,64,devtest,hin_Deva,ind_Latn,0.08025821427218463,-0.10730721774064826
28,64,devtest,arb_Arab,eng_Latn,0.052716258487294165,-0.23062239016490604
28,64,devtest,arb_Arab,deu_Latn,0.05389644226156475,-0.23355392310618442
28,64,devtest,arb_Arab,fra_Latn,0.048496103248875835,-0.26225077524620044
28,64,devtest,arb_Arab,spa_Latn,0.10876806312404268,-0.3002037981703663
28,64,devtest,arb_Arab,rus_Cyrl,0.07009187519341431,-0.2523979302364024
28,64,devtest,arb_Arab,hin_Deva,0.17183717211698604,-0.11239006836437984
28,64,devtest,arb_Arab,zho_Hans,0.14059645666226947,-0.26436599076499195
28,64,devtest,arb_Arab,jpn_Jpan,0.015197029337446682,-0.3022018269360289
28,64,devtest,arb_Arab,tur_Latn,0.06350111001439311,-0.30215796366987946
28,64,devtest,arb_Arab,vie_Latn,0.03379502967177524,-0.2562181293322286
28,64,devtest,arb_Arab,ind_Latn,0.061829127347530044,-0.28636629265064223
28,64,devtest,zho_Hans,eng_Latn,0.12848883259319457,-0.19096568543636602
28,64,devtest,zho_Hans,deu_Latn,0.19434415194971544,-0.14123459235340663
28,64,devtest,zho_Hans,fra_Latn,0.1993097782765389,-0.19253423099625724
28,64,devtest,zho_Hans,spa_Latn,0.12126695739684942,-0.24300271653020422
28,64,devtest,zho_Hans,rus_Cyrl,0.27137500771544865,-0.10148630652310658
28,64,devtest,zho_Hans,hin_Deva,0.22400049402599442,0.07323989302642875
28,64,devtest,zho_Hans,arb_Arab,0.32337620794011035,-0.07541987437534375
28,64,devtest,zho_Hans,jpn_Jpan,0.17193313053062517,-0.23094070380362788
28,64,devtest,zho_Hans,tur_Latn,0.21275630794070347,-0.1705580757136779
28,64,devtest,zho_Hans,vie_Latn,0.20165497366441879,-0.25252010809467423
28,64,devtest,zho_Hans,ind_Latn,0.14266657451377882,-0.22085766434538118
28,64,devtest,jpn_Jpan,eng_Latn,-0.05077164353779441,-0.2962413740387048
28,64,devtest,jpn_Jpan,deu_Latn,0.10440331656319793,-0.252077807181564
28,64,devtest,jpn_Jpan,fra_Latn,0.1305925062880402,-0.32464002796433533
28,64,devtest,jpn_Jpan,spa_Latn,0.07148551651039713,-0.3579993156435655
28,64,devtest,jpn_Jpan,rus_Cyrl,0.16414513816751058,-0.20010588458726114
28,64,devtest,jpn_Jpan,hin_Deva,0.2721708001328837,0.03719514556634825
28,64,devtest,jpn_Jpan,arb_Arab,0.21881308594638318,-0.14281959145836085
28,64,devtest,jpn_Jpan,zho_Hans,0.032274723741118214,-0.2712127788330132
28,64,devtest,jpn_Jpan,tur_Latn,0.09775279521582307,-0.2773508474797039
28,64,devtest,jpn_Jpan,vie_Latn,0.018268281457453288,-0.31703091629468827
28,64,devtest,jpn_Jpan,ind_Latn,0.10408081081548656,-0.28430640894260795
28,64,devtest,tur_Latn,eng_Latn,0.0030208502594633556,-0.3878796650266665
28,64,devtest,tur_Latn,deu_Latn,0.13665104534876277,-0.33636017772219795
28,64,devtest,tur_Latn,fra_Latn,0.0906930245725695,-0.37250921972763823
28,64,devtest,tur_Latn,spa_Latn,0.05524944472127835,-0.4109072205360855
28,64,devtest,tur_Latn,rus_Cyrl,0.07583094747864699,-0.3223972511893071
28,64,devtest,tur_Latn,hin_Deva,0.19038544999825482,-0.03828192363275439
28,64,devtest,tur_Latn,arb_Arab,0.013839587743893553,-0.23224349409436418
28,64,devtest,tur_Latn,zho_Hans,0.06870080749948404,-0.39425286600279574
28,64,devtest,tur_Latn,jpn_Jpan,-0.03436893174215975,-0.4078655149747933
28,64,devtest,tur_Latn,vie_Latn,-0.00593350306440538,-0.34517452107791763
28,64,devtest,tur_Latn,ind_Latn,0.04492394112916003,-0.34503275215451884
28,64,devtest,vie_Latn,eng_Latn,0.06010505208263307,-0.2877615889636045
28,64,devtest,vie_Latn,deu_Latn,0.07416285783685554,-0.29135796895384725
28,64,devtest,vie_Latn,fra_Latn,0.13892945058970477,-0.28492776237371
28,64,devtest,vie_Latn,spa_Latn,0.06994790623890282,-0.3407555601827517
28,64,devtest,vie_Latn,rus_Cyrl,0.16151886979229318,-0.20609196000458332
28,64,devtest,vie_Latn,hin_Deva,0.16440327369238128,0.04987493875838498
28,64,devtest,vie_Latn,arb_Arab,0.1492368188423057,-0.10840622410140617
28,64,devtest,vie_Latn,zho_Hans,0.0889948599034957,-0.3463747876203348
28,64,devtest,vie_Latn,jpn_Jpan,-0.025092184631954447,-0.3638984502293096
28,64,devtest,vie_Latn,tur_Latn,0.11554278739377431,-0.26677079013230715
28,64,devtest,vie_Latn,ind_Latn,0.1309484817876589,-0.27851607416276714
28,64,devtest,ind_Latn,eng_Latn,-0.01650249934694689,-0.3092840515369609
28,64,devtest,ind_Latn,deu_Latn,0.07836759660749014,-0.27326932596842934
28,64,devtest,ind_Latn,fra_Latn,0.12357428218683296,-0.3125044753547604
28,64,devtest,ind_Latn,spa_Latn,0.11513782410746046,-0.34180216179759787
28,64,devtest,ind_Latn,rus_Cyrl,0.09518520991614954,-0.2329103894333293
28,64,devtest,ind_Latn,hin_Deva,0.13730295958550795,0.035657724608835095
28,64,devtest,ind_Latn,arb_Arab,0.08160987646425355,-0.1646475862679132
28,64,devtest,ind_Latn,zho_Hans,0.040830100283171876,-0.32953254711298796
28,64,devtest,ind_Latn,jpn_Jpan,0.005405505668823518,-0.3421316280084047
28,64,devtest,ind_Latn,tur_Latn,0.09871203402223269,-0.2868597061789696
28,64,devtest,ind_Latn,vie_Latn,0.08744579867477359,-0.29517600988126413
28,128,devtest,eng_Latn,deu_Latn,0.20754673165354284,-0.1576311562998101
28,128,devtest,eng_Latn,fra_Latn,0.19727727640385676,-0.19272287813850547
28,128,devtest,eng_Latn,spa_Latn,0.12254780291795553,-0.2686155397791511
28,128,devtest,eng_Latn,rus_Cyrl,0.20589725536624745,-0.09574804248692759
28,128,devtest,eng_Latn,hin_Deva,0.21025943105696288,0.10781228958000796
28,128,devtest,eng_Latn,arb_Arab,0.2222065148403147,-0.031445250506349685
28,128,devtest,eng_Latn,zho_Hans,0.12676436660034313,-0.2432550777996725
28,128,devtest,eng_Latn,jpn_Jpan,0.10418281240586526,-0.25576426988890244
28,128,devtest,eng_Latn,tur_Latn,0.18423067026380602,-0.16751318247598157
28,128,devtest,eng_Latn,vie_Latn,0.21588114428586228,-0.21262606860227953
28,128,devtest,eng_Latn,ind_Latn,0.13852716057233164,-0.20893476875773354
28,128,devtest,deu_Latn,eng_Latn,0.04327519890881789,-0.3485069589510493
28,128,devtest,deu_Latn,fra_Latn,0.07927784328255781,-0.34439338730899643
28,128,devtest,deu_Latn,spa_Latn,0.10809670691303117,-0.3765775070375825
28,128,devtest,deu_Latn,rus_Cyrl,0.11725067992182588,-0.3004192876955162
28,128,devtest,deu_Latn,hin_Deva,0.15303837388933614,-0.013982503895822151
28,128,devtest,deu_Latn,arb_Arab,0.0327896016809713,-0.19654038782987834
28,128,devtest,deu_Latn,zho_Hans,0.08496087834411996,-0.3832003104905566
28,128,devtest,deu_Latn,jpn_Jpan,-0.03221526432541834,-0.4136679232653145
28,128,devtest,deu_Latn,tur_Latn,0.16616542241333032,-0.3310008261493319
28,128,devtest,deu_Latn,vie_Latn,0.01897382316919836,-0.3674468297347601
28,128,devtest,deu_Latn,ind_Latn,0.0916039450747287,-0.35970206420503464
28,128,devtest,fra_Latn,eng_Latn,0.01915433848174568,-0.35350887134843956
28,128,devtest,fra_Latn,deu_Latn,0.09095291605047094,-0.30603197089444034
28,128,devtest,fra_Latn,spa_Latn,0.10977119313566393,-0.36088331428665243
28,128,devtest,fra_Latn,rus_Cyrl,0.112331592455989,-0.2820734314840257
28,128,devtest,fra_Latn,hin_Deva,0.17890278005227664,-0.01798714727396104
28,128,devtest,fra_Latn,arb_Arab,0.0664286554164927,-0.17729833773457015
28,128,devtest,fra_Latn,zho_Hans,0.11579131904629295,-0.40245114851544256
28,128,devtest,fra_Latn,jpn_Jpan,0.00651648684876787,-0.41295878536664166
28,128,devtest,fra_Latn,tur_Latn,0.09291286934698098,-0.31441092764321393
28,128,devtest,fra_Latn,vie_Latn,0.020576607229515074,-0.33113960946369186
28,128,devtest,fra_Latn,ind_Latn,0.09588677967332346,-0.336027166967065
28,128,devtest,spa_Latn,eng_Latn,-0.02573273654477216,-0.39912372528697015
28,128,devtest,spa_Latn,deu_Latn,0.11805015824505265,-0.33417397487490225
28,128,devtest,spa_Latn,fra_Latn,0.1320257863676829,-0.3498086560971855
28,128,devtest,spa_Latn,rus_Cyrl,0.12747545080132425,-0.2756475110206488
28,128,devtest,spa_Latn,hin_Deva,0.23057337598541613,0.003251720458091449
28,128,devtest,spa_Latn,arb_Arab,0.12024752940173546,-0.19769251912394564
28,128,devtest,spa_Latn,zho_Hans,0.022837246886032486,-0.4273969961686788
28,128,devtest,spa_Latn,jpn_Jpan,-0.06263267196486594,-0.4373106268238736
28,128,devtest,spa_Latn,tur_Latn,0.10201173911738746,-0.34807364011829245
28,128,devtest,spa_Latn,vie_Latn,0.0017192069079195699,-0.3587780294058018
28,128,devtest,spa_Latn,ind_Latn,0.08171095164093647,-0.3617816266639561
28,128,devtest,rus_Cyrl,eng_Latn,0.022223817450103083,-0.3144656487594638
28,128,devtest,rus_Cyrl,deu_Latn,0.07623620484494219,-0.33665624779254183
28,128,devtest,rus_Cyrl,fra_Latn,0.08411952768453226,-0.3871761100490739
28,128,devtest,rus_Cyrl,spa_Latn,0.08741524003649319,-0.37751183680974243
28,128,devtest,rus_Cyrl,hin_Deva,0.23704334373055672,-0.0493450907632042
28,128,devtest,rus_Cyrl,arb_Arab,-0.013501882828481679,-0.27180714571147124
28,128,devtest,rus_Cyrl,zho_Hans,0.10414484929920399,-0.3647176695111097
28,128,devtest,rus_Cyrl,jpn_Jpan,-0.03643765009887143,-0.3824496204100716
28,128,devtest,rus_Cyrl,tur_Latn,-0.01477147604145867,-0.37934371617805657
28,128,devtest,rus_Cyrl,vie_Latn,0.013891768396943461,-0.3432794091692749
28,128,devtest,rus_Cyrl,ind_Latn,0.020725223783914355,-0.3553681784402062
28,128,devtest,hin_Deva,eng_Latn,0.06127881849828684,-0.10646284823733657
28,128,devtest,hin_Deva,deu_Latn,0.04509793652251523,-0.1433414858929098
28,128,devtest,hin_Deva,fra_Latn,0.04714903168937331,-0.18744681101538163
28,128,devtest,hin_Deva,spa_Latn,0.01852585702868669,-0.18408788288691572
28,128,devtest,hin_Deva,rus_Cyrl,0.07762059379938896,-0.14650209517069698
28,128,devtest,hin_Deva,arb_Arab,0.03378580714112465,-0.1811848310626991
28,128,devtest,hin_Deva,zho_Hans,0.15102927475779926,-0.0700246870401722
28,128,devtest,hin_Deva,jpn_Jpan,0.1153632744726803,-0.15356652054773892
28,128,devtest,hin_Deva,tur_Latn,0.00599493864842939,-0.15088314513950482
28,128,devtest,hin_Deva,vie_Latn,0.0348148403219328,-0.16456062975348473
28,128,devtest,hin_Deva,ind_Latn,0.08357885224403093,-0.12922081092154364
28,128,devtest,arb_Arab,eng_Latn,0.04000383247384019,-0.2709302533968255
28,128,devtest,arb_Arab,deu_Latn,0.05557891039054688,-0.2730694919458682
28,128,devtest,arb_Arab,fra_Latn,0.061826288760095965,-0.2950875446522692
28,128,devtest,arb_Arab,spa_Latn,0.1139634533735799,-0.3284222513490117
28,128,devtest,arb_Arab,rus_Cyrl,0.07917348656270938,-0.28306586464689554
28,128,devtest,arb_Arab,hin_Deva,0.1862851471766336,-0.11306124285258125
28,128,devtest,arb_Arab,zho_Hans,0.1522275943882356,-0.3124681526052938
28,128,devtest,arb_Arab,jpn_Jpan,0.0070897489360203245,-0.33181334368496734
28,128,devtest,arb_Arab,tur_Latn,0.07105856249172632,-0.31954777145050345
28,128,devtest,arb_Arab,vie_Latn,0.030810025938302767,-0.2952844821885818
28,128,devtest,arb_Arab,ind_Latn,0.06807127852990795,-0.32095866020089525
28,128,devtest,zho_Hans,eng_Latn,0.13321824086204967,-0.22657685796440966
28,128,devtest,zho_Hans,deu_Latn,0.2170477171341924,-0.1677071192606751
28,128,devtest,zho_Hans,fra_Latn,0.21612783640766434,-0.21533849154764836
28,128,devtest,zho_Hans,spa_Latn,0.14006639625236905,-0.27583882274121413
28,128,devtest,zho_Hans,rus_Cyrl,0.2960193231643164,-0.1151813311711733
28,128,devtest,zho_Hans,hin_Deva,0.23900055566606138,0.08085521655409403
28,128,devtest,zho_Hans,arb_Arab,0.342264048543367,-0.08295952741695045
28,128,devtest,zho_Hans,jpn_Jpan,0.1958179381346639,-0.2596881006552379
28,128,devtest,zho_Hans,tur_Latn,0.2331676281834805,-0.1730918629425856
28,128,devtest,zho_Hans,vie_Latn,0.22267207295352612,-0.27379508304817474
28,128,devtest,zho_Hans,ind_Latn,0.17068219630955148,-0.237840916821449
28,128,devtest,jpn_Jpan,eng_Latn,-0.05807128824282349,-0.32761523517999996
28,128,devtest,jpn_Jpan,deu_Latn,0.12043992745581344,-0.2825301437958971
28,128,devtest,jpn_Jpan,fra_Latn,0.13816521888894615,-0.33969772241627805
28,128,devtest,jpn_Jpan,spa_Latn,0.07359197143020432,-0.3825657951780922
28,128,devtest,jpn_Jpan,rus_Cyrl,0.17575691707135185,-0.22035963014736196
28,128,devtest,jpn_Jpan,hin_Deva,0.2853256432432843,0.04202009755760098
28,128,devtest,jpn_Jpan,arb_Arab,0.22891183418585268,-0.15223054755074816
28,128,devtest,jpn_Jpan,zho_Hans,0.047148973161443036,-0.3051854155513606
28,128,devtest,jpn_Jpan,tur_Latn,0.10465972865719274,-0.2917898328909785
28,128,devtest,jpn_Jpan,vie_Latn,0.029550073089777914,-0.3374596797458944
28,128,devtest,jpn_Jpan,ind_Latn,0.11515979930683722,-0.3043859691914326
28,128,devtest,tur_Latn,eng_Latn,0.001937472806913569,-0.4163667601951534
28,128,devtest,tur_Latn,deu_Latn,0.13256686012364854,-0.35747771959194363
28,128,devtest,tur_Latn,fra_Latn,0.09171481275679011,-0.3957869267318057
28,128,devtest,tur_Latn,spa_Latn,0.060262816401214954,-0.4280751547160323
28,128,devtest,tur_Latn,rus_Cyrl,0.0793371044181726,-0.34449284855703055
28,128,devtest,tur_Latn,hin_Deva,0.20753008625133457,-0.03721755848729129
28,128,devtest,tur_Latn,arb_Arab,0.01976879178610334,-0.2466570081791654
28,128,devtest,tur_Latn,zho_Hans,0.07549881465572376,-0.41490765873363544
28,128,devtest,tur_Latn,jpn_Jpan,-0.04327882817787184,-0.43056899104668406
28,128,devtest,tur_Latn,vie_Latn,-0.024125360056374206,-0.3691439041481473
28,128,devtest,tur_Latn,ind_Latn,0.053234383854653816,-0.3655695588516736
28,128,devtest,vie_Latn,eng_Latn,0.06784701552430708,-0.3197588725957231
28,128,devtest,vie_Latn,deu_Latn,0.09264158961963212,-0.32527039314338
28,128,devtest,vie_Latn,fra_Latn,0.14654812160736794,-0.3081152638192756
28,128,devtest,vie_Latn,spa_Latn,0.08472154726790491,-0.36549853476082844
28,128,devtest,vie_Latn,rus_Cyrl,0.1680438208718996,-0.23395546686942795
28,128,devtest,vie_Latn,hin_Deva,0.17362288152852146,0.05356723707523142
28,128,devtest,vie_Latn,arb_Arab,0.1605186895301005,-0.1303845296637776
28,128,devtest,vie_Latn,zho_Hans,0.098366872200761,-0.37736583492358794
28,128,devtest,vie_Latn,jpn_Jpan,-0.011545308110726737,-0.3906292149391525
28,128,devtest,vie_Latn,tur_Latn,0.10968223903921558,-0.2856516345138727
28,128,devtest,vie_Latn,ind_Latn,0.12594400077907605,-0.2980784599575135
28,128,devtest,ind_Latn,eng_Latn,-0.02038621443165331,-0.3486281400272642
28,128,devtest,ind_Latn,deu_Latn,0.095299337216666,-0.29896567688130943
28,128,devtest,ind_Latn,fra_Latn,0.1251648492314593,-0.3446088548993088
28,128,devtest,ind_Latn,spa_Latn,0.12692525931577026,-0.3815964116850624
28,128,devtest,ind_Latn,rus_Cyrl,0.08325559935302816,-0.2522904259318161
28,128,devtest,ind_Latn,hin_Deva,0.1445649253828951,0.03462773512884776
28,128,devtest,ind_Latn,arb_Arab,0.0946499427529223,-0.18287647946075958
28,128,devtest,ind_Latn,zho_Hans,0.05412208541143754,-0.36728424952241345
28,128,devtest,ind_Latn,jpn_Jpan,0.010517722625277013,-0.3722794589047407
28,128,devtest,ind_Latn,tur_Latn,0.11227313016687178,-0.3042595558718024
28,128,devtest,ind_Latn,vie_Latn,0.078073202779632,-0.3187987422273575
28,256,devtest,eng_Latn,deu_Latn,0.23127585654538235,-0.15354582640838005
28,256,devtest,eng_Latn,fra_Latn,0.21242169782329479,-0.19898758727211832
28,256,devtest,eng_Latn,spa_Latn,0.1300766490350598,-0.28038719535635764
28,256,devtest,eng_Latn,rus_Cyrl,0.2189829100946024,-0.09397749745032069
28,256,devtest,eng_Latn,hin_Deva,0.22164699096223836,0.12100831885164874
28,256,devtest,eng_Latn,arb_Arab,0.2358311308376712,-0.02248201825011994
28,256,devtest,eng_Latn,zho_Hans,0.1258733701124856,-0.2583044114309082
28,256,devtest,eng_Latn,jpn_Jpan,0.11233405714337462,-0.2616533570834955
28,256,devtest,eng_Latn,tur_Latn,0.20073166901379624,-0.16129295857484818
28,256,devtest,eng_Latn,vie_Latn,0.22876248877708297,-0.21463781975847102
28,256,devtest,eng_Latn,ind_Latn,0.1598874169649249,-0.21626317579600898
28,256,devtest,deu_Latn,eng_Latn,0.051806747192826075,-0.3768974191960197
28,256,devtest,deu_Latn,fra_Latn,0.08478257610396978,-0.3666932616776801
28,256,devtest,deu_Latn,spa_Latn,0.10532571964439921,-0.39996648732721446
28,256,devtest,deu_Latn,rus_Cyrl,0.12627355249906153,-0.3174356755026323
28,256,devtest,deu_Latn,hin_Deva,0.1675716697551125,-0.015347685053679727
28,256,devtest,deu_Latn,arb_Arab,0.0356658580528572,-0.21974987653388978
28,256,devtest,deu_Latn,zho_Hans,0.08854651287574189,-0.4175695651208525
28,256,devtest,deu_Latn,jpn_Jpan,-0.030371785591270562,-0.4338365211091936
28,256,devtest,deu_Latn,tur_Latn,0.17251885804872616,-0.3439774424579204
28,256,devtest,deu_Latn,vie_Latn,0.015641843606527442,-0.37660117272705496
28,256,devtest,deu_Latn,ind_Latn,0.0939435789731236,-0.3800195884624644
28,256,devtest,fra_Latn,eng_Latn,0.020735583435216896,-0.3738212473235239
28,256,devtest,fra_Latn,deu_Latn,0.09509465163828863,-0.31620504082676604
28,256,devtest,fra_Latn,spa_Latn,0.11086854132438421,-0.38680747020574163
28,256,devtest,fra_Latn,rus_Cyrl,0.11220256039989814,-0.28607989218503527
28,256,devtest,fra_Latn,hin_Deva,0.18841053918942388,-0.008735753449928288
28,256,devtest,fra_Latn,arb_Arab,0.060387161909377464,-0.18481573124423306
28,256,devtest,fra_Latn,zho_Hans,0.12475072731958091,-0.4302875922419848
28,256,devtest,fra_Latn,jpn_Jpan,-0.0025486911444483167,-0.42860356088473167
28,256,devtest,fra_Latn,tur_Latn,0.09660787641089144,-0.3148744118056885
28,256,devtest,fra_Latn,vie_Latn,0.01161555865803628,-0.3448481183946196
28,256,devtest,fra_Latn,ind_Latn,0.08991036301078217,-0.35239930399622454
28,256,devtest,spa_Latn,eng_Latn,-0.031023440412397185,-0.4280763015570601
28,256,devtest,spa_Latn,deu_Latn,0.11707527152430777,-0.34496650660521067
28,256,devtest,spa_Latn,fra_Latn,0.1362019652559808,-0.3716431067639547
28,256,devtest,spa_Latn,rus_Cyrl,0.12510253820174674,-0.289138435882384
28,256,devtest,spa_Latn,hin_Deva,0.2425875760046763,0.01110798972018915
28,256,devtest,spa_Latn,arb_Arab,0.12141303136850089,-0.2030887149881419
28,256,devtest,spa_Latn,zho_Hans,0.027536320076755005,-0.4535488984575858
28,256,devtest,spa_Latn,jpn_Jpan,-0.06878760754202876,-0.44605905900216947
28,256,devtest,spa_Latn,tur_Latn,0.10726629058716944,-0.3472239685811082
28,256,devtest,spa_Latn,vie_Latn,-0.0031168618269089626,-0.36888029010971607
28,256,devtest,spa_Latn,ind_Latn,0.08386644508778443,-0.3765352496360898
28,256,devtest,rus_Cyrl,eng_Latn,0.018753433923766404,-0.3495959241448207
28,256,devtest,rus_Cyrl,deu_Latn,0.0768104042770419,-0.3556675596801889
28,256,devtest,rus_Cyrl,fra_Latn,0.07348713689854684,-0.4040613899219762
28,256,devtest,rus_Cyrl,spa_Latn,0.07543851568273839,-0.402282205763639
28,256,devtest,rus_Cyrl,hin_Deva,0.2493860431054952,-0.04931555415084581
28,256,devtest,rus_Cyrl,arb_Arab,-0.021738188488081265,-0.2884471592816987
28,256,devtest,rus_Cyrl,zho_Hans,0.09855116936458086,-0.38992002847033064
28,256,devtest,rus_Cyrl,jpn_Jpan,-0.045807748703524345,-0.404353959182042
28,256,devtest,rus_Cyrl,tur_Latn,-0.021950721167060747,-0.39201853982335444
28,256,devtest,rus_Cyrl,vie_Latn,0.004133221029683912,-0.3693088191649894
28,256,devtest,rus_Cyrl,ind_Latn,0.017922002728253502,-0.3802666863700741
28,256,devtest,hin_Deva,eng_Latn,0.05752520103181717,-0.12390765495960471
28,256,devtest,hin_Deva,deu_Latn,0.04696223513468823,-0.16441650113443995
28,256,devtest,hin_Deva,fra_Latn,0.044525246777234094,-0.1960246344402106
28,256,devtest,hin_Deva,spa_Latn,0.014602411192531006,-0.19897670016325728
28,256,devtest,hin_Deva,rus_Cyrl,0.07500438777918274,-0.1606101115963532
28,256,devtest,hin_Deva,arb_Arab,0.03354452233190152,-0.1903238731117819
28,256,devtest,hin_Deva,zho_Hans,0.15885459371635616,-0.07839960235974483
28,256,devtest,hin_Deva,jpn_Jpan,0.11057045257068196,-0.16802124153417286
28,256,devtest,hin_Deva,tur_Latn,0.001025518130213077,-0.1654414717733676
28,256,devtest,hin_Deva,vie_Latn,0.03437733308986166,-0.1775307346210993
28,256,devtest,hin_Deva,ind_Latn,0.07928920768017943,-0.14251655550630554
28,256,devtest,arb_Arab,eng_Latn,0.03319686792496515,-0.2972975322191136
28,256,devtest,arb_Arab,deu_Latn,0.054902906738764086,-0.30605210083862117
28,256,devtest,arb_Arab,fra_Latn,0.05498282421909058,-0.32082287552104216
28,256,devtest,arb_Arab,spa_Latn,0.1121646506585551,-0.3550124348255062
28,256,devtest,arb_Arab,rus_Cyrl,0.08329659832634723,-0.30516249401363094
28,256,devtest,arb_Arab,hin_Deva,0.19850834534530795,-0.11010250586433762
28,256,devtest,arb_Arab,zho_Hans,0.15090631654834746,-0.3378816708232918
28,256,devtest,arb_Arab,jpn_Jpan,-0.0071130459683313605,-0.36211565232103726
28,256,devtest,arb_Arab,tur_Latn,0.07006380707773867,-0.3478477575018809
28,256,devtest,arb_Arab,vie_Latn,0.024526959956550062,-0.32332102192486983
28,256,devtest,arb_Arab,ind_Latn,0.06085972198163245,-0.343204128923879
28,256,devtest,zho_Hans,eng_Latn,0.1345885342887709,-0.2464912359459312
28,256,devtest,zho_Hans,deu_Latn,0.23598197082777891,-0.17965210877898355
28,256,devtest,zho_Hans,fra_Latn,0.2353073057967425,-0.2285592477881361
28,256,devtest,zho_Hans,spa_Latn,0.15866055823372713,-0.2903741232205767
28,256,devtest,zho_Hans,rus_Cyrl,0.3054641926366268,-0.11902033216536932
28,256,devtest,zho_Hans,hin_Deva,0.24994553662467006,0.09266751239480343
28,256,devtest,zho_Hans,arb_Arab,0.35753705286226445,-0.08230579813277047
28,256,devtest,zho_Hans,jpn_Jpan,0.21484991497410671,-0.27277017059261394
28,256,devtest,zho_Hans,tur_Latn,0.24912674882080257,-0.17510617967194733
28,256,devtest,zho_Hans,vie_Latn,0.24090973479763872,-0.28016959655810264
28,256,devtest,zho_Hans,ind_Latn,0.1876430374436856,-0.2496476673471622
28,256,devtest,jpn_Jpan,eng_Latn,-0.07063056077573285,-0.3436468170862341
28,256,devtest,jpn_Jpan,deu_Latn,0.1319911633165673,-0.2922900982219738
28,256,devtest,jpn_Jpan,fra_Latn,0.1402194611491741,-0.354854725294765
28,256,devtest,jpn_Jpan,spa_Latn,0.07317008760541927,-0.391177501301441
28,256,devtest,jpn_Jpan,rus_Cyrl,0.18546546181424955,-0.2285194775072371
28,256,devtest,jpn_Jpan,hin_Deva,0.293564830957968,0.050176585246228915
28,256,devtest,jpn_Jpan,arb_Arab,0.23386976571691032,-0.15869386362296134
28,256,devtest,jpn_Jpan,zho_Hans,0.052958193370156385,-0.3250564801021997
28,256,devtest,jpn_Jpan,tur_Latn,0.10755016488734992,-0.2984434657201428
28,256,devtest,jpn_Jpan,vie_Latn,0.027461592239813627,-0.34359937450209876
28,256,devtest,jpn_Jpan,ind_Latn,0.12613960261450238,-0.31682883606919193
28,256,devtest,tur_Latn,eng_Latn,6.83649109324208e-05,-0.4335089662764573
28,256,devtest,tur_Latn,deu_Latn,0.13275539883767257,-0.3712158875310206
28,256,devtest,tur_Latn,fra_Latn,0.09560071357135225,-0.4085932819948865
28,256,devtest,tur_Latn,spa_Latn,0.05695344184512984,-0.43837967045024573
28,256,devtest,tur_Latn,rus_Cyrl,0.08255486883669401,-0.35574467725960696
28,256,devtest,tur_Latn,hin_Deva,0.21623045665272828,-0.03659813528993269
28,256,devtest,tur_Latn,arb_Arab,0.017617821870452716,-0.26271047581467
28,256,devtest,tur_Latn,zho_Hans,0.08209810011867791,-0.4396935281208065
28,256,devtest,tur_Latn,jpn_Jpan,-0.05215978979967749,-0.4467015728710744
28,256,devtest,tur_Latn,vie_Latn,-0.02874086139896512,-0.38722285945315477
28,256,devtest,tur_Latn,ind_Latn,0.046681400308167594,-0.38119695131118525
28,256,devtest,vie_Latn,eng_Latn,0.06864718842551355,-0.33983854751994597
28,256,devtest,vie_Latn,deu_Latn,0.09722089980316885,-0.3286540558170526
28,256,devtest,vie_Latn,fra_Latn,0.1477623746748969,-0.3267613127423052
28,256,devtest,vie_Latn,spa_Latn,0.09051040359161745,-0.3808568727913848
28,256,devtest,vie_Latn,rus_Cyrl,0.17400247578124997,-0.24791666570908702
28,256,devtest,vie_Latn,hin_Deva,0.18483387264778087,0.05877995277715176
28,256,devtest,vie_Latn,arb_Arab,0.16409943885832737,-0.14368977014912626
28,256,devtest,vie_Latn,zho_Hans,0.1062256260239392,-0.39695379575066214
28,256,devtest,vie_Latn,jpn_Jpan,-0.01681469392234812,-0.4045701878878376
28,256,devtest,vie_Latn,tur_Latn,0.1144297142418933,-0.2976915729445231
28,256,devtest,vie_Latn,ind_Latn,0.13225493979765207,-0.3151193299817458
28,256,devtest,ind_Latn,eng_Latn,-0.015115831654358987,-0.37496228801149084
28,256,devtest,ind_Latn,deu_Latn,0.10042777784868648,-0.3118416361134293
28,256,devtest,ind_Latn,fra_Latn,0.12019536727730533,-0.3640324317916896
28,256,devtest,ind_Latn,spa_Latn,0.13102680307360307,-0.39603361419952726
28,256,devtest,ind_Latn,rus_Cyrl,0.09216500485012684,-0.2646939081967952
28,256,devtest,ind_Latn,hin_Deva,0.15353207601782212,0.03948033649460456
28,256,devtest,ind_Latn,arb_Arab,0.09510573980622075,-0.18707182497140842
28,256,devtest,ind_Latn,zho_Hans,0.06289535089830417,-0.3993105497718785
28,256,devtest,ind_Latn,jpn_Jpan,0.013229805189055404,-0.39095902923858616
28,256,devtest,ind_Latn,tur_Latn,0.11250630238659129,-0.31008629888340133
28,256,devtest,ind_Latn,vie_Latn,0.07777086359132533,-0.3362247266681029
