layer,k,split,src,tgt,spearman_fert,spearman_len
0,64,devtest,eng_Latn,deu_Latn,0.02993424468282411,0.03224587205812044
0,64,devtest,eng_Latn,fra_Latn,0.04138240521198898,0.050095358226628216
0,64,devtest,eng_Latn,spa_Latn,-0.10130915437388115,0.08238097226599815
0,64,devtest,eng_Latn,rus_Cyrl,0.0685326368525192,-0.03164754229835459
0,64,devtest,eng_Latn,hin_Deva,-0.008110186449058105,0.009607050360091995
0,64,devtest,eng_Latn,arb_Arab,0.05357962593344685,-0.07555228127707973
0,64,devtest,eng_Latn,zho_Hans,0.032105433008497435,0.03844683028837999
0,64,devtest,eng_Latn,jpn_Jpan,-0.016346254441299828,0.09941218896342652
0,64,devtest,eng_Latn,tur_Latn,0.02886746862034073,0.033864514056928724
0,64,devtest,eng_Latn,vie_Latn,-0.011332368784597393,0.10886302885318762
0,64,devtest,eng_Latn,ind_Latn,0.007496433389491613,-0.0015655271284463102
0,64,devtest,deu_Latn,eng_Latn,0.003181172237915174,-0.04090558862595555
0,64,devtest,deu_Latn,fra_Latn,-0.03601144206313682,0.03704853152891551
0,64,devtest,deu_Latn,spa_Latn,-0.011408653584229739,0.07204464715870346
0,64,devtest,deu_Latn,rus_Cyrl,-0.015972390184258965,0.08987360208319238
0,64,devtest,deu_Latn,hin_Deva,0.018840757611544186,0.011340181742809922
0,64,devtest,deu_Latn,arb_Arab,0.0025866079873996454,0.07034840004117392
0,64,devtest,deu_Latn,zho_Hans,-0.07229870783851695,0.07662951297918516
0,64,devtest,deu_Latn,jpn_Jpan,0.012055348392832062,0.06269165709399305
0,64,devtest,deu_Latn,tur_Latn,0.0036917822670190065,0.019283443159344688
0,64,devtest,deu_Latn,vie_Latn,0.029287250762729068,-0.04458885351505495
0,64,devtest,deu_Latn,ind_Latn,0.00534742266381654,-0.009257419087957304
0,64,devtest,fra_Latn,eng_Latn,0.013121429979982424,0.022751665098889904
0,64,devtest,fra_Latn,deu_Latn,-0.0423051412478341,0.05006341426261082
0,64,devtest,fra_Latn,spa_Latn,0.08581940368055467,0.008140856715176868
0,64,devtest,fra_Latn,rus_Cyrl,0.0383253930891429,-0.02650372566296824
0,64,devtest,fra_Latn,hin_Deva,-0.02987023176574988,0.005329342423446104
0,64,devtest,fra_Latn,arb_Arab,0.007212260683401963,-0.047762767820286614
0,64,devtest,fra_Latn,zho_Hans,-0.056692119067858454,0.040378334987361486
0,64,devtest,fra_Latn,jpn_Jpan,0.0130255956089858,0.060849457391928125
0,64,devtest,fra_Latn,tur_Latn,-0.03872235034341174,0.03373459203012062
0,64,devtest,fra_Latn,vie_Latn,0.028154136695955328,0.012102216157899297
0,64,devtest,fra_Latn,ind_Latn,-0.0446420190022073,-0.0012581621727617228
0,64,devtest,spa_Latn,eng_Latn,-0.016584357679182808,0.010308943621865059
0,64,devtest,spa_Latn,deu_Latn,-0.010972072702663285,0.07209218793701447
0,64,devtest,spa_Latn,fra_Latn,0.08486618407543313,0.008958090319858633
0,64,devtest,spa_Latn,rus_Cyrl,0.04133804637761244,0.09276368096717917
0,64,devtest,spa_Latn,hin_Deva,-0.003919148780497717,0.009597747336003486
0,64,devtest,spa_Latn,arb_Arab,-0.018290501652686936,0.0692086609379474
0,64,devtest,spa_Latn,zho_Hans,-0.09827411070397239,0.09576888035889233
0,64,devtest,spa_Latn,jpn_Jpan,-0.043634003530903256,0.06728467267249207
0,64,devtest,spa_Latn,tur_Latn,-0.027542012367125123,0.036869991618558466
0,64,devtest,spa_Latn,vie_Latn,-0.11017057205875151,0.01844696212012986
0,64,devtest,spa_Latn,ind_Latn,0.04418667983112627,0.007008256141027949
0,64,devtest,rus_Cyrl,eng_Latn,0.0733646674088549,-0.046663936972847486
0,64,devtest,rus_Cyrl,deu_Latn,-0.011245802577021893,0.09057085294487226
0,64,devtest,rus_Cyrl,fra_Latn,0.03824507109184352,-0.025212709461966135
0,64,devtest,rus_Cyrl,spa_Latn,0.04122668517110859,0.09234268917233776
0,64,devtest,rus_Cyrl,hin_Deva,-0.03829925034737475,0.008011891739643482
0,64,devtest,rus_Cyrl,arb_Arab,0.03716058611870443,0.07934487069742528
0,64,devtest,rus_Cyrl,zho_Hans,0.003202375927912462,0.09324821266703351
0,64,devtest,rus_Cyrl,jpn_Jpan,-0.02476715765630071,0.09138325287532338
0,64,devtest,rus_Cyrl,tur_Latn,-0.008229494625636422,0.050098402222653486
0,64,devtest,rus_Cyrl,vie_Latn,0.019374235231714707,-0.02354838206465712
0,64,devtest,rus_Cyrl,ind_Latn,0.06108307419649546,0.005065479266748869
0,64,devtest,hin_Deva,eng_Latn,-0.01929748920980009,0.042263709306453706
0,64,devtest,hin_Deva,deu_Latn,-0.02013000353313263,0.03628462634482131
0,64,devtest,hin_Deva,fra_Latn,-0.020546826943158684,0.030161194191805456
0,64,devtest,hin_Deva,spa_Latn,0.03645238978385317,0.03735690719004612
0,64,devtest,hin_Deva,rus_Cyrl,-0.0001545760216888947,0.042611583803214524
0,64,devtest,hin_Deva,arb_Arab,-0.0320281594409461,0.0378430693026649
0,64,devtest,hin_Deva,zho_Hans,0.009385213626492164,0.04236053296233065
0,64,devtest,hin_Deva,jpn_Jpan,0.048894270602089056,0.029094621299008906
0,64,devtest,hin_Deva,tur_Latn,-0.021269314730613807,0.03785444050998884
0,64,devtest,hin_Deva,vie_Latn,-0.006764249427305174,0.026104564151395036
0,64,devtest,hin_Deva,ind_Latn,0.005009484144494244,-0.0368821344898417
0,64,devtest,arb_Arab,eng_Latn,0.08519052730647375,-0.07246542607021152
0,64,devtest,arb_Arab,deu_Latn,0.0006935574906009739,0.07272993560809363
0,64,devtest,arb_Arab,fra_Latn,0.026151488655634034,-0.06738809546840055
0,64,devtest,arb_Arab,spa_Latn,-0.016265798787717778,0.06795395247528088
0,64,devtest,arb_Arab,rus_Cyrl,0.03551955838122749,0.07820816082233217
0,64,devtest,arb_Arab,hin_Deva,0.01672452612114629,0.004870144674223253
0,64,devtest,arb_Arab,zho_Hans,-0.02855548852367771,0.01887402759824719
0,64,devtest,arb_Arab,jpn_Jpan,-0.01653636448541755,0.05259570151631289
0,64,devtest,arb_Arab,tur_Latn,-0.016578005307592417,0.02679392919978648
0,64,devtest,arb_Arab,vie_Latn,0.07765240219069938,-0.09924246605681866
0,64,devtest,arb_Arab,ind_Latn,-0.04375545393000438,-0.10324640317336949
0,64,devtest,zho_Hans,eng_Latn,0.0009929685063627934,-0.02002490850547362
0,64,devtest,zho_Hans,deu_Latn,-0.06077922892029965,0.07251098852999896
0,64,devtest,zho_Hans,fra_Latn,-0.06267253155225057,0.050884836415529364
0,64,devtest,zho_Hans,spa_Latn,-0.10107339958470074,0.0933106361792768
0,64,devtest,zho_Hans,rus_Cyrl,-0.003977768070910797,0.07753546198130273
0,64,devtest,zho_Hans,hin_Deva,-0.03548586896774036,0.019576888338081452
0,64,devtest,zho_Hans,arb_Arab,-0.027268388138483358,0.046836464862768726
0,64,devtest,zho_Hans,jpn_Jpan,-0.024387377075350634,0.0850576143128411
0,64,devtest,zho_Hans,tur_Latn,-0.02451516930694842,0.047027412426716035
0,64,devtest,zho_Hans,vie_Latn,-0.011661667544993514,-0.04855183300210692
0,64,devtest,zho_Hans,ind_Latn,-0.002851215894594775,0.018865699450013138
0,64,devtest,jpn_Jpan,eng_Latn,-0.020444883803168317,0.09914126077645735
0,64,devtest,jpn_Jpan,deu_Latn,-0.012653574002716515,0.09158443535904906
0,64,devtest,jpn_Jpan,fra_Latn,0.011579144569976019,0.08806683047615284
0,64,devtest,jpn_Jpan,spa_Latn,-0.01999010369450815,0.07442269567912668
0,64,devtest,jpn_Jpan,rus_Cyrl,-0.028230189156787166,0.09965779174302561
0,64,devtest,jpn_Jpan,hin_Deva,-0.04462148733737278,-0.02326834194204014
0,64,devtest,jpn_Jpan,arb_Arab,0.007051645358147436,0.08088337145562365
0,64,devtest,jpn_Jpan,zho_Hans,-0.027609951976431957,0.10859877821283484
0,64,devtest,jpn_Jpan,tur_Latn,-0.03728515906220917,0.016588406266625708
0,64,devtest,jpn_Jpan,vie_Latn,-0.02679193248664994,0.11555071982215005
0,64,devtest,jpn_Jpan,ind_Latn,-0.0051655926316156765,-0.12045593304525096
0,64,devtest,tur_Latn,eng_Latn,-0.0224526675647459,0.054030802154185584
0,64,devtest,tur_Latn,deu_Latn,0.042802626158314226,-0.011176465674190091
0,64,devtest,tur_Latn,fra_Latn,-0.013521463744703421,0.009334314790066954
0,64,devtest,tur_Latn,spa_Latn,-0.004669698663344056,0.015933053152214254
0,64,devtest,tur_Latn,rus_Cyrl,-0.003670789803074194,0.023283185530960857
0,64,devtest,tur_Latn,hin_Deva,-0.040572202524934965,0.020959361213352505
0,64,devtest,tur_Latn,arb_Arab,0.01203258965239386,0.006332609036626608
0,64,devtest,tur_Latn,zho_Hans,-0.00010676829540259304,0.007297217504807754
0,64,devtest,tur_Latn,jpn_Jpan,-0.03593510053506026,0.015067024565133544
0,64,devtest,tur_Latn,vie_Latn,-0.059165595936865885,0.08117518781022137
0,64,devtest,tur_Latn,ind_Latn,0.010570601016339257,-0.09001384325518103
0,64,devtest,vie_Latn,eng_Latn,-0.010111021597173158,0.10944766125896807
0,64,devtest,vie_Latn,deu_Latn,-0.03906024188473779,0.029860113747333057
0,64,devtest,vie_Latn,fra_Latn,0.018542640823353745,0.03517583003894009
0,64,devtest,vie_Latn,spa_Latn,-0.05594809913869231,0.10299369055413456
0,64,devtest,vie_Latn,rus_Cyrl,0.02989055448464397,0.02015675362961587
0,64,devtest,vie_Latn,hin_Deva,-0.030553298801703346,0.022622636952552472
0,64,devtest,vie_Latn,arb_Arab,0.05755004788036169,-0.08722128008952744
0,64,devtest,vie_Latn,zho_Hans,-0.008894279299256371,0.02068123971388543
0,64,devtest,vie_Latn,jpn_Jpan,-0.02645146264549036,0.11499775152905017
0,64,devtest,vie_Latn,tur_Latn,-0.053679020589489146,0.0532590765979693
0,64,devtest,vie_Latn,ind_Latn,-0.006285527470279252,0.016896551461134435
0,64,devtest,ind_Latn,eng_Latn,-0.054483612620116646,0.16521520540725373
0,64,devtest,ind_Latn,deu_Latn,-0.018779232033172773,0.12062310567043223
0,64,devtest,ind_Latn,fra_Latn,-0.00034464414399053793,0.1452155590006127
0,64,devtest,ind_Latn,spa_Latn,-0.029682885745817785,0.1229845500049938
0,64,devtest,ind_Latn,rus_Cyrl,-0.04538765101465499,0.15924634526523454
0,64,devtest,ind_Latn,hin_Deva,-0.046607829019843,0.0482856114849702
0,64,devtest,ind_Latn,arb_Arab,-0.00028903038502472257,0.07942658622087752
0,64,devtest,ind_Latn,zho_Hans,-0.06292030243411738,0.152743804193273
0,64,devtest,ind_Latn,jpn_Jpan,-0.009859281507696853,0.13699118430315296
0,64,devtest,ind_Latn,tur_Latn,-0.019183238315674832,0.11954572045874912
0,64,devtest,ind_Latn,vie_Latn,-0.0024272951689828246,0.15464230663123757
0,128,devtest,eng_Latn,deu_Latn,0.018407551436944284,0.0230132325434882
0,128,devtest,eng_Latn,fra_Latn,0.04245023001954239,0.05412506068232218
0,128,devtest,eng_Latn,spa_Latn,-0.10074467074220647,0.08256843823435411
0,128,devtest,eng_Latn,rus_Cyrl,0.0694513503078058,-0.03211289367759938
0,128,devtest,eng_Latn,hin_Deva,-0.016012381199525305,0.07133360389920078
0,128,devtest,eng_Latn,arb_Arab,0.05417332118227182,-0.07605801682220142
0,128,devtest,eng_Latn,zho_Hans,0.04837674685924191,0.04479319750615087
0,128,devtest,eng_Latn,jpn_Jpan,0.00776077994877475,0.06711388110909326
0,128,devtest,eng_Latn,tur_Latn,0.028977953067629406,0.03389620062907207
0,128,devtest,eng_Latn,vie_Latn,-0.010646757716801254,0.1094865443506865
0,128,devtest,eng_Latn,ind_Latn,0.018780417123240335,0.041228506904327236
0,128,devtest,deu_Latn,eng_Latn,0.02331635272675126,0.01644628704757295
0,128,devtest,deu_Latn,fra_Latn,-0.03578842562874586,0.037177779074136955
0,128,devtest,deu_Latn,spa_Latn,-0.011445591843859444,0.0723571223545668
0,128,devtest,deu_Latn,rus_Cyrl,-0.017897862615047735,0.08160895283413938
0,128,devtest,deu_Latn,hin_Deva,-0.0013166571883357174,0.0663490597934229
0,128,devtest,deu_Latn,arb_Arab,0.0026080467638502267,0.07023579451308992
0,128,devtest,deu_Latn,zho_Hans,-0.07922168192126273,0.10555027423973055
0,128,devtest,deu_Latn,jpn_Jpan,0.012184939111035482,0.0626152000748616
0,128,devtest,deu_Latn,tur_Latn,0.003001401108481931,0.019504756940750552
0,128,devtest,deu_Latn,vie_Latn,-0.02921370704883528,0.02805607325383534
0,128,devtest,deu_Latn,ind_Latn,-0.015459052307026286,0.1166491576814853
0,128,devtest,fra_Latn,eng_Latn,0.0414964353606007,0.04992832189536507
0,128,devtest,fra_Latn,deu_Latn,-0.03912291997330972,0.08309208975611707
0,128,devtest,fra_Latn,spa_Latn,0.08027323282059513,0.016868012022698563
0,128,devtest,fra_Latn,rus_Cyrl,0.0380696721124247,-0.026038243481982696
0,128,devtest,fra_Latn,hin_Deva,-0.03068762155457574,0.051918056580283124
0,128,devtest,fra_Latn,arb_Arab,0.007174274889454214,-0.047814571813897186
0,128,devtest,fra_Latn,zho_Hans,-0.040439189745017604,0.011787444871653686
0,128,devtest,fra_Latn,jpn_Jpan,0.012731439745906532,0.06075894322660772
0,128,devtest,fra_Latn,tur_Latn,-0.038889117049163986,0.03358280694092661
0,128,devtest,fra_Latn,vie_Latn,-0.013244416717076412,0.09660147985615589
0,128,devtest,fra_Latn,ind_Latn,0.018493735757902533,0.07452302777242412
0,128,devtest,spa_Latn,eng_Latn,-0.10197180402094276,0.08398548318769408
0,128,devtest,spa_Latn,deu_Latn,-0.01100236739041714,0.07288510804341032
0,128,devtest,spa_Latn,fra_Latn,0.0849708400458508,0.008385760720524058
0,128,devtest,spa_Latn,rus_Cyrl,0.022258454953195166,-0.010457367279753025
0,128,devtest,spa_Latn,hin_Deva,0.05007810612111399,0.0602498211571563
0,128,devtest,spa_Latn,arb_Arab,-0.018318602187951623,0.06936366166801286
0,128,devtest,spa_Latn,zho_Hans,-0.09355038331843013,0.09135107165112222
0,128,devtest,spa_Latn,jpn_Jpan,-0.043634003530903256,0.06728467267249207
0,128,devtest,spa_Latn,tur_Latn,-0.027550426677331038,0.036883465779403365
0,128,devtest,spa_Latn,vie_Latn,-0.06421485754025426,0.10408217843304866
0,128,devtest,spa_Latn,ind_Latn,-0.028702601240004098,0.11849658601961076
0,128,devtest,rus_Cyrl,eng_Latn,0.07548386505753205,-0.04695327649898825
0,128,devtest,rus_Cyrl,deu_Latn,-0.021598996077604495,0.08104752893533922
0,128,devtest,rus_Cyrl,fra_Latn,0.0439794166197483,-0.036337584348223824
0,128,devtest,rus_Cyrl,spa_Latn,0.028557788431470516,-0.01923107498776483
0,128,devtest,rus_Cyrl,hin_Deva,-0.01020269561626471,0.061861568420129305
0,128,devtest,rus_Cyrl,arb_Arab,0.03712098633632694,0.07955266543534205
0,128,devtest,rus_Cyrl,zho_Hans,0.003382353272348276,0.08516200765711267
0,128,devtest,rus_Cyrl,jpn_Jpan,-0.02476715765630071,0.09138325287532338
0,128,devtest,rus_Cyrl,tur_Latn,-0.008227696025565253,0.05011993683441606
0,128,devtest,rus_Cyrl,vie_Latn,0.06421888488931038,-0.00045146520005140764
0,128,devtest,rus_Cyrl,ind_Latn,-0.04871384004665749,0.14790355024264754
0,128,devtest,hin_Deva,eng_Latn,0.039283985469618914,0.0007382421080115503
0,128,devtest,hin_Deva,deu_Latn,-0.009843815318746544,-0.0047044085288136545
0,128,devtest,hin_Deva,fra_Latn,0.03945360143363117,0.0047989582408641835
0,128,devtest,hin_Deva,spa_Latn,0.002500430142962355,-0.006005759333342212
0,128,devtest,hin_Deva,rus_Cyrl,0.032017855980099465,-0.005286922857081358
0,128,devtest,hin_Deva,arb_Arab,-0.016889245787857915,-0.001826279579212099
0,128,devtest,hin_Deva,zho_Hans,0.028446977189000282,-0.023077237645412446
0,128,devtest,hin_Deva,jpn_Jpan,0.059528495390452754,0.006332923824058617
0,128,devtest,hin_Deva,tur_Latn,-0.05555873184191674,0.019128332828608447
0,128,devtest,hin_Deva,vie_Latn,0.030236408344453392,-0.004542388066189326
0,128,devtest,hin_Deva,ind_Latn,0.008022470709063168,-0.03437461781587492
0,128,devtest,arb_Arab,eng_Latn,0.08638369252607572,-0.07249663917779156
0,128,devtest,arb_Arab,deu_Latn,0.018866983877802095,0.015826899241486413
0,128,devtest,arb_Arab,fra_Latn,0.026016959164930898,-0.06736517634578937
0,128,devtest,arb_Arab,spa_Latn,-0.029829450346420643,0.05056308595837768
0,128,devtest,arb_Arab,rus_Cyrl,0.035568747757151666,0.0784075963945342
0,128,devtest,arb_Arab,hin_Deva,-0.03254043104721423,0.05453331733080578
0,128,devtest,arb_Arab,zho_Hans,-0.022589208494072702,0.01427430257864372
0,128,devtest,arb_Arab,jpn_Jpan,-0.01652573506202836,0.05258955284811795
0,128,devtest,arb_Arab,tur_Latn,-0.016704210985629457,0.026690243110684426
0,128,devtest,arb_Arab,vie_Latn,0.04117995587842518,-0.06950239070241782
0,128,devtest,arb_Arab,ind_Latn,0.03759358738078406,0.13082278162318103
0,128,devtest,zho_Hans,eng_Latn,0.040023666638070755,0.03696878863477506
0,128,devtest,zho_Hans,deu_Latn,-0.07714122780868661,0.10608733078967714
0,128,devtest,zho_Hans,fra_Latn,-0.04731683557523543,0.021821791623095853
0,128,devtest,zho_Hans,spa_Latn,-0.09298219824350984,0.09152378042798287
0,128,devtest,zho_Hans,rus_Cyrl,-0.013744032997849024,0.08047134365125919
0,128,devtest,zho_Hans,hin_Deva,-0.005588507038455515,0.06961393610470828
0,128,devtest,zho_Hans,arb_Arab,-0.02654631732905127,0.04701622499060134
0,128,devtest,zho_Hans,jpn_Jpan,-0.023006441251485675,0.08483307769087409
0,128,devtest,zho_Hans,tur_Latn,-0.023922588776470105,0.047202537133306244
0,128,devtest,zho_Hans,vie_Latn,-0.04018766201735822,0.05889561047758378
0,128,devtest,zho_Hans,ind_Latn,-0.03217619329419709,0.10523775943978939
0,128,devtest,jpn_Jpan,eng_Latn,-0.020405251598521724,0.09919769733602414
0,128,devtest,jpn_Jpan,deu_Latn,-0.012534562374154859,0.09200112423537973
0,128,devtest,jpn_Jpan,fra_Latn,0.010745320099896547,0.08877031011543733
0,128,devtest,jpn_Jpan,spa_Latn,-0.020605792439703154,0.07442785469705816
0,128,devtest,jpn_Jpan,rus_Cyrl,-0.028833864451004117,0.0993787432023604
0,128,devtest,jpn_Jpan,hin_Deva,0.041087585559118595,0.03335817739104993
0,128,devtest,jpn_Jpan,arb_Arab,0.007030710123790738,0.08112660480353022
0,128,devtest,jpn_Jpan,zho_Hans,-0.03325946652634662,0.10622041106717597
0,128,devtest,jpn_Jpan,tur_Latn,-0.037379368289765694,0.016507924431678145
0,128,devtest,jpn_Jpan,vie_Latn,-0.026916997771443827,0.11576362236103223
0,128,devtest,jpn_Jpan,ind_Latn,-0.011987153488528053,0.1320555681036253
0,128,devtest,tur_Latn,eng_Latn,0.039153992855102265,-0.001942884451604645
0,128,devtest,tur_Latn,deu_Latn,0.04341840807989917,-0.011626383770505158
0,128,devtest,tur_Latn,fra_Latn,-0.013543425637030178,0.009260506676890046
0,128,devtest,tur_Latn,spa_Latn,-0.00473261660026963,0.0158851224776425
0,128,devtest,tur_Latn,rus_Cyrl,-0.00381114178549859,0.023163362546306996
0,128,devtest,tur_Latn,hin_Deva,-0.02445748020050808,0.034909574658589265
0,128,devtest,tur_Latn,arb_Arab,0.011935223803458624,0.006253153480297049
0,128,devtest,tur_Latn,zho_Hans,-0.0001184177824337555,0.007626768098723095
0,128,devtest,tur_Latn,jpn_Jpan,-0.03605908316333857,0.015180451622028083
0,128,devtest,tur_Latn,vie_Latn,-0.027495795526150835,0.022614883978127786
0,128,devtest,tur_Latn,ind_Latn,0.0021624118643285787,0.06959656535868038
0,128,devtest,vie_Latn,eng_Latn,-0.010059966112022782,0.10978238750492611
0,128,devtest,vie_Latn,deu_Latn,-0.02696843957797274,0.03996496281254565
0,128,devtest,vie_Latn,fra_Latn,-0.013615434712788154,0.09673053611793174
0,128,devtest,vie_Latn,spa_Latn,-0.055382148433359646,0.10301325489897563
0,128,devtest,vie_Latn,rus_Cyrl,0.07211770432982452,0.033673162056366966
0,128,devtest,vie_Latn,hin_Deva,0.0010379896176295617,0.06671243449231258
0,128,devtest,vie_Latn,arb_Arab,0.021810822308746137,-0.06723148028729002
0,128,devtest,vie_Latn,zho_Hans,-0.03855121884847932,0.09334132792995584
0,128,devtest,vie_Latn,jpn_Jpan,-0.005406104428658655,0.0962189937338631
0,128,devtest,vie_Latn,tur_Latn,-0.05456156658845517,0.05307520312655116
0,128,devtest,vie_Latn,ind_Latn,0.026637162539338646,0.029917285284538075
0,128,devtest,ind_Latn,eng_Latn,-0.0035906299756816766,0.004426142582327193
0,128,devtest,ind_Latn,deu_Latn,-0.017499919871586004,0.11999887828499053
0,128,devtest,ind_Latn,fra_Latn,0.03494503795875178,0.014404452353488488
0,128,devtest,ind_Latn,spa_Latn,-0.030310553091844522,0.1227644542013933
0,128,devtest,ind_Latn,rus_Cyrl,-0.05163753608363152,0.15078893046559633
0,128,devtest,ind_Latn,hin_Deva,-0.03435947850944553,0.07883350208258323
0,128,devtest,ind_Latn,arb_Arab,0.03720110873289535,0.13346115187943458
0,128,devtest,ind_Latn,zho_Hans,-0.03345212033951813,0.1189401359946459
0,128,devtest,ind_Latn,jpn_Jpan,0.004961612852548682,0.12287715241802279
0,128,devtest,ind_Latn,tur_Latn,-0.010094434686118044,0.09012846748746865
0,128,devtest,ind_Latn,vie_Latn,0.028952486762105867,0.004150682940786749
0,256,devtest,eng_Latn,deu_Latn,0.0183045276601457,0.02303280947962161
0,256,devtest,eng_Latn,fra_Latn,0.04245023001954239,0.05412506068232218
0,256,devtest,eng_Latn,spa_Latn,-0.10074467074220647,0.08256843823435411
0,256,devtest,eng_Latn,rus_Cyrl,0.06944059302075889,-0.03211590687467211
0,256,devtest,eng_Latn,hin_Deva,-0.01606575769104805,0.0712975245117258
0,256,devtest,eng_Latn,arb_Arab,0.05417332118227182,-0.07605801682220142
0,256,devtest,eng_Latn,zho_Hans,0.04837674685924191,0.04479319750615087
0,256,devtest,eng_Latn,jpn_Jpan,0.00776077994877475,0.06711388110909326
0,256,devtest,eng_Latn,tur_Latn,0.028977953067629406,0.03389620062907207
0,256,devtest,eng_Latn,vie_Latn,-0.010640471680335818,0.10949036830846531
0,256,devtest,eng_Latn,ind_Latn,0.018780417123240335,0.041228506904327236
0,256,devtest,deu_Latn,eng_Latn,0.02329590439433354,0.016425395157999196
0,256,devtest,deu_Latn,fra_Latn,-0.03578129548125205,0.03714069827342843
0,256,devtest,deu_Latn,spa_Latn,-0.011445591843859444,0.0723571223545668
0,256,devtest,deu_Latn,rus_Cyrl,-0.01788720984214126,0.08160897453000437
0,256,devtest,deu_Latn,hin_Deva,-0.001356028275713571,0.06626905212897059
0,256,devtest,deu_Latn,arb_Arab,0.0025998656047473883,0.07022914951240006
0,256,devtest,deu_Latn,zho_Hans,-0.07922168192126273,0.10555027423973055
0,256,devtest,deu_Latn,jpn_Jpan,0.012184939111035482,0.0626152000748616
0,256,devtest,deu_Latn,tur_Latn,0.003001401108481931,0.019504756940750552
0,256,devtest,deu_Latn,vie_Latn,-0.02921370704883528,0.02805607325383534
0,256,devtest,deu_Latn,ind_Latn,-0.015459052307026286,0.1166491576814853
0,256,devtest,fra_Latn,eng_Latn,0.04147118685504294,0.04996677921885379
0,256,devtest,fra_Latn,deu_Latn,-0.03912291997330972,0.08309208975611707
0,256,devtest,fra_Latn,spa_Latn,0.08027323282059513,0.016868012022698563
0,256,devtest,fra_Latn,rus_Cyrl,0.03838904652691881,-0.02648310897623672
0,256,devtest,fra_Latn,hin_Deva,-0.030668897467718635,0.05194024475688108
0,256,devtest,fra_Latn,arb_Arab,0.007174274889454214,-0.047814571813897186
0,256,devtest,fra_Latn,zho_Hans,-0.040439189745017604,0.011787444871653686
0,256,devtest,fra_Latn,jpn_Jpan,0.012731439745906532,0.06075894322660772
0,256,devtest,fra_Latn,tur_Latn,-0.03882929911463147,0.03359285069355391
0,256,devtest,fra_Latn,vie_Latn,-0.013244416717076412,0.09660147985615589
0,256,devtest,fra_Latn,ind_Latn,0.018548836003205834,0.07448279677269695
0,256,devtest,spa_Latn,eng_Latn,-0.10197180402094276,0.08398548318769408
0,256,devtest,spa_Latn,deu_Latn,-0.01102010283881614,0.0729047828782739
0,256,devtest,spa_Latn,fra_Latn,0.0849708400458508,0.008385760720524058
0,256,devtest,spa_Latn,rus_Cyrl,0.022258454953195166,-0.010457367279753025
0,256,devtest,spa_Latn,hin_Deva,0.050122895233577575,0.06031964656411351
0,256,devtest,spa_Latn,arb_Arab,-0.018318602187951623,0.06936366166801286
0,256,devtest,spa_Latn,zho_Hans,-0.09355038331843013,0.09135107165112222
0,256,devtest,spa_Latn,jpn_Jpan,-0.043634003530903256,0.06728467267249207
0,256,devtest,spa_Latn,tur_Latn,-0.027579281538535564,0.03687307606501694
0,256,devtest,spa_Latn,vie_Latn,-0.06423429755595476,0.10435314646529682
0,256,devtest,spa_Latn,ind_Latn,-0.0287529396556273,0.11854746328703794
0,256,devtest,rus_Cyrl,eng_Latn,0.06578646724540706,-0.045183331799180625
0,256,devtest,rus_Cyrl,deu_Latn,-0.021602977307397443,0.08101132938457413
0,256,devtest,rus_Cyrl,fra_Latn,0.0439794166197483,-0.036337584348223824
0,256,devtest,rus_Cyrl,spa_Latn,0.028557788431470516,-0.01923107498776483
0,256,devtest,rus_Cyrl,hin_Deva,-0.01020269561626471,0.061861568420129305
0,256,devtest,rus_Cyrl,arb_Arab,0.03712098633632694,0.07955266543534205
0,256,devtest,rus_Cyrl,zho_Hans,0.003382353272348276,0.08516200765711267
0,256,devtest,rus_Cyrl,jpn_Jpan,-0.02476715765630071,0.09138325287532338
0,256,devtest,rus_Cyrl,tur_Latn,-0.008229494625636422,0.050098402222653486
0,256,devtest,rus_Cyrl,vie_Latn,0.0642279902361927,-0.00042668847898509783
0,256,devtest,rus_Cyrl,ind_Latn,-0.0486925024332156,0.14790211577960352
0,256,devtest,hin_Deva,eng_Latn,0.039283365283054116,0.0007087826679394982
0,256,devtest,hin_Deva,deu_Latn,-0.009861407224931349,-0.004691124085907351
0,256,devtest,hin_Deva,fra_Latn,0.039431487641394765,0.004805448568362523
0,256,devtest,hin_Deva,spa_Latn,0.002500430142962355,-0.006005759333342212
0,256,devtest,hin_Deva,rus_Cyrl,0.032017855980099465,-0.005286922857081358
0,256,devtest,hin_Deva,arb_Arab,-0.016882782257187538,-0.0018230076060670073
0,256,devtest,hin_Deva,zho_Hans,0.02845835704208491,-0.023088020929706382
0,256,devtest,hin_Deva,jpn_Jpan,0.059528495390452754,0.006332923824058617
0,256,devtest,hin_Deva,tur_Latn,-0.05555873184191674,0.019128332828608447
0,256,devtest,hin_Deva,vie_Latn,0.03023348031549012,-0.004601278176686495
0,256,devtest,hin_Deva,ind_Latn,0.0080401595795786,-0.034403725399214845
0,256,devtest,arb_Arab,eng_Latn,0.08638369252607572,-0.07249663917779156
0,256,devtest,arb_Arab,deu_Latn,0.018913990138159947,0.015738324650323512
0,256,devtest,arb_Arab,fra_Latn,0.026016959164930898,-0.06736517634578937
0,256,devtest,arb_Arab,spa_Latn,-0.029829450346420643,0.05056308595837768
0,256,devtest,arb_Arab,rus_Cyrl,0.03556463630433652,0.07840933883643388
0,256,devtest,arb_Arab,hin_Deva,-0.032574689097972356,0.05450152766943087
0,256,devtest,arb_Arab,zho_Hans,-0.022589208494072702,0.01427430257864372
0,256,devtest,arb_Arab,jpn_Jpan,-0.01652573506202836,0.05258955284811795
0,256,devtest,arb_Arab,tur_Latn,-0.016704210985629457,0.026690243110684426
0,256,devtest,arb_Arab,vie_Latn,0.04109884650736318,-0.06987149074593041
0,256,devtest,arb_Arab,ind_Latn,0.03759358738078406,0.13082278162318103
0,256,devtest,zho_Hans,eng_Latn,0.04001325752879989,0.03699454127236059
0,256,devtest,zho_Hans,deu_Latn,-0.07714122780868661,0.10608733078967714
0,256,devtest,zho_Hans,fra_Latn,-0.04731683557523543,0.021821791623095853
0,256,devtest,zho_Hans,spa_Latn,-0.09298219824350984,0.09152378042798287
0,256,devtest,zho_Hans,rus_Cyrl,-0.013744032997849024,0.08047134365125919
0,256,devtest,zho_Hans,hin_Deva,-0.0055530061885851285,0.06965026933499717
0,256,devtest,zho_Hans,arb_Arab,-0.026541921541074726,0.04700622566265931
0,256,devtest,zho_Hans,jpn_Jpan,-0.023006441251485675,0.08483307769087409
0,256,devtest,zho_Hans,tur_Latn,-0.023922588776470105,0.047202537133306244
0,256,devtest,zho_Hans,vie_Latn,-0.04003860561765428,0.05874993293504032
0,256,devtest,zho_Hans,ind_Latn,-0.03217619329419709,0.10523775943978939
0,256,devtest,jpn_Jpan,eng_Latn,-0.020405251598521724,0.09919769733602414
0,256,devtest,jpn_Jpan,deu_Latn,-0.012536715750981349,0.0919077783151826
0,256,devtest,jpn_Jpan,fra_Latn,0.010745320099896547,0.08877031011543733
0,256,devtest,jpn_Jpan,spa_Latn,-0.020605792439703154,0.07442785469705816
0,256,devtest,jpn_Jpan,rus_Cyrl,-0.0286891475962516,0.09930038828958042
0,256,devtest,jpn_Jpan,hin_Deva,0.04109851681366104,0.03335090801762615
0,256,devtest,jpn_Jpan,arb_Arab,0.007059984601321625,0.08096813346049743
0,256,devtest,jpn_Jpan,zho_Hans,-0.03325946652634662,0.10622041106717597
0,256,devtest,jpn_Jpan,tur_Latn,-0.037379368289765694,0.016507924431678145
0,256,devtest,jpn_Jpan,vie_Latn,-0.026916997771443827,0.11576362236103223
0,256,devtest,jpn_Jpan,ind_Latn,-0.011987153488528053,0.1320555681036253
0,256,devtest,tur_Latn,eng_Latn,0.039153992855102265,-0.001942884451604645
0,256,devtest,tur_Latn,deu_Latn,0.043370363345845424,-0.011707369746121033
0,256,devtest,tur_Latn,fra_Latn,-0.013516858417983033,0.009312123612486829
0,256,devtest,tur_Latn,spa_Latn,-0.00473261660026963,0.0158851224776425
0,256,devtest,tur_Latn,rus_Cyrl,-0.00381114178549859,0.023163362546306996
0,256,devtest,tur_Latn,hin_Deva,-0.02445748020050808,0.034909574658589265
0,256,devtest,tur_Latn,arb_Arab,0.011935223803458624,0.006253153480297049
0,256,devtest,tur_Latn,zho_Hans,-0.0001184177824337555,0.007626768098723095
0,256,devtest,tur_Latn,jpn_Jpan,-0.03605908316333857,0.015180451622028083
0,256,devtest,tur_Latn,vie_Latn,-0.027495795526150835,0.022614883978127786
0,256,devtest,tur_Latn,ind_Latn,0.0021624118643285787,0.06959656535868038
0,256,devtest,vie_Latn,eng_Latn,-0.010071201783500372,0.10978851326253292
0,256,devtest,vie_Latn,deu_Latn,-0.02696843957797274,0.03996496281254565
0,256,devtest,vie_Latn,fra_Latn,-0.013811556325850781,0.09673331932845294
0,256,devtest,vie_Latn,spa_Latn,-0.055387778737079396,0.1030159773252027
0,256,devtest,vie_Latn,rus_Cyrl,0.07211770432982452,0.033673162056366966
0,256,devtest,vie_Latn,hin_Deva,0.0010226861435972349,0.06672796609728839
0,256,devtest,vie_Latn,arb_Arab,0.02180752727719078,-0.06798817290095836
0,256,devtest,vie_Latn,zho_Hans,-0.03854401029923855,0.09334239850215495
0,256,devtest,vie_Latn,jpn_Jpan,-0.005420808119759009,0.09622756508448566
0,256,devtest,vie_Latn,tur_Latn,-0.05456156658845517,0.05307520312655116
0,256,devtest,vie_Latn,ind_Latn,0.026637162539338646,0.029917285284538075
0,256,devtest,ind_Latn,eng_Latn,-0.00357858357798673,0.004422418659626813
0,256,devtest,ind_Latn,deu_Latn,-0.017499919871586004,0.11999887828499053
0,256,devtest,ind_Latn,fra_Latn,0.03494503795875178,0.014404452353488488
0,256,devtest,ind_Latn,spa_Latn,-0.030310553091844522,0.1227644542013933
0,256,devtest,ind_Latn,rus_Cyrl,-0.05164166016017912,0.15080508926988628
0,256,devtest,ind_Latn,hin_Deva,-0.03436436735987713,0.0788489260461878
0,256,devtest,ind_Latn,arb_Arab,0.03720110873289535,0.13346115187943458
0,256,devtest,ind_Latn,zho_Hans,-0.03345212033951813,0.1189401359946459
0,256,devtest,ind_Latn,jpn_Jpan,0.004961612852548682,0.12287715241802279
0,256,devtest,ind_Latn,tur_Latn,-0.010095997558916789,0.09012761406783164
0,256,devtest,ind_Latn,vie_Latn,0.028952486762105867,0.004150682940786749
1,64,devtest,eng_Latn,deu_Latn,0.22942403406228176,0.032765570947852554
1,64,devtest,eng_Latn,fra_Latn,0.22781292897156868,-0.026646995918720526
1,64,devtest,eng_Latn,spa_Latn,0.21565585898870057,-0.09552990612729483
1,64,devtest,eng_Latn,rus_Cyrl,0.2377854662997731,-0.021976751097669448
1,64,devtest,eng_Latn,hin_Deva,-0.05949941493309512,-0.041057320487540315
1,64,devtest,eng_Latn,arb_Arab,0.15148616510677015,-0.04897367761082604
1,64,devtest,eng_Latn,zho_Hans,0.018724216402615537,0.017747190700845003
1,64,devtest,eng_Latn,jpn_Jpan,0.15211101113259054,0.07890666312559098
1,64,devtest,eng_Latn,tur_Latn,0.15857729990489478,0.0024624444280590026
1,64,devtest,eng_Latn,vie_Latn,0.190205358378463,-0.10842105031679336
1,64,devtest,eng_Latn,ind_Latn,0.234747036177104,0.022098416280099103
1,64,devtest,deu_Latn,eng_Latn,-0.028248203941854916,-0.10538376457758412
1,64,devtest,deu_Latn,fra_Latn,0.08648435249473153,-0.05247358924843324
1,64,devtest,deu_Latn,spa_Latn,0.024885730102771737,-0.11694120484717274
1,64,devtest,deu_Latn,rus_Cyrl,0.04739203780910191,0.005389475752390252
1,64,devtest,deu_Latn,hin_Deva,0.05426747055336809,-0.08288072736374918
1,64,devtest,deu_Latn,arb_Arab,0.05620606688608667,-0.06020775641616395
1,64,devtest,deu_Latn,zho_Hans,-0.085666992853687,-0.07362356424972082
1,64,devtest,deu_Latn,jpn_Jpan,-0.018901152821919984,-0.05241861420285533
1,64,devtest,deu_Latn,tur_Latn,0.14506969293722788,-0.0981814084252558
1,64,devtest,deu_Latn,vie_Latn,0.006794817071103362,-0.09237129651107943
1,64,devtest,deu_Latn,ind_Latn,0.08535930079832951,-0.009631805393876872
1,64,devtest,fra_Latn,eng_Latn,0.01817440567162362,-0.11061410524868691
1,64,devtest,fra_Latn,deu_Latn,0.0160721550100675,0.01677268517154851
1,64,devtest,fra_Latn,spa_Latn,0.12249336687864137,-0.13228588612141928
1,64,devtest,fra_Latn,rus_Cyrl,0.07576631726907335,-0.03639365259800741
1,64,devtest,fra_Latn,hin_Deva,-0.0008009824667188444,-0.059542786167852184
1,64,devtest,fra_Latn,arb_Arab,0.02913838897229595,-0.053106188166697155
1,64,devtest,fra_Latn,zho_Hans,-0.10501827064719957,-0.05969573799426375
1,64,devtest,fra_Latn,jpn_Jpan,-0.03482246093758615,-0.015894744122631893
1,64,devtest,fra_Latn,tur_Latn,0.07626336190786441,-0.05794593561870429
1,64,devtest,fra_Latn,vie_Latn,0.057180186603311756,-0.11171787360322652
1,64,devtest,fra_Latn,ind_Latn,0.06520308128121709,0.02982551883460868
1,64,devtest,spa_Latn,eng_Latn,-0.054851355211194434,-0.12604234785463655
1,64,devtest,spa_Latn,deu_Latn,0.06684429895451283,0.0019268472238523704
1,64,devtest,spa_Latn,fra_Latn,0.0867926582554587,-0.07261380542550434
1,64,devtest,spa_Latn,rus_Cyrl,0.11335175176661638,-0.043784452259854306
1,64,devtest,spa_Latn,hin_Deva,0.05281766505130641,-0.03922400394158108
1,64,devtest,spa_Latn,arb_Arab,0.07812366718102387,-0.0478451699779411
1,64,devtest,spa_Latn,zho_Hans,-0.14681385925171006,-0.027743043912506853
1,64,devtest,spa_Latn,jpn_Jpan,-0.019439609553081934,0.018674343047803577
1,64,devtest,spa_Latn,tur_Latn,0.018289699936710476,-0.05200501142410338
1,64,devtest,spa_Latn,vie_Latn,0.08308559847836286,-0.07928055778365889
1,64,devtest,spa_Latn,ind_Latn,0.058809727579405564,-0.020169611166495658
1,64,devtest,rus_Cyrl,eng_Latn,-0.02811765176890807,-0.1702247473742619
1,64,devtest,rus_Cyrl,deu_Latn,-0.017614182282617574,0.019052035021400415
1,64,devtest,rus_Cyrl,fra_Latn,-0.014595280861508233,-0.08277898480684555
1,64,devtest,rus_Cyrl,spa_Latn,-0.026651064206154165,-0.1375004881422484
1,64,devtest,rus_Cyrl,hin_Deva,0.05844713396904584,-0.05517179252462921
1,64,devtest,rus_Cyrl,arb_Arab,0.027044467705861705,-0.05673038215174234
1,64,devtest,rus_Cyrl,zho_Hans,-0.06145474928563109,-0.06714387455562525
1,64,devtest,rus_Cyrl,jpn_Jpan,-0.09810695709312763,0.0017785590545983014
1,64,devtest,rus_Cyrl,tur_Latn,-0.0028544803880678287,-0.04521208877741636
1,64,devtest,rus_Cyrl,vie_Latn,-0.017029617676215216,-0.1161216976671102
1,64,devtest,rus_Cyrl,ind_Latn,-0.018998377504060228,-0.0008451959186692098
1,64,devtest,hin_Deva,eng_Latn,-0.015198935833235056,-0.06246616506954484
1,64,devtest,hin_Deva,deu_Latn,-0.05851119667437835,0.045336792426282156
1,64,devtest,hin_Deva,fra_Latn,0.01632171397118273,0.01893222647987786
1,64,devtest,hin_Deva,spa_Latn,-0.018382222218239267,-0.018069700659627225
1,64,devtest,hin_Deva,rus_Cyrl,0.004405942208290538,0.03385863155322958
1,64,devtest,hin_Deva,arb_Arab,-0.02605860887892949,-0.020963343606371747
1,64,devtest,hin_Deva,zho_Hans,-0.011231727985674964,-0.029709842022118776
1,64,devtest,hin_Deva,jpn_Jpan,0.04693393231154425,0.03646137637762387
1,64,devtest,hin_Deva,tur_Latn,-0.1208833910186977,0.007040036761934037
1,64,devtest,hin_Deva,vie_Latn,0.003968849512941069,-0.01075406358807506
1,64,devtest,hin_Deva,ind_Latn,-0.012867948808968691,0.023158921092975886
1,64,devtest,arb_Arab,eng_Latn,-0.008883933962361314,-0.11505722036344193
1,64,devtest,arb_Arab,deu_Latn,-0.033170785504591585,0.006127526611183836
1,64,devtest,arb_Arab,fra_Latn,-0.06912406479397463,0.005149398198681097
1,64,devtest,arb_Arab,spa_Latn,0.02439576641398416,-0.06197520138011071
1,64,devtest,arb_Arab,rus_Cyrl,0.03870490415365798,0.0037630243966356204
1,64,devtest,arb_Arab,hin_Deva,-0.00931494018575286,-0.03613584108445076
1,64,devtest,arb_Arab,zho_Hans,-0.0961386793929196,-0.050746108394634316
1,64,devtest,arb_Arab,jpn_Jpan,-0.03620944141703295,0.007592805416165506
1,64,devtest,arb_Arab,tur_Latn,0.016639705635250888,-0.021436836339387998
1,64,devtest,arb_Arab,vie_Latn,0.02581582963145042,-0.0749007037823262
1,64,devtest,arb_Arab,ind_Latn,0.017970472181270285,0.014945090474852698
1,64,devtest,zho_Hans,eng_Latn,0.1261608139264981,-0.11695339833354751
1,64,devtest,zho_Hans,deu_Latn,0.19965926886095048,-0.03960904295866507
1,64,devtest,zho_Hans,fra_Latn,0.14670081241960772,-0.04168131610841981
1,64,devtest,zho_Hans,spa_Latn,0.13211247618646837,-0.05194823230624789
1,64,devtest,zho_Hans,rus_Cyrl,0.21520368332476358,-0.009177497135294903
1,64,devtest,zho_Hans,hin_Deva,0.03403473360934095,-0.0810492089581199
1,64,devtest,zho_Hans,arb_Arab,0.07521213175098382,-0.05516912865491697
1,64,devtest,zho_Hans,jpn_Jpan,0.12899346119254496,-0.06527313728298688
1,64,devtest,zho_Hans,tur_Latn,0.07471201569628927,-0.04257783386918396
1,64,devtest,zho_Hans,vie_Latn,0.07016573908793763,-0.07172025518926567
1,64,devtest,zho_Hans,ind_Latn,0.1199789303891183,0.015781619215484887
1,64,devtest,jpn_Jpan,eng_Latn,-0.12195148549504016,-0.09782419842315687
1,64,devtest,jpn_Jpan,deu_Latn,0.08904096483053246,-0.008143917325630393
1,64,devtest,jpn_Jpan,fra_Latn,0.06367644411107436,-0.05797814449919867
1,64,devtest,jpn_Jpan,spa_Latn,0.12675684844062143,-0.0812726464041778
1,64,devtest,jpn_Jpan,rus_Cyrl,0.11315557774031519,0.024566657043003162
1,64,devtest,jpn_Jpan,hin_Deva,0.15810078311248452,0.03473494025694669
1,64,devtest,jpn_Jpan,arb_Arab,0.08065208531619929,-0.08126784991726013
1,64,devtest,jpn_Jpan,zho_Hans,-0.03504843317465003,-0.1314804062363608
1,64,devtest,jpn_Jpan,tur_Latn,0.11710754001896248,-0.08072089155112863
1,64,devtest,jpn_Jpan,vie_Latn,0.06306090081037247,-0.10117493995480556
1,64,devtest,jpn_Jpan,ind_Latn,0.02746295439051352,0.027435531439851692
1,64,devtest,tur_Latn,eng_Latn,-0.035330567988118,-0.13604726690522423
1,64,devtest,tur_Latn,deu_Latn,-0.038162938475321116,-0.014322149628416627
1,64,devtest,tur_Latn,fra_Latn,0.06005479182011659,-0.05169559787608228
1,64,devtest,tur_Latn,spa_Latn,0.008337911682315739,-0.09053302653256841
1,64,devtest,tur_Latn,rus_Cyrl,-0.009079941320010906,-0.008084854853638902
1,64,devtest,tur_Latn,hin_Deva,0.06250439393698914,-0.06092808922056141
1,64,devtest,tur_Latn,arb_Arab,0.0773783067024038,-0.07575198469590143
1,64,devtest,tur_Latn,zho_Hans,-0.010673227805408211,-0.12406029868466784
1,64,devtest,tur_Latn,jpn_Jpan,-0.020512426823321772,-0.07092270050625361
1,64,devtest,tur_Latn,vie_Latn,-0.01773477990023235,-0.06823367051744567
1,64,devtest,tur_Latn,ind_Latn,0.0002507157195642887,-0.023213315318428334
1,64,devtest,vie_Latn,eng_Latn,-0.035950605498058535,-0.14427793153651752
1,64,devtest,vie_Latn,deu_Latn,0.07656076224337055,-0.005910406542732358
1,64,devtest,vie_Latn,fra_Latn,0.09822347337950753,-0.06399184619283718
1,64,devtest,vie_Latn,spa_Latn,0.12237854984397088,-0.09588731289241788
1,64,devtest,vie_Latn,rus_Cyrl,0.12649435477177517,-0.012539795042503157
1,64,devtest,vie_Latn,hin_Deva,0.045636889167570326,-0.05955979279366325
1,64,devtest,vie_Latn,arb_Arab,0.10576624665156967,-0.0685435179839788
1,64,devtest,vie_Latn,zho_Hans,-0.13863019057308879,-0.03752617671667722
1,64,devtest,vie_Latn,jpn_Jpan,-0.013343314630171058,0.009924833618076643
1,64,devtest,vie_Latn,tur_Latn,0.054220767112440824,-0.046910273606603374
1,64,devtest,vie_Latn,ind_Latn,0.08385957152418973,-0.008877131043929589
1,64,devtest,ind_Latn,eng_Latn,0.009223934046315767,-0.0610439913224514
1,64,devtest,ind_Latn,deu_Latn,-0.0362680949749037,0.016572585086299312
1,64,devtest,ind_Latn,fra_Latn,0.039958384397549916,0.008130254470282436
1,64,devtest,ind_Latn,spa_Latn,0.03721670734404896,-0.07897605545598564
1,64,devtest,ind_Latn,rus_Cyrl,0.05448080083812139,0.037809421536351806
1,64,devtest,ind_Latn,hin_Deva,-0.017334915032841694,-0.024080982102202438
1,64,devtest,ind_Latn,arb_Arab,0.07068632756553876,-0.011626388299558558
1,64,devtest,ind_Latn,zho_Hans,-0.10373808905394534,0.018134874133898082
1,64,devtest,ind_Latn,jpn_Jpan,-0.06556858535772508,0.05529156570466101
1,64,devtest,ind_Latn,tur_Latn,0.04149107771497348,-0.029967559254013527
1,64,devtest,ind_Latn,vie_Latn,0.014798275533934356,-0.02347521843680056
1,128,devtest,eng_Latn,deu_Latn,0.26681494502160996,0.03309241169764955
1,128,devtest,eng_Latn,fra_Latn,0.24832074370811819,-0.019399141051009185
1,128,devtest,eng_Latn,spa_Latn,0.25751060343741194,-0.10277262122700347
1,128,devtest,eng_Latn,rus_Cyrl,0.25588965823790766,-0.0015644153848340008
1,128,devtest,eng_Latn,hin_Deva,-0.0405576697997196,-0.04681771341115413
1,128,devtest,eng_Latn,arb_Arab,0.1806264688804832,-0.05205190342850785
1,128,devtest,eng_Latn,zho_Hans,0.03477319646533967,0.010807403030190075
1,128,devtest,eng_Latn,jpn_Jpan,0.17356525211238338,0.0834454456771565
1,128,devtest,eng_Latn,tur_Latn,0.17404723313666473,0.002883541566036091
1,128,devtest,eng_Latn,vie_Latn,0.22842870709754468,-0.12308481729203515
1,128,devtest,eng_Latn,ind_Latn,0.26598618616505654,0.012486067653569079
1,128,devtest,deu_Latn,eng_Latn,-0.030776407380243835,-0.1240851786640344
1,128,devtest,deu_Latn,fra_Latn,0.06303603813018753,-0.03883396217229883
1,128,devtest,deu_Latn,spa_Latn,0.0056760543503979214,-0.11498519586335454
1,128,devtest,deu_Latn,rus_Cyrl,0.060901735398517245,-0.0004374697406600689
1,128,devtest,deu_Latn,hin_Deva,0.06272079583885992,-0.09526802668094503
1,128,devtest,deu_Latn,arb_Arab,0.06172959354255507,-0.07862148379353757
1,128,devtest,deu_Latn,zho_Hans,-0.08747598540944646,-0.06766575789405364
1,128,devtest,deu_Latn,jpn_Jpan,-0.04515118626300345,-0.049197175481576136
1,128,devtest,deu_Latn,tur_Latn,0.14835616538020724,-0.09935550289087973
1,128,devtest,deu_Latn,vie_Latn,-0.00768169490074623,-0.0936778009710763
1,128,devtest,deu_Latn,ind_Latn,0.09068901570138359,-0.012079382925434319
1,128,devtest,fra_Latn,eng_Latn,0.004741245458476145,-0.11552510372192974
1,128,devtest,fra_Latn,deu_Latn,-0.003091327962476808,0.034448812109361
1,128,devtest,fra_Latn,spa_Latn,0.11377806551827542,-0.14636814437247628
1,128,devtest,fra_Latn,rus_Cyrl,0.0769394159584937,-0.03385968882585401
1,128,devtest,fra_Latn,hin_Deva,0.017500885142032022,-0.07232455597143018
1,128,devtest,fra_Latn,arb_Arab,0.04912394344817328,-0.06909344062987476
1,128,devtest,fra_Latn,zho_Hans,-0.1276053630102465,-0.06717830565585106
1,128,devtest,fra_Latn,jpn_Jpan,-0.04121292994104812,-0.028196338812279433
1,128,devtest,fra_Latn,tur_Latn,0.06297935703312581,-0.06125671873493155
1,128,devtest,fra_Latn,vie_Latn,0.04869384127989513,-0.11841153994071832
1,128,devtest,fra_Latn,ind_Latn,0.06778825575024557,0.0008410288649901399
1,128,devtest,spa_Latn,eng_Latn,-0.06396130706430493,-0.14405396318202573
1,128,devtest,spa_Latn,deu_Latn,0.06280528237116804,0.014442053331685094
1,128,devtest,spa_Latn,fra_Latn,0.08452421163988791,-0.08371726093136932
1,128,devtest,spa_Latn,rus_Cyrl,0.12058025995187718,-0.04350505509284026
1,128,devtest,spa_Latn,hin_Deva,0.056536834642189934,-0.050495030087128204
1,128,devtest,spa_Latn,arb_Arab,0.08494177986385361,-0.05837294370828747
1,128,devtest,spa_Latn,zho_Hans,-0.15109967442413436,-0.03384171571560373
1,128,devtest,spa_Latn,jpn_Jpan,-0.030554280787790267,0.01490191370153646
1,128,devtest,spa_Latn,tur_Latn,0.021153688954620768,-0.04094721018678114
1,128,devtest,spa_Latn,vie_Latn,0.07806788566703797,-0.0841719928786107
1,128,devtest,spa_Latn,ind_Latn,0.06773283831131602,-0.026362603734661778
1,128,devtest,rus_Cyrl,eng_Latn,-0.04372227508830403,-0.1663308579172762
1,128,devtest,rus_Cyrl,deu_Latn,-0.02754917736490989,0.009739753173467548
1,128,devtest,rus_Cyrl,fra_Latn,-0.021325864541452823,-0.07751709223695302
1,128,devtest,rus_Cyrl,spa_Latn,-0.04523847721510686,-0.14145218732623363
1,128,devtest,rus_Cyrl,hin_Deva,0.06451907605985291,-0.060998870585506085
1,128,devtest,rus_Cyrl,arb_Arab,0.020117963243435278,-0.07183446349777345
1,128,devtest,rus_Cyrl,zho_Hans,-0.07783941223888048,-0.07381404781357982
1,128,devtest,rus_Cyrl,jpn_Jpan,-0.1061527843057054,-0.008023168283951533
1,128,devtest,rus_Cyrl,tur_Latn,-0.005531325016671005,-0.04298471306866238
1,128,devtest,rus_Cyrl,vie_Latn,-0.03164215454673659,-0.12546345285080368
1,128,devtest,rus_Cyrl,ind_Latn,-0.03676697631751991,-0.0029953542346579064
1,128,devtest,hin_Deva,eng_Latn,-0.022347226770868967,-0.060594544218922686
1,128,devtest,hin_Deva,deu_Latn,-0.06954295101759186,0.04642750625525329
1,128,devtest,hin_Deva,fra_Latn,0.011690934223166409,0.023135422944798943
1,128,devtest,hin_Deva,spa_Latn,-0.025907091951445492,-0.014306316067383763
1,128,devtest,hin_Deva,rus_Cyrl,-0.002185010409468369,0.03693001083604847
1,128,devtest,hin_Deva,arb_Arab,-0.04161167519598275,-0.01960785307575133
1,128,devtest,hin_Deva,zho_Hans,-0.018868547187543126,-0.021965632138822834
1,128,devtest,hin_Deva,jpn_Jpan,0.02610588034153067,0.0377671922505004
1,128,devtest,hin_Deva,tur_Latn,-0.12481449946798502,0.010901619020468042
1,128,devtest,hin_Deva,vie_Latn,-0.005505757642518823,-0.006786857264665653
1,128,devtest,hin_Deva,ind_Latn,-0.020442818582852122,0.024940004270141963
1,128,devtest,arb_Arab,eng_Latn,-0.019310590774623392,-0.12080582680643102
1,128,devtest,arb_Arab,deu_Latn,-0.039213451537199046,0.007891615252343488
1,128,devtest,arb_Arab,fra_Latn,-0.06987964880010988,0.007712390857104596
1,128,devtest,arb_Arab,spa_Latn,0.016689146295251936,-0.06541031422185486
1,128,devtest,arb_Arab,rus_Cyrl,0.050039423142480444,0.004580846633562442
1,128,devtest,arb_Arab,hin_Deva,-0.005665298314226598,-0.04079712141927804
1,128,devtest,arb_Arab,zho_Hans,-0.09473839478047189,-0.05522065094995757
1,128,devtest,arb_Arab,jpn_Jpan,-0.060094810636737224,0.00861793809874064
1,128,devtest,arb_Arab,tur_Latn,0.013351458849742575,-0.025760036033371424
1,128,devtest,arb_Arab,vie_Latn,0.015281162240926637,-0.07219017084281448
1,128,devtest,arb_Arab,ind_Latn,0.012727150182493123,0.00967607717108685
1,128,devtest,zho_Hans,eng_Latn,0.14090543016788679,-0.14371971732621097
1,128,devtest,zho_Hans,deu_Latn,0.23553718508996416,-0.046477599806620765
1,128,devtest,zho_Hans,fra_Latn,0.17055461901279304,-0.05418810613239359
1,128,devtest,zho_Hans,spa_Latn,0.16696495217570304,-0.0718885451183622
1,128,devtest,zho_Hans,rus_Cyrl,0.23371850639975153,-0.02633640727404608
1,128,devtest,zho_Hans,hin_Deva,0.06310359498374384,-0.08935876086575976
1,128,devtest,zho_Hans,arb_Arab,0.111745889249028,-0.081064648682862
1,128,devtest,zho_Hans,jpn_Jpan,0.14675763918605966,-0.07179873665233401
1,128,devtest,zho_Hans,tur_Latn,0.0972824348341057,-0.041883247683255874
1,128,devtest,zho_Hans,vie_Latn,0.10774905042524065,-0.07652339501256855
1,128,devtest,zho_Hans,ind_Latn,0.1420413500745037,0.0051683442346475116
1,128,devtest,jpn_Jpan,eng_Latn,-0.15132559346169389,-0.11853309619368158
1,128,devtest,jpn_Jpan,deu_Latn,0.10365250125631316,-0.0017242850930054086
1,128,devtest,jpn_Jpan,fra_Latn,0.07609619971953924,-0.059363894503199656
1,128,devtest,jpn_Jpan,spa_Latn,0.14893161329270257,-0.08860467554681906
1,128,devtest,jpn_Jpan,rus_Cyrl,0.13229060755063657,0.008329735143842516
1,128,devtest,jpn_Jpan,hin_Deva,0.16404704857635166,0.024318155409556626
1,128,devtest,jpn_Jpan,arb_Arab,0.09649178042692794,-0.09576030093599626
1,128,devtest,jpn_Jpan,zho_Hans,-0.04131245086243689,-0.13823190612314298
1,128,devtest,jpn_Jpan,tur_Latn,0.13092113480561265,-0.08530260926177985
1,128,devtest,jpn_Jpan,vie_Latn,0.06290304452168231,-0.1047196412501688
1,128,devtest,jpn_Jpan,ind_Latn,0.03866364902064346,0.01591287479921248
1,128,devtest,tur_Latn,eng_Latn,-0.05555161069857714,-0.14351536663436054
1,128,devtest,tur_Latn,deu_Latn,-0.04490177751213247,-0.013259317890744122
1,128,devtest,tur_Latn,fra_Latn,0.04909077422240612,-0.05401193026257127
1,128,devtest,tur_Latn,spa_Latn,0.0007122558675218723,-0.08720504840503362
1,128,devtest,tur_Latn,rus_Cyrl,0.0015652765468323936,-0.005851672294757357
1,128,devtest,tur_Latn,hin_Deva,0.08518946561289324,-0.0677770817797885
1,128,devtest,tur_Latn,arb_Arab,0.08530565429175081,-0.0885396431957988
1,128,devtest,tur_Latn,zho_Hans,-0.018982839817393758,-0.11711474368022319
1,128,devtest,tur_Latn,jpn_Jpan,-0.036051388700590103,-0.07764735385051644
1,128,devtest,tur_Latn,vie_Latn,-0.020727821991709187,-0.05529944160046532
1,128,devtest,tur_Latn,ind_Latn,-0.00993366807598585,-0.030285119072629582
1,128,devtest,vie_Latn,eng_Latn,-0.044500812115178486,-0.16281576492225572
1,128,devtest,vie_Latn,deu_Latn,0.09398892507622658,-0.002618485882287915
1,128,devtest,vie_Latn,fra_Latn,0.10637101541268422,-0.07128228377744844
1,128,devtest,vie_Latn,spa_Latn,0.13866572747595127,-0.10325168256719094
1,128,devtest,vie_Latn,rus_Cyrl,0.14198573906930945,-0.01674112086310862
1,128,devtest,vie_Latn,hin_Deva,0.056963338569260565,-0.07196749004401014
1,128,devtest,vie_Latn,arb_Arab,0.12464812602073004,-0.08233987839335749
1,128,devtest,vie_Latn,zho_Hans,-0.1323065670195648,-0.03867104775685324
1,128,devtest,vie_Latn,jpn_Jpan,-0.022714543762559262,0.0009669204061042466
1,128,devtest,vie_Latn,tur_Latn,0.07530083975540693,-0.04033005426457287
1,128,devtest,vie_Latn,ind_Latn,0.10177497630610938,-0.01494402340268902
1,128,devtest,ind_Latn,eng_Latn,0.004840256027227719,-0.0742849250006874
1,128,devtest,ind_Latn,deu_Latn,-0.03419408405220281,0.023954541494314145
1,128,devtest,ind_Latn,fra_Latn,0.035043961223769335,-0.0006031888407405861
1,128,devtest,ind_Latn,spa_Latn,0.035636877542308966,-0.08087130626663361
1,128,devtest,ind_Latn,rus_Cyrl,0.05182160473578829,0.0381459355838944
1,128,devtest,ind_Latn,hin_Deva,0.007756614592350128,-0.038541214647351295
1,128,devtest,ind_Latn,arb_Arab,0.08021386627033479,-0.017766376961124836
1,128,devtest,ind_Latn,zho_Hans,-0.12564492338769903,0.025399930786614622
1,128,devtest,ind_Latn,jpn_Jpan,-0.08190081648200569,0.0497964206007662
1,128,devtest,ind_Latn,tur_Latn,0.0426644483578939,-0.03543884438547231
1,128,devtest,ind_Latn,vie_Latn,0.018083084079350643,-0.017442322768467258
1,256,devtest,eng_Latn,deu_Latn,0.28253763982848973,0.041975205899574215
1,256,devtest,eng_Latn,fra_Latn,0.2634449199215668,-0.01789474147532031
1,256,devtest,eng_Latn,spa_Latn,0.28772823321042973,-0.09448483326763742
1,256,devtest,eng_Latn,rus_Cyrl,0.2654418896612327,-0.000773627400196474
1,256,devtest,eng_Latn,hin_Deva,-0.022017893916818538,-0.048467449364093085
1,256,devtest,eng_Latn,arb_Arab,0.20339507637932333,-0.05499165653114315
1,256,devtest,eng_Latn,zho_Hans,0.021086893715621488,0.008739868323787078
1,256,devtest,eng_Latn,jpn_Jpan,0.19505461049992348,0.0825576501920012
1,256,devtest,eng_Latn,tur_Latn,0.1988085071612247,0.013927927370586715
1,256,devtest,eng_Latn,vie_Latn,0.24556753807916845,-0.11578533956740762
1,256,devtest,eng_Latn,ind_Latn,0.2916551029794276,0.011688571788898917
1,256,devtest,deu_Latn,eng_Latn,-0.05557304972220784,-0.13091037336143121
1,256,devtest,deu_Latn,fra_Latn,0.06925343009403921,-0.04832927130505509
1,256,devtest,deu_Latn,spa_Latn,0.0002715339811536972,-0.12338703064840868
1,256,devtest,deu_Latn,rus_Cyrl,0.07057665916844151,-0.0058019407710314655
1,256,devtest,deu_Latn,hin_Deva,0.07163956765614253,-0.09958090358615088
1,256,devtest,deu_Latn,arb_Arab,0.06583205991068715,-0.08298913944173418
1,256,devtest,deu_Latn,zho_Hans,-0.10554472214770987,-0.0712665126104505
1,256,devtest,deu_Latn,jpn_Jpan,-0.06261199160019451,-0.062255877044434055
1,256,devtest,deu_Latn,tur_Latn,0.14560490016961547,-0.09771046684223579
1,256,devtest,deu_Latn,vie_Latn,-0.02630089546858899,-0.09808046811150566
1,256,devtest,deu_Latn,ind_Latn,0.0970118014129841,-0.02449112326083954
1,256,devtest,fra_Latn,eng_Latn,-0.018544336588842608,-0.1330725433463138
1,256,devtest,fra_Latn,deu_Latn,0.0008259464571656165,0.024424266317503118
1,256,devtest,fra_Latn,spa_Latn,0.10778354981351895,-0.13923728271641841
1,256,devtest,fra_Latn,rus_Cyrl,0.07907287949252492,-0.03865916965475151
1,256,devtest,fra_Latn,hin_Deva,0.032007313787801035,-0.08132390125518668
1,256,devtest,fra_Latn,arb_Arab,0.06529574547765107,-0.08430509796078106
1,256,devtest,fra_Latn,zho_Hans,-0.1445563201046725,-0.0788924940022415
1,256,devtest,fra_Latn,jpn_Jpan,-0.054718907569654376,-0.03642784540688452
1,256,devtest,fra_Latn,tur_Latn,0.06164566571430995,-0.06032166247934672
1,256,devtest,fra_Latn,vie_Latn,0.030642062240492225,-0.12200707555969571
1,256,devtest,fra_Latn,ind_Latn,0.06610685242982808,-0.025780223663026455
1,256,devtest,spa_Latn,eng_Latn,-0.08857587561935347,-0.1428623857011666
1,256,devtest,spa_Latn,deu_Latn,0.060608802500632115,0.020132012335696992
1,256,devtest,spa_Latn,fra_Latn,0.0813179204714431,-0.06718911239641699
1,256,devtest,spa_Latn,rus_Cyrl,0.13120402564828054,-0.03849893685660711
1,256,devtest,spa_Latn,hin_Deva,0.058883863685032754,-0.05382581991165455
1,256,devtest,spa_Latn,arb_Arab,0.09132670645092576,-0.06729558864004459
1,256,devtest,spa_Latn,zho_Hans,-0.16229713837369936,-0.03920069668129658
1,256,devtest,spa_Latn,jpn_Jpan,-0.03925365250721468,0.013953226618992615
1,256,devtest,spa_Latn,tur_Latn,0.036498406444391535,-0.03190415623074303
1,256,devtest,spa_Latn,vie_Latn,0.0550058210854175,-0.09321068189715162
1,256,devtest,spa_Latn,ind_Latn,0.07290409571491305,-0.04004017453464761
1,256,devtest,rus_Cyrl,eng_Latn,-0.06410127153754724,-0.17430735694273225
1,256,devtest,rus_Cyrl,deu_Latn,-0.04020425981432614,0.006971633761826947
1,256,devtest,rus_Cyrl,fra_Latn,-0.035217599969703674,-0.07453613411517655
1,256,devtest,rus_Cyrl,spa_Latn,-0.05335387292550856,-0.13666443876913673
1,256,devtest,rus_Cyrl,hin_Deva,0.07383916853561238,-0.07460093213588333
1,256,devtest,rus_Cyrl,arb_Arab,0.001985530475832538,-0.08174382205812505
1,256,devtest,rus_Cyrl,zho_Hans,-0.08947135077361029,-0.07572394043029203
1,256,devtest,rus_Cyrl,jpn_Jpan,-0.12196606096404422,-0.012993103865938518
1,256,devtest,rus_Cyrl,tur_Latn,-0.01546543248573562,-0.05268958068670506
1,256,devtest,rus_Cyrl,vie_Latn,-0.05561997498221056,-0.12697949184785992
1,256,devtest,rus_Cyrl,ind_Latn,-0.04208587799663611,-0.013533081040792141
1,256,devtest,hin_Deva,eng_Latn,-0.030816693116672837,-0.05850938658089101
1,256,devtest,hin_Deva,deu_Latn,-0.07837926238215273,0.05384155135853045
1,256,devtest,hin_Deva,fra_Latn,-0.0004358685378847103,0.025636720766442255
1,256,devtest,hin_Deva,spa_Latn,-0.03388279818855738,-0.01007914431129262
1,256,devtest,hin_Deva,rus_Cyrl,-0.0077673737772679515,0.03718444136849429
1,256,devtest,hin_Deva,arb_Arab,-0.04786339418536649,-0.013897320948190198
1,256,devtest,hin_Deva,zho_Hans,-0.028777639169688878,-0.01619829915964013
1,256,devtest,hin_Deva,jpn_Jpan,0.01208961076780559,0.04276288059775256
1,256,devtest,hin_Deva,tur_Latn,-0.1296641143021624,0.01529502781481037
1,256,devtest,hin_Deva,vie_Latn,-0.012900743691914698,-0.0019346608989855153
1,256,devtest,hin_Deva,ind_Latn,-0.029168075050269065,0.026216487255898344
1,256,devtest,arb_Arab,eng_Latn,-0.038245183306756275,-0.125724951753443
1,256,devtest,arb_Arab,deu_Latn,-0.045546432834398874,0.0068282247675494
1,256,devtest,arb_Arab,fra_Latn,-0.06896116017590923,0.001705556651373079
1,256,devtest,arb_Arab,spa_Latn,0.003923496675234019,-0.07277842539035564
1,256,devtest,arb_Arab,rus_Cyrl,0.05608482377738228,0.003002483295289671
1,256,devtest,arb_Arab,hin_Deva,0.01062525581243227,-0.04550491822465086
1,256,devtest,arb_Arab,zho_Hans,-0.11020915628731257,-0.05641024915646324
1,256,devtest,arb_Arab,jpn_Jpan,-0.0750168608870455,0.01026302171928708
1,256,devtest,arb_Arab,tur_Latn,0.01499363116272957,-0.018882001494987928
1,256,devtest,arb_Arab,vie_Latn,0.008785392030543697,-0.07026245818505068
1,256,devtest,arb_Arab,ind_Latn,0.0016151776861137732,0.002911823598625203
1,256,devtest,zho_Hans,eng_Latn,0.13713615076706773,-0.16309967403760578
1,256,devtest,zho_Hans,deu_Latn,0.255442384588284,-0.05298914797336921
1,256,devtest,zho_Hans,fra_Latn,0.1873373045761468,-0.06357292013605365
1,256,devtest,zho_Hans,spa_Latn,0.18567874269693163,-0.08090282964962321
1,256,devtest,zho_Hans,rus_Cyrl,0.2536244375568612,-0.035892030517131315
1,256,devtest,zho_Hans,hin_Deva,0.0776420546291915,-0.09551703960221565
1,256,devtest,zho_Hans,arb_Arab,0.1257830196929232,-0.09556033262546736
1,256,devtest,zho_Hans,jpn_Jpan,0.17211275350677321,-0.06819363836727398
1,256,devtest,zho_Hans,tur_Latn,0.11800777877289156,-0.04807373715045497
1,256,devtest,zho_Hans,vie_Latn,0.1282673593060692,-0.08790903091619653
1,256,devtest,zho_Hans,ind_Latn,0.17330129262011298,-0.02098651395351025
1,256,devtest,jpn_Jpan,eng_Latn,-0.17536347643233288,-0.13246115103929945
1,256,devtest,jpn_Jpan,deu_Latn,0.1196411567254196,-0.008338077066683124
1,256,devtest,jpn_Jpan,fra_Latn,0.0918006111900871,-0.0583396102662866
1,256,devtest,jpn_Jpan,spa_Latn,0.15700585057411132,-0.09104864191730086
1,256,devtest,jpn_Jpan,rus_Cyrl,0.14866638838301247,0.003926362352853632
1,256,devtest,jpn_Jpan,hin_Deva,0.1709445735909579,0.022613796466704767
1,256,devtest,jpn_Jpan,arb_Arab,0.1099597867006087,-0.0946141608426336
1,256,devtest,jpn_Jpan,zho_Hans,-0.04441200229131199,-0.13794906874002225
1,256,devtest,jpn_Jpan,tur_Latn,0.14084027616095465,-0.08221964615979972
1,256,devtest,jpn_Jpan,vie_Latn,0.06637851728496061,-0.10536069809121268
1,256,devtest,jpn_Jpan,ind_Latn,0.04617806721022126,0.0028286961466767345
1,256,devtest,tur_Latn,eng_Latn,-0.06844512058954406,-0.14117044751570862
1,256,devtest,tur_Latn,deu_Latn,-0.0620088678079822,-0.001759923007404859
1,256,devtest,tur_Latn,fra_Latn,0.044898105934663014,-0.04782140383805813
1,256,devtest,tur_Latn,spa_Latn,-0.002929999530976299,-0.08254871128424081
1,256,devtest,tur_Latn,rus_Cyrl,0.009819112904707196,-0.012085560415695432
1,256,devtest,tur_Latn,hin_Deva,0.09597940460778688,-0.069985575919954
1,256,devtest,tur_Latn,arb_Arab,0.08776448904797658,-0.08403136977052786
1,256,devtest,tur_Latn,zho_Hans,-0.03238280714663271,-0.11503233991548965
1,256,devtest,tur_Latn,jpn_Jpan,-0.05418275475121215,-0.07319408907607534
1,256,devtest,tur_Latn,vie_Latn,-0.03331142389084344,-0.05446292515349087
1,256,devtest,tur_Latn,ind_Latn,-0.01820530087426521,-0.032345057611990864
1,256,devtest,vie_Latn,eng_Latn,-0.06295713562891983,-0.16508474152645622
1,256,devtest,vie_Latn,deu_Latn,0.10323637623092148,0.0020806898701233325
1,256,devtest,vie_Latn,fra_Latn,0.1139625967569929,-0.0646536227036203
1,256,devtest,vie_Latn,spa_Latn,0.14544986018145317,-0.10454635296839024
1,256,devtest,vie_Latn,rus_Cyrl,0.151319054862312,-0.01853227699581025
1,256,devtest,vie_Latn,hin_Deva,0.06632021231668817,-0.07397001824200879
1,256,devtest,vie_Latn,arb_Arab,0.14052966541338566,-0.0817545154113353
1,256,devtest,vie_Latn,zho_Hans,-0.14072829669238054,-0.04491772163774124
1,256,devtest,vie_Latn,jpn_Jpan,-0.034367550113673526,2.671914492135812e-05
1,256,devtest,vie_Latn,tur_Latn,0.0872323248767807,-0.039032057731862364
1,256,devtest,vie_Latn,ind_Latn,0.1043110728475448,-0.022219598845609128
1,256,devtest,ind_Latn,eng_Latn,-0.01574561358874726,-0.08079450099020849
1,256,devtest,ind_Latn,deu_Latn,-0.033563984505358295,0.029027544069062088
1,256,devtest,ind_Latn,fra_Latn,0.029365061157287167,-0.00841346131690777
1,256,devtest,ind_Latn,spa_Latn,0.03718419154003815,-0.09051947268379915
1,256,devtest,ind_Latn,rus_Cyrl,0.06661304328476855,0.039311411822978294
1,256,devtest,ind_Latn,hin_Deva,0.02612557740454088,-0.05108258631455439
1,256,devtest,ind_Latn,arb_Arab,0.0862190694520237,-0.026760675749381582
1,256,devtest,ind_Latn,zho_Hans,-0.13070533477856133,0.011285467281276515
1,256,devtest,ind_Latn,jpn_Jpan,-0.09917049580252174,0.04055255719501069
1,256,devtest,ind_Latn,tur_Latn,0.04312140731441259,-0.03698485487359061
1,256,devtest,ind_Latn,vie_Latn,5.346330004067043e-05,-0.01615594288840763
2,64,devtest,eng_Latn,deu_Latn,0.1766937202932559,-0.0324554624620482
2,64,devtest,eng_Latn,fra_Latn,0.1605870985832966,-0.03481672396545987
2,64,devtest,eng_Latn,spa_Latn,0.175832977278216,-0.11190618041088521
2,64,devtest,eng_Latn,rus_Cyrl,0.15815432878163646,-0.09515443332290709
2,64,devtest,eng_Latn,hin_Deva,-0.014065942357173157,0.04172304465168788
2,64,devtest,eng_Latn,arb_Arab,0.11392175351475779,0.0005749654382171405
2,64,devtest,eng_Latn,zho_Hans,0.04225111356393652,-0.036816956517645875
2,64,devtest,eng_Latn,jpn_Jpan,0.10840701510265038,-0.04337651890077323
2,64,devtest,eng_Latn,tur_Latn,0.05785962838559406,-0.12646216575437277
2,64,devtest,eng_Latn,vie_Latn,0.13014757008269578,-0.12740325431352698
2,64,devtest,eng_Latn,ind_Latn,0.17347567543966594,-0.0010216918845595406
2,64,devtest,deu_Latn,eng_Latn,-0.04095016506502031,-0.11205344185522084
2,64,devtest,deu_Latn,fra_Latn,0.05367616665066259,-0.04412991826074578
2,64,devtest,deu_Latn,spa_Latn,0.053684920476516095,-0.09813710917542656
2,64,devtest,deu_Latn,rus_Cyrl,0.04532650849956843,-0.042621587891050784
2,64,devtest,deu_Latn,hin_Deva,0.02405182216929682,0.019668614775896348
2,64,devtest,deu_Latn,arb_Arab,0.035189336195236766,-0.009277000662596293
2,64,devtest,deu_Latn,zho_Hans,-0.07260247052268401,-0.018666552327583415
2,64,devtest,deu_Latn,jpn_Jpan,0.01722774996861277,-0.05366549536911136
2,64,devtest,deu_Latn,tur_Latn,0.07352558229465678,-0.11373315072463208
2,64,devtest,deu_Latn,vie_Latn,0.05874979852307709,-0.07865191702577518
2,64,devtest,deu_Latn,ind_Latn,0.0739545076647033,0.012658679569427008
2,64,devtest,fra_Latn,eng_Latn,0.04517994734859985,-0.04964805190671512
2,64,devtest,fra_Latn,deu_Latn,0.06225649246127902,0.011248034707976744
2,64,devtest,fra_Latn,spa_Latn,0.13599701405641593,-0.10652526815896363
2,64,devtest,fra_Latn,rus_Cyrl,0.049017818045895827,-0.05100685014123446
2,64,devtest,fra_Latn,hin_Deva,0.0037013656823949173,0.032697784924924395
2,64,devtest,fra_Latn,arb_Arab,0.032214354931696366,0.04195668899214929
2,64,devtest,fra_Latn,zho_Hans,-0.10162841500719011,-0.01689311101210293
2,64,devtest,fra_Latn,jpn_Jpan,-0.030753826674385167,-0.038056207176427014
2,64,devtest,fra_Latn,tur_Latn,0.08609543804242956,-0.08237094771527691
2,64,devtest,fra_Latn,vie_Latn,0.09561838935437929,-0.05004045332699522
2,64,devtest,fra_Latn,ind_Latn,0.10673015743974096,0.0534184259678135
2,64,devtest,spa_Latn,eng_Latn,-0.024068073451804114,-0.11128691121316496
2,64,devtest,spa_Latn,deu_Latn,0.11809157416861261,-0.03265610534079943
2,64,devtest,spa_Latn,fra_Latn,0.10505243437657755,-0.09653732944675045
2,64,devtest,spa_Latn,rus_Cyrl,0.0796253171983355,-0.10913018635821986
2,64,devtest,spa_Latn,hin_Deva,0.02160225635622019,0.01722317561660666
2,64,devtest,spa_Latn,arb_Arab,0.056928878284188536,-0.016305380549193813
2,64,devtest,spa_Latn,zho_Hans,-0.119394215210212,-0.029706507581041045
2,64,devtest,spa_Latn,jpn_Jpan,0.001215051583745453,-0.04815050113485274
2,64,devtest,spa_Latn,tur_Latn,0.020287701885208467,-0.09879595905857882
2,64,devtest,spa_Latn,vie_Latn,0.17330039840777067,-0.0871800220724408
2,64,devtest,spa_Latn,ind_Latn,0.09361876946527119,-0.02005623434356253
2,64,devtest,rus_Cyrl,eng_Latn,-0.015131179471315499,-0.13376658781755105
2,64,devtest,rus_Cyrl,deu_Latn,0.047159652011654354,-0.00886569369162573
2,64,devtest,rus_Cyrl,fra_Latn,0.016986351152533104,-0.06431064047207098
2,64,devtest,rus_Cyrl,spa_Latn,0.025896038929520946,-0.1288839290699543
2,64,devtest,rus_Cyrl,hin_Deva,0.04074252030069823,0.013456341034957246
2,64,devtest,rus_Cyrl,arb_Arab,0.0823405344096211,0.01679982643323276
2,64,devtest,rus_Cyrl,zho_Hans,-0.06713088060714906,-0.033483107082717976
2,64,devtest,rus_Cyrl,jpn_Jpan,-0.02184149897501419,-0.02952917624510798
2,64,devtest,rus_Cyrl,tur_Latn,0.05782215625897223,-0.0952565015992298
2,64,devtest,rus_Cyrl,vie_Latn,0.010307973909217455,-0.12115877862976882
2,64,devtest,rus_Cyrl,ind_Latn,0.008493037502829854,0.01229935830549436
2,64,devtest,hin_Deva,eng_Latn,-0.059921052975556055,-0.05532256222051781
2,64,devtest,hin_Deva,deu_Latn,-0.06803673941069148,0.03303125438489021
2,64,devtest,hin_Deva,fra_Latn,0.006295006653335771,-0.021452414538760876
2,64,devtest,hin_Deva,spa_Latn,-0.04031764464359206,-0.047035956612665526
2,64,devtest,hin_Deva,rus_Cyrl,0.012137730364227658,-0.00903589927117524
2,64,devtest,hin_Deva,arb_Arab,-0.01836993143346628,0.016842244831428006
2,64,devtest,hin_Deva,zho_Hans,-0.02466939693712123,-0.0033582818247804044
2,64,devtest,hin_Deva,jpn_Jpan,0.036236204837557684,-0.03802606983191999
2,64,devtest,hin_Deva,tur_Latn,-0.0576564463672236,-0.03139362807073405
2,64,devtest,hin_Deva,vie_Latn,0.01254374001356814,-0.035174747481695946
2,64,devtest,hin_Deva,ind_Latn,-0.024176703760587722,0.019784070814379166
2,64,devtest,arb_Arab,eng_Latn,-0.008083331188596195,-0.09807609541865732
2,64,devtest,arb_Arab,deu_Latn,-0.008443442567790498,-0.022021776642738137
2,64,devtest,arb_Arab,fra_Latn,-0.016489320423903053,-0.006024544395031841
2,64,devtest,arb_Arab,spa_Latn,0.06017997999978387,-0.07533951029937667
2,64,devtest,arb_Arab,rus_Cyrl,0.0774955315699033,-0.046592286944365825
2,64,devtest,arb_Arab,hin_Deva,-0.009746606055848645,0.019441887403368028
2,64,devtest,arb_Arab,zho_Hans,-0.06954632087089596,-0.020390485254430553
2,64,devtest,arb_Arab,jpn_Jpan,0.009027756337592278,-0.06414792685232047
2,64,devtest,arb_Arab,tur_Latn,0.03800504804720404,-0.09478615763271796
2,64,devtest,arb_Arab,vie_Latn,0.032416498843292244,-0.07036578202236939
2,64,devtest,arb_Arab,ind_Latn,0.028118360147735746,0.038043482712925764
2,64,devtest,zho_Hans,eng_Latn,0.16287223076273047,-0.11563355033179085
2,64,devtest,zho_Hans,deu_Latn,0.12201803341904728,-0.04345436509331203
2,64,devtest,zho_Hans,fra_Latn,0.04337228528235734,-0.05226341898284735
2,64,devtest,zho_Hans,spa_Latn,0.054543111345686124,-0.0790132201494561
2,64,devtest,zho_Hans,rus_Cyrl,0.13999300678965962,-0.06628721868734751
2,64,devtest,zho_Hans,hin_Deva,0.00589535724406363,0.04191238048333542
2,64,devtest,zho_Hans,arb_Arab,0.04906753037729333,0.03926074726801587
2,64,devtest,zho_Hans,jpn_Jpan,0.08575235732576145,-0.09019914639545736
2,64,devtest,zho_Hans,tur_Latn,0.023813962468653055,-0.0786732724761541
2,64,devtest,zho_Hans,vie_Latn,0.008604212697715954,-0.09508909041470895
2,64,devtest,zho_Hans,ind_Latn,0.02558414839352856,0.02393519527274482
2,64,devtest,jpn_Jpan,eng_Latn,-0.07053651489890235,-0.0911512663889831
2,64,devtest,jpn_Jpan,deu_Latn,0.053116024567441564,0.00653958098963627
2,64,devtest,jpn_Jpan,fra_Latn,0.035555009753465726,-0.0286078843257445
2,64,devtest,jpn_Jpan,spa_Latn,0.10440648270804226,-0.09127174491208803
2,64,devtest,jpn_Jpan,rus_Cyrl,0.09412068889847519,-0.0395609445190504
2,64,devtest,jpn_Jpan,hin_Deva,0.16973123246792662,0.08850204578242499
2,64,devtest,jpn_Jpan,arb_Arab,0.0599712796281834,-0.0023976847568797253
2,64,devtest,jpn_Jpan,zho_Hans,-0.013967201730992218,-0.06770499685280676
2,64,devtest,jpn_Jpan,tur_Latn,0.06811155617986676,-0.095212787738264
2,64,devtest,jpn_Jpan,vie_Latn,0.03927464925804431,-0.09064414623599129
2,64,devtest,jpn_Jpan,ind_Latn,-0.010875338128210277,0.010012551729749776
2,64,devtest,tur_Latn,eng_Latn,-0.0469867708290432,-0.14051927890892915
2,64,devtest,tur_Latn,deu_Latn,-0.03197641602507051,-0.030168629893100308
2,64,devtest,tur_Latn,fra_Latn,0.07431672621479961,-0.06667063013342966
2,64,devtest,tur_Latn,spa_Latn,0.026119529823096933,-0.09575723364923691
2,64,devtest,tur_Latn,rus_Cyrl,0.017636082067283683,-0.04855412497346998
2,64,devtest,tur_Latn,hin_Deva,0.07044750210510115,0.0886419917460837
2,64,devtest,tur_Latn,arb_Arab,0.07997603914740908,-0.012234279394870413
2,64,devtest,tur_Latn,zho_Hans,-0.02990927929648677,-0.06382624596538643
2,64,devtest,tur_Latn,jpn_Jpan,-0.03165533481284014,-0.0909693134085207
2,64,devtest,tur_Latn,vie_Latn,0.03138075545167404,-0.062230404188536
2,64,devtest,tur_Latn,ind_Latn,0.02585845292884087,-0.048924098996499646
2,64,devtest,vie_Latn,eng_Latn,-0.019390066979691672,-0.11436840814698963
2,64,devtest,vie_Latn,deu_Latn,0.10793486661149834,-0.01302766693763106
2,64,devtest,vie_Latn,fra_Latn,0.10616537937545287,-0.03477874818041343
2,64,devtest,vie_Latn,spa_Latn,0.15177122456929507,-0.07571443758090915
2,64,devtest,vie_Latn,rus_Cyrl,0.09255857364177514,-0.04917398943909388
2,64,devtest,vie_Latn,hin_Deva,0.1000949381565964,0.04541921292973593
2,64,devtest,vie_Latn,arb_Arab,0.048964710336322506,0.01179517466904742
2,64,devtest,vie_Latn,zho_Hans,-0.10822140131780862,-0.0028861301613702208
2,64,devtest,vie_Latn,jpn_Jpan,0.006149817913554016,-0.03676708345351122
2,64,devtest,vie_Latn,tur_Latn,0.03279426815264411,-0.05868709960188451
2,64,devtest,vie_Latn,ind_Latn,0.08165058885818183,0.05080296475961333
2,64,devtest,ind_Latn,eng_Latn,0.009129053400975556,-0.02317055994053644
2,64,devtest,ind_Latn,deu_Latn,-0.027950783148383597,0.027743324493997065
2,64,devtest,ind_Latn,fra_Latn,0.07227840380236661,0.009162882316858094
2,64,devtest,ind_Latn,spa_Latn,0.059704644673221625,-0.05236260774403624
2,64,devtest,ind_Latn,rus_Cyrl,0.004102340376803925,0.005955554692168654
2,64,devtest,ind_Latn,hin_Deva,0.023264966478985783,0.05606674791866165
2,64,devtest,ind_Latn,arb_Arab,0.03379289566380831,0.08058497746416333
2,64,devtest,ind_Latn,zho_Hans,-0.08322771936576905,0.042791769604180734
2,64,devtest,ind_Latn,jpn_Jpan,-0.05113371955528048,-0.016580917064772934
2,64,devtest,ind_Latn,tur_Latn,0.05236899137798585,-0.06443972517466036
2,64,devtest,ind_Latn,vie_Latn,0.053374223489757955,0.005237829334978659
2,128,devtest,eng_Latn,deu_Latn,0.1993910824342413,-0.028377827096170476
2,128,devtest,eng_Latn,fra_Latn,0.1703539834090341,-0.044629405260324245
2,128,devtest,eng_Latn,spa_Latn,0.19576926013572551,-0.11591994616523553
2,128,devtest,eng_Latn,rus_Cyrl,0.16623388752386967,-0.08482588629860045
2,128,devtest,eng_Latn,hin_Deva,0.0015642500087161084,0.038127440612162895
2,128,devtest,eng_Latn,arb_Arab,0.12333452112026472,-0.004678463687391706
2,128,devtest,eng_Latn,zho_Hans,0.038265855675484205,-0.03775326572604622
2,128,devtest,eng_Latn,jpn_Jpan,0.11353453872225767,-0.04721685084644308
2,128,devtest,eng_Latn,tur_Latn,0.07373632965334034,-0.11969064332218189
2,128,devtest,eng_Latn,vie_Latn,0.14161097202147682,-0.1317823110131572
2,128,devtest,eng_Latn,ind_Latn,0.1965698236669894,-0.011089548138721638
2,128,devtest,deu_Latn,eng_Latn,-0.037989084299259665,-0.11623888163478135
2,128,devtest,deu_Latn,fra_Latn,0.049340507962539006,-0.048848167895751166
2,128,devtest,deu_Latn,spa_Latn,0.046219849481307834,-0.10166654216774797
2,128,devtest,deu_Latn,rus_Cyrl,0.046435237529339764,-0.04166395161664953
2,128,devtest,deu_Latn,hin_Deva,0.0354632222601261,0.012951430700096918
2,128,devtest,deu_Latn,arb_Arab,0.04120618033920063,-0.007203830566907644
2,128,devtest,deu_Latn,zho_Hans,-0.08450413192304339,-0.013162303260356547
2,128,devtest,deu_Latn,jpn_Jpan,0.009714050443683727,-0.05761272307232374
2,128,devtest,deu_Latn,tur_Latn,0.07135235849654503,-0.11814284382478524
2,128,devtest,deu_Latn,vie_Latn,0.050704425989244836,-0.08201565768332267
2,128,devtest,deu_Latn,ind_Latn,0.07243779369872358,0.012526158080510432
2,128,devtest,fra_Latn,eng_Latn,0.04234350541309447,-0.060145876508952756
2,128,devtest,fra_Latn,deu_Latn,0.054022797461229975,0.013252262408229734
2,128,devtest,fra_Latn,spa_Latn,0.1285622407963262,-0.1095274260256574
2,128,devtest,fra_Latn,rus_Cyrl,0.03835401448458966,-0.053183909697876355
2,128,devtest,fra_Latn,hin_Deva,0.02059756580438119,0.03611446912818022
2,128,devtest,fra_Latn,arb_Arab,0.02988326204466352,0.039977536258473036
2,128,devtest,fra_Latn,zho_Hans,-0.10610889780346834,-0.015903764360431887
2,128,devtest,fra_Latn,jpn_Jpan,-0.03959715051424061,-0.042712263041478384
2,128,devtest,fra_Latn,tur_Latn,0.07761720215759527,-0.08711677404316304
2,128,devtest,fra_Latn,vie_Latn,0.09420043398565242,-0.0588584567120273
2,128,devtest,fra_Latn,ind_Latn,0.11131933486621537,0.050383329971305686
2,128,devtest,spa_Latn,eng_Latn,-0.029921013602856435,-0.12102324450838518
2,128,devtest,spa_Latn,deu_Latn,0.11502321760054665,-0.03404723766031246
2,128,devtest,spa_Latn,fra_Latn,0.09902434109225625,-0.10291648503797357
2,128,devtest,spa_Latn,rus_Cyrl,0.0812146665399998,-0.11133136207784121
2,128,devtest,spa_Latn,hin_Deva,0.024931398763618006,0.011141677276440767
2,128,devtest,spa_Latn,arb_Arab,0.05036118394291028,-0.019658142574760465
2,128,devtest,spa_Latn,zho_Hans,-0.1212430102686745,-0.03458485456818743
2,128,devtest,spa_Latn,jpn_Jpan,-0.006689210031858863,-0.05160197437849185
2,128,devtest,spa_Latn,tur_Latn,0.021319745746961778,-0.1002019388198922
2,128,devtest,spa_Latn,vie_Latn,0.16085342260466043,-0.08942206636297614
2,128,devtest,spa_Latn,ind_Latn,0.09109897185254914,-0.02821681537817889
2,128,devtest,rus_Cyrl,eng_Latn,-0.027987230230254418,-0.12772147667497616
2,128,devtest,rus_Cyrl,deu_Latn,0.037325493109489696,-0.010089622439742965
2,128,devtest,rus_Cyrl,fra_Latn,0.006874413202625903,-0.07192313812010966
2,128,devtest,rus_Cyrl,spa_Latn,0.017011156341012072,-0.13101195369326502
2,128,devtest,rus_Cyrl,hin_Deva,0.0462259941966297,0.012050636802658495
2,128,devtest,rus_Cyrl,arb_Arab,0.07413840573361283,0.013665800315875878
2,128,devtest,rus_Cyrl,zho_Hans,-0.07382294362209892,-0.042907931149137726
2,128,devtest,rus_Cyrl,jpn_Jpan,-0.02267193726300983,-0.030730513995544197
2,128,devtest,rus_Cyrl,tur_Latn,0.044568217479642847,-0.09125222975143904
2,128,devtest,rus_Cyrl,vie_Latn,9.921471852227006e-05,-0.12562883576529965
2,128,devtest,rus_Cyrl,ind_Latn,0.0010519836865126048,0.008651216029260242
2,128,devtest,hin_Deva,eng_Latn,-0.05813127219534931,-0.05611277843210814
2,128,devtest,hin_Deva,deu_Latn,-0.07375261965170504,0.03188309404032026
2,128,devtest,hin_Deva,fra_Latn,0.006309166837735846,-0.02324076945017768
2,128,devtest,hin_Deva,spa_Latn,-0.04440813085783207,-0.04416839239622877
2,128,devtest,hin_Deva,rus_Cyrl,0.007177747761623501,-0.008133741597663648
2,128,devtest,hin_Deva,arb_Arab,-0.023132815645950756,0.015070734376741154
2,128,devtest,hin_Deva,zho_Hans,-0.025674568806953815,-0.004682199366773872
2,128,devtest,hin_Deva,jpn_Jpan,0.02726983450373088,-0.03694592444233431
2,128,devtest,hin_Deva,tur_Latn,-0.06443865800834793,-0.030477235344094886
2,128,devtest,hin_Deva,vie_Latn,0.008743938700850816,-0.03191009477696255
2,128,devtest,hin_Deva,ind_Latn,-0.02643144755436849,0.020029765407475093
2,128,devtest,arb_Arab,eng_Latn,-0.0072420591462855335,-0.10933121119464385
2,128,devtest,arb_Arab,deu_Latn,-0.008087356814848595,-0.024395121060376418
2,128,devtest,arb_Arab,fra_Latn,-0.023361646589141884,-0.013180838781827615
2,128,devtest,arb_Arab,spa_Latn,0.05282516725332932,-0.08063070076755134
2,128,devtest,arb_Arab,rus_Cyrl,0.07562544901086068,-0.04986373799757101
2,128,devtest,arb_Arab,hin_Deva,0.0009099689057450018,0.020496887902418222
2,128,devtest,arb_Arab,zho_Hans,-0.06903991217916126,-0.025897656417075268
2,128,devtest,arb_Arab,jpn_Jpan,-0.0004836855279387498,-0.06327385514109925
2,128,devtest,arb_Arab,tur_Latn,0.03436117789463976,-0.10120436045723614
2,128,devtest,arb_Arab,vie_Latn,0.03797124091189177,-0.08155457168312792
2,128,devtest,arb_Arab,ind_Latn,0.026956194615999695,0.02807859921669373
2,128,devtest,zho_Hans,eng_Latn,0.16353504190402493,-0.12082328339322296
2,128,devtest,zho_Hans,deu_Latn,0.1263346069567642,-0.03695630686748785
2,128,devtest,zho_Hans,fra_Latn,0.04976977020525856,-0.053157091139291505
2,128,devtest,zho_Hans,spa_Latn,0.06632199534918774,-0.08206063674582943
2,128,devtest,zho_Hans,rus_Cyrl,0.15049737832036258,-0.07383241828930395
2,128,devtest,zho_Hans,hin_Deva,0.01380869987512602,0.03251789495150296
2,128,devtest,zho_Hans,arb_Arab,0.057227985745531146,0.035829109988594496
2,128,devtest,zho_Hans,jpn_Jpan,0.09011591564357953,-0.09079561130321961
2,128,devtest,zho_Hans,tur_Latn,0.032389881812596145,-0.07990858899104013
2,128,devtest,zho_Hans,vie_Latn,0.01632684961846549,-0.09732586705455118
2,128,devtest,zho_Hans,ind_Latn,0.03122837391593683,0.02044743310929798
2,128,devtest,jpn_Jpan,eng_Latn,-0.0860318481824028,-0.10618124787024827
2,128,devtest,jpn_Jpan,deu_Latn,0.06389509300228353,0.0044367724033690685
2,128,devtest,jpn_Jpan,fra_Latn,0.03719333413185695,-0.04170486696874824
2,128,devtest,jpn_Jpan,spa_Latn,0.10896268443708396,-0.09519692179465904
2,128,devtest,jpn_Jpan,rus_Cyrl,0.11262188623827092,-0.04287984109584154
2,128,devtest,jpn_Jpan,hin_Deva,0.1849678422076609,0.08937421261547739
2,128,devtest,jpn_Jpan,arb_Arab,0.060738431680976264,-0.0011196181590620142
2,128,devtest,jpn_Jpan,zho_Hans,-0.016711863664541856,-0.07547152946473687
2,128,devtest,jpn_Jpan,tur_Latn,0.07960310609877168,-0.09934800311212354
2,128,devtest,jpn_Jpan,vie_Latn,0.03703937665018824,-0.0997750709772562
2,128,devtest,jpn_Jpan,ind_Latn,-0.006121020376390835,0.0013044936917166474
2,128,devtest,tur_Latn,eng_Latn,-0.05130141082184746,-0.13681176367816425
2,128,devtest,tur_Latn,deu_Latn,-0.04339314356175643,-0.028492151036905958
2,128,devtest,tur_Latn,fra_Latn,0.07045968816478097,-0.07217016822777815
2,128,devtest,tur_Latn,spa_Latn,0.02178485876302999,-0.0967403084636294
2,128,devtest,tur_Latn,rus_Cyrl,0.011624041095478306,-0.043694503522939784
2,128,devtest,tur_Latn,hin_Deva,0.07925043821338619,0.08648029185714488
2,128,devtest,tur_Latn,arb_Arab,0.07932847172000039,-0.014865778911036354
2,128,devtest,tur_Latn,zho_Hans,-0.03299415786382338,-0.06610077559591726
2,128,devtest,tur_Latn,jpn_Jpan,-0.03692042308440565,-0.09299111989752563
2,128,devtest,tur_Latn,vie_Latn,0.028133162155703394,-0.06512978210866807
2,128,devtest,tur_Latn,ind_Latn,0.018199985714906285,-0.0576084461632059
2,128,devtest,vie_Latn,eng_Latn,-0.031506605359755274,-0.11867443174059908
2,128,devtest,vie_Latn,deu_Latn,0.115704593326478,-0.011755737973216574
2,128,devtest,vie_Latn,fra_Latn,0.11339627842212546,-0.0410645105411131
2,128,devtest,vie_Latn,spa_Latn,0.15085342264269846,-0.08009868405970463
2,128,devtest,vie_Latn,rus_Cyrl,0.09932451583534586,-0.04784082040502683
2,128,devtest,vie_Latn,hin_Deva,0.10361501510272698,0.04419965975142468
2,128,devtest,vie_Latn,arb_Arab,0.0622424173450716,0.003193090049758073
2,128,devtest,vie_Latn,zho_Hans,-0.10753745356129271,-0.007363701610129824
2,128,devtest,vie_Latn,jpn_Jpan,-0.0027262517534193263,-0.04223436472969143
2,128,devtest,vie_Latn,tur_Latn,0.038850400667828106,-0.06066231289568519
2,128,devtest,vie_Latn,ind_Latn,0.0943185365811064,0.03852849210317164
2,128,devtest,ind_Latn,eng_Latn,0.01634363548772542,-0.03128478494218006
2,128,devtest,ind_Latn,deu_Latn,-0.03404080060850887,0.03326418477494279
2,128,devtest,ind_Latn,fra_Latn,0.07392211307922213,0.010202411293126446
2,128,devtest,ind_Latn,spa_Latn,0.0571239836801462,-0.05866816080811544
2,128,devtest,ind_Latn,rus_Cyrl,0.003890879532638774,0.005319469326328534
2,128,devtest,ind_Latn,hin_Deva,0.03664764370923886,0.06209944734633075
2,128,devtest,ind_Latn,arb_Arab,0.03623786901171184,0.0754420086336702
2,128,devtest,ind_Latn,zho_Hans,-0.08861863746266495,0.03889876755748882
2,128,devtest,ind_Latn,jpn_Jpan,-0.052466409013775125,-0.015702695677070114
2,128,devtest,ind_Latn,tur_Latn,0.050214609067506064,-0.06717315615170931
2,128,devtest,ind_Latn,vie_Latn,0.05416569918597408,-0.0001613742766089013
2,256,devtest,eng_Latn,deu_Latn,0.2054822624963973,-0.021386867191031902
2,256,devtest,eng_Latn,fra_Latn,0.17047481203191203,-0.0438737548022708
2,256,devtest,eng_Latn,spa_Latn,0.20887847330885842,-0.11599057570499365
2,256,devtest,eng_Latn,rus_Cyrl,0.17002857073640848,-0.08371096938030978
2,256,devtest,eng_Latn,hin_Deva,0.00889544317864627,0.03636939921747641
2,256,devtest,eng_Latn,arb_Arab,0.13012683315402393,0.001223153455653802
2,256,devtest,eng_Latn,zho_Hans,0.031575347117345644,-0.035628004207400615
2,256,devtest,eng_Latn,jpn_Jpan,0.12210525296407646,-0.04490931905168277
2,256,devtest,eng_Latn,tur_Latn,0.08089951227751878,-0.11258472464902226
2,256,devtest,eng_Latn,vie_Latn,0.15056212769383534,-0.12927164311533595
2,256,devtest,eng_Latn,ind_Latn,0.19906489112252201,-0.011473286175605354
2,256,devtest,deu_Latn,eng_Latn,-0.04872251649784257,-0.11890866778214358
2,256,devtest,deu_Latn,fra_Latn,0.04768444602870342,-0.0543746855094961
2,256,devtest,deu_Latn,spa_Latn,0.03712148079631278,-0.1044676716295989
2,256,devtest,deu_Latn,rus_Cyrl,0.04696072388688049,-0.04284264144421679
2,256,devtest,deu_Latn,hin_Deva,0.04298398721087773,0.007596075818783935
2,256,devtest,deu_Latn,arb_Arab,0.042514991170948147,-0.0032910911646899196
2,256,devtest,deu_Latn,zho_Hans,-0.09578384358308108,-0.015391119405407333
2,256,devtest,deu_Latn,jpn_Jpan,-0.0011247552916250497,-0.06368400137307248
2,256,devtest,deu_Latn,tur_Latn,0.07221330930449354,-0.11987312456103227
2,256,devtest,deu_Latn,vie_Latn,0.040067189574472445,-0.08549003182129271
2,256,devtest,deu_Latn,ind_Latn,0.07640119446076417,0.00908974097772265
2,256,devtest,fra_Latn,eng_Latn,0.03682002039417457,-0.06497515894305124
2,256,devtest,fra_Latn,deu_Latn,0.04816419015786182,0.012957443089408213
2,256,devtest,fra_Latn,spa_Latn,0.12154542994411854,-0.11432722192056266
2,256,devtest,fra_Latn,rus_Cyrl,0.03715211399693473,-0.0544636516029481
2,256,devtest,fra_Latn,hin_Deva,0.026101978504928635,0.039914521311226206
2,256,devtest,fra_Latn,arb_Arab,0.03400077078302035,0.03658018468177032
2,256,devtest,fra_Latn,zho_Hans,-0.10651359818809662,-0.017376630515544826
2,256,devtest,fra_Latn,jpn_Jpan,-0.041907886468629495,-0.040843315854513666
2,256,devtest,fra_Latn,tur_Latn,0.0788138981159571,-0.08569597299998231
2,256,devtest,fra_Latn,vie_Latn,0.07510462275632175,-0.06341117573287916
2,256,devtest,fra_Latn,ind_Latn,0.10933776883946107,0.040488574745183976
2,256,devtest,spa_Latn,eng_Latn,-0.039848632637094865,-0.130991255894713
2,256,devtest,spa_Latn,deu_Latn,0.11137502652262597,-0.029772715337206577
2,256,devtest,spa_Latn,fra_Latn,0.0929539675034027,-0.10625369684406966
2,256,devtest,spa_Latn,rus_Cyrl,0.08100404969466293,-0.10894206120964747
2,256,devtest,spa_Latn,hin_Deva,0.03059954644023887,0.01209459687330087
2,256,devtest,spa_Latn,arb_Arab,0.05419291459975703,-0.02086907126283971
2,256,devtest,spa_Latn,zho_Hans,-0.12331937326025676,-0.038781769856206266
2,256,devtest,spa_Latn,jpn_Jpan,-0.014155342555915836,-0.057149816506884714
2,256,devtest,spa_Latn,tur_Latn,0.030053234199736555,-0.10136885564732476
2,256,devtest,spa_Latn,vie_Latn,0.15524949921591874,-0.0925432598566322
2,256,devtest,spa_Latn,ind_Latn,0.09571627157112783,-0.03012425022214273
2,256,devtest,rus_Cyrl,eng_Latn,-0.03953252947352247,-0.13287294054034277
2,256,devtest,rus_Cyrl,deu_Latn,0.03124459448126098,-0.007203348645312618
2,256,devtest,rus_Cyrl,fra_Latn,-0.0013877661624932612,-0.07194499920528447
2,256,devtest,rus_Cyrl,spa_Latn,0.003733958869922991,-0.13012914224638525
2,256,devtest,rus_Cyrl,hin_Deva,0.051976148950252085,0.011449599739732731
2,256,devtest,rus_Cyrl,arb_Arab,0.06489686947176151,0.012579004531551467
2,256,devtest,rus_Cyrl,zho_Hans,-0.07630828384757193,-0.044698563309045196
2,256,devtest,rus_Cyrl,jpn_Jpan,-0.03082368303029539,-0.03593636108997335
2,256,devtest,rus_Cyrl,tur_Latn,0.04017344174938656,-0.0897389402923709
2,256,devtest,rus_Cyrl,vie_Latn,-0.00995354961832176,-0.1311923271984667
2,256,devtest,rus_Cyrl,ind_Latn,-0.004773891386220398,0.007155391548408082
2,256,devtest,hin_Deva,eng_Latn,-0.06188123108898493,-0.059514604422340155
2,256,devtest,hin_Deva,deu_Latn,-0.07940186693773214,0.03227401749213182
2,256,devtest,hin_Deva,fra_Latn,0.001961393947684385,-0.021974133597848996
2,256,devtest,hin_Deva,spa_Latn,-0.04691073774501668,-0.042930561406798275
2,256,devtest,hin_Deva,rus_Cyrl,0.000634410522983852,-0.00797441062053166
2,256,devtest,hin_Deva,arb_Arab,-0.02467368883908138,0.013988634487694235
2,256,devtest,hin_Deva,zho_Hans,-0.030352686889424125,-0.002961508915940453
2,256,devtest,hin_Deva,jpn_Jpan,0.020105182243358943,-0.035132102491913036
2,256,devtest,hin_Deva,tur_Latn,-0.06745172899086099,-0.028794726418509498
2,256,devtest,hin_Deva,vie_Latn,0.0033616283314243916,-0.02911675594643007
2,256,devtest,hin_Deva,ind_Latn,-0.028643861026666537,0.01689662673705324
2,256,devtest,arb_Arab,eng_Latn,-0.012301767712489144,-0.1091015156632628
2,256,devtest,arb_Arab,deu_Latn,-0.011752300414545796,-0.021666306746244823
2,256,devtest,arb_Arab,fra_Latn,-0.023201260487935353,-0.016740939992862275
2,256,devtest,arb_Arab,spa_Latn,0.050170229101190796,-0.08282459390109247
2,256,devtest,arb_Arab,rus_Cyrl,0.07139556818837015,-0.05191914307928351
2,256,devtest,arb_Arab,hin_Deva,0.012320530674191936,0.022070117197654532
2,256,devtest,arb_Arab,zho_Hans,-0.07175732369312787,-0.029508374054727945
2,256,devtest,arb_Arab,jpn_Jpan,-0.0038481556283226585,-0.06441251513424001
2,256,devtest,arb_Arab,tur_Latn,0.028318689645296317,-0.09799945643865098
2,256,devtest,arb_Arab,vie_Latn,0.03225728328284307,-0.08324170074077175
2,256,devtest,arb_Arab,ind_Latn,0.024148981765026976,0.0244553836446459
2,256,devtest,zho_Hans,eng_Latn,0.16167230615379133,-0.12640442392783463
2,256,devtest,zho_Hans,deu_Latn,0.13292206036518772,-0.03579436556964563
2,256,devtest,zho_Hans,fra_Latn,0.06206791467937043,-0.0572169377485191
2,256,devtest,zho_Hans,spa_Latn,0.07816035205836541,-0.08663322644946726
2,256,devtest,zho_Hans,rus_Cyrl,0.16218965306870134,-0.07806051093841337
2,256,devtest,zho_Hans,hin_Deva,0.01980629309791029,0.03022104549761174
2,256,devtest,zho_Hans,arb_Arab,0.06752664330839506,0.03379907714107449
2,256,devtest,zho_Hans,jpn_Jpan,0.09664432246656171,-0.09512824971490068
2,256,devtest,zho_Hans,tur_Latn,0.04112733164348348,-0.08069740277056307
2,256,devtest,zho_Hans,vie_Latn,0.026068407264179635,-0.0993077981730248
2,256,devtest,zho_Hans,ind_Latn,0.03895199549194424,0.01623879867829637
2,256,devtest,jpn_Jpan,eng_Latn,-0.09461800227362184,-0.11329711942978667
2,256,devtest,jpn_Jpan,deu_Latn,0.06565729704909336,0.003145699285077746
2,256,devtest,jpn_Jpan,fra_Latn,0.04455639720995895,-0.04123041203052779
2,256,devtest,jpn_Jpan,spa_Latn,0.11243461272070773,-0.10320177156125157
2,256,devtest,jpn_Jpan,rus_Cyrl,0.1188082164281221,-0.04748090875321313
2,256,devtest,jpn_Jpan,hin_Deva,0.18863259089731613,0.09428939574889093
2,256,devtest,jpn_Jpan,arb_Arab,0.07084943633630125,-0.0009350820023498289
2,256,devtest,jpn_Jpan,zho_Hans,-0.02241252096478543,-0.08140333280437625
2,256,devtest,jpn_Jpan,tur_Latn,0.0839147986203262,-0.10116667135923889
2,256,devtest,jpn_Jpan,vie_Latn,0.040442116479981874,-0.10098377214415367
2,256,devtest,jpn_Jpan,ind_Latn,0.0008523256328611848,-0.004587483701975703
2,256,devtest,tur_Latn,eng_Latn,-0.06159006925373705,-0.13771512583703516
2,256,devtest,tur_Latn,deu_Latn,-0.05074957527952731,-0.025633767671378344
2,256,devtest,tur_Latn,fra_Latn,0.07224160634761558,-0.07036556390210862
2,256,devtest,tur_Latn,spa_Latn,0.018392455645920132,-0.09795190919408656
2,256,devtest,tur_Latn,rus_Cyrl,0.013736032608555366,-0.043822665278945815
2,256,devtest,tur_Latn,hin_Deva,0.09154034232176973,0.07962785783814628
2,256,devtest,tur_Latn,arb_Arab,0.08220385381602566,-0.010870242241011638
2,256,devtest,tur_Latn,zho_Hans,-0.03723951901520658,-0.06721706717260834
2,256,devtest,tur_Latn,jpn_Jpan,-0.04956440993717853,-0.09390933809872402
2,256,devtest,tur_Latn,vie_Latn,0.025305169891090103,-0.06728085913826018
2,256,devtest,tur_Latn,ind_Latn,0.011360817313525973,-0.05867721665628018
2,256,devtest,vie_Latn,eng_Latn,-0.04146378381935519,-0.12012046292246152
2,256,devtest,vie_Latn,deu_Latn,0.11908863932159884,-0.011500561320873437
2,256,devtest,vie_Latn,fra_Latn,0.10489727697005893,-0.047518818790285876
2,256,devtest,vie_Latn,spa_Latn,0.15300498587357417,-0.08154331156679143
2,256,devtest,vie_Latn,rus_Cyrl,0.10416068049800027,-0.05074202091663922
2,256,devtest,vie_Latn,hin_Deva,0.10636436225863083,0.044126220177813265
2,256,devtest,vie_Latn,arb_Arab,0.06497331649457715,0.005879804587710652
2,256,devtest,vie_Latn,zho_Hans,-0.11004261907331339,-0.006865294940869637
2,256,devtest,vie_Latn,jpn_Jpan,-0.005520054464883989,-0.045566505529574156
2,256,devtest,vie_Latn,tur_Latn,0.04808880245777813,-0.06086943447679983
2,256,devtest,vie_Latn,ind_Latn,0.09353322705497295,0.030861144172554793
2,256,devtest,ind_Latn,eng_Latn,0.0006360227871356518,-0.03363295209272663
2,256,devtest,ind_Latn,deu_Latn,-0.03441261371241016,0.03720397511387478
2,256,devtest,ind_Latn,fra_Latn,0.07025657868423192,0.0030502935346314033
2,256,devtest,ind_Latn,spa_Latn,0.05852539862838711,-0.05918134102605802
2,256,devtest,ind_Latn,rus_Cyrl,0.0042506842839919795,0.005486252925151879
2,256,devtest,ind_Latn,hin_Deva,0.044470138916806894,0.05950290010957703
2,256,devtest,ind_Latn,arb_Arab,0.03739288991711068,0.0776196062410239
2,256,devtest,ind_Latn,zho_Hans,-0.09095345400794744,0.037032103880306165
2,256,devtest,ind_Latn,jpn_Jpan,-0.05595029148546248,-0.018301939189839286
2,256,devtest,ind_Latn,tur_Latn,0.048349115511071364,-0.06905945603215947
2,256,devtest,ind_Latn,vie_Latn,0.04558845817386118,-0.0019673905592257953
3,64,devtest,eng_Latn,deu_Latn,0.26608081582713405,-0.05314167044067074
3,64,devtest,eng_Latn,fra_Latn,0.18802917136328012,-0.0672140359886151
3,64,devtest,eng_Latn,spa_Latn,0.21243304484138317,-0.12157960194456664
3,64,devtest,eng_Latn,rus_Cyrl,0.20793071519059325,-0.08710381493104946
3,64,devtest,eng_Latn,hin_Deva,0.04243218322040271,0.03133294144885746
3,64,devtest,eng_Latn,arb_Arab,0.14651751517757053,-0.01798960719048338
3,64,devtest,eng_Latn,zho_Hans,0.029986023785968704,-0.03316360779941963
3,64,devtest,eng_Latn,jpn_Jpan,0.1411178788841578,-0.05010153626454427
3,64,devtest,eng_Latn,tur_Latn,0.16965975041896936,-0.12092884792564662
3,64,devtest,eng_Latn,vie_Latn,0.18089629704324064,-0.15419626620440036
3,64,devtest,eng_Latn,ind_Latn,0.2427168019713042,-0.019378849024089012
3,64,devtest,deu_Latn,eng_Latn,-0.001060037678191645,-0.15808882135312893
3,64,devtest,deu_Latn,fra_Latn,0.09590977022535267,-0.11015785507377167
3,64,devtest,deu_Latn,spa_Latn,0.09398475640314741,-0.17692997301039723
3,64,devtest,deu_Latn,rus_Cyrl,0.06867335817626216,-0.0667987977688922
3,64,devtest,deu_Latn,hin_Deva,0.0483956483567967,-0.047114322971074866
3,64,devtest,deu_Latn,arb_Arab,0.055691460908191104,-0.05119068721731886
3,64,devtest,deu_Latn,zho_Hans,-0.045881400985690615,-0.072115278850578
3,64,devtest,deu_Latn,jpn_Jpan,0.018067169621915843,-0.10747931428324987
3,64,devtest,deu_Latn,tur_Latn,0.13519797192720087,-0.15333225497487077
3,64,devtest,deu_Latn,vie_Latn,0.059936685070243675,-0.15701104815284028
3,64,devtest,deu_Latn,ind_Latn,0.08163126817693832,-0.03640455037675906
3,64,devtest,fra_Latn,eng_Latn,0.06691701718327206,-0.05727524311909841
3,64,devtest,fra_Latn,deu_Latn,0.07542666519297396,-0.03896423198147745
3,64,devtest,fra_Latn,spa_Latn,0.14623782840952032,-0.14057740005135397
3,64,devtest,fra_Latn,rus_Cyrl,0.07371535713738198,-0.09965874730311347
3,64,devtest,fra_Latn,hin_Deva,0.023905992099172206,0.02912798743530078
3,64,devtest,fra_Latn,arb_Arab,0.037721164414823274,-0.007584262645465021
3,64,devtest,fra_Latn,zho_Hans,-0.030445973792522816,-0.02680906465374292
3,64,devtest,fra_Latn,jpn_Jpan,-0.024391321748003177,-0.07462076160657205
3,64,devtest,fra_Latn,tur_Latn,0.09713140121932103,-0.10370654399396811
3,64,devtest,fra_Latn,vie_Latn,0.10268974359903645,-0.10640423751806678
3,64,devtest,fra_Latn,ind_Latn,0.10797615692087584,0.01570474799784654
3,64,devtest,spa_Latn,eng_Latn,0.0037508702439849858,-0.12414120953965027
3,64,devtest,spa_Latn,deu_Latn,0.12815368657115697,-0.10961786886204569
3,64,devtest,spa_Latn,fra_Latn,0.13434635089904318,-0.14526263195412323
3,64,devtest,spa_Latn,rus_Cyrl,0.09853053229412269,-0.14614087115084998
3,64,devtest,spa_Latn,hin_Deva,0.058546581524238056,0.0006585254379827489
3,64,devtest,spa_Latn,arb_Arab,0.07658786451983242,-0.05687535613653297
3,64,devtest,spa_Latn,zho_Hans,-0.07785083115804721,-0.062413025210118205
3,64,devtest,spa_Latn,jpn_Jpan,0.0217730750347539,-0.10122078949820822
3,64,devtest,spa_Latn,tur_Latn,0.04900968547557925,-0.13378363460352274
3,64,devtest,spa_Latn,vie_Latn,0.16791325483420483,-0.16724268307848603
3,64,devtest,spa_Latn,ind_Latn,0.09209562249383318,-0.07581865307083245
3,64,devtest,rus_Cyrl,eng_Latn,0.019068875968183182,-0.1392340924463737
3,64,devtest,rus_Cyrl,deu_Latn,0.03659211644041288,-0.045058485920098014
3,64,devtest,rus_Cyrl,fra_Latn,0.021475564420598427,-0.13036067879663266
3,64,devtest,rus_Cyrl,spa_Latn,0.04211455709366911,-0.17582920109233968
3,64,devtest,rus_Cyrl,hin_Deva,0.05335464456854981,0.0018764027435513254
3,64,devtest,rus_Cyrl,arb_Arab,0.10495982672522694,-0.027793844459025656
3,64,devtest,rus_Cyrl,zho_Hans,-0.034786449704046825,-0.03716087284891483
3,64,devtest,rus_Cyrl,jpn_Jpan,-0.03402951974038277,-0.07746427313396183
3,64,devtest,rus_Cyrl,tur_Latn,0.017990739911197408,-0.13791928474945378
3,64,devtest,rus_Cyrl,vie_Latn,0.015214691131950673,-0.1929029417853755
3,64,devtest,rus_Cyrl,ind_Latn,0.004187017358307674,-0.031493332297979966
3,64,devtest,hin_Deva,eng_Latn,-0.04571492341556073,-0.09230581368885138
3,64,devtest,hin_Deva,deu_Latn,-0.06673473957504632,-0.027504405184159315
3,64,devtest,hin_Deva,fra_Latn,-0.0019467185317178321,-0.06865277241149362
3,64,devtest,hin_Deva,spa_Latn,-0.042475489777257056,-0.08650844029335568
3,64,devtest,hin_Deva,rus_Cyrl,0.012630944644449357,-0.03686147802203465
3,64,devtest,hin_Deva,arb_Arab,-0.020043798122656855,-0.022049536481688205
3,64,devtest,hin_Deva,zho_Hans,0.005095282557363256,-0.028282331413258525
3,64,devtest,hin_Deva,jpn_Jpan,0.03992169014586215,-0.05945160679510006
3,64,devtest,hin_Deva,tur_Latn,-0.07754354732619329,-0.05917158250712754
3,64,devtest,hin_Deva,vie_Latn,0.003873253713814509,-0.08658198894161598
3,64,devtest,hin_Deva,ind_Latn,-0.0520301016094789,-0.027001054236236388
3,64,devtest,arb_Arab,eng_Latn,0.0006663739252958079,-0.13937805923368513
3,64,devtest,arb_Arab,deu_Latn,0.0032820344646438938,-0.0729643661471557
3,64,devtest,arb_Arab,fra_Latn,0.003578441916064652,-0.07909235645345832
3,64,devtest,arb_Arab,spa_Latn,0.0674757577078463,-0.1282159886141246
3,64,devtest,arb_Arab,rus_Cyrl,0.09454509298479531,-0.08435287531000116
3,64,devtest,arb_Arab,hin_Deva,0.003388014088152847,0.013143267829953929
3,64,devtest,arb_Arab,zho_Hans,-0.03880372448665107,-0.042977080110312926
3,64,devtest,arb_Arab,jpn_Jpan,-0.011953490750709127,-0.09287642703334821
3,64,devtest,arb_Arab,tur_Latn,0.049453057792232,-0.13387509543603704
3,64,devtest,arb_Arab,vie_Latn,0.03966336867368082,-0.16054962048213234
3,64,devtest,arb_Arab,ind_Latn,0.05271561800203199,-0.01623160558850611
3,64,devtest,zho_Hans,eng_Latn,0.16165482916221868,-0.12717146677423896
3,64,devtest,zho_Hans,deu_Latn,0.1634266599013442,-0.08079280203843218
3,64,devtest,zho_Hans,fra_Latn,0.12742308139504863,-0.10477941863309363
3,64,devtest,zho_Hans,spa_Latn,0.12462508658485355,-0.12313295113710811
3,64,devtest,zho_Hans,rus_Cyrl,0.16259494546038422,-0.0716265253757522
3,64,devtest,zho_Hans,hin_Deva,0.06834288767592857,0.011232622755188876
3,64,devtest,zho_Hans,arb_Arab,0.10896379372613578,-0.016863995771430135
3,64,devtest,zho_Hans,jpn_Jpan,0.10709821526375407,-0.13083325165409393
3,64,devtest,zho_Hans,tur_Latn,0.12296695750962161,-0.14323423892416903
3,64,devtest,zho_Hans,vie_Latn,0.10991169513028753,-0.16188908893211112
3,64,devtest,zho_Hans,ind_Latn,0.143392404059683,-0.0380480492358781
3,64,devtest,jpn_Jpan,eng_Latn,-0.08792600013014706,-0.13145254240306511
3,64,devtest,jpn_Jpan,deu_Latn,0.07919183097005365,-0.07414762275190288
3,64,devtest,jpn_Jpan,fra_Latn,0.052897809288708734,-0.12369299033009808
3,64,devtest,jpn_Jpan,spa_Latn,0.13424529030574886,-0.17979075724596114
3,64,devtest,jpn_Jpan,rus_Cyrl,0.09976274499347462,-0.10120303986440474
3,64,devtest,jpn_Jpan,hin_Deva,0.20394311029933268,0.04298972050813929
3,64,devtest,jpn_Jpan,arb_Arab,0.0846476247793982,-0.06491593398454416
3,64,devtest,jpn_Jpan,zho_Hans,0.00952428441111021,-0.12983769023539246
3,64,devtest,jpn_Jpan,tur_Latn,0.08356815978129815,-0.16045501073791543
3,64,devtest,jpn_Jpan,vie_Latn,0.04779867462039516,-0.1856866690001756
3,64,devtest,jpn_Jpan,ind_Latn,0.016775252874571354,-0.059253867401694395
3,64,devtest,tur_Latn,eng_Latn,0.004990956905222386,-0.20710757684042805
3,64,devtest,tur_Latn,deu_Latn,0.03299661410109987,-0.10508909392661946
3,64,devtest,tur_Latn,fra_Latn,0.08426410286954908,-0.13914183496054064
3,64,devtest,tur_Latn,spa_Latn,0.08729186943284509,-0.16141177058179199
3,64,devtest,tur_Latn,rus_Cyrl,0.011663374190345263,-0.10167230677861396
3,64,devtest,tur_Latn,hin_Deva,0.09249189848518963,0.014738712885745974
3,64,devtest,tur_Latn,arb_Arab,0.10037600813296609,-0.07521198565761822
3,64,devtest,tur_Latn,zho_Hans,0.0473398957177096,-0.1413838984716609
3,64,devtest,tur_Latn,jpn_Jpan,-0.045124357532884164,-0.1635058128419847
3,64,devtest,tur_Latn,vie_Latn,0.060938667915824064,-0.13159933255297052
3,64,devtest,tur_Latn,ind_Latn,0.05808161812217009,-0.1070210341516242
3,64,devtest,vie_Latn,eng_Latn,-0.019372282272042005,-0.12899019874529702
3,64,devtest,vie_Latn,deu_Latn,0.08867697945456246,-0.05252085517291468
3,64,devtest,vie_Latn,fra_Latn,0.1372866202471026,-0.07708065718942526
3,64,devtest,vie_Latn,spa_Latn,0.1707600618533927,-0.12267417601777267
3,64,devtest,vie_Latn,rus_Cyrl,0.12047748401404927,-0.08648686371395756
3,64,devtest,vie_Latn,hin_Deva,0.11690923944130092,0.040960227757118245
3,64,devtest,vie_Latn,arb_Arab,0.07670605188551365,-0.03843813527823452
3,64,devtest,vie_Latn,zho_Hans,-0.0595306450697987,-0.015967794969613612
3,64,devtest,vie_Latn,jpn_Jpan,-0.01096006912141804,-0.0582986267809678
3,64,devtest,vie_Latn,tur_Latn,0.06212528631642994,-0.06908529772128132
3,64,devtest,vie_Latn,ind_Latn,0.10353905098370215,0.027079811331190078
3,64,devtest,ind_Latn,eng_Latn,0.012394211981235408,-0.031416414632859636
3,64,devtest,ind_Latn,deu_Latn,-0.015232160050747593,-0.0038737032792560207
3,64,devtest,ind_Latn,fra_Latn,0.07780118336246453,-0.029785264174580755
3,64,devtest,ind_Latn,spa_Latn,0.08191641676850821,-0.0913014876540011
3,64,devtest,ind_Latn,rus_Cyrl,0.01285255826620474,-0.012709844653861928
3,64,devtest,ind_Latn,hin_Deva,0.03431967285905287,0.05840684981427827
3,64,devtest,ind_Latn,arb_Arab,0.06304008361358023,0.04680528441985021
3,64,devtest,ind_Latn,zho_Hans,-0.03855388224688348,0.03199049083026785
3,64,devtest,ind_Latn,jpn_Jpan,-0.06015359074913618,-0.036371513587039286
3,64,devtest,ind_Latn,tur_Latn,0.06933048706292402,-0.08990097564928652
3,64,devtest,ind_Latn,vie_Latn,0.073543858467447,-0.0332223046408324
3,128,devtest,eng_Latn,deu_Latn,0.2825604380807124,-0.04299200068665172
3,128,devtest,eng_Latn,fra_Latn,0.20453233151743175,-0.07037138186071885
3,128,devtest,eng_Latn,spa_Latn,0.22780041975685014,-0.12532363916635594
3,128,devtest,eng_Latn,rus_Cyrl,0.2167316275433459,-0.0756870008434394
3,128,devtest,eng_Latn,hin_Deva,0.051056937579092396,0.029719903603425312
3,128,devtest,eng_Latn,arb_Arab,0.16099704840812196,-0.016698366636575323
3,128,devtest,eng_Latn,zho_Hans,0.03198819326817229,-0.03538395933185262
3,128,devtest,eng_Latn,jpn_Jpan,0.1530222285513189,-0.048161004557287564
3,128,devtest,eng_Latn,tur_Latn,0.18590439720658453,-0.11031996405585147
3,128,devtest,eng_Latn,vie_Latn,0.1990452206849826,-0.14845766702892785
3,128,devtest,eng_Latn,ind_Latn,0.26705006630125977,-0.029043021594374156
3,128,devtest,deu_Latn,eng_Latn,-0.0005296743759147036,-0.16959682092984021
3,128,devtest,deu_Latn,fra_Latn,0.09720892934778654,-0.13260273934914832
3,128,devtest,deu_Latn,spa_Latn,0.08288226650516406,-0.1769947634125766
3,128,devtest,deu_Latn,rus_Cyrl,0.07202985922545148,-0.07352103273119882
3,128,devtest,deu_Latn,hin_Deva,0.06076651668634334,-0.05953814653163593
3,128,devtest,deu_Latn,arb_Arab,0.05638185759427758,-0.0510314757944363
3,128,devtest,deu_Latn,zho_Hans,-0.05800761176730732,-0.06604965718165262
3,128,devtest,deu_Latn,jpn_Jpan,0.004415112202004612,-0.11085219713938287
3,128,devtest,deu_Latn,tur_Latn,0.13309429721955549,-0.16315234572304593
3,128,devtest,deu_Latn,vie_Latn,0.0527895612626774,-0.16458006530339828
3,128,devtest,deu_Latn,ind_Latn,0.08730120955706722,-0.04803279865908082
3,128,devtest,fra_Latn,eng_Latn,0.07726905040768546,-0.06396028557011818
3,128,devtest,fra_Latn,deu_Latn,0.07118985279923758,-0.04855490595565367
3,128,devtest,fra_Latn,spa_Latn,0.14209708576659863,-0.15286101867875576
3,128,devtest,fra_Latn,rus_Cyrl,0.0734648538590685,-0.10104349883819069
3,128,devtest,fra_Latn,hin_Deva,0.04634051771332859,0.021552634748855104
3,128,devtest,fra_Latn,arb_Arab,0.04747005948056596,-0.002727183887111691
3,128,devtest,fra_Latn,zho_Hans,-0.053237248658473034,-0.03088451445598936
3,128,devtest,fra_Latn,jpn_Jpan,-0.024976268870078002,-0.08573438365822897
3,128,devtest,fra_Latn,tur_Latn,0.09826513755849614,-0.10079129368597631
3,128,devtest,fra_Latn,vie_Latn,0.09950450402610696,-0.11847179196948102
3,128,devtest,fra_Latn,ind_Latn,0.10657531077200243,0.005786527772862007
3,128,devtest,spa_Latn,eng_Latn,-0.012832240189569615,-0.13686970750218241
3,128,devtest,spa_Latn,deu_Latn,0.12145800611215621,-0.0968659876008672
3,128,devtest,spa_Latn,fra_Latn,0.1296851644582208,-0.1572009722632006
3,128,devtest,spa_Latn,rus_Cyrl,0.09495117593315161,-0.14687013834139664
3,128,devtest,spa_Latn,hin_Deva,0.06632389330106889,-0.00934009640898546
3,128,devtest,spa_Latn,arb_Arab,0.07915096138333073,-0.05087955207639629
3,128,devtest,spa_Latn,zho_Hans,-0.08927382836034878,-0.07339089499485663
3,128,devtest,spa_Latn,jpn_Jpan,0.014117375269575032,-0.11216608868225231
3,128,devtest,spa_Latn,tur_Latn,0.04913945443281258,-0.13544426861134262
3,128,devtest,spa_Latn,vie_Latn,0.15375573314432048,-0.16818838955550228
3,128,devtest,spa_Latn,ind_Latn,0.08654100040762262,-0.08114139471920231
3,128,devtest,rus_Cyrl,eng_Latn,0.001830075632476045,-0.14282078775698362
3,128,devtest,rus_Cyrl,deu_Latn,0.021888566415564095,-0.045757373400521786
3,128,devtest,rus_Cyrl,fra_Latn,0.01505094557215067,-0.13849821880521646
3,128,devtest,rus_Cyrl,spa_Latn,0.026749099738323855,-0.1808269708191791
3,128,devtest,rus_Cyrl,hin_Deva,0.05971831714223931,-0.0002161319327074663
3,128,devtest,rus_Cyrl,arb_Arab,0.09492871703286869,-0.036727078974264867
3,128,devtest,rus_Cyrl,zho_Hans,-0.04250712300653747,-0.05299591028344069
3,128,devtest,rus_Cyrl,jpn_Jpan,-0.0426683484458761,-0.08403492518099184
3,128,devtest,rus_Cyrl,tur_Latn,0.009316009361855924,-0.13297669423693134
3,128,devtest,rus_Cyrl,vie_Latn,-0.008090920350249099,-0.1980678781104835
3,128,devtest,rus_Cyrl,ind_Latn,0.004948600596196353,-0.044824823240982165
3,128,devtest,hin_Deva,eng_Latn,-0.04890909548854681,-0.09817989027504782
3,128,devtest,hin_Deva,deu_Latn,-0.07642922087716439,-0.028440940276515732
3,128,devtest,hin_Deva,fra_Latn,-0.0016540843693141688,-0.07010743067420262
3,128,devtest,hin_Deva,spa_Latn,-0.04653946164576939,-0.08621870067911251
3,128,devtest,hin_Deva,rus_Cyrl,0.005351273920543342,-0.035334993244139475
3,128,devtest,hin_Deva,arb_Arab,-0.028254966970783852,-0.023932049650281756
3,128,devtest,hin_Deva,zho_Hans,0.002455093403607024,-0.027038270961035952
3,128,devtest,hin_Deva,jpn_Jpan,0.032661830060167575,-0.05810746613323954
3,128,devtest,hin_Deva,tur_Latn,-0.08565798427996037,-0.059948240872532234
3,128,devtest,hin_Deva,vie_Latn,-0.0026869464918067142,-0.08233370906754661
3,128,devtest,hin_Deva,ind_Latn,-0.052807637597994006,-0.027592156986789334
3,128,devtest,arb_Arab,eng_Latn,0.005634057054801919,-0.14701177510211577
3,128,devtest,arb_Arab,deu_Latn,-0.0018951619750055804,-0.0789013832644714
3,128,devtest,arb_Arab,fra_Latn,0.0025322558025776087,-0.08003504337173699
3,128,devtest,arb_Arab,spa_Latn,0.060583758586715095,-0.13390191762263945
3,128,devtest,arb_Arab,rus_Cyrl,0.093859023185605,-0.09572670651738366
3,128,devtest,arb_Arab,hin_Deva,0.01830284130044757,0.010384288255048729
3,128,devtest,arb_Arab,zho_Hans,-0.04471323655314584,-0.04541566119353795
3,128,devtest,arb_Arab,jpn_Jpan,-0.014275777605473187,-0.10115088842476429
3,128,devtest,arb_Arab,tur_Latn,0.047834124749824784,-0.1356341797034696
3,128,devtest,arb_Arab,vie_Latn,0.033197338823091525,-0.16490716636251512
3,128,devtest,arb_Arab,ind_Latn,0.04826979031145036,-0.03449336610369733
3,128,devtest,zho_Hans,eng_Latn,0.16678920793294796,-0.1353733061537914
3,128,devtest,zho_Hans,deu_Latn,0.18031914506986202,-0.06962062981388019
3,128,devtest,zho_Hans,fra_Latn,0.13017016363824085,-0.10852366388623577
3,128,devtest,zho_Hans,spa_Latn,0.14202219898984214,-0.13248520707196426
3,128,devtest,zho_Hans,rus_Cyrl,0.18005249536224535,-0.08155038025987311
3,128,devtest,zho_Hans,hin_Deva,0.07709481426495123,0.015281187318756655
3,128,devtest,zho_Hans,arb_Arab,0.11395382952398331,-0.01045398887821638
3,128,devtest,zho_Hans,jpn_Jpan,0.11096902179716374,-0.12211839679729009
3,128,devtest,zho_Hans,tur_Latn,0.12897378311875554,-0.13137677749932739
3,128,devtest,zho_Hans,vie_Latn,0.11898187317517428,-0.16000232538530998
3,128,devtest,zho_Hans,ind_Latn,0.15314564016598978,-0.053322465806358466
3,128,devtest,jpn_Jpan,eng_Latn,-0.10316403707112372,-0.14995672094190074
3,128,devtest,jpn_Jpan,deu_Latn,0.08933455646715503,-0.07766770597230908
3,128,devtest,jpn_Jpan,fra_Latn,0.06309031589754523,-0.14659090934437394
3,128,devtest,jpn_Jpan,spa_Latn,0.1382953252343194,-0.19352505518596372
3,128,devtest,jpn_Jpan,rus_Cyrl,0.10882404377157155,-0.11008338766140355
3,128,devtest,jpn_Jpan,hin_Deva,0.22202649538085864,0.04139466247405148
3,128,devtest,jpn_Jpan,arb_Arab,0.09788427021679327,-0.07266896523170076
3,128,devtest,jpn_Jpan,zho_Hans,0.0066156797261127265,-0.1341139707611081
3,128,devtest,jpn_Jpan,tur_Latn,0.10233441863637757,-0.17200989280530896
3,128,devtest,jpn_Jpan,vie_Latn,0.06393009468400597,-0.19304491887444886
3,128,devtest,jpn_Jpan,ind_Latn,0.025776134609958198,-0.0747313773653048
3,128,devtest,tur_Latn,eng_Latn,0.003325531172111537,-0.21276409389369105
3,128,devtest,tur_Latn,deu_Latn,0.022374970701271445,-0.106313806043949
3,128,devtest,tur_Latn,fra_Latn,0.08803339464140193,-0.14143513671849056
3,128,devtest,tur_Latn,spa_Latn,0.07084879652048448,-0.16394347437836118
3,128,devtest,tur_Latn,rus_Cyrl,0.010130720838916947,-0.1016848815328284
3,128,devtest,tur_Latn,hin_Deva,0.11033491011878255,0.0062446444862275415
3,128,devtest,tur_Latn,arb_Arab,0.10336897607489949,-0.07635930413920607
3,128,devtest,tur_Latn,zho_Hans,0.03318069283709828,-0.13686969328823004
3,128,devtest,tur_Latn,jpn_Jpan,-0.042297377584285326,-0.16487579029916521
3,128,devtest,tur_Latn,vie_Latn,0.055264116149514875,-0.15304796926933822
3,128,devtest,tur_Latn,ind_Latn,0.04832736851918453,-0.11022438140727533
3,128,devtest,vie_Latn,eng_Latn,-0.020560661994913864,-0.13501994028134154
3,128,devtest,vie_Latn,deu_Latn,0.10106104380958082,-0.052446192481851325
3,128,devtest,vie_Latn,fra_Latn,0.14510361500076896,-0.08898472583434376
3,128,devtest,vie_Latn,spa_Latn,0.17107242019153482,-0.12776670798604586
3,128,devtest,vie_Latn,rus_Cyrl,0.12552646997920777,-0.081119445345456
3,128,devtest,vie_Latn,hin_Deva,0.12111370628752188,0.03405543781752326
3,128,devtest,vie_Latn,arb_Arab,0.08595739589061419,-0.041435160629693955
3,128,devtest,vie_Latn,zho_Hans,-0.07177194979855901,-0.018205220071342277
3,128,devtest,vie_Latn,jpn_Jpan,-0.009306775779773081,-0.06336106814195278
3,128,devtest,vie_Latn,tur_Latn,0.07044954550210071,-0.082794007928237
3,128,devtest,vie_Latn,ind_Latn,0.11524634414673415,0.007334160679708592
3,128,devtest,ind_Latn,eng_Latn,0.023799937727314986,-0.045327047291562145
3,128,devtest,ind_Latn,deu_Latn,-0.020870723258415876,-0.0005041953441138862
3,128,devtest,ind_Latn,fra_Latn,0.0776124467965742,-0.04004275713540542
3,128,devtest,ind_Latn,spa_Latn,0.07692850139804121,-0.09193232317479039
3,128,devtest,ind_Latn,rus_Cyrl,0.021226401905662325,-0.017486115175705582
3,128,devtest,ind_Latn,hin_Deva,0.052734433698219806,0.05828410672373114
3,128,devtest,ind_Latn,arb_Arab,0.06407270213211123,0.042502779975031865
3,128,devtest,ind_Latn,zho_Hans,-0.050221359470553166,0.013310549281510787
3,128,devtest,ind_Latn,jpn_Jpan,-0.06450761304993737,-0.03703424680775484
3,128,devtest,ind_Latn,tur_Latn,0.07606648463138863,-0.0911503437792664
3,128,devtest,ind_Latn,vie_Latn,0.0721399170718371,-0.04940127287628103
3,256,devtest,eng_Latn,deu_Latn,0.29246514975849497,-0.031351729378737585
3,256,devtest,eng_Latn,fra_Latn,0.20774411158273662,-0.06848720592200923
3,256,devtest,eng_Latn,spa_Latn,0.24462068997201233,-0.12389005462488945
3,256,devtest,eng_Latn,rus_Cyrl,0.2169403436882119,-0.06747558013300356
3,256,devtest,eng_Latn,hin_Deva,0.059461634975889154,0.03680193785200304
3,256,devtest,eng_Latn,arb_Arab,0.16471947616469176,-0.011676335219803874
3,256,devtest,eng_Latn,zho_Hans,0.022068848157962468,-0.0373762175802851
3,256,devtest,eng_Latn,jpn_Jpan,0.1594757498258672,-0.04980983873337039
3,256,devtest,eng_Latn,tur_Latn,0.19527731447789548,-0.09746831498070366
3,256,devtest,eng_Latn,vie_Latn,0.21670836476328598,-0.14864927616248202
3,256,devtest,eng_Latn,ind_Latn,0.2773913098251568,-0.03163379034152752
3,256,devtest,deu_Latn,eng_Latn,-0.011453724972842468,-0.1759660295900282
3,256,devtest,deu_Latn,fra_Latn,0.09340493066226029,-0.13523954363524038
3,256,devtest,deu_Latn,spa_Latn,0.07105061780421658,-0.18157916923819795
3,256,devtest,deu_Latn,rus_Cyrl,0.07055998533260481,-0.07934616612006024
3,256,devtest,deu_Latn,hin_Deva,0.07564808118279136,-0.05690677423609858
3,256,devtest,deu_Latn,arb_Arab,0.05805393911684748,-0.05359765129796366
3,256,devtest,deu_Latn,zho_Hans,-0.07332942649388835,-0.06711831524851984
3,256,devtest,deu_Latn,jpn_Jpan,-0.008407680558305694,-0.11233015248219234
3,256,devtest,deu_Latn,tur_Latn,0.126544512203882,-0.16362969628930263
3,256,devtest,deu_Latn,vie_Latn,0.04912368608944046,-0.1647990685303565
3,256,devtest,deu_Latn,ind_Latn,0.08590662089748478,-0.05894047509546396
3,256,devtest,fra_Latn,eng_Latn,0.07392224054984524,-0.06634432814278042
3,256,devtest,fra_Latn,deu_Latn,0.0671968354016279,-0.0439900204931358
3,256,devtest,fra_Latn,spa_Latn,0.1315478197423443,-0.15659404595131432
3,256,devtest,fra_Latn,rus_Cyrl,0.0661747974194073,-0.09462764086625151
3,256,devtest,fra_Latn,hin_Deva,0.05575820960722573,0.02714618561080871
3,256,devtest,fra_Latn,arb_Arab,0.0506743018986456,-0.006639149911783642
3,256,devtest,fra_Latn,zho_Hans,-0.056759169603884704,-0.03731170414257355
3,256,devtest,fra_Latn,jpn_Jpan,-0.03175883128805081,-0.08477267305124012
3,256,devtest,fra_Latn,tur_Latn,0.0992760638477752,-0.09918955920812918
3,256,devtest,fra_Latn,vie_Latn,0.0839914540756673,-0.12433772963394756
3,256,devtest,fra_Latn,ind_Latn,0.09879635452401139,-0.00569434095398891
3,256,devtest,spa_Latn,eng_Latn,-0.024601924664824432,-0.1474771249449303
3,256,devtest,spa_Latn,deu_Latn,0.12096173299036495,-0.0972379288570205
3,256,devtest,spa_Latn,fra_Latn,0.12486055439166331,-0.16234224272957196
3,256,devtest,spa_Latn,rus_Cyrl,0.09730060145619597,-0.14150272996632215
3,256,devtest,spa_Latn,hin_Deva,0.07363757453380669,-0.006301813452850476
3,256,devtest,spa_Latn,arb_Arab,0.08627376226009026,-0.052241594280578535
3,256,devtest,spa_Latn,zho_Hans,-0.09847054445645442,-0.07712670238070227
3,256,devtest,spa_Latn,jpn_Jpan,0.0018940685368532158,-0.1072581412260174
3,256,devtest,spa_Latn,tur_Latn,0.0554114489474778,-0.1268307486601372
3,256,devtest,spa_Latn,vie_Latn,0.14311808286888256,-0.17006431525968926
3,256,devtest,spa_Latn,ind_Latn,0.0862198999902867,-0.0860759120792301
3,256,devtest,rus_Cyrl,eng_Latn,-0.017441848747692196,-0.14483239731935704
3,256,devtest,rus_Cyrl,deu_Latn,0.011672582462265536,-0.045252664752353726
3,256,devtest,rus_Cyrl,fra_Latn,0.0016695316941668823,-0.13668172820638363
3,256,devtest,rus_Cyrl,spa_Latn,0.0174498268488126,-0.17793157228629963
3,256,devtest,rus_Cyrl,hin_Deva,0.06460560000590962,0.0007410609835671188
3,256,devtest,rus_Cyrl,arb_Arab,0.08549288204285528,-0.04056063084145296
3,256,devtest,rus_Cyrl,zho_Hans,-0.04989647975091792,-0.05127845317637825
3,256,devtest,rus_Cyrl,jpn_Jpan,-0.04894131941412797,-0.08563429872440463
3,256,devtest,rus_Cyrl,tur_Latn,-0.003606226492774858,-0.13068330685803323
3,256,devtest,rus_Cyrl,vie_Latn,-0.01863704316107996,-0.20682297726572402
3,256,devtest,rus_Cyrl,ind_Latn,-0.007594527204899699,-0.0523057751237638
3,256,devtest,hin_Deva,eng_Latn,-0.052643273174192325,-0.09842442853992997
3,256,devtest,hin_Deva,deu_Latn,-0.08196980029194467,-0.02554776169508444
3,256,devtest,hin_Deva,fra_Latn,-0.007688985918359122,-0.06958862359468286
3,256,devtest,hin_Deva,spa_Latn,-0.051585448463142954,-0.08608998283657969
3,256,devtest,hin_Deva,rus_Cyrl,-0.0014618124008246914,-0.03291421834588737
3,256,devtest,hin_Deva,arb_Arab,-0.033587309731430495,-0.025673068225645218
3,256,devtest,hin_Deva,zho_Hans,-0.0006032964787335976,-0.025622032046664887
3,256,devtest,hin_Deva,jpn_Jpan,0.024315572618538586,-0.057524095689683655
3,256,devtest,hin_Deva,tur_Latn,-0.08967032555642498,-0.056375390085689335
3,256,devtest,hin_Deva,vie_Latn,-0.009189921209971627,-0.08152865110729193
3,256,devtest,hin_Deva,ind_Latn,-0.0555841350233327,-0.027559395777969117
3,256,devtest,arb_Arab,eng_Latn,-0.008249134441428121,-0.1538006725083044
3,256,devtest,arb_Arab,deu_Latn,-0.008168857516334078,-0.08044697881028383
3,256,devtest,arb_Arab,fra_Latn,0.0012015120222000919,-0.08607932429351771
3,256,devtest,arb_Arab,spa_Latn,0.05579382023973241,-0.13706709185328433
3,256,devtest,arb_Arab,rus_Cyrl,0.08945576784614988,-0.09711069957418719
3,256,devtest,arb_Arab,hin_Deva,0.031549284121935424,0.013524824462277025
3,256,devtest,arb_Arab,zho_Hans,-0.04666755275694539,-0.05328486818008287
3,256,devtest,arb_Arab,jpn_Jpan,-0.02654959097141716,-0.09803317454691372
3,256,devtest,arb_Arab,tur_Latn,0.044719952490604994,-0.13292720815429204
3,256,devtest,arb_Arab,vie_Latn,0.030321240362431282,-0.1668866121665667
3,256,devtest,arb_Arab,ind_Latn,0.043137198441278606,-0.0395320476209269
3,256,devtest,zho_Hans,eng_Latn,0.1613753941882807,-0.1421818854701605
3,256,devtest,zho_Hans,deu_Latn,0.18573296945912934,-0.06749781102438367
3,256,devtest,zho_Hans,fra_Latn,0.1442714117286091,-0.11766365539639123
3,256,devtest,zho_Hans,spa_Latn,0.1527323863185165,-0.13472666023877194
3,256,devtest,zho_Hans,rus_Cyrl,0.18724720963514763,-0.08112796932106674
3,256,devtest,zho_Hans,hin_Deva,0.08406513709116092,0.013675245844025092
3,256,devtest,zho_Hans,arb_Arab,0.12426357362377484,-0.014198117937896274
3,256,devtest,zho_Hans,jpn_Jpan,0.1153497915472211,-0.11808433243752509
3,256,devtest,zho_Hans,tur_Latn,0.138915894564759,-0.12911565684617077
3,256,devtest,zho_Hans,vie_Latn,0.12513777050816557,-0.16381962944608483
3,256,devtest,zho_Hans,ind_Latn,0.15876079800279647,-0.05434401561104647
3,256,devtest,jpn_Jpan,eng_Latn,-0.11912735352146603,-0.16731624715958127
3,256,devtest,jpn_Jpan,deu_Latn,0.09524451963776089,-0.07400841202392063
3,256,devtest,jpn_Jpan,fra_Latn,0.0698199492073058,-0.15373552333474547
3,256,devtest,jpn_Jpan,spa_Latn,0.13769397969224367,-0.18882354819904568
3,256,devtest,jpn_Jpan,rus_Cyrl,0.12324793251491473,-0.11015093982413976
3,256,devtest,jpn_Jpan,hin_Deva,0.23124877943998118,0.04879247565035848
3,256,devtest,jpn_Jpan,arb_Arab,0.10020034491557579,-0.06368576434426175
3,256,devtest,jpn_Jpan,zho_Hans,0.004170637440609297,-0.13630823442314463
3,256,devtest,jpn_Jpan,tur_Latn,0.11083368154860346,-0.16693140202071763
3,256,devtest,jpn_Jpan,vie_Latn,0.06709049176074008,-0.19938744175720363
3,256,devtest,jpn_Jpan,ind_Latn,0.03177619559186629,-0.08134461194520037
3,256,devtest,tur_Latn,eng_Latn,-0.012302198856786432,-0.21459794379159403
3,256,devtest,tur_Latn,deu_Latn,0.008880571201302836,-0.10284420715245547
3,256,devtest,tur_Latn,fra_Latn,0.09112142095142048,-0.14495405812697726
3,256,devtest,tur_Latn,spa_Latn,0.06421531310599106,-0.15880988561491127
3,256,devtest,tur_Latn,rus_Cyrl,0.011768561561649023,-0.0994341568444488
3,256,devtest,tur_Latn,hin_Deva,0.12348024796595285,0.005349602396545444
3,256,devtest,tur_Latn,arb_Arab,0.1078587753610519,-0.07417470257488118
3,256,devtest,tur_Latn,zho_Hans,0.02724802385343543,-0.13633486846744214
3,256,devtest,tur_Latn,jpn_Jpan,-0.05706190767758708,-0.16606991570404278
3,256,devtest,tur_Latn,vie_Latn,0.05095559081085125,-0.15729050241888393
3,256,devtest,tur_Latn,ind_Latn,0.03845773711259919,-0.11539531890113111
3,256,devtest,vie_Latn,eng_Latn,-0.03456554033974078,-0.14028567701810907
3,256,devtest,vie_Latn,deu_Latn,0.10770590283922016,-0.04775425373035736
3,256,devtest,vie_Latn,fra_Latn,0.14164906505259725,-0.09158333267069758
3,256,devtest,vie_Latn,spa_Latn,0.17127767365588623,-0.12596754114483164
3,256,devtest,vie_Latn,rus_Cyrl,0.12885779895901245,-0.08168718128133136
3,256,devtest,vie_Latn,hin_Deva,0.12598057045293745,0.03377362903296629
3,256,devtest,vie_Latn,arb_Arab,0.09354565199615662,-0.038591136954949055
3,256,devtest,vie_Latn,zho_Hans,-0.08212708135988661,-0.0154503976521367
3,256,devtest,vie_Latn,jpn_Jpan,-0.013974392389930163,-0.06667368630766977
3,256,devtest,vie_Latn,tur_Latn,0.0785010509907963,-0.08211306859175067
3,256,devtest,vie_Latn,ind_Latn,0.12233236784978542,-0.0030963157402341644
3,256,devtest,ind_Latn,eng_Latn,0.012437926896908352,-0.05582501738301892
3,256,devtest,ind_Latn,deu_Latn,-0.028168119986386325,-0.001830562342335768
3,256,devtest,ind_Latn,fra_Latn,0.0686850381568321,-0.04717889576810195
3,256,devtest,ind_Latn,spa_Latn,0.07235148733336613,-0.09288291572619786
3,256,devtest,ind_Latn,rus_Cyrl,0.018852592548086983,-0.01674925217501688
3,256,devtest,ind_Latn,hin_Deva,0.0629955421389303,0.06113785173822927
3,256,devtest,ind_Latn,arb_Arab,0.06356950389905368,0.044307147918429
3,256,devtest,ind_Latn,zho_Hans,-0.06225436819569355,0.015484594991773385
3,256,devtest,ind_Latn,jpn_Jpan,-0.06766804367552826,-0.03909965051898197
3,256,devtest,ind_Latn,tur_Latn,0.07105529680443162,-0.09266352201762859
3,256,devtest,ind_Latn,vie_Latn,0.06794967158538115,-0.05505789488870757
4,64,devtest,eng_Latn,deu_Latn,0.19307413136137486,-0.1123593006933537
4,64,devtest,eng_Latn,fra_Latn,0.14679041621559247,-0.010777699430935303
4,64,devtest,eng_Latn,spa_Latn,0.1117972542043228,-0.08565140475692411
4,64,devtest,eng_Latn,rus_Cyrl,0.14850829319501216,-0.0580377681814606
4,64,devtest,eng_Latn,hin_Deva,0.026614364680280313,-0.02046986743247729
4,64,devtest,eng_Latn,arb_Arab,0.14700228706941365,-0.08594402244893135
4,64,devtest,eng_Latn,zho_Hans,0.035264729614671524,0.014562060277384098
4,64,devtest,eng_Latn,jpn_Jpan,0.07114421509814972,-0.031137114906609475
4,64,devtest,eng_Latn,tur_Latn,0.16622240623222923,-0.17072691936400336
4,64,devtest,eng_Latn,vie_Latn,0.1350065988364603,-0.16218569081970238
4,64,devtest,eng_Latn,ind_Latn,0.2054181313229452,-0.08509790315066602
4,64,devtest,deu_Latn,eng_Latn,-0.009489879589663765,-0.15949211406930458
4,64,devtest,deu_Latn,fra_Latn,0.09936856251530889,-0.10362832187712963
4,64,devtest,deu_Latn,spa_Latn,0.10128823131816128,-0.17310169450993287
4,64,devtest,deu_Latn,rus_Cyrl,0.04681870101642568,-0.09354309349334002
4,64,devtest,deu_Latn,hin_Deva,0.042117868789637074,-0.10282546518791737
4,64,devtest,deu_Latn,arb_Arab,0.05177974566685039,-0.13163474232692796
4,64,devtest,deu_Latn,zho_Hans,-0.04617148518520749,-0.07823628454305767
4,64,devtest,deu_Latn,jpn_Jpan,0.005717348298612217,-0.12374872645430937
4,64,devtest,deu_Latn,tur_Latn,0.15169885840830383,-0.2123139713852214
4,64,devtest,deu_Latn,vie_Latn,0.03519170921947163,-0.18824281193780468
4,64,devtest,deu_Latn,ind_Latn,0.08470261164188764,-0.143665619815622
4,64,devtest,fra_Latn,eng_Latn,0.08034512333155573,0.018825351334458056
4,64,devtest,fra_Latn,deu_Latn,0.03785118238445934,-0.03958329870854118
4,64,devtest,fra_Latn,spa_Latn,0.11838572701591836,-0.06003036238630015
4,64,devtest,fra_Latn,rus_Cyrl,0.03484281765567131,-0.025408405192324977
4,64,devtest,fra_Latn,hin_Deva,0.017851187559952495,-0.03337839502026162
4,64,devtest,fra_Latn,arb_Arab,0.03300967939695664,-0.03245245424557681
4,64,devtest,fra_Latn,zho_Hans,-0.012168551195950016,0.035258190778607146
4,64,devtest,fra_Latn,jpn_Jpan,0.011252530399415395,-0.024703076762444785
4,64,devtest,fra_Latn,tur_Latn,0.04509993684925101,-0.11057909660360356
4,64,devtest,fra_Latn,vie_Latn,0.12473505229408374,-0.09504108816278974
4,64,devtest,fra_Latn,ind_Latn,0.08148349189634858,-0.0551193054869137
4,64,devtest,spa_Latn,eng_Latn,-0.04026155638720249,-0.10160382653481133
4,64,devtest,spa_Latn,deu_Latn,0.08796080366283966,-0.16490125939609793
4,64,devtest,spa_Latn,fra_Latn,0.13417209374142913,-0.10604753029060483
4,64,devtest,spa_Latn,rus_Cyrl,0.08475912782886814,-0.13350561639616237
4,64,devtest,spa_Latn,hin_Deva,0.10403318080109245,-0.08219781406353047
4,64,devtest,spa_Latn,arb_Arab,0.1243436555071049,-0.1410844499763375
4,64,devtest,spa_Latn,zho_Hans,-0.05644847835729047,-0.07001625278796507
4,64,devtest,spa_Latn,jpn_Jpan,0.046387206559098275,-0.09767545219469527
4,64,devtest,spa_Latn,tur_Latn,0.08627853684790543,-0.20431421705747713
4,64,devtest,spa_Latn,vie_Latn,0.14227612856128768,-0.19870211027331203
4,64,devtest,spa_Latn,ind_Latn,0.08357185648658261,-0.1655023368890414
4,64,devtest,rus_Cyrl,eng_Latn,0.017452697911552142,-0.08483511503395776
4,64,devtest,rus_Cyrl,deu_Latn,0.00099184428265086,-0.11176401532322876
4,64,devtest,rus_Cyrl,fra_Latn,0.04576800839090524,-0.07036642159219679
4,64,devtest,rus_Cyrl,spa_Latn,0.06265989031690819,-0.12520169800054878
4,64,devtest,rus_Cyrl,hin_Deva,0.06330558147932505,-0.0563762054963045
4,64,devtest,rus_Cyrl,arb_Arab,0.0912186355344244,-0.0663842913948072
4,64,devtest,rus_Cyrl,zho_Hans,-0.02712375636502703,-0.04891238453594852
4,64,devtest,rus_Cyrl,jpn_Jpan,-0.026309581968128878,-0.0572614522244805
4,64,devtest,rus_Cyrl,tur_Latn,-0.020867717856912125,-0.1500753783855052
4,64,devtest,rus_Cyrl,vie_Latn,0.01097554866726956,-0.19024990882822593
4,64,devtest,rus_Cyrl,ind_Latn,0.008170765965788016,-0.0975416289250786
4,64,devtest,hin_Deva,eng_Latn,-0.017006862513528488,-0.07527191729126222
4,64,devtest,hin_Deva,deu_Latn,-0.05391496427516819,-0.05047256765525737
4,64,devtest,hin_Deva,fra_Latn,0.036092017544774736,-0.06569756470906087
4,64,devtest,hin_Deva,spa_Latn,-0.027144814029300433,-0.06533186582582011
4,64,devtest,hin_Deva,rus_Cyrl,0.03042016606548122,-0.04768772324673626
4,64,devtest,hin_Deva,arb_Arab,-0.00893997297497067,-0.049598576044972836
4,64,devtest,hin_Deva,zho_Hans,0.05129717441203919,-0.01769901499542173
4,64,devtest,hin_Deva,jpn_Jpan,0.05197944918954484,-0.05961655969729359
4,64,devtest,hin_Deva,tur_Latn,-0.06784307878775471,-0.07997895922231663
4,64,devtest,hin_Deva,vie_Latn,0.010643656999813943,-0.10210811418984019
4,64,devtest,hin_Deva,ind_Latn,-0.03822756854049849,-0.06991442269324102
4,64,devtest,arb_Arab,eng_Latn,0.029412373943758053,-0.15025261676407203
4,64,devtest,arb_Arab,deu_Latn,0.012954442998501271,-0.1427416843470986
4,64,devtest,arb_Arab,fra_Latn,0.02320496010235564,-0.09441101019118361
4,64,devtest,arb_Arab,spa_Latn,0.08221662035573044,-0.14429062592802916
4,64,devtest,arb_Arab,rus_Cyrl,0.10091844907599849,-0.08367530906565392
4,64,devtest,arb_Arab,hin_Deva,0.04282198374285387,-0.07230044885740691
4,64,devtest,arb_Arab,zho_Hans,-0.016615922615723134,-0.07854937759850117
4,64,devtest,arb_Arab,jpn_Jpan,0.00905596288367065,-0.10363603014290693
4,64,devtest,arb_Arab,tur_Latn,0.050158491813921915,-0.18309663998988163
4,64,devtest,arb_Arab,vie_Latn,0.07093389874307872,-0.1934382997809604
4,64,devtest,arb_Arab,ind_Latn,0.08952492974488621,-0.10782857184863853
4,64,devtest,zho_Hans,eng_Latn,0.14183056411940256,-0.06684418033615931
4,64,devtest,zho_Hans,deu_Latn,0.13296995520188926,-0.14321584781863742
4,64,devtest,zho_Hans,fra_Latn,0.0657606949689139,-0.08418932933178397
4,64,devtest,zho_Hans,spa_Latn,0.08989710208426457,-0.13701502782438482
4,64,devtest,zho_Hans,rus_Cyrl,0.11443686885186295,-0.10929578507412684
4,64,devtest,zho_Hans,hin_Deva,0.034103624217878645,-0.03751377393949305
4,64,devtest,zho_Hans,arb_Arab,0.1288865784722026,-0.13203216573093401
4,64,devtest,zho_Hans,jpn_Jpan,0.10202711250799855,-0.10829232633984745
4,64,devtest,zho_Hans,tur_Latn,0.13492951134507994,-0.21951678800169064
4,64,devtest,zho_Hans,vie_Latn,0.06535248517155312,-0.14818388749119338
4,64,devtest,zho_Hans,ind_Latn,0.1433216134483434,-0.1269760897720169
4,64,devtest,jpn_Jpan,eng_Latn,-0.11729017933021361,-0.09466392857662403
4,64,devtest,jpn_Jpan,deu_Latn,0.07725396984860117,-0.12764112672587308
4,64,devtest,jpn_Jpan,fra_Latn,0.07386986570064112,-0.09715069318880577
4,64,devtest,jpn_Jpan,spa_Latn,0.14236914905882989,-0.12273055826227124
4,64,devtest,jpn_Jpan,rus_Cyrl,0.07965809380091378,-0.07672626517711632
4,64,devtest,jpn_Jpan,hin_Deva,0.1533636318006624,-0.030798466190494953
4,64,devtest,jpn_Jpan,arb_Arab,0.0813826128594495,-0.12233146958050907
4,64,devtest,jpn_Jpan,zho_Hans,-0.0041339683481762006,-0.07729994141291308
4,64,devtest,jpn_Jpan,tur_Latn,0.11419725814213236,-0.19648103111322698
4,64,devtest,jpn_Jpan,vie_Latn,0.01763156431883619,-0.19043605924847526
4,64,devtest,jpn_Jpan,ind_Latn,0.01352352811160383,-0.12294856265480149
4,64,devtest,tur_Latn,eng_Latn,0.019967283785833793,-0.17540586715808365
4,64,devtest,tur_Latn,deu_Latn,0.10119797960586623,-0.153953648452535
4,64,devtest,tur_Latn,fra_Latn,0.05839609494071813,-0.12346046676753036
4,64,devtest,tur_Latn,spa_Latn,0.12640095056439765,-0.13823833257239265
4,64,devtest,tur_Latn,rus_Cyrl,-0.011002857245030863,-0.08996912429458635
4,64,devtest,tur_Latn,hin_Deva,0.07348688460411369,-0.047100495083616245
4,64,devtest,tur_Latn,arb_Arab,0.0998647962861989,-0.11258340786464802
4,64,devtest,tur_Latn,zho_Hans,0.05544110613338922,-0.10503943848047528
4,64,devtest,tur_Latn,jpn_Jpan,0.010956093761837897,-0.13945250697677117
4,64,devtest,tur_Latn,vie_Latn,0.047368437659908405,-0.1795882768274205
4,64,devtest,tur_Latn,ind_Latn,0.0680489432811325,-0.14521450239616313
4,64,devtest,vie_Latn,eng_Latn,-0.01567793187620218,-0.09149044319019088
4,64,devtest,vie_Latn,deu_Latn,0.06241380363541318,-0.11066626114193007
4,64,devtest,vie_Latn,fra_Latn,0.13984677096278345,-0.07133281512241249
4,64,devtest,vie_Latn,spa_Latn,0.18849854526195264,-0.11605898396169564
4,64,devtest,vie_Latn,rus_Cyrl,0.07383795203030244,-0.09407871296679024
4,64,devtest,vie_Latn,hin_Deva,0.07898128049963184,-0.06462740111268124
4,64,devtest,vie_Latn,arb_Arab,0.11365444817623543,-0.08670763133303747
4,64,devtest,vie_Latn,zho_Hans,-0.042208709802560085,0.018995822487347474
4,64,devtest,vie_Latn,jpn_Jpan,-0.002813650545884772,-0.048615602871837076
4,64,devtest,vie_Latn,tur_Latn,0.06053061713017293,-0.1327954560654313
4,64,devtest,vie_Latn,ind_Latn,0.11713466859895036,-0.04875860689750523
4,64,devtest,ind_Latn,eng_Latn,-0.0024443996046559498,-0.048873001204258706
4,64,devtest,ind_Latn,deu_Latn,0.020028480764365492,-0.08190302753449488
4,64,devtest,ind_Latn,fra_Latn,0.08623680922249961,-0.039727441509186404
4,64,devtest,ind_Latn,spa_Latn,0.08672635731561938,-0.10063390025466608
4,64,devtest,ind_Latn,rus_Cyrl,-0.008568156036794066,-0.02944069783286865
4,64,devtest,ind_Latn,hin_Deva,0.06761085553019863,-0.00244989465823567
4,64,devtest,ind_Latn,arb_Arab,0.0993650140079765,-0.040194361508826
4,64,devtest,ind_Latn,zho_Hans,-0.02417947463060738,0.007227545055791921
4,64,devtest,ind_Latn,jpn_Jpan,-0.013682483773713849,-0.04201589090458977
4,64,devtest,ind_Latn,tur_Latn,0.07182402054400096,-0.13121950222670867
4,64,devtest,ind_Latn,vie_Latn,0.08902835635869351,-0.06995488915033198
4,128,devtest,eng_Latn,deu_Latn,0.22040804897038016,-0.08436416189662492
4,128,devtest,eng_Latn,fra_Latn,0.1690884698822264,-0.0026348067137576775
4,128,devtest,eng_Latn,spa_Latn,0.1364190594181535,-0.07742912817081514
4,128,devtest,eng_Latn,rus_Cyrl,0.15016413380319307,-0.04718966767315558
4,128,devtest,eng_Latn,hin_Deva,0.04682790960812526,-0.03634894576838009
4,128,devtest,eng_Latn,arb_Arab,0.1736094714401018,-0.09129624734363974
4,128,devtest,eng_Latn,zho_Hans,0.026049073738370846,0.030094695287225883
4,128,devtest,eng_Latn,jpn_Jpan,0.09107717066903892,-0.04456529301796329
4,128,devtest,eng_Latn,tur_Latn,0.17787125097324802,-0.1738109180356901
4,128,devtest,eng_Latn,vie_Latn,0.1472179426763126,-0.16730502553341284
4,128,devtest,eng_Latn,ind_Latn,0.22698090859755032,-0.0983480077737024
4,128,devtest,deu_Latn,eng_Latn,0.002923647170313345,-0.14620983448234934
4,128,devtest,deu_Latn,fra_Latn,0.0952709664214935,-0.10296756487426058
4,128,devtest,deu_Latn,spa_Latn,0.09132062341783222,-0.1880784495817735
4,128,devtest,deu_Latn,rus_Cyrl,0.056276135440155084,-0.1198261247543916
4,128,devtest,deu_Latn,hin_Deva,0.06755518171350303,-0.1249957793274859
4,128,devtest,deu_Latn,arb_Arab,0.05941498983134724,-0.1466840023369348
4,128,devtest,deu_Latn,zho_Hans,-0.050244601504526136,-0.08600821004867597
4,128,devtest,deu_Latn,jpn_Jpan,0.0016064169484418386,-0.13484450754108962
4,128,devtest,deu_Latn,tur_Latn,0.1517660278220984,-0.2234763475403107
4,128,devtest,deu_Latn,vie_Latn,0.02076255668467758,-0.18174266508512393
4,128,devtest,deu_Latn,ind_Latn,0.08773735978483083,-0.1479433254775594
4,128,devtest,fra_Latn,eng_Latn,0.09178945981168847,0.02403473435562377
4,128,devtest,fra_Latn,deu_Latn,0.03477772330280258,-0.035789952560728845
4,128,devtest,fra_Latn,spa_Latn,0.12121948017925506,-0.06344279227334582
4,128,devtest,fra_Latn,rus_Cyrl,0.03193168241208213,-0.02824959942183316
4,128,devtest,fra_Latn,hin_Deva,0.027665932084821394,-0.0501963043430036
4,128,devtest,fra_Latn,arb_Arab,0.04378297395793352,-0.04611658608795464
4,128,devtest,fra_Latn,zho_Hans,-0.023372039167284253,0.02531841838517511
4,128,devtest,fra_Latn,jpn_Jpan,-0.004073526529273975,-0.032392627868192296
4,128,devtest,fra_Latn,tur_Latn,0.045923119105814564,-0.10687043593189137
4,128,devtest,fra_Latn,vie_Latn,0.11436342434102353,-0.08847104645969496
4,128,devtest,fra_Latn,ind_Latn,0.07631070529433777,-0.05488858659481348
4,128,devtest,spa_Latn,eng_Latn,-0.03509272943212237,-0.0983135634075005
4,128,devtest,spa_Latn,deu_Latn,0.08243381884522172,-0.16934329539060564
4,128,devtest,spa_Latn,fra_Latn,0.13848826316967172,-0.11118821601050331
4,128,devtest,spa_Latn,rus_Cyrl,0.09541296879334883,-0.13680290707646747
4,128,devtest,spa_Latn,hin_Deva,0.11031029554371116,-0.10490703316095862
4,128,devtest,spa_Latn,arb_Arab,0.12634207529866082,-0.13575563639303354
4,128,devtest,spa_Latn,zho_Hans,-0.06034264668734264,-0.07828598007574554
4,128,devtest,spa_Latn,jpn_Jpan,0.03966051846972954,-0.11563672252289413
4,128,devtest,spa_Latn,tur_Latn,0.0862980644273276,-0.21540850416638024
4,128,devtest,spa_Latn,vie_Latn,0.13113042486966048,-0.1872847070502718
4,128,devtest,spa_Latn,ind_Latn,0.07519580186825256,-0.17612973413098207
4,128,devtest,rus_Cyrl,eng_Latn,0.004617008150102783,-0.08168942474273364
4,128,devtest,rus_Cyrl,deu_Latn,-0.006354022518151537,-0.12192015298669817
4,128,devtest,rus_Cyrl,fra_Latn,0.030862218092550596,-0.07609641696418785
4,128,devtest,rus_Cyrl,spa_Latn,0.05640926543419724,-0.13449834795354854
4,128,devtest,rus_Cyrl,hin_Deva,0.05281244289159775,-0.06354811990583917
4,128,devtest,rus_Cyrl,arb_Arab,0.08939611010619986,-0.09221240405987173
4,128,devtest,rus_Cyrl,zho_Hans,-0.03249224941606294,-0.049898745342028886
4,128,devtest,rus_Cyrl,jpn_Jpan,-0.0355305516938316,-0.07905485793249918
4,128,devtest,rus_Cyrl,tur_Latn,-0.03484745470868571,-0.15492656456122397
4,128,devtest,rus_Cyrl,vie_Latn,0.0014780144790386975,-0.1903659993718987
4,128,devtest,rus_Cyrl,ind_Latn,0.0005638029527222189,-0.10785699882757467
4,128,devtest,hin_Deva,eng_Latn,-0.02125037492411091,-0.07458285662745226
4,128,devtest,hin_Deva,deu_Latn,-0.0670866611505135,-0.04472980338390532
4,128,devtest,hin_Deva,fra_Latn,0.02292712738140631,-0.06499842330835916
4,128,devtest,hin_Deva,spa_Latn,-0.032570413334097686,-0.06503759324086979
4,128,devtest,hin_Deva,rus_Cyrl,0.01603353674175965,-0.0400114575765097
4,128,devtest,hin_Deva,arb_Arab,-0.02145683592728811,-0.04633671492508454
4,128,devtest,hin_Deva,zho_Hans,0.044301101549966006,-0.016893172783753616
4,128,devtest,hin_Deva,jpn_Jpan,0.040369524692336,-0.05496384347598997
4,128,devtest,hin_Deva,tur_Latn,-0.07756162093554674,-0.07498005030054024
4,128,devtest,hin_Deva,vie_Latn,-0.0032357612046388486,-0.09372904713414124
4,128,devtest,hin_Deva,ind_Latn,-0.04679273163944126,-0.06475561778323281
4,128,devtest,arb_Arab,eng_Latn,0.046554068284932956,-0.1541732119927576
4,128,devtest,arb_Arab,deu_Latn,0.007302241689016252,-0.14359530073301316
4,128,devtest,arb_Arab,fra_Latn,0.029961723976782175,-0.1132464941511137
4,128,devtest,arb_Arab,spa_Latn,0.07452991790393317,-0.13802426956257816
4,128,devtest,arb_Arab,rus_Cyrl,0.10496812924843038,-0.10972125099352724
4,128,devtest,arb_Arab,hin_Deva,0.04959417373137879,-0.08290561942946807
4,128,devtest,arb_Arab,zho_Hans,-0.019430403562935607,-0.06287003565331324
4,128,devtest,arb_Arab,jpn_Jpan,0.003808972161544442,-0.11695617263514112
4,128,devtest,arb_Arab,tur_Latn,0.04164342970238177,-0.1793854897676602
4,128,devtest,arb_Arab,vie_Latn,0.06983000766429892,-0.1960980174286674
4,128,devtest,arb_Arab,ind_Latn,0.07325312431924552,-0.12468763239465126
4,128,devtest,zho_Hans,eng_Latn,0.1559971830096136,-0.055166364672306414
4,128,devtest,zho_Hans,deu_Latn,0.15345219109070238,-0.12964760155059643
4,128,devtest,zho_Hans,fra_Latn,0.07782766726566231,-0.08768083180643084
4,128,devtest,zho_Hans,spa_Latn,0.11817033257720781,-0.14295508917417218
4,128,devtest,zho_Hans,rus_Cyrl,0.13295839016127287,-0.10699259753575817
4,128,devtest,zho_Hans,hin_Deva,0.047638481029503965,-0.043544315747618335
4,128,devtest,zho_Hans,arb_Arab,0.15269916877569165,-0.11921425938527452
4,128,devtest,zho_Hans,jpn_Jpan,0.10820828027759628,-0.11118365263603308
4,128,devtest,zho_Hans,tur_Latn,0.1488490729423651,-0.21126599989739825
4,128,devtest,zho_Hans,vie_Latn,0.0809008250735293,-0.16003209094386497
4,128,devtest,zho_Hans,ind_Latn,0.15748397342705425,-0.1303346022225844
4,128,devtest,jpn_Jpan,eng_Latn,-0.1195550379287747,-0.10849825762016095
4,128,devtest,jpn_Jpan,deu_Latn,0.0943619325767935,-0.13182878458552744
4,128,devtest,jpn_Jpan,fra_Latn,0.08200492815124268,-0.11230911133498625
4,128,devtest,jpn_Jpan,spa_Latn,0.15167433578435183,-0.13529715359644448
4,128,devtest,jpn_Jpan,rus_Cyrl,0.09361416594568998,-0.08860428361696249
4,128,devtest,jpn_Jpan,hin_Deva,0.16189331163907617,-0.03141498005050604
4,128,devtest,jpn_Jpan,arb_Arab,0.10027735133375895,-0.12929427339772398
4,128,devtest,jpn_Jpan,zho_Hans,-0.013265579693048321,-0.08243770902352077
4,128,devtest,jpn_Jpan,tur_Latn,0.1257059501146541,-0.19804474456916346
4,128,devtest,jpn_Jpan,vie_Latn,0.036934741275730765,-0.19383603135971197
4,128,devtest,jpn_Jpan,ind_Latn,0.029528185287827663,-0.13772273128369183
4,128,devtest,tur_Latn,eng_Latn,0.010526280051437784,-0.18799416000769728
4,128,devtest,tur_Latn,deu_Latn,0.083320777303294,-0.15030849436801044
4,128,devtest,tur_Latn,fra_Latn,0.05516508053124509,-0.12168715432865536
4,128,devtest,tur_Latn,spa_Latn,0.10725204871187193,-0.14859872796954374
4,128,devtest,tur_Latn,rus_Cyrl,-0.004245392179056386,-0.09220514369949233
4,128,devtest,tur_Latn,hin_Deva,0.09916517639562729,-0.05857810658602751
4,128,devtest,tur_Latn,arb_Arab,0.10601436813012219,-0.10501782866345681
4,128,devtest,tur_Latn,zho_Hans,0.04905143239660007,-0.10928399674027715
4,128,devtest,tur_Latn,jpn_Jpan,0.0034911375558367413,-0.14366513453840127
4,128,devtest,tur_Latn,vie_Latn,0.03771306331556876,-0.17026881306105246
4,128,devtest,tur_Latn,ind_Latn,0.06461181827859384,-0.15562708701157804
4,128,devtest,vie_Latn,eng_Latn,-0.040494743034869704,-0.11523487004505724
4,128,devtest,vie_Latn,deu_Latn,0.06093799557389666,-0.10231169359500512
4,128,devtest,vie_Latn,fra_Latn,0.13370887857641817,-0.07394132211915681
4,128,devtest,vie_Latn,spa_Latn,0.18801135703306832,-0.11762383305496654
4,128,devtest,vie_Latn,rus_Cyrl,0.08860951727740256,-0.09513950026257662
4,128,devtest,vie_Latn,hin_Deva,0.09732651553828893,-0.06686521573621021
4,128,devtest,vie_Latn,arb_Arab,0.12824297265049842,-0.0994541641403937
4,128,devtest,vie_Latn,zho_Hans,-0.04314414299460366,-0.002950941610984005
4,128,devtest,vie_Latn,jpn_Jpan,0.00538122384244368,-0.05788956043548165
4,128,devtest,vie_Latn,tur_Latn,0.07547945460767883,-0.12931199239177496
4,128,devtest,vie_Latn,ind_Latn,0.12492555791533835,-0.05361738934518848
4,128,devtest,ind_Latn,eng_Latn,0.006153521333930671,-0.062161839173705734
4,128,devtest,ind_Latn,deu_Latn,0.02217786531152106,-0.0751529363645908
4,128,devtest,ind_Latn,fra_Latn,0.08473700318138079,-0.03856484431657782
4,128,devtest,ind_Latn,spa_Latn,0.07810779955170849,-0.09902996818866137
4,128,devtest,ind_Latn,rus_Cyrl,-0.006006854292133485,-0.029024578311713827
4,128,devtest,ind_Latn,hin_Deva,0.0827370447842303,-0.017768796228765642
4,128,devtest,ind_Latn,arb_Arab,0.09611023142463332,-0.047373847990551894
4,128,devtest,ind_Latn,zho_Hans,-0.03175182961488328,0.003937206560122917
4,128,devtest,ind_Latn,jpn_Jpan,-0.0072430252491374105,-0.05436578870697341
4,128,devtest,ind_Latn,tur_Latn,0.08036115655313292,-0.13789617266300241
4,128,devtest,ind_Latn,vie_Latn,0.08274560223773478,-0.05880064565497015
4,256,devtest,eng_Latn,deu_Latn,0.23056374983730937,-0.07525060719436973
4,256,devtest,eng_Latn,fra_Latn,0.17277184109270946,-0.013039017412287987
4,256,devtest,eng_Latn,spa_Latn,0.15170640267681723,-0.07812221128790388
4,256,devtest,eng_Latn,rus_Cyrl,0.15725084353022367,-0.036364725848306766
4,256,devtest,eng_Latn,hin_Deva,0.061196994729492915,-0.0390962440197553
4,256,devtest,eng_Latn,arb_Arab,0.19053497894920607,-0.08739919311338115
4,256,devtest,eng_Latn,zho_Hans,0.016472817376574248,0.025728944437453237
4,256,devtest,eng_Latn,jpn_Jpan,0.11127962021421782,-0.0412304481538652
4,256,devtest,eng_Latn,tur_Latn,0.1895273032944269,-0.16835906141704113
4,256,devtest,eng_Latn,vie_Latn,0.16114557448657915,-0.16520173692627885
4,256,devtest,eng_Latn,ind_Latn,0.23730583790712254,-0.10405260755721364
4,256,devtest,deu_Latn,eng_Latn,-0.01539940308548115,-0.15349997768915588
4,256,devtest,deu_Latn,fra_Latn,0.09463027497824766,-0.1345233520551132
4,256,devtest,deu_Latn,spa_Latn,0.08236867547097688,-0.20395962447822805
4,256,devtest,deu_Latn,rus_Cyrl,0.05665760733018271,-0.12443472833811794
4,256,devtest,deu_Latn,hin_Deva,0.08779820975789543,-0.1332233905179966
4,256,devtest,deu_Latn,arb_Arab,0.069869216495756,-0.16359389145611805
4,256,devtest,deu_Latn,zho_Hans,-0.06114553117789548,-0.07891945452124707
4,256,devtest,deu_Latn,jpn_Jpan,-0.014188732047171476,-0.13993381901454197
4,256,devtest,deu_Latn,tur_Latn,0.146476614527279,-0.23129649393778784
4,256,devtest,deu_Latn,vie_Latn,0.01936239634988082,-0.1999736777862688
4,256,devtest,deu_Latn,ind_Latn,0.09448109013628546,-0.16300241558115622
4,256,devtest,fra_Latn,eng_Latn,0.09038203879582975,0.016502957648348818
4,256,devtest,fra_Latn,deu_Latn,0.03617085907323038,-0.046370992034114586
4,256,devtest,fra_Latn,spa_Latn,0.11635004210424943,-0.07676262217770857
4,256,devtest,fra_Latn,rus_Cyrl,0.0328913120148084,-0.033206015747508616
4,256,devtest,fra_Latn,hin_Deva,0.03870768032334352,-0.05100456103377391
4,256,devtest,fra_Latn,arb_Arab,0.04511826264804488,-0.05158215661350072
4,256,devtest,fra_Latn,zho_Hans,-0.029929563249511192,0.0261423827702104
4,256,devtest,fra_Latn,jpn_Jpan,-0.008351723470319027,-0.03623874660039085
4,256,devtest,fra_Latn,tur_Latn,0.04902851518386328,-0.11579031762876006
4,256,devtest,fra_Latn,vie_Latn,0.09874401311911654,-0.0948515898296071
4,256,devtest,fra_Latn,ind_Latn,0.07793931958324149,-0.06688548845234309
4,256,devtest,spa_Latn,eng_Latn,-0.044230556894861564,-0.1142758046541499
4,256,devtest,spa_Latn,deu_Latn,0.07892499903753902,-0.1772645777189985
4,256,devtest,spa_Latn,fra_Latn,0.13787002228281603,-0.1402511288881832
4,256,devtest,spa_Latn,rus_Cyrl,0.09587435640450555,-0.14560525232521532
4,256,devtest,spa_Latn,hin_Deva,0.11792489723298265,-0.1081565826560677
4,256,devtest,spa_Latn,arb_Arab,0.1252554793513641,-0.14726462283155103
4,256,devtest,spa_Latn,zho_Hans,-0.06803227706575941,-0.07799265350534876
4,256,devtest,spa_Latn,jpn_Jpan,0.024247091265205304,-0.13242591908239712
4,256,devtest,spa_Latn,tur_Latn,0.0910445804162219,-0.21294497834882342
4,256,devtest,spa_Latn,vie_Latn,0.11460715335912966,-0.19383297102851174
4,256,devtest,spa_Latn,ind_Latn,0.06632718517801066,-0.1876774203825513
4,256,devtest,rus_Cyrl,eng_Latn,-0.018777216402494617,-0.08482017189345763
4,256,devtest,rus_Cyrl,deu_Latn,-0.020065097201979253,-0.11865357755476182
4,256,devtest,rus_Cyrl,fra_Latn,0.02937727263655675,-0.0882446903117206
4,256,devtest,rus_Cyrl,spa_Latn,0.04245600256738095,-0.13918865284795012
4,256,devtest,rus_Cyrl,hin_Deva,0.060958065312289506,-0.0670536244818925
4,256,devtest,rus_Cyrl,arb_Arab,0.07783301697961667,-0.09645735652281247
4,256,devtest,rus_Cyrl,zho_Hans,-0.03764234644693165,-0.056842750428008744
4,256,devtest,rus_Cyrl,jpn_Jpan,-0.048783882942377815,-0.08311164667566145
4,256,devtest,rus_Cyrl,tur_Latn,-0.04064123000348503,-0.154256119424461
4,256,devtest,rus_Cyrl,vie_Latn,-0.006979388993864871,-0.196043213993102
4,256,devtest,rus_Cyrl,ind_Latn,-0.01164534697794659,-0.1186044614513489
4,256,devtest,hin_Deva,eng_Latn,-0.02708233596754688,-0.07201761317758625
4,256,devtest,hin_Deva,deu_Latn,-0.076783741774681,-0.03947820884715322
4,256,devtest,hin_Deva,fra_Latn,0.018000616292468737,-0.06054085992837895
4,256,devtest,hin_Deva,spa_Latn,-0.03937933205191383,-0.0598573745247569
4,256,devtest,hin_Deva,rus_Cyrl,0.00698627894107756,-0.034898132737440954
4,256,devtest,hin_Deva,arb_Arab,-0.027067311257677695,-0.043244530374607515
4,256,devtest,hin_Deva,zho_Hans,0.03520960794124698,-0.012293522513909076
4,256,devtest,hin_Deva,jpn_Jpan,0.030869397731077143,-0.052703734568168736
4,256,devtest,hin_Deva,tur_Latn,-0.08652291821739473,-0.06960571636357164
4,256,devtest,hin_Deva,vie_Latn,-0.010664914661922145,-0.08990739396536701
4,256,devtest,hin_Deva,ind_Latn,-0.054976528182312426,-0.06215622803834501
4,256,devtest,arb_Arab,eng_Latn,0.04423409058440503,-0.15856253131161907
4,256,devtest,arb_Arab,deu_Latn,0.016792085640935595,-0.15209260542596273
4,256,devtest,arb_Arab,fra_Latn,0.032908209221166246,-0.13226407637324156
4,256,devtest,arb_Arab,spa_Latn,0.06503164574420657,-0.14592660154527656
4,256,devtest,arb_Arab,rus_Cyrl,0.09139176688125333,-0.11959452371214892
4,256,devtest,arb_Arab,hin_Deva,0.060795215602145763,-0.0881004758116845
4,256,devtest,arb_Arab,zho_Hans,-0.029245114973636226,-0.07092859966666987
4,256,devtest,arb_Arab,jpn_Jpan,-0.008231164570758254,-0.1267390954780457
4,256,devtest,arb_Arab,tur_Latn,0.04061578962050845,-0.18897317639766406
4,256,devtest,arb_Arab,vie_Latn,0.06266965531819645,-0.2115598306449759
4,256,devtest,arb_Arab,ind_Latn,0.06781665423731663,-0.13645389642220893
4,256,devtest,zho_Hans,eng_Latn,0.15646987251064282,-0.07338833379612848
4,256,devtest,zho_Hans,deu_Latn,0.17346236208413546,-0.12509642549418012
4,256,devtest,zho_Hans,fra_Latn,0.0913789674504819,-0.10144033532706057
4,256,devtest,zho_Hans,spa_Latn,0.13387300837371735,-0.14501678768706858
4,256,devtest,zho_Hans,rus_Cyrl,0.15390837170203686,-0.12134718189544441
4,256,devtest,zho_Hans,hin_Deva,0.06267038865592098,-0.0485855536089124
4,256,devtest,zho_Hans,arb_Arab,0.16793704353527988,-0.12669567411181062
4,256,devtest,zho_Hans,jpn_Jpan,0.12410865641508069,-0.12496114669494994
4,256,devtest,zho_Hans,tur_Latn,0.164384223090461,-0.22230703639716531
4,256,devtest,zho_Hans,vie_Latn,0.09085441987764567,-0.17527922474379592
4,256,devtest,zho_Hans,ind_Latn,0.16608122339648795,-0.15249498193878433
4,256,devtest,jpn_Jpan,eng_Latn,-0.1283372844755187,-0.11156956669643342
4,256,devtest,jpn_Jpan,deu_Latn,0.10638556670216147,-0.1296584404142358
4,256,devtest,jpn_Jpan,fra_Latn,0.09393457133381697,-0.12570942671231802
4,256,devtest,jpn_Jpan,spa_Latn,0.15301736340721947,-0.1482588731056597
4,256,devtest,jpn_Jpan,rus_Cyrl,0.10117427067373054,-0.09273228350185048
4,256,devtest,jpn_Jpan,hin_Deva,0.1706910797167497,-0.03766622785172684
4,256,devtest,jpn_Jpan,arb_Arab,0.11070283697767817,-0.1313043129607523
4,256,devtest,jpn_Jpan,zho_Hans,-0.015686874486104552,-0.08967090845792484
4,256,devtest,jpn_Jpan,tur_Latn,0.1345421548244328,-0.20375503251289312
4,256,devtest,jpn_Jpan,vie_Latn,0.038422483529401925,-0.20097121255908276
4,256,devtest,jpn_Jpan,ind_Latn,0.038037471627633004,-0.1442795174587479
4,256,devtest,tur_Latn,eng_Latn,-0.006075723770815088,-0.1979043996543211
4,256,devtest,tur_Latn,deu_Latn,0.06304590310970887,-0.14819396411286787
4,256,devtest,tur_Latn,fra_Latn,0.05973632291320594,-0.1368651895923109
4,256,devtest,tur_Latn,spa_Latn,0.09013489510504304,-0.14356056290260216
4,256,devtest,tur_Latn,rus_Cyrl,-0.0005018182705288496,-0.09179799840016885
4,256,devtest,tur_Latn,hin_Deva,0.11925523206206431,-0.06375502239098065
4,256,devtest,tur_Latn,arb_Arab,0.10981243726938845,-0.10938897706696789
4,256,devtest,tur_Latn,zho_Hans,0.03808163005206715,-0.1094476976893936
4,256,devtest,tur_Latn,jpn_Jpan,-0.007645448541567618,-0.15200440313763425
4,256,devtest,tur_Latn,vie_Latn,0.03305410525905761,-0.18516612613941041
4,256,devtest,tur_Latn,ind_Latn,0.05334211715551597,-0.16536423723266572
4,256,devtest,vie_Latn,eng_Latn,-0.05017127394475189,-0.1190567583715629
4,256,devtest,vie_Latn,deu_Latn,0.070197101318664,-0.10642358961777983
4,256,devtest,vie_Latn,fra_Latn,0.13203789326875442,-0.08348869521529916
4,256,devtest,vie_Latn,spa_Latn,0.18443316846220603,-0.11728216405968271
4,256,devtest,vie_Latn,rus_Cyrl,0.09611949486865354,-0.09602453564576222
4,256,devtest,vie_Latn,hin_Deva,0.0989998154214803,-0.07498223269467896
4,256,devtest,vie_Latn,arb_Arab,0.13575682279324336,-0.10726457928248372
4,256,devtest,vie_Latn,zho_Hans,-0.05726617320428831,-0.011327390130614338
4,256,devtest,vie_Latn,jpn_Jpan,-0.0008275064734512382,-0.06454398808407567
4,256,devtest,vie_Latn,tur_Latn,0.08403753824113752,-0.14180896463751327
4,256,devtest,vie_Latn,ind_Latn,0.13431354897127784,-0.08219512195200868
4,256,devtest,ind_Latn,eng_Latn,-0.006807977214895308,-0.062733297881841
4,256,devtest,ind_Latn,deu_Latn,0.02305479808628957,-0.07905488657894617
4,256,devtest,ind_Latn,fra_Latn,0.08610519273951847,-0.048780102595264746
4,256,devtest,ind_Latn,spa_Latn,0.06888938806454852,-0.09464559734461161
4,256,devtest,ind_Latn,rus_Cyrl,-0.012374098073341205,-0.033795823557114184
4,256,devtest,ind_Latn,hin_Deva,0.09580774726514775,-0.02925415586188229
4,256,devtest,ind_Latn,arb_Arab,0.10018490330375089,-0.04882993347661284
4,256,devtest,ind_Latn,zho_Hans,-0.054985756342359415,-0.0010967235312614426
4,256,devtest,ind_Latn,jpn_Jpan,-0.014660770884595416,-0.05715590888221983
4,256,devtest,ind_Latn,tur_Latn,0.0770215400250852,-0.14363590529167344
4,256,devtest,ind_Latn,vie_Latn,0.07827820332809854,-0.07930146631934878
5,64,devtest,eng_Latn,deu_Latn,0.16654875278326436,-0.05460272710074075
5,64,devtest,eng_Latn,fra_Latn,0.11349823151456886,0.0013207324430704226
5,64,devtest,eng_Latn,spa_Latn,0.08197009717120693,-0.06797598464923614
5,64,devtest,eng_Latn,rus_Cyrl,0.1492469105230505,-0.03343569083048637
5,64,devtest,eng_Latn,hin_Deva,0.08683925783850266,-0.05529481993525839
5,64,devtest,eng_Latn,arb_Arab,0.17969831801780772,-0.082969646825245
5,64,devtest,eng_Latn,zho_Hans,0.051257184523406156,0.020602554538100764
5,64,devtest,eng_Latn,jpn_Jpan,0.033508977211584676,-0.05972691212191895
5,64,devtest,eng_Latn,tur_Latn,0.1764405549952956,-0.17898899088020023
5,64,devtest,eng_Latn,vie_Latn,0.10869255497041502,-0.11914910061097353
5,64,devtest,eng_Latn,ind_Latn,0.15754282468992084,-0.04719965695220158
5,64,devtest,deu_Latn,eng_Latn,-0.031500185311394716,-0.15871239056724687
5,64,devtest,deu_Latn,fra_Latn,0.0956987425644692,-0.11088422461596881
5,64,devtest,deu_Latn,spa_Latn,0.11456775824153662,-0.1823152880181015
5,64,devtest,deu_Latn,rus_Cyrl,0.05960271621725967,-0.12437260153284259
5,64,devtest,deu_Latn,hin_Deva,0.05409776782161542,-0.15497111991442938
5,64,devtest,deu_Latn,arb_Arab,0.0771264638288356,-0.18818600867862706
5,64,devtest,deu_Latn,zho_Hans,-0.020225278034709755,-0.117761440912001
5,64,devtest,deu_Latn,jpn_Jpan,0.03157750293074673,-0.17925955569582533
5,64,devtest,deu_Latn,tur_Latn,0.12773426948023667,-0.21347140365233117
5,64,devtest,deu_Latn,vie_Latn,0.02704013691132278,-0.206025119002877
5,64,devtest,deu_Latn,ind_Latn,0.03797218046379412,-0.14277767373444625
5,64,devtest,fra_Latn,eng_Latn,0.05982573577065027,-0.0003418305701518116
5,64,devtest,fra_Latn,deu_Latn,0.03976000849666086,-0.030242685336029026
5,64,devtest,fra_Latn,spa_Latn,0.12759062179585748,-0.06572361036481235
5,64,devtest,fra_Latn,rus_Cyrl,0.02078970531771423,-0.054520614319323896
5,64,devtest,fra_Latn,hin_Deva,0.0158247065504488,-0.09662073833985532
5,64,devtest,fra_Latn,arb_Arab,0.038692483996121255,-0.09824477695894823
5,64,devtest,fra_Latn,zho_Hans,0.0170071363739115,-0.0058641083729511975
5,64,devtest,fra_Latn,jpn_Jpan,0.007319993767667635,-0.08483114766839725
5,64,devtest,fra_Latn,tur_Latn,0.03351644384451225,-0.14991501646237554
5,64,devtest,fra_Latn,vie_Latn,0.12893637172888892,-0.09991798243554027
5,64,devtest,fra_Latn,ind_Latn,0.0648532099168189,-0.05761543599140662
5,64,devtest,spa_Latn,eng_Latn,-0.04681088310752148,-0.10449490741372773
5,64,devtest,spa_Latn,deu_Latn,0.09627582183600344,-0.11921359895281189
5,64,devtest,spa_Latn,fra_Latn,0.13951957371484364,-0.08178367803256228
5,64,devtest,spa_Latn,rus_Cyrl,0.08701796282354404,-0.12203857400310873
5,64,devtest,spa_Latn,hin_Deva,0.09773062210480316,-0.13584915488967617
5,64,devtest,spa_Latn,arb_Arab,0.13567743331519955,-0.14386197209795556
5,64,devtest,spa_Latn,zho_Hans,-0.04527000064001161,-0.0704230702182185
5,64,devtest,spa_Latn,jpn_Jpan,0.022441543589613273,-0.1193393985311258
5,64,devtest,spa_Latn,tur_Latn,0.07983292461035509,-0.19140135646491696
5,64,devtest,spa_Latn,vie_Latn,0.1316052352488062,-0.157025828304967
5,64,devtest,spa_Latn,ind_Latn,0.07709782036528857,-0.14682718891411753
5,64,devtest,rus_Cyrl,eng_Latn,0.016093171472978344,-0.08131597360298963
5,64,devtest,rus_Cyrl,deu_Latn,0.007226156764831818,-0.0875500944145187
5,64,devtest,rus_Cyrl,fra_Latn,0.021265470499405994,-0.08187365451176853
5,64,devtest,rus_Cyrl,spa_Latn,0.04244673973216946,-0.11963913019194113
5,64,devtest,rus_Cyrl,hin_Deva,0.0993298026847104,-0.09617404076861502
5,64,devtest,rus_Cyrl,arb_Arab,0.09293438032426597,-0.10534065675521513
5,64,devtest,rus_Cyrl,zho_Hans,0.0030868150457267775,-0.06151601881597095
5,64,devtest,rus_Cyrl,jpn_Jpan,-0.027916225650564046,-0.09001875689353608
5,64,devtest,rus_Cyrl,tur_Latn,-0.010244881759976931,-0.15240360686516874
5,64,devtest,rus_Cyrl,vie_Latn,-0.009386356127411535,-0.15740308176572626
5,64,devtest,rus_Cyrl,ind_Latn,-0.013969818366624588,-0.07048075264694216
5,64,devtest,hin_Deva,eng_Latn,-0.019780748482745632,-0.0775852295935696
5,64,devtest,hin_Deva,deu_Latn,-0.06404192876887783,-0.04503927238902984
5,64,devtest,hin_Deva,fra_Latn,0.034948469766653605,-0.03900362168258894
5,64,devtest,hin_Deva,spa_Latn,-0.050569219587807794,-0.0809670080723857
5,64,devtest,hin_Deva,rus_Cyrl,0.03233890664363163,-0.051274383842017414
5,64,devtest,hin_Deva,arb_Arab,-0.03115597697316002,-0.07820296346116364
5,64,devtest,hin_Deva,zho_Hans,0.030925746759049126,-0.02656060468440067
5,64,devtest,hin_Deva,jpn_Jpan,0.055414329393240785,-0.07689773387129774
5,64,devtest,hin_Deva,tur_Latn,-0.06421201425236223,-0.07427481931007492
5,64,devtest,hin_Deva,vie_Latn,-0.015114626154082584,-0.09946876344140701
5,64,devtest,hin_Deva,ind_Latn,-0.030905244984388864,-0.058396718675307525
5,64,devtest,arb_Arab,eng_Latn,0.0635514547461029,-0.12093450331652464
5,64,devtest,arb_Arab,deu_Latn,-0.011819159127393302,-0.11795851004884768
5,64,devtest,arb_Arab,fra_Latn,0.011966839964331389,-0.11993882094708283
5,64,devtest,arb_Arab,spa_Latn,0.08001731041476806,-0.12412369032201899
5,64,devtest,arb_Arab,rus_Cyrl,0.11592228382695038,-0.0740033829543934
5,64,devtest,arb_Arab,hin_Deva,0.0536965365091376,-0.12675436604730753
5,64,devtest,arb_Arab,zho_Hans,0.029965647244904033,-0.06881800352715192
5,64,devtest,arb_Arab,jpn_Jpan,0.0036976917682999136,-0.1450131192693241
5,64,devtest,arb_Arab,tur_Latn,0.010293231052807876,-0.16982004063986544
5,64,devtest,arb_Arab,vie_Latn,0.07817043441196767,-0.16004083070842842
5,64,devtest,arb_Arab,ind_Latn,0.0621432303648881,-0.0590179697071163
5,64,devtest,zho_Hans,eng_Latn,0.11934709778959915,-0.1015219097312349
5,64,devtest,zho_Hans,deu_Latn,0.17444541330450317,-0.1433321450046227
5,64,devtest,zho_Hans,fra_Latn,0.11447467797090696,-0.10505717283787513
5,64,devtest,zho_Hans,spa_Latn,0.11061858995346754,-0.16129331192803764
5,64,devtest,zho_Hans,rus_Cyrl,0.16552333018356047,-0.1425980358944211
5,64,devtest,zho_Hans,hin_Deva,0.1075902262857105,-0.12152812747053296
5,64,devtest,zho_Hans,arb_Arab,0.17200063851935016,-0.15748731748344563
5,64,devtest,zho_Hans,jpn_Jpan,0.12368851337037796,-0.16191427837619274
5,64,devtest,zho_Hans,tur_Latn,0.21370254740802097,-0.23372988136926445
5,64,devtest,zho_Hans,vie_Latn,0.13937998559767414,-0.15665990385958273
5,64,devtest,zho_Hans,ind_Latn,0.15640782645611054,-0.11714841613013686
5,64,devtest,jpn_Jpan,eng_Latn,-0.12011875163543002,-0.09127082642190704
5,64,devtest,jpn_Jpan,deu_Latn,0.09475585833021097,-0.08903239042660291
5,64,devtest,jpn_Jpan,fra_Latn,0.08181739514488706,-0.1009794863633773
5,64,devtest,jpn_Jpan,spa_Latn,0.13528265753678229,-0.10868093447542584
5,64,devtest,jpn_Jpan,rus_Cyrl,0.08227587875378059,-0.07551008887739206
5,64,devtest,jpn_Jpan,hin_Deva,0.17708093965619978,-0.06745418745727186
5,64,devtest,jpn_Jpan,arb_Arab,0.09453096810232586,-0.13968493156398595
5,64,devtest,jpn_Jpan,zho_Hans,-0.01519229908879489,-0.07140338614018454
5,64,devtest,jpn_Jpan,tur_Latn,0.08073247275784631,-0.1893809480532982
5,64,devtest,jpn_Jpan,vie_Latn,0.022066571025892958,-0.1388125754141575
5,64,devtest,jpn_Jpan,ind_Latn,0.021457457017679076,-0.09523235535155124
5,64,devtest,tur_Latn,eng_Latn,-0.02341890419158985,-0.19784016282945918
5,64,devtest,tur_Latn,deu_Latn,0.09264796344317608,-0.11968813247308185
5,64,devtest,tur_Latn,fra_Latn,0.045826601094793536,-0.12666293378246993
5,64,devtest,tur_Latn,spa_Latn,0.09585922004195602,-0.16112686583084085
5,64,devtest,tur_Latn,rus_Cyrl,0.004712624652008668,-0.10464722036221538
5,64,devtest,tur_Latn,hin_Deva,0.08319203074548552,-0.06986821109809102
5,64,devtest,tur_Latn,arb_Arab,0.08743000913287809,-0.12533944934597693
5,64,devtest,tur_Latn,zho_Hans,0.07465757782063118,-0.1254547512755937
5,64,devtest,tur_Latn,jpn_Jpan,-0.0033011565928207664,-0.17202873202892763
5,64,devtest,tur_Latn,vie_Latn,0.04641159677889564,-0.19291383960973368
5,64,devtest,tur_Latn,ind_Latn,0.08512972877811074,-0.14212266915831961
5,64,devtest,vie_Latn,eng_Latn,-0.021870524239048936,-0.09432958636975292
5,64,devtest,vie_Latn,deu_Latn,0.07515570385432575,-0.09229970809800574
5,64,devtest,vie_Latn,fra_Latn,0.1405007326990701,-0.06986400764234456
5,64,devtest,vie_Latn,spa_Latn,0.17269650639262296,-0.10814750619873449
5,64,devtest,vie_Latn,rus_Cyrl,0.0774556710279211,-0.06982278375413248
5,64,devtest,vie_Latn,hin_Deva,0.07859762948504236,-0.10485564852751317
5,64,devtest,vie_Latn,arb_Arab,0.12809556756033458,-0.1088757430394816
5,64,devtest,vie_Latn,zho_Hans,0.006585697220419347,-0.015149355011197919
5,64,devtest,vie_Latn,jpn_Jpan,0.015399615123161318,-0.08954726599325655
5,64,devtest,vie_Latn,tur_Latn,0.06738568506201313,-0.16083388805940363
5,64,devtest,vie_Latn,ind_Latn,0.06569117428411791,0.0038044624016938047
5,64,devtest,ind_Latn,eng_Latn,-0.04659415450831557,-0.05387840908254769
5,64,devtest,ind_Latn,deu_Latn,0.006796938328339774,-0.07111269253705282
5,64,devtest,ind_Latn,fra_Latn,0.07792120212359396,-0.04405124242226774
5,64,devtest,ind_Latn,spa_Latn,0.07152643081467,-0.12074235057974492
5,64,devtest,ind_Latn,rus_Cyrl,-0.002083217868152166,-0.03388601221660009
5,64,devtest,ind_Latn,hin_Deva,0.08228530522652523,-0.03158565513549485
5,64,devtest,ind_Latn,arb_Arab,0.08516963732337662,-0.048965304928271586
5,64,devtest,ind_Latn,zho_Hans,-0.03419493356490143,0.013417502782049217
5,64,devtest,ind_Latn,jpn_Jpan,-0.01200641511666853,-0.08016172549002387
5,64,devtest,ind_Latn,tur_Latn,0.09249921459905718,-0.14233136902416474
5,64,devtest,ind_Latn,vie_Latn,0.040159843090719204,-0.028221323161548986
5,128,devtest,eng_Latn,deu_Latn,0.1931244577216012,-0.06089225197223292
5,128,devtest,eng_Latn,fra_Latn,0.12317412001553059,-0.0017967743993215406
5,128,devtest,eng_Latn,spa_Latn,0.10612864942762613,-0.06974595567506321
5,128,devtest,eng_Latn,rus_Cyrl,0.14566137765350445,-0.03314326613448478
5,128,devtest,eng_Latn,hin_Deva,0.1255817818946993,-0.07481357593309497
5,128,devtest,eng_Latn,arb_Arab,0.1755801507794961,-0.09598216239969243
5,128,devtest,eng_Latn,zho_Hans,0.03174020298086094,0.02676855395249554
5,128,devtest,eng_Latn,jpn_Jpan,0.0551411035504031,-0.06512996607080587
5,128,devtest,eng_Latn,tur_Latn,0.20576650242506966,-0.17869194405402947
5,128,devtest,eng_Latn,vie_Latn,0.1275980870846318,-0.11371649474874022
5,128,devtest,eng_Latn,ind_Latn,0.1882837543192589,-0.046519623289621025
5,128,devtest,deu_Latn,eng_Latn,-0.014139542026457608,-0.15741060305948618
5,128,devtest,deu_Latn,fra_Latn,0.0856048167660204,-0.10892434743972039
5,128,devtest,deu_Latn,spa_Latn,0.10687909149838423,-0.1774513241413645
5,128,devtest,deu_Latn,rus_Cyrl,0.05989726415893589,-0.12598020426403728
5,128,devtest,deu_Latn,hin_Deva,0.07105355078955566,-0.1586254894317667
5,128,devtest,deu_Latn,arb_Arab,0.08666994875534208,-0.18174315660754145
5,128,devtest,deu_Latn,zho_Hans,-0.032463801137371975,-0.11895680599909464
5,128,devtest,deu_Latn,jpn_Jpan,0.024045554523178473,-0.18553392128774318
5,128,devtest,deu_Latn,tur_Latn,0.12896416281179554,-0.211731836548323
5,128,devtest,deu_Latn,vie_Latn,0.02100194763863509,-0.19948365176975894
5,128,devtest,deu_Latn,ind_Latn,0.048703150650184775,-0.14302981193295242
5,128,devtest,fra_Latn,eng_Latn,0.06717233719315002,0.002495517747501817
5,128,devtest,fra_Latn,deu_Latn,0.03027307456713106,-0.02970500756845301
5,128,devtest,fra_Latn,spa_Latn,0.12167874434175621,-0.0749815249482404
5,128,devtest,fra_Latn,rus_Cyrl,0.020873962879825958,-0.05971947679538746
5,128,devtest,fra_Latn,hin_Deva,0.036922938545852296,-0.10676979793598221
5,128,devtest,fra_Latn,arb_Arab,0.057597693164333545,-0.10514924391717383
5,128,devtest,fra_Latn,zho_Hans,0.008954724736900533,-0.014086001058259318
5,128,devtest,fra_Latn,jpn_Jpan,-0.009800737415509199,-0.09083453397710753
5,128,devtest,fra_Latn,tur_Latn,0.04238672118371035,-0.1459266766545484
5,128,devtest,fra_Latn,vie_Latn,0.12958784392477324,-0.10298559055430095
5,128,devtest,fra_Latn,ind_Latn,0.07014862664918287,-0.06270292332689029
5,128,devtest,spa_Latn,eng_Latn,-0.039025239811538506,-0.10346305841412505
5,128,devtest,spa_Latn,deu_Latn,0.0946455178476586,-0.12040224317329681
5,128,devtest,spa_Latn,fra_Latn,0.14164754920086747,-0.09836394426800014
5,128,devtest,spa_Latn,rus_Cyrl,0.08744830835819825,-0.1294460871237867
5,128,devtest,spa_Latn,hin_Deva,0.13057280748260947,-0.15332115759946907
5,128,devtest,spa_Latn,arb_Arab,0.15236608210980843,-0.1535722418931334
5,128,devtest,spa_Latn,zho_Hans,-0.051550099526705334,-0.0694489084941066
5,128,devtest,spa_Latn,jpn_Jpan,0.01892937276140957,-0.13893659537841263
5,128,devtest,spa_Latn,tur_Latn,0.09134196350907064,-0.19463096979426722
5,128,devtest,spa_Latn,vie_Latn,0.14412188174212123,-0.171157518746919
5,128,devtest,spa_Latn,ind_Latn,0.068057829521498,-0.16259992380136273
5,128,devtest,rus_Cyrl,eng_Latn,-0.0030061736250847283,-0.07768122402420809
5,128,devtest,rus_Cyrl,deu_Latn,-0.005836514127896557,-0.09254799355693735
5,128,devtest,rus_Cyrl,fra_Latn,0.02341564197106635,-0.08824958821374863
5,128,devtest,rus_Cyrl,spa_Latn,0.0249295199679212,-0.12560271013866248
5,128,devtest,rus_Cyrl,hin_Deva,0.09831123880882736,-0.1018666872976271
5,128,devtest,rus_Cyrl,arb_Arab,0.09848768566129208,-0.12650486108748749
5,128,devtest,rus_Cyrl,zho_Hans,-0.01284169640659444,-0.06639224245968779
5,128,devtest,rus_Cyrl,jpn_Jpan,-0.02778961662173483,-0.11322518270767525
5,128,devtest,rus_Cyrl,tur_Latn,-0.009892221254557338,-0.16102433035386035
5,128,devtest,rus_Cyrl,vie_Latn,-0.008831244624922132,-0.16285176737398066
5,128,devtest,rus_Cyrl,ind_Latn,-0.027304652094585533,-0.08737220625053091
5,128,devtest,hin_Deva,eng_Latn,-0.015881429660223406,-0.07014300506975105
5,128,devtest,hin_Deva,deu_Latn,-0.06974247358871337,-0.036994676082891406
5,128,devtest,hin_Deva,fra_Latn,0.025024108278736704,-0.04097305193583331
5,128,devtest,hin_Deva,spa_Latn,-0.0523254244861247,-0.07740217107065703
5,128,devtest,hin_Deva,rus_Cyrl,0.011112700059350559,-0.04632679285998429
5,128,devtest,hin_Deva,arb_Arab,-0.04260258760331266,-0.06941105527727712
5,128,devtest,hin_Deva,zho_Hans,0.01983038744351818,-0.022228974120807658
5,128,devtest,hin_Deva,jpn_Jpan,0.047740813710403805,-0.07449288230876683
5,128,devtest,hin_Deva,tur_Latn,-0.07309334073356688,-0.07688395630018995
5,128,devtest,hin_Deva,vie_Latn,-0.016394717179508914,-0.09377995195033355
5,128,devtest,hin_Deva,ind_Latn,-0.03630990424598642,-0.05712383658580245
5,128,devtest,arb_Arab,eng_Latn,0.05776431914341755,-0.12872124146445016
5,128,devtest,arb_Arab,deu_Latn,0.0036637567243825364,-0.11379152447805224
5,128,devtest,arb_Arab,fra_Latn,0.031334761471307176,-0.13021287865896602
5,128,devtest,arb_Arab,spa_Latn,0.08181320654002505,-0.1340337055605366
5,128,devtest,arb_Arab,rus_Cyrl,0.1275111935162701,-0.10627676390027342
5,128,devtest,arb_Arab,hin_Deva,0.06844465437976871,-0.14276234796592446
5,128,devtest,arb_Arab,zho_Hans,0.017854743251715474,-0.07558984757882746
5,128,devtest,arb_Arab,jpn_Jpan,0.009258839276872275,-0.15745454649169552
5,128,devtest,arb_Arab,tur_Latn,0.004733979524312001,-0.17576785168698558
5,128,devtest,arb_Arab,vie_Latn,0.07439511916468278,-0.16757300940371983
5,128,devtest,arb_Arab,ind_Latn,0.05429282610992906,-0.07600052732075936
5,128,devtest,zho_Hans,eng_Latn,0.11857237715124012,-0.08739565504099987
5,128,devtest,zho_Hans,deu_Latn,0.2012748121276514,-0.14901823036996473
5,128,devtest,zho_Hans,fra_Latn,0.12115840894678191,-0.12158678480655635
5,128,devtest,zho_Hans,spa_Latn,0.12580140494745626,-0.15786781826608426
5,128,devtest,zho_Hans,rus_Cyrl,0.1743494611061044,-0.14749555377378662
5,128,devtest,zho_Hans,hin_Deva,0.12737929673148635,-0.1289415909861545
5,128,devtest,zho_Hans,arb_Arab,0.17619245523703586,-0.17103835268112266
5,128,devtest,zho_Hans,jpn_Jpan,0.13135262578351842,-0.18060038566225464
5,128,devtest,zho_Hans,tur_Latn,0.22618082239243423,-0.23623311048824933
5,128,devtest,zho_Hans,vie_Latn,0.12477040191861913,-0.14506868237860204
5,128,devtest,zho_Hans,ind_Latn,0.18060112574977644,-0.14616453665281479
5,128,devtest,jpn_Jpan,eng_Latn,-0.1165917446879029,-0.0798989708700349
5,128,devtest,jpn_Jpan,deu_Latn,0.10280170499946122,-0.09030504106469296
5,128,devtest,jpn_Jpan,fra_Latn,0.07938403989681768,-0.10700010242066775
5,128,devtest,jpn_Jpan,spa_Latn,0.14234991646882927,-0.12612956292809777
5,128,devtest,jpn_Jpan,rus_Cyrl,0.10726436179201074,-0.09298338672452745
5,128,devtest,jpn_Jpan,hin_Deva,0.18018593858114346,-0.07978448781446569
5,128,devtest,jpn_Jpan,arb_Arab,0.11102167168602833,-0.1433279777436421
5,128,devtest,jpn_Jpan,zho_Hans,-0.026181784100456455,-0.07831496812980812
5,128,devtest,jpn_Jpan,tur_Latn,0.08940420406564781,-0.18947622681884602
5,128,devtest,jpn_Jpan,vie_Latn,0.01666910067721158,-0.14457153827671648
5,128,devtest,jpn_Jpan,ind_Latn,0.030081230107856852,-0.10072575779187098
5,128,devtest,tur_Latn,eng_Latn,-0.022744569938874186,-0.17603192000584994
5,128,devtest,tur_Latn,deu_Latn,0.08274838689916357,-0.11107548953508922
5,128,devtest,tur_Latn,fra_Latn,0.04780415497495206,-0.1094717448464293
5,128,devtest,tur_Latn,spa_Latn,0.0911727341363788,-0.14466817716218286
5,128,devtest,tur_Latn,rus_Cyrl,0.010655690867816854,-0.09999581762039716
5,128,devtest,tur_Latn,hin_Deva,0.10087791428648674,-0.08303368076376345
5,128,devtest,tur_Latn,arb_Arab,0.093406102774596,-0.10872977783785341
5,128,devtest,tur_Latn,zho_Hans,0.05559530143066433,-0.11712887058212004
5,128,devtest,tur_Latn,jpn_Jpan,-0.00027178925739611715,-0.17097587185339733
5,128,devtest,tur_Latn,vie_Latn,0.039861484281683734,-0.18578062446220361
5,128,devtest,tur_Latn,ind_Latn,0.07361485869218519,-0.14208515320374027
5,128,devtest,vie_Latn,eng_Latn,-0.030162661548584525,-0.08385216689001926
5,128,devtest,vie_Latn,deu_Latn,0.08256463618801078,-0.08440304586271939
5,128,devtest,vie_Latn,fra_Latn,0.14945893277315836,-0.0703756375101055
5,128,devtest,vie_Latn,spa_Latn,0.19130802767998764,-0.11821725815203847
5,128,devtest,vie_Latn,rus_Cyrl,0.09313904142128653,-0.07443672159368395
5,128,devtest,vie_Latn,hin_Deva,0.12273511825527866,-0.11464946191063126
5,128,devtest,vie_Latn,arb_Arab,0.1377888377624516,-0.10884031102162675
5,128,devtest,vie_Latn,zho_Hans,-0.019477742865201094,-0.008019574468237227
5,128,devtest,vie_Latn,jpn_Jpan,0.01784141405942033,-0.10070861416332325
5,128,devtest,vie_Latn,tur_Latn,0.0697086334250273,-0.15940307307150905
5,128,devtest,vie_Latn,ind_Latn,0.09895926566329166,-0.0187759460057948
5,128,devtest,ind_Latn,eng_Latn,-0.03241334501200479,-0.03622476299269822
5,128,devtest,ind_Latn,deu_Latn,0.010310095031325163,-0.06454941671902117
5,128,devtest,ind_Latn,fra_Latn,0.08246264534190786,-0.038873160390952496
5,128,devtest,ind_Latn,spa_Latn,0.05884000587648911,-0.11673854188810502
5,128,devtest,ind_Latn,rus_Cyrl,-0.013278334169351563,-0.032645527358162015
5,128,devtest,ind_Latn,hin_Deva,0.10338754361227814,-0.0451343283206131
5,128,devtest,ind_Latn,arb_Arab,0.09594485127333997,-0.05095334660804173
5,128,devtest,ind_Latn,zho_Hans,-0.032406040690646586,0.0019603702979921877
5,128,devtest,ind_Latn,jpn_Jpan,-0.01505463425322182,-0.08431427857489628
5,128,devtest,ind_Latn,tur_Latn,0.08623176743486351,-0.1392790524331913
5,128,devtest,ind_Latn,vie_Latn,0.06320930530042355,-0.035036333767378074
5,256,devtest,eng_Latn,deu_Latn,0.21282057295311832,-0.05308031108641671
5,256,devtest,eng_Latn,fra_Latn,0.13764449244058988,-0.0126366148425947
5,256,devtest,eng_Latn,spa_Latn,0.11222305920706259,-0.06036880861844838
5,256,devtest,eng_Latn,rus_Cyrl,0.15398233897558408,-0.03327510272973013
5,256,devtest,eng_Latn,hin_Deva,0.14294002232465033,-0.08234956328215101
5,256,devtest,eng_Latn,arb_Arab,0.1901472170122409,-0.0984535040569908
5,256,devtest,eng_Latn,zho_Hans,0.023740286711506294,0.039954822751704935
5,256,devtest,eng_Latn,jpn_Jpan,0.06952992008277278,-0.07823851071108953
5,256,devtest,eng_Latn,tur_Latn,0.22537304827119467,-0.18327099620357012
5,256,devtest,eng_Latn,vie_Latn,0.15253920593947565,-0.1394339560656518
5,256,devtest,eng_Latn,ind_Latn,0.21494206628704302,-0.06731083255139449
5,256,devtest,deu_Latn,eng_Latn,-0.01644377492555334,-0.16235948567454822
5,256,devtest,deu_Latn,fra_Latn,0.08154190459835929,-0.12123481256478431
5,256,devtest,deu_Latn,spa_Latn,0.09151859535385386,-0.18374206634835696
5,256,devtest,deu_Latn,rus_Cyrl,0.06568746207617497,-0.13798012030816592
5,256,devtest,deu_Latn,hin_Deva,0.09137212126918857,-0.1616034049525127
5,256,devtest,deu_Latn,arb_Arab,0.08832301132469896,-0.18239739976546304
5,256,devtest,deu_Latn,zho_Hans,-0.04967204327741535,-0.11172781620103377
5,256,devtest,deu_Latn,jpn_Jpan,0.010923652618264881,-0.1903256130197667
5,256,devtest,deu_Latn,tur_Latn,0.12484306654341432,-0.21172173964970986
5,256,devtest,deu_Latn,vie_Latn,0.008418475737031538,-0.20073315182093063
5,256,devtest,deu_Latn,ind_Latn,0.04979549206007183,-0.1543396728512952
5,256,devtest,fra_Latn,eng_Latn,0.06891626745789013,-0.0023767591110465743
5,256,devtest,fra_Latn,deu_Latn,0.022714960672509076,-0.037079450565188854
5,256,devtest,fra_Latn,spa_Latn,0.12413354391830556,-0.08820667224054578
5,256,devtest,fra_Latn,rus_Cyrl,0.026266053182156558,-0.06488646817137493
5,256,devtest,fra_Latn,hin_Deva,0.054281281111678244,-0.11054157856008288
5,256,devtest,fra_Latn,arb_Arab,0.05457853568175929,-0.10414116998419823
5,256,devtest,fra_Latn,zho_Hans,-0.006574561965525148,-0.004062208799487958
5,256,devtest,fra_Latn,jpn_Jpan,-0.012526366481208284,-0.09885309454263774
5,256,devtest,fra_Latn,tur_Latn,0.0516389770916601,-0.1562889021217959
5,256,devtest,fra_Latn,vie_Latn,0.11148623933955096,-0.11422118415886219
5,256,devtest,fra_Latn,ind_Latn,0.06705033839330723,-0.08043670187653984
5,256,devtest,spa_Latn,eng_Latn,-0.05891163603806764,-0.1003037022377062
5,256,devtest,spa_Latn,deu_Latn,0.08006944612756309,-0.12410237666778864
5,256,devtest,spa_Latn,fra_Latn,0.14338748621954917,-0.12384517499735975
5,256,devtest,spa_Latn,rus_Cyrl,0.08590543263265105,-0.13541039655191137
5,256,devtest,spa_Latn,hin_Deva,0.13940989418468014,-0.15534487718851414
5,256,devtest,spa_Latn,arb_Arab,0.1487895808596523,-0.16135115720883722
5,256,devtest,spa_Latn,zho_Hans,-0.04534091864298361,-0.07345406126773879
5,256,devtest,spa_Latn,jpn_Jpan,0.00932703615197059,-0.1498803834717174
5,256,devtest,spa_Latn,tur_Latn,0.08591978053553267,-0.19776977950415153
5,256,devtest,spa_Latn,vie_Latn,0.11471664348740691,-0.17745584407054657
5,256,devtest,spa_Latn,ind_Latn,0.06632916531365551,-0.16885255455841894
5,256,devtest,rus_Cyrl,eng_Latn,-0.01494511110073985,-0.08029890212230145
5,256,devtest,rus_Cyrl,deu_Latn,-0.013490273728570862,-0.10347852497185857
5,256,devtest,rus_Cyrl,fra_Latn,0.02325108094296233,-0.09964006464372283
5,256,devtest,rus_Cyrl,spa_Latn,0.010850207281692444,-0.12732040726212956
5,256,devtest,rus_Cyrl,hin_Deva,0.1076028025808422,-0.10742760007238306
5,256,devtest,rus_Cyrl,arb_Arab,0.0809761646760515,-0.12467936791765975
5,256,devtest,rus_Cyrl,zho_Hans,-0.02026861999899909,-0.0648296230465321
5,256,devtest,rus_Cyrl,jpn_Jpan,-0.040133134347064676,-0.11209921876651766
5,256,devtest,rus_Cyrl,tur_Latn,-0.02592763046326053,-0.1683652194428499
5,256,devtest,rus_Cyrl,vie_Latn,-0.013417456277486809,-0.17433707988838934
5,256,devtest,rus_Cyrl,ind_Latn,-0.023068117305546042,-0.08984900174584531
5,256,devtest,hin_Deva,eng_Latn,-0.02240331779222487,-0.06593468910309377
5,256,devtest,hin_Deva,deu_Latn,-0.07770543590121012,-0.031212423483120578
5,256,devtest,hin_Deva,fra_Latn,0.02075661309803759,-0.037264359388944936
5,256,devtest,hin_Deva,spa_Latn,-0.061344614956581764,-0.07466724400859058
5,256,devtest,hin_Deva,rus_Cyrl,0.0017788121491301456,-0.04436945099895304
5,256,devtest,hin_Deva,arb_Arab,-0.05064239265581563,-0.06532231830324808
5,256,devtest,hin_Deva,zho_Hans,0.013593280678966695,-0.019025885061395416
5,256,devtest,hin_Deva,jpn_Jpan,0.042582275892735576,-0.06942940771465458
5,256,devtest,hin_Deva,tur_Latn,-0.077096465742866,-0.07436944408259749
5,256,devtest,hin_Deva,vie_Latn,-0.026012917758425187,-0.08904161842155439
5,256,devtest,hin_Deva,ind_Latn,-0.04360125001896502,-0.05389876506574904
5,256,devtest,arb_Arab,eng_Latn,0.059878802700700985,-0.1299513252140334
5,256,devtest,arb_Arab,deu_Latn,-0.013002323285585518,-0.11217980698094011
5,256,devtest,arb_Arab,fra_Latn,0.03382054919041488,-0.12606154428626468
5,256,devtest,arb_Arab,spa_Latn,0.06966484247444613,-0.13302463595266298
5,256,devtest,arb_Arab,rus_Cyrl,0.12164575615105637,-0.10062463729432883
5,256,devtest,arb_Arab,hin_Deva,0.08141218310006505,-0.13666012226267676
5,256,devtest,arb_Arab,zho_Hans,0.019438068615098638,-0.06838722873895102
5,256,devtest,arb_Arab,jpn_Jpan,0.006131033213966135,-0.16007951745175675
5,256,devtest,arb_Arab,tur_Latn,0.00018204095287490676,-0.18252498391903416
5,256,devtest,arb_Arab,vie_Latn,0.062397493451474675,-0.18147459573636968
5,256,devtest,arb_Arab,ind_Latn,0.04367095529492594,-0.09424927290894139
5,256,devtest,zho_Hans,eng_Latn,0.11555730076812841,-0.08114160631529385
5,256,devtest,zho_Hans,deu_Latn,0.20782718240898543,-0.14407441018753908
5,256,devtest,zho_Hans,fra_Latn,0.12231622626324566,-0.11805550686455764
5,256,devtest,zho_Hans,spa_Latn,0.15148095855423552,-0.16540201454497844
5,256,devtest,zho_Hans,rus_Cyrl,0.18925318321705462,-0.1511058414767737
5,256,devtest,zho_Hans,hin_Deva,0.13598765876579255,-0.1295537939388218
5,256,devtest,zho_Hans,arb_Arab,0.1948539799647962,-0.16587160267858542
5,256,devtest,zho_Hans,jpn_Jpan,0.14885934437086257,-0.19123839113730864
5,256,devtest,zho_Hans,tur_Latn,0.24237592540237138,-0.249439222077416
5,256,devtest,zho_Hans,vie_Latn,0.14140011627639035,-0.1650076868899297
5,256,devtest,zho_Hans,ind_Latn,0.18858061358759093,-0.15765549847177387
5,256,devtest,jpn_Jpan,eng_Latn,-0.1264807221869129,-0.09471670868607367
5,256,devtest,jpn_Jpan,deu_Latn,0.10102172681886257,-0.0871533090252564
5,256,devtest,jpn_Jpan,fra_Latn,0.08794343307941162,-0.10906101745978838
5,256,devtest,jpn_Jpan,spa_Latn,0.152255418212339,-0.1298578406346024
5,256,devtest,jpn_Jpan,rus_Cyrl,0.11647748141057618,-0.08424242171102835
5,256,devtest,jpn_Jpan,hin_Deva,0.19191651407479818,-0.0771386300638073
5,256,devtest,jpn_Jpan,arb_Arab,0.11958369001063322,-0.14154287382598563
5,256,devtest,jpn_Jpan,zho_Hans,-0.02654137161834356,-0.07993712456091173
5,256,devtest,jpn_Jpan,tur_Latn,0.08667441452438415,-0.19396583844205112
5,256,devtest,jpn_Jpan,vie_Latn,0.017440473958816285,-0.1579525530912844
5,256,devtest,jpn_Jpan,ind_Latn,0.03011838692019012,-0.10861220206426625
5,256,devtest,tur_Latn,eng_Latn,-0.027131404263816196,-0.17794166141346804
5,256,devtest,tur_Latn,deu_Latn,0.07343487666268489,-0.09855319892705532
5,256,devtest,tur_Latn,fra_Latn,0.058508714557673064,-0.11464955467065596
5,256,devtest,tur_Latn,spa_Latn,0.07998476268491937,-0.1394439005706716
5,256,devtest,tur_Latn,rus_Cyrl,0.0085401678287067,-0.09071071637174587
5,256,devtest,tur_Latn,hin_Deva,0.12346432790646474,-0.07996046266996362
5,256,devtest,tur_Latn,arb_Arab,0.09800317092106284,-0.10823856698783262
5,256,devtest,tur_Latn,zho_Hans,0.0427014621885952,-0.11480050240210608
5,256,devtest,tur_Latn,jpn_Jpan,-0.007554892647385029,-0.17427768605925262
5,256,devtest,tur_Latn,vie_Latn,0.035417974492573785,-0.18227847787192233
5,256,devtest,tur_Latn,ind_Latn,0.07372235460575571,-0.13933338688284058
5,256,devtest,vie_Latn,eng_Latn,-0.03129825449920714,-0.1100690023463231
5,256,devtest,vie_Latn,deu_Latn,0.08936160122380211,-0.08494197084702707
5,256,devtest,vie_Latn,fra_Latn,0.13329131317540355,-0.0845910230738932
5,256,devtest,vie_Latn,spa_Latn,0.18335381764921727,-0.12224812322192861
5,256,devtest,vie_Latn,rus_Cyrl,0.10539002716169261,-0.0794769057294214
5,256,devtest,vie_Latn,hin_Deva,0.12349462812400078,-0.11709766342432792
5,256,devtest,vie_Latn,arb_Arab,0.1381053695461545,-0.12268967487538726
5,256,devtest,vie_Latn,zho_Hans,-0.026385368833079355,-0.019012155621112036
5,256,devtest,vie_Latn,jpn_Jpan,0.007118488345872432,-0.11298027451896707
5,256,devtest,vie_Latn,tur_Latn,0.07912757221340183,-0.16446955352889295
5,256,devtest,vie_Latn,ind_Latn,0.10271316053164439,-0.04860084534821681
5,256,devtest,ind_Latn,eng_Latn,-0.026616397520760934,-0.04638426500774736
5,256,devtest,ind_Latn,deu_Latn,0.01316814335680976,-0.06603705582712774
5,256,devtest,ind_Latn,fra_Latn,0.08315569462763855,-0.05258323295746281
5,256,devtest,ind_Latn,spa_Latn,0.049427381704383384,-0.11358750477893732
5,256,devtest,ind_Latn,rus_Cyrl,-0.0050068022626273525,-0.022921605861393315
5,256,devtest,ind_Latn,hin_Deva,0.10825159395551946,-0.05825293176181263
5,256,devtest,ind_Latn,arb_Arab,0.09877080574137391,-0.05995901608875668
5,256,devtest,ind_Latn,zho_Hans,-0.040706517752891636,0.004176165680337427
5,256,devtest,ind_Latn,jpn_Jpan,-0.014201544410446645,-0.09357170117697322
5,256,devtest,ind_Latn,tur_Latn,0.09103502162765986,-0.1388090555033897
5,256,devtest,ind_Latn,vie_Latn,0.04609755222944664,-0.05529617857192762
6,64,devtest,eng_Latn,deu_Latn,0.1485379887949642,-0.011239866493656688
6,64,devtest,eng_Latn,fra_Latn,0.12891135782127905,0.03380713081271242
6,64,devtest,eng_Latn,spa_Latn,0.0756652132058938,-0.024525165394132974
6,64,devtest,eng_Latn,rus_Cyrl,0.13367555256947058,0.00012624377319067308
6,64,devtest,eng_Latn,hin_Deva,0.1043003424210378,-0.0855824355621008
6,64,devtest,eng_Latn,arb_Arab,0.16931527718692957,-0.04212353076480479
6,64,devtest,eng_Latn,zho_Hans,0.019627721274103564,0.07208346465728775
6,64,devtest,eng_Latn,jpn_Jpan,0.04446421322673135,-0.02093113468596062
6,64,devtest,eng_Latn,tur_Latn,0.15901942271359232,-0.13419717687268967
6,64,devtest,eng_Latn,vie_Latn,0.09735941212086496,-0.047917360145169514
6,64,devtest,eng_Latn,ind_Latn,0.1273725683618072,0.009242419114487775
6,64,devtest,deu_Latn,eng_Latn,0.05092851660269923,-0.020294725108590934
6,64,devtest,deu_Latn,fra_Latn,0.03715181778199461,0.02017174239512188
6,64,devtest,deu_Latn,spa_Latn,0.05639719737409204,-0.030238898230986164
6,64,devtest,deu_Latn,rus_Cyrl,-0.026407372771202788,-0.019564015244205122
6,64,devtest,deu_Latn,hin_Deva,0.01275988089915788,-0.12438945025717178
6,64,devtest,deu_Latn,arb_Arab,0.01480840592599881,-0.081809313324099
6,64,devtest,deu_Latn,zho_Hans,0.053007884063593816,-0.0204605349906098
6,64,devtest,deu_Latn,jpn_Jpan,0.013169839959562281,-0.06174591245500338
6,64,devtest,deu_Latn,tur_Latn,0.03679905950419496,-0.09137466875199919
6,64,devtest,deu_Latn,vie_Latn,0.04649678317267391,-0.09560413429603523
6,64,devtest,deu_Latn,ind_Latn,0.04173827916855052,-0.05118129270871006
6,64,devtest,fra_Latn,eng_Latn,0.09766467416714947,0.050117146204827275
6,64,devtest,fra_Latn,deu_Latn,-0.019211530922331962,0.010371100189779003
6,64,devtest,fra_Latn,spa_Latn,0.10963651803252573,0.004501580983295618
6,64,devtest,fra_Latn,rus_Cyrl,-0.009677994716043877,0.008228458038664609
6,64,devtest,fra_Latn,hin_Deva,-0.023898859904903647,-0.09899524058196327
6,64,devtest,fra_Latn,arb_Arab,0.04737197048602978,-0.03613395622792186
6,64,devtest,fra_Latn,zho_Hans,0.02018016569955886,0.050404201557478136
6,64,devtest,fra_Latn,jpn_Jpan,0.04397893612342541,-0.04223537648551476
6,64,devtest,fra_Latn,tur_Latn,-0.008979428961499735,-0.08161391277616964
6,64,devtest,fra_Latn,vie_Latn,0.1366799572792717,-0.04151006998494683
6,64,devtest,fra_Latn,ind_Latn,0.07001995736561385,-0.0030967545797520838
6,64,devtest,spa_Latn,eng_Latn,-0.02510717088568461,-0.05453390211255631
6,64,devtest,spa_Latn,deu_Latn,0.062152459026922575,-0.05501204779709013
6,64,devtest,spa_Latn,fra_Latn,0.09648938148613359,-0.015111950473280455
6,64,devtest,spa_Latn,rus_Cyrl,0.0727099565252154,-0.060033714204130346
6,64,devtest,spa_Latn,hin_Deva,0.06758343471714383,-0.16829032945233105
6,64,devtest,spa_Latn,arb_Arab,0.09248209904371782,-0.06405941114663251
6,64,devtest,spa_Latn,zho_Hans,-0.007451120108666294,-0.03566766102359741
6,64,devtest,spa_Latn,jpn_Jpan,0.02047057942952454,-0.09167941519300005
6,64,devtest,spa_Latn,tur_Latn,0.05304502821104949,-0.1465287597674189
6,64,devtest,spa_Latn,vie_Latn,0.11751903382596116,-0.10418471555265135
6,64,devtest,spa_Latn,ind_Latn,0.036434455336529795,-0.10975151463709881
6,64,devtest,rus_Cyrl,eng_Latn,0.05303379285947712,-0.046335100674279636
6,64,devtest,rus_Cyrl,deu_Latn,0.015609917740731269,-0.03577734563265124
6,64,devtest,rus_Cyrl,fra_Latn,0.036055526777960194,-0.026869803683606995
6,64,devtest,rus_Cyrl,spa_Latn,0.05511689150840101,-0.06053091367585582
6,64,devtest,rus_Cyrl,hin_Deva,0.04275760314502524,-0.12095747002023008
6,64,devtest,rus_Cyrl,arb_Arab,0.05543010555639746,-0.052456638594477384
6,64,devtest,rus_Cyrl,zho_Hans,-0.014175976598408623,-0.009370853195099128
6,64,devtest,rus_Cyrl,jpn_Jpan,-0.0209870414432777,-0.04214601896464382
6,64,devtest,rus_Cyrl,tur_Latn,-0.014280576554697718,-0.1052959549426689
6,64,devtest,rus_Cyrl,vie_Latn,-0.002961476562822958,-0.10136690283905467
6,64,devtest,rus_Cyrl,ind_Latn,0.02155820293071226,-0.022553376993163614
6,64,devtest,hin_Deva,eng_Latn,-0.006124191270190498,-0.09517919040454012
6,64,devtest,hin_Deva,deu_Latn,-0.032516777828947456,-0.10040097676635355
6,64,devtest,hin_Deva,fra_Latn,0.04706027871020833,-0.06834864711792536
6,64,devtest,hin_Deva,spa_Latn,-0.04433424961761885,-0.09410002574864397
6,64,devtest,hin_Deva,rus_Cyrl,0.05659409393042425,-0.07811590479097753
6,64,devtest,hin_Deva,arb_Arab,-0.018831474961384962,-0.09355910692289492
6,64,devtest,hin_Deva,zho_Hans,0.06519338851651515,-0.052144508646881776
6,64,devtest,hin_Deva,jpn_Jpan,0.07019711863907427,-0.10976786331912779
6,64,devtest,hin_Deva,tur_Latn,-0.040718047248422026,-0.09965204861385185
6,64,devtest,hin_Deva,vie_Latn,0.01496179328925238,-0.11947279889854287
6,64,devtest,hin_Deva,ind_Latn,-0.005395628175504417,-0.08968653876363472
6,64,devtest,arb_Arab,eng_Latn,0.0945267964411288,-0.06371570969587786
6,64,devtest,arb_Arab,deu_Latn,-0.006210999576535837,-0.07688713297426186
6,64,devtest,arb_Arab,fra_Latn,0.04914165412190047,-0.062120170830967554
6,64,devtest,arb_Arab,spa_Latn,0.06170454423320766,-0.03582816302256014
6,64,devtest,arb_Arab,rus_Cyrl,0.06268595501875758,-0.04257801639442486
6,64,devtest,arb_Arab,hin_Deva,0.06935388806703986,-0.12882917431056704
6,64,devtest,arb_Arab,zho_Hans,0.04923417000075305,-0.03682808901969663
6,64,devtest,arb_Arab,jpn_Jpan,0.038414675737188535,-0.10718120395859179
6,64,devtest,arb_Arab,tur_Latn,0.009029597162421145,-0.10746445180418857
6,64,devtest,arb_Arab,vie_Latn,0.09431107468067661,-0.11910768602409026
6,64,devtest,arb_Arab,ind_Latn,0.03739291886616391,-0.02564374258725225
6,64,devtest,zho_Hans,eng_Latn,0.06928836119095351,-0.029637750222494288
6,64,devtest,zho_Hans,deu_Latn,0.12350343369389911,-0.11316106742648036
6,64,devtest,zho_Hans,fra_Latn,0.0485831276584017,-0.06278638604521754
6,64,devtest,zho_Hans,spa_Latn,0.09776277120834441,-0.09522887665194574
6,64,devtest,zho_Hans,rus_Cyrl,0.1077949818072977,-0.08794647852561065
6,64,devtest,zho_Hans,hin_Deva,0.08237415631877223,-0.13096712664331428
6,64,devtest,zho_Hans,arb_Arab,0.1161154147591581,-0.10996385656217807
6,64,devtest,zho_Hans,jpn_Jpan,0.06785170361626663,-0.13937160454319122
6,64,devtest,zho_Hans,tur_Latn,0.12676770890487218,-0.18530953141722772
6,64,devtest,zho_Hans,vie_Latn,0.091830852555186,-0.10546347316579598
6,64,devtest,zho_Hans,ind_Latn,0.11381155020732767,-0.10234991455690975
6,64,devtest,jpn_Jpan,eng_Latn,-0.07083572493879814,-0.042740772176551464
6,64,devtest,jpn_Jpan,deu_Latn,0.06113156257532878,-0.06627852575631456
6,64,devtest,jpn_Jpan,fra_Latn,0.04973568587534636,-0.06262201332770392
6,64,devtest,jpn_Jpan,spa_Latn,0.09034043680118414,-0.08063753357327308
6,64,devtest,jpn_Jpan,rus_Cyrl,0.07408522980068193,-0.028131394165412042
6,64,devtest,jpn_Jpan,hin_Deva,0.1609218166859755,-0.10908329111783333
6,64,devtest,jpn_Jpan,arb_Arab,0.0918429340509372,-0.09187361307086236
6,64,devtest,jpn_Jpan,zho_Hans,0.0037182714454041016,-0.05489133033412662
6,64,devtest,jpn_Jpan,tur_Latn,0.06444322038792591,-0.15004433650132432
6,64,devtest,jpn_Jpan,vie_Latn,-0.01855530499762484,-0.08381086532089442
6,64,devtest,jpn_Jpan,ind_Latn,0.020848694347557126,-0.06653710691476483
6,64,devtest,tur_Latn,eng_Latn,0.04378291750416493,-0.14795009869977924
6,64,devtest,tur_Latn,deu_Latn,0.05299648220495132,-0.10209793981803277
6,64,devtest,tur_Latn,fra_Latn,0.026228645011626257,-0.09935934785648647
6,64,devtest,tur_Latn,spa_Latn,0.08479852232486275,-0.13126436680380466
6,64,devtest,tur_Latn,rus_Cyrl,-0.08344670652656304,-0.098023949106738
6,64,devtest,tur_Latn,hin_Deva,0.09382726728594223,-0.11487632639225975
6,64,devtest,tur_Latn,arb_Arab,0.06500458197728551,-0.0979595667249773
6,64,devtest,tur_Latn,zho_Hans,0.12795879434021398,-0.13112076214073012
6,64,devtest,tur_Latn,jpn_Jpan,0.016668693260888007,-0.15348596275732332
6,64,devtest,tur_Latn,vie_Latn,0.06047811127638361,-0.17905564291153045
6,64,devtest,tur_Latn,ind_Latn,0.0562610660329946,-0.1258384695977094
6,64,devtest,vie_Latn,eng_Latn,-0.023500024920278216,-0.017126112825905183
6,64,devtest,vie_Latn,deu_Latn,0.0775816997019891,-0.06388518718852132
6,64,devtest,vie_Latn,fra_Latn,0.13358067882495653,-0.03435389813960782
6,64,devtest,vie_Latn,spa_Latn,0.15907192118636312,-0.034597890875299124
6,64,devtest,vie_Latn,rus_Cyrl,0.04280867906868646,-0.021483556699832856
6,64,devtest,vie_Latn,hin_Deva,0.09797441689181932,-0.12039675633735522
6,64,devtest,vie_Latn,arb_Arab,0.14003185988030611,-0.06532935959117898
6,64,devtest,vie_Latn,zho_Hans,-0.0019891350213666324,0.04569400578370045
6,64,devtest,vie_Latn,jpn_Jpan,-0.0195025006289327,-0.03631549227174179
6,64,devtest,vie_Latn,tur_Latn,0.053271759555959655,-0.12346942693573736
6,64,devtest,vie_Latn,ind_Latn,0.06267854569699836,0.046763877719036895
6,64,devtest,ind_Latn,eng_Latn,-0.0563180456997247,0.03876864065276937
6,64,devtest,ind_Latn,deu_Latn,0.0027538037713586544,-0.022541198946594943
6,64,devtest,ind_Latn,fra_Latn,0.06293516211708072,0.015070944078402135
6,64,devtest,ind_Latn,spa_Latn,0.015262781332998283,-0.041979825429811435
6,64,devtest,ind_Latn,rus_Cyrl,-0.012919970999112582,0.03042178463711067
6,64,devtest,ind_Latn,hin_Deva,0.0678845553303983,-0.05436758786353638
6,64,devtest,ind_Latn,arb_Arab,0.04340304917671261,0.0077331129920700575
6,64,devtest,ind_Latn,zho_Hans,-0.029042386699761225,0.051748229315079296
6,64,devtest,ind_Latn,jpn_Jpan,-0.007574350773135596,-0.023523329793792506
6,64,devtest,ind_Latn,tur_Latn,0.0514928817335909,-0.058330877237322463
6,64,devtest,ind_Latn,vie_Latn,0.023911099078748378,0.04089700539788678
6,128,devtest,eng_Latn,deu_Latn,0.1746700946275859,-0.01877824933746982
6,128,devtest,eng_Latn,fra_Latn,0.12743958287068258,0.03169725440964366
6,128,devtest,eng_Latn,spa_Latn,0.08872803071224275,-0.023946882056888823
6,128,devtest,eng_Latn,rus_Cyrl,0.13857437846105602,0.003383367859535223
6,128,devtest,eng_Latn,hin_Deva,0.13234517576907917,-0.09596115129412101
6,128,devtest,eng_Latn,arb_Arab,0.1704465428235439,-0.041762397027253
6,128,devtest,eng_Latn,zho_Hans,0.0210001168041849,0.07648779461939463
6,128,devtest,eng_Latn,jpn_Jpan,0.055925791779595786,-0.03884794961303714
6,128,devtest,eng_Latn,tur_Latn,0.17885894997013008,-0.13157235425715189
6,128,devtest,eng_Latn,vie_Latn,0.11400390696421081,-0.0643905116108632
6,128,devtest,eng_Latn,ind_Latn,0.15457221930718767,-0.005604414159252627
6,128,devtest,deu_Latn,eng_Latn,0.05370878025020972,-0.028116103222887445
6,128,devtest,deu_Latn,fra_Latn,0.05786122529949635,0.013925258439435447
6,128,devtest,deu_Latn,spa_Latn,0.05524760296741135,-0.04953489379825267
6,128,devtest,deu_Latn,rus_Cyrl,-0.02818418998160289,-0.027577394704255954
6,128,devtest,deu_Latn,hin_Deva,0.03620685993170137,-0.1334948763941436
6,128,devtest,deu_Latn,arb_Arab,0.02331403497064202,-0.08900411805070577
6,128,devtest,deu_Latn,zho_Hans,0.04411656917142265,-0.025505031817984795
6,128,devtest,deu_Latn,jpn_Jpan,0.006699661566261218,-0.07055986499627588
6,128,devtest,deu_Latn,tur_Latn,0.04531983633065009,-0.09580659934502682
6,128,devtest,deu_Latn,vie_Latn,0.037691835902350035,-0.08740840444524267
6,128,devtest,deu_Latn,ind_Latn,0.049336510288847765,-0.05151505117592507
6,128,devtest,fra_Latn,eng_Latn,0.0933254844894997,0.05050971783825395
6,128,devtest,fra_Latn,deu_Latn,-0.003576242833881586,0.011171112324427667
6,128,devtest,fra_Latn,spa_Latn,0.10842185965894882,0.005487932491696065
6,128,devtest,fra_Latn,rus_Cyrl,-0.019229122576507402,0.0016759161790421402
6,128,devtest,fra_Latn,hin_Deva,0.006666436510698312,-0.10103359154447476
6,128,devtest,fra_Latn,arb_Arab,0.06165298006204109,-0.032270790198546555
6,128,devtest,fra_Latn,zho_Hans,0.026345581104997677,0.046327871723566075
6,128,devtest,fra_Latn,jpn_Jpan,0.03631076933228808,-0.052769700347258336
6,128,devtest,fra_Latn,tur_Latn,0.0023526482308475457,-0.08429126676508178
6,128,devtest,fra_Latn,vie_Latn,0.12898146714794387,-0.03713256052458466
6,128,devtest,fra_Latn,ind_Latn,0.07744772787933134,-0.01694457184227627
6,128,devtest,spa_Latn,eng_Latn,-0.02931523000154187,-0.05804560105034075
6,128,devtest,spa_Latn,deu_Latn,0.07671121862462965,-0.0872763943903003
6,128,devtest,spa_Latn,fra_Latn,0.09612277847310237,-0.026889114969892023
6,128,devtest,spa_Latn,rus_Cyrl,0.06545446473258994,-0.08554938760800367
6,128,devtest,spa_Latn,hin_Deva,0.10243180085538946,-0.17963469941127427
6,128,devtest,spa_Latn,arb_Arab,0.11517111826203733,-0.09232727249915723
6,128,devtest,spa_Latn,zho_Hans,-0.01793027684594445,-0.049828474088084565
6,128,devtest,spa_Latn,jpn_Jpan,0.019337043459026794,-0.10864059819503963
6,128,devtest,spa_Latn,tur_Latn,0.05614113084940843,-0.14121552642934468
6,128,devtest,spa_Latn,vie_Latn,0.11456448509319249,-0.10872089918946415
6,128,devtest,spa_Latn,ind_Latn,0.0312909545711828,-0.11849995236165715
6,128,devtest,rus_Cyrl,eng_Latn,0.04004637690462245,-0.042244536098042094
6,128,devtest,rus_Cyrl,deu_Latn,0.01434437939025272,-0.0519912491786523
6,128,devtest,rus_Cyrl,fra_Latn,0.03368231070718766,-0.03790544274325171
6,128,devtest,rus_Cyrl,spa_Latn,0.044837807488761504,-0.08301843426288531
6,128,devtest,rus_Cyrl,hin_Deva,0.045881606198036926,-0.11889987040678364
6,128,devtest,rus_Cyrl,arb_Arab,0.06405583660873558,-0.059681043793041275
6,128,devtest,rus_Cyrl,zho_Hans,-0.0056012234086523435,-0.018517323737451827
6,128,devtest,rus_Cyrl,jpn_Jpan,-0.03086341406663992,-0.06571685477013585
6,128,devtest,rus_Cyrl,tur_Latn,-0.00651823022947355,-0.10763708238752108
6,128,devtest,rus_Cyrl,vie_Latn,-0.00011166142437026168,-0.105615876261225
6,128,devtest,rus_Cyrl,ind_Latn,0.021432663794644445,-0.034834075775643264
6,128,devtest,hin_Deva,eng_Latn,-0.006658436684042096,-0.09445538840248305
6,128,devtest,hin_Deva,deu_Latn,-0.03932123561902661,-0.09553485222805273
6,128,devtest,hin_Deva,fra_Latn,0.04445067134982536,-0.06367352470776805
6,128,devtest,hin_Deva,spa_Latn,-0.04661375970539142,-0.09217013807431383
6,128,devtest,hin_Deva,rus_Cyrl,0.03998986733169481,-0.0695393455768316
6,128,devtest,hin_Deva,arb_Arab,-0.03247021762444782,-0.09225127913054475
6,128,devtest,hin_Deva,zho_Hans,0.06675040889549524,-0.05359260587392569
6,128,devtest,hin_Deva,jpn_Jpan,0.06401502433521973,-0.10771385725309196
6,128,devtest,hin_Deva,tur_Latn,-0.04718283027069047,-0.10051332219340095
6,128,devtest,hin_Deva,vie_Latn,0.008812285094872991,-0.10853580101195069
6,128,devtest,hin_Deva,ind_Latn,-0.010761667965738294,-0.08876748236076577
6,128,devtest,arb_Arab,eng_Latn,0.08371950422137907,-0.055894545877355414
6,128,devtest,arb_Arab,deu_Latn,-0.0003511124558916756,-0.08060049335898033
6,128,devtest,arb_Arab,fra_Latn,0.05561640200507113,-0.06129938258405804
6,128,devtest,arb_Arab,spa_Latn,0.07341738882518749,-0.05543861692515708
6,128,devtest,arb_Arab,rus_Cyrl,0.08298604111427628,-0.04541115154974323
6,128,devtest,arb_Arab,hin_Deva,0.07633019670256681,-0.13771061295083026
6,128,devtest,arb_Arab,zho_Hans,0.0477172712299066,-0.03740457828385903
6,128,devtest,arb_Arab,jpn_Jpan,0.043005221637192156,-0.10987831851684561
6,128,devtest,arb_Arab,tur_Latn,0.01620041163082099,-0.11535823245363043
6,128,devtest,arb_Arab,vie_Latn,0.08581110551723138,-0.13519527399996326
6,128,devtest,arb_Arab,ind_Latn,0.04648002088530539,-0.038183630550163945
6,128,devtest,zho_Hans,eng_Latn,0.07834340015596923,-0.021476597533977845
6,128,devtest,zho_Hans,deu_Latn,0.11988576084681861,-0.12418648555628188
6,128,devtest,zho_Hans,fra_Latn,0.05421732930384164,-0.07218137830985243
6,128,devtest,zho_Hans,spa_Latn,0.10429088627179922,-0.10440289484980124
6,128,devtest,zho_Hans,rus_Cyrl,0.11828846943072908,-0.10198404046511843
6,128,devtest,zho_Hans,hin_Deva,0.10140654158297294,-0.1459197733034876
6,128,devtest,zho_Hans,arb_Arab,0.11906094262537535,-0.1158615295515334
6,128,devtest,zho_Hans,jpn_Jpan,0.07032436640066465,-0.1415672635463535
6,128,devtest,zho_Hans,tur_Latn,0.1423770967302587,-0.18964904935310448
6,128,devtest,zho_Hans,vie_Latn,0.08078029862781382,-0.09700367992424404
6,128,devtest,zho_Hans,ind_Latn,0.11744136369742299,-0.12116224384687355
6,128,devtest,jpn_Jpan,eng_Latn,-0.07051520478055127,-0.05574001057656535
6,128,devtest,jpn_Jpan,deu_Latn,0.06595523669043106,-0.07889223931531655
6,128,devtest,jpn_Jpan,fra_Latn,0.05062778350322194,-0.08396149719428174
6,128,devtest,jpn_Jpan,spa_Latn,0.10834922734224443,-0.0918229977613333
6,128,devtest,jpn_Jpan,rus_Cyrl,0.08468358071409213,-0.049071366182228675
6,128,devtest,jpn_Jpan,hin_Deva,0.17380478547431438,-0.12361509587546395
6,128,devtest,jpn_Jpan,arb_Arab,0.10882066371616776,-0.09507335331089835
6,128,devtest,jpn_Jpan,zho_Hans,-0.002435026894713192,-0.050748435303246964
6,128,devtest,jpn_Jpan,tur_Latn,0.08221999313087096,-0.16703753620860262
6,128,devtest,jpn_Jpan,vie_Latn,-0.012446479694250044,-0.11553461898381837
6,128,devtest,jpn_Jpan,ind_Latn,0.019158047862909346,-0.07677619355234254
6,128,devtest,tur_Latn,eng_Latn,0.036826786369485866,-0.1467646615070213
6,128,devtest,tur_Latn,deu_Latn,0.05823334575409361,-0.09961553855671057
6,128,devtest,tur_Latn,fra_Latn,0.03263529867203199,-0.09806364052643887
6,128,devtest,tur_Latn,spa_Latn,0.08377063523809465,-0.1134694395368074
6,128,devtest,tur_Latn,rus_Cyrl,-0.05778070424848541,-0.08859264607715793
6,128,devtest,tur_Latn,hin_Deva,0.10013668789494407,-0.11827968623599197
6,128,devtest,tur_Latn,arb_Arab,0.07069899064870239,-0.09709578363344096
6,128,devtest,tur_Latn,zho_Hans,0.126631455373336,-0.12537160845213902
6,128,devtest,tur_Latn,jpn_Jpan,0.025751492288062654,-0.16461754124915448
6,128,devtest,tur_Latn,vie_Latn,0.06147450668304292,-0.17052382010959963
6,128,devtest,tur_Latn,ind_Latn,0.06242551606229082,-0.13064956077105902
6,128,devtest,vie_Latn,eng_Latn,-0.02829471147325549,-0.038575531933026604
6,128,devtest,vie_Latn,deu_Latn,0.08026182698365193,-0.06660845326488993
6,128,devtest,vie_Latn,fra_Latn,0.12690253301277316,-0.036663970301468854
6,128,devtest,vie_Latn,spa_Latn,0.16498030075977344,-0.03659921409141296
6,128,devtest,vie_Latn,rus_Cyrl,0.05695019206576125,-0.0294187523695311
6,128,devtest,vie_Latn,hin_Deva,0.11259171679897124,-0.12431774713163199
6,128,devtest,vie_Latn,arb_Arab,0.14375312485769703,-0.08603016744386824
6,128,devtest,vie_Latn,zho_Hans,-0.01778671381766739,0.047260336521190764
6,128,devtest,vie_Latn,jpn_Jpan,-0.018296709948410914,-0.0675749349346098
6,128,devtest,vie_Latn,tur_Latn,0.06113216510373635,-0.125226504369162
6,128,devtest,vie_Latn,ind_Latn,0.0805025927345665,0.017143815383984844
6,128,devtest,ind_Latn,eng_Latn,-0.05335751367856892,0.031954177066538976
6,128,devtest,ind_Latn,deu_Latn,0.013209619985216366,-0.02001364536226801
6,128,devtest,ind_Latn,fra_Latn,0.06656397541069256,0.0012288381990001767
6,128,devtest,ind_Latn,spa_Latn,0.013531031124282366,-0.03716720711522394
6,128,devtest,ind_Latn,rus_Cyrl,-0.007496077056918085,0.028998230347320433
6,128,devtest,ind_Latn,hin_Deva,0.07824739085112717,-0.06994608973905239
6,128,devtest,ind_Latn,arb_Arab,0.06296491450196276,-0.00558391895762875
6,128,devtest,ind_Latn,zho_Hans,-0.03905830298262378,0.04653624795957658
6,128,devtest,ind_Latn,jpn_Jpan,-0.010909941784694527,-0.031745511809433115
6,128,devtest,ind_Latn,tur_Latn,0.05347626413502234,-0.06828196682099821
6,128,devtest,ind_Latn,vie_Latn,0.027438576813530548,0.03009665864962774
6,256,devtest,eng_Latn,deu_Latn,0.17687216379966977,-0.03176270620477724
6,256,devtest,eng_Latn,fra_Latn,0.13827874573980964,0.029654608178499537
6,256,devtest,eng_Latn,spa_Latn,0.09778128768579063,-0.025599789296574665
6,256,devtest,eng_Latn,rus_Cyrl,0.13828648194579912,0.0002974269716281246
6,256,devtest,eng_Latn,hin_Deva,0.1414908489309113,-0.09890804000998667
6,256,devtest,eng_Latn,arb_Arab,0.17136094428938017,-0.054438252007373185
6,256,devtest,eng_Latn,zho_Hans,0.021758252252396807,0.0667971477488126
6,256,devtest,eng_Latn,jpn_Jpan,0.05314865669294751,-0.050924277196191914
6,256,devtest,eng_Latn,tur_Latn,0.18963939998088508,-0.13321673591768615
6,256,devtest,eng_Latn,vie_Latn,0.12237154823115752,-0.06655076071403593
6,256,devtest,eng_Latn,ind_Latn,0.17075059956144945,-0.013162934329529813
6,256,devtest,deu_Latn,eng_Latn,0.046622483688232956,-0.035026754050572
6,256,devtest,deu_Latn,fra_Latn,0.04957895271696845,0.006490645044637594
6,256,devtest,deu_Latn,spa_Latn,0.04881098481343564,-0.04936542906210823
6,256,devtest,deu_Latn,rus_Cyrl,-0.024962272261531533,-0.0306809097065417
6,256,devtest,deu_Latn,hin_Deva,0.0479051638119463,-0.12931416757833822
6,256,devtest,deu_Latn,arb_Arab,0.02691188827206446,-0.09197296529548141
6,256,devtest,deu_Latn,zho_Hans,0.04273500025807505,-0.024200178201784408
6,256,devtest,deu_Latn,jpn_Jpan,0.0018477225310489325,-0.07149810903540414
6,256,devtest,deu_Latn,tur_Latn,0.041091087195215856,-0.096283307276108
6,256,devtest,deu_Latn,vie_Latn,0.03214362574433353,-0.0908183403270453
6,256,devtest,deu_Latn,ind_Latn,0.05405684938611058,-0.05886817012058065
6,256,devtest,fra_Latn,eng_Latn,0.09612626429492371,0.05313119083809994
6,256,devtest,fra_Latn,deu_Latn,-0.018377877569388162,0.0017008196729593808
6,256,devtest,fra_Latn,spa_Latn,0.10668610319078373,-0.013515285755106158
6,256,devtest,fra_Latn,rus_Cyrl,-0.01783493028415678,-0.0050945765313459195
6,256,devtest,fra_Latn,hin_Deva,0.023112136037603193,-0.10595116085789946
6,256,devtest,fra_Latn,arb_Arab,0.05422506328803822,-0.040593722318434715
6,256,devtest,fra_Latn,zho_Hans,0.022934600342271547,0.04145768385107437
6,256,devtest,fra_Latn,jpn_Jpan,0.03147861734051585,-0.047921303518722404
6,256,devtest,fra_Latn,tur_Latn,-0.002884487368240909,-0.08905492475106253
6,256,devtest,fra_Latn,vie_Latn,0.11833200069635635,-0.04080772006511228
6,256,devtest,fra_Latn,ind_Latn,0.08163632358295661,-0.02309912319833906
6,256,devtest,spa_Latn,eng_Latn,-0.039730206163457266,-0.06298735871074664
6,256,devtest,spa_Latn,deu_Latn,0.07726237522739746,-0.09114184154253761
6,256,devtest,spa_Latn,fra_Latn,0.09457236746482181,-0.05341279234206713
6,256,devtest,spa_Latn,rus_Cyrl,0.06356853971552409,-0.08326215631555509
6,256,devtest,spa_Latn,hin_Deva,0.11139693216418603,-0.1818948281852465
6,256,devtest,spa_Latn,arb_Arab,0.10972128560742543,-0.09640283314998267
6,256,devtest,spa_Latn,zho_Hans,-0.013558051705164218,-0.05049572067695508
6,256,devtest,spa_Latn,jpn_Jpan,0.010053237213598864,-0.1180890722626883
6,256,devtest,spa_Latn,tur_Latn,0.057720491136721626,-0.1495067525850624
6,256,devtest,spa_Latn,vie_Latn,0.10203242170467135,-0.1308645863874845
6,256,devtest,spa_Latn,ind_Latn,0.040156786116149645,-0.12338060950702186
6,256,devtest,rus_Cyrl,eng_Latn,0.029368512889631684,-0.050874671595037085
6,256,devtest,rus_Cyrl,deu_Latn,0.013924493993011034,-0.06707770549828752
6,256,devtest,rus_Cyrl,fra_Latn,0.031435660539066136,-0.0525615897130828
6,256,devtest,rus_Cyrl,spa_Latn,0.03876174652488324,-0.08226800053257191
6,256,devtest,rus_Cyrl,hin_Deva,0.05884830728724723,-0.12328733097091732
6,256,devtest,rus_Cyrl,arb_Arab,0.0612293022187028,-0.07715807752273307
6,256,devtest,rus_Cyrl,zho_Hans,-0.005177023122741192,-0.033063457794375015
6,256,devtest,rus_Cyrl,jpn_Jpan,-0.025326390784171295,-0.06397445129115358
6,256,devtest,rus_Cyrl,tur_Latn,-0.012229935175018532,-0.1106673607844525
6,256,devtest,rus_Cyrl,vie_Latn,-0.013450940810800662,-0.11716309013115388
6,256,devtest,rus_Cyrl,ind_Latn,0.023891480122100055,-0.04454427618350571
6,256,devtest,hin_Deva,eng_Latn,-0.011637760942738662,-0.08599440496236782
6,256,devtest,hin_Deva,deu_Latn,-0.046428279967857505,-0.09060520248410182
6,256,devtest,hin_Deva,fra_Latn,0.03995156510719731,-0.061472948116102114
6,256,devtest,hin_Deva,spa_Latn,-0.053214853577834696,-0.09004476557522123
6,256,devtest,hin_Deva,rus_Cyrl,0.03324834591204985,-0.06438003694474782
6,256,devtest,hin_Deva,arb_Arab,-0.03679595366845281,-0.0873922212993581
6,256,devtest,hin_Deva,zho_Hans,0.060067660941479646,-0.04974019889863595
6,256,devtest,hin_Deva,jpn_Jpan,0.05443381499517766,-0.10423352064162976
6,256,devtest,hin_Deva,tur_Latn,-0.045398915241137684,-0.09450292105656519
6,256,devtest,hin_Deva,vie_Latn,0.002187518792984674,-0.10627470784117855
6,256,devtest,hin_Deva,ind_Latn,-0.015292587015297785,-0.0841645701514705
6,256,devtest,arb_Arab,eng_Latn,0.0775921361756444,-0.06749020135955955
6,256,devtest,arb_Arab,deu_Latn,-0.001360529647288456,-0.0900523429009394
6,256,devtest,arb_Arab,fra_Latn,0.05002769151163205,-0.06644485547762452
6,256,devtest,arb_Arab,spa_Latn,0.06357586115192243,-0.0565199866590448
6,256,devtest,arb_Arab,rus_Cyrl,0.0827348984720197,-0.058721136087201385
6,256,devtest,arb_Arab,hin_Deva,0.08227751208729187,-0.1395490642827938
6,256,devtest,arb_Arab,zho_Hans,0.04571188748446801,-0.04293148065017812
6,256,devtest,arb_Arab,jpn_Jpan,0.044405718334534175,-0.11944356615018731
6,256,devtest,arb_Arab,tur_Latn,0.012094760845293704,-0.11876252714549883
6,256,devtest,arb_Arab,vie_Latn,0.07717191704380694,-0.14618585642024937
6,256,devtest,arb_Arab,ind_Latn,0.03739963504651331,-0.05761080019894709
6,256,devtest,zho_Hans,eng_Latn,0.08252593725976422,-0.03435693738850695
6,256,devtest,zho_Hans,deu_Latn,0.1286691401248881,-0.13548149729868372
6,256,devtest,zho_Hans,fra_Latn,0.058043066449595296,-0.08356940492016988
6,256,devtest,zho_Hans,spa_Latn,0.11924883040950705,-0.10757219166711339
6,256,devtest,zho_Hans,rus_Cyrl,0.12592819077823092,-0.11579070642531512
6,256,devtest,zho_Hans,hin_Deva,0.10435841732191146,-0.1524773406420822
6,256,devtest,zho_Hans,arb_Arab,0.12985795594375132,-0.12399362240487377
6,256,devtest,zho_Hans,jpn_Jpan,0.08232996852089462,-0.14859258031221548
6,256,devtest,zho_Hans,tur_Latn,0.14645957267142806,-0.19384920887559703
6,256,devtest,zho_Hans,vie_Latn,0.09397428273151728,-0.11593892333375438
6,256,devtest,zho_Hans,ind_Latn,0.13757828222790414,-0.13738678244441277
6,256,devtest,jpn_Jpan,eng_Latn,-0.08886485503004161,-0.06825960191568252
6,256,devtest,jpn_Jpan,deu_Latn,0.07917706164911056,-0.08600768781460068
6,256,devtest,jpn_Jpan,fra_Latn,0.055610770569593945,-0.07541564586768144
6,256,devtest,jpn_Jpan,spa_Latn,0.11514137686904155,-0.09160904236565767
6,256,devtest,jpn_Jpan,rus_Cyrl,0.094794634490206,-0.04684584431758915
6,256,devtest,jpn_Jpan,hin_Deva,0.17178205626457457,-0.12456194394384772
6,256,devtest,jpn_Jpan,arb_Arab,0.11831997074578329,-0.10286371558454926
6,256,devtest,jpn_Jpan,zho_Hans,0.005008410996684166,-0.052381198495931265
6,256,devtest,jpn_Jpan,tur_Latn,0.08078925979058106,-0.17670877381293967
6,256,devtest,jpn_Jpan,vie_Latn,-0.003413352747090037,-0.11592877124104506
6,256,devtest,jpn_Jpan,ind_Latn,0.021175174085964324,-0.08689481016515865
6,256,devtest,tur_Latn,eng_Latn,0.023440260627903654,-0.14920232597920746
6,256,devtest,tur_Latn,deu_Latn,0.04726725139348141,-0.1008646418631784
6,256,devtest,tur_Latn,fra_Latn,0.02804059552338505,-0.10390558698269943
6,256,devtest,tur_Latn,spa_Latn,0.07818139390944068,-0.11701974295069201
6,256,devtest,tur_Latn,rus_Cyrl,-0.05650454389602467,-0.08609134683207703
6,256,devtest,tur_Latn,hin_Deva,0.12220436843939896,-0.11954598544974744
6,256,devtest,tur_Latn,arb_Arab,0.07619099650510457,-0.09652569072989277
6,256,devtest,tur_Latn,zho_Hans,0.11276181007791496,-0.12116385570769739
6,256,devtest,tur_Latn,jpn_Jpan,0.010258699906773494,-0.1758088390377363
6,256,devtest,tur_Latn,vie_Latn,0.05026738722345672,-0.16926393615065902
6,256,devtest,tur_Latn,ind_Latn,0.06930162424222223,-0.13735210447911433
6,256,devtest,vie_Latn,eng_Latn,-0.04339433930761505,-0.04140139320794209
6,256,devtest,vie_Latn,deu_Latn,0.0855689092890414,-0.07411260372882617
6,256,devtest,vie_Latn,fra_Latn,0.12582915898387112,-0.04750808493217825
6,256,devtest,vie_Latn,spa_Latn,0.16069242950572143,-0.051587050788655255
6,256,devtest,vie_Latn,rus_Cyrl,0.05563650883890911,-0.04086269310255671
6,256,devtest,vie_Latn,hin_Deva,0.11881468897269518,-0.12842787250398255
6,256,devtest,vie_Latn,arb_Arab,0.14871964761162595,-0.09965860638537585
6,256,devtest,vie_Latn,zho_Hans,-0.015117746886969366,0.03850894386492125
6,256,devtest,vie_Latn,jpn_Jpan,-0.018311711622559835,-0.07535218616036814
6,256,devtest,vie_Latn,tur_Latn,0.0665953008798973,-0.12595155112139195
6,256,devtest,vie_Latn,ind_Latn,0.09692105985433375,-0.011743749117956975
6,256,devtest,ind_Latn,eng_Latn,-0.052075649471403786,0.033258987133382704
6,256,devtest,ind_Latn,deu_Latn,0.010966181986265675,-0.030894956448693695
6,256,devtest,ind_Latn,fra_Latn,0.07081673764833576,-0.00291753363112208
6,256,devtest,ind_Latn,spa_Latn,0.019730998001853534,-0.031821842879312494
6,256,devtest,ind_Latn,rus_Cyrl,-0.007163673925699959,0.027638997280208872
6,256,devtest,ind_Latn,hin_Deva,0.09150328269937374,-0.07643510161747322
6,256,devtest,ind_Latn,arb_Arab,0.057454989092367605,-0.015639490094729078
6,256,devtest,ind_Latn,zho_Hans,-0.03799106573489942,0.04425397803329524
6,256,devtest,ind_Latn,jpn_Jpan,-0.016532737805729333,-0.03522255986014629
6,256,devtest,ind_Latn,tur_Latn,0.0636616669589463,-0.07421026922692298
6,256,devtest,ind_Latn,vie_Latn,0.025009563197615187,0.011869569294445501
7,64,devtest,eng_Latn,deu_Latn,0.15609123848740625,-0.06756994799922252
7,64,devtest,eng_Latn,fra_Latn,0.14188284976115734,0.01224781231370842
7,64,devtest,eng_Latn,spa_Latn,0.09196625604810255,-0.07753383057240427
7,64,devtest,eng_Latn,rus_Cyrl,0.08925964886836601,-0.05149292738792584
7,64,devtest,eng_Latn,hin_Deva,0.09242859004552133,-0.1386782289404836
7,64,devtest,eng_Latn,arb_Arab,0.16779088300666797,-0.11294734824741125
7,64,devtest,eng_Latn,zho_Hans,0.045316055544938144,-0.02437806755035977
7,64,devtest,eng_Latn,jpn_Jpan,0.029113396238910783,-0.13074972877818478
7,64,devtest,eng_Latn,tur_Latn,0.1415523819092627,-0.18440008794526394
7,64,devtest,eng_Latn,vie_Latn,0.11734730463790531,-0.11918165690993936
7,64,devtest,eng_Latn,ind_Latn,0.10378904001904661,-0.031032120781139528
7,64,devtest,deu_Latn,eng_Latn,0.03414207896744433,-0.05530098937291035
7,64,devtest,deu_Latn,fra_Latn,0.08022899350186592,0.0018612528395808114
7,64,devtest,deu_Latn,spa_Latn,0.08843675964835637,-0.08137402406776825
7,64,devtest,deu_Latn,rus_Cyrl,0.019718825632051292,-0.054796612252424715
7,64,devtest,deu_Latn,hin_Deva,0.043558877358134976,-0.14445589503462367
7,64,devtest,deu_Latn,arb_Arab,0.07331525666292205,-0.10607565839614172
7,64,devtest,deu_Latn,zho_Hans,0.011982236806767178,-0.018529117041033983
7,64,devtest,deu_Latn,jpn_Jpan,0.05729472921081454,-0.12735218558212552
7,64,devtest,deu_Latn,tur_Latn,0.08306270686870634,-0.1314972254054535
7,64,devtest,deu_Latn,vie_Latn,0.04914654946559356,-0.11424554284519696
7,64,devtest,deu_Latn,ind_Latn,0.06923957100975561,-0.06420245241885647
7,64,devtest,fra_Latn,eng_Latn,0.09962541426109528,0.06445195125916828
7,64,devtest,fra_Latn,deu_Latn,0.02694028510138902,0.018784789535415274
7,64,devtest,fra_Latn,spa_Latn,0.1212506084889189,0.02077172316361143
7,64,devtest,fra_Latn,rus_Cyrl,-0.03242082668035079,-0.011228845663048775
7,64,devtest,fra_Latn,hin_Deva,-0.01209584255411261,-0.13628667038136877
7,64,devtest,fra_Latn,arb_Arab,0.06502433041597822,-0.04134641404800182
7,64,devtest,fra_Latn,zho_Hans,0.03746563381500207,0.03670150639673746
7,64,devtest,fra_Latn,jpn_Jpan,0.06323806233294978,-0.10120364099233498
7,64,devtest,fra_Latn,tur_Latn,0.017028399979081538,-0.08742049697020882
7,64,devtest,fra_Latn,vie_Latn,0.15082014977922775,-0.021958341532190735
7,64,devtest,fra_Latn,ind_Latn,0.09213870053409065,0.0025203249851856765
7,64,devtest,spa_Latn,eng_Latn,-0.006489274031081478,-0.09881675328375089
7,64,devtest,spa_Latn,deu_Latn,0.09011375425708255,-0.10937366734619136
7,64,devtest,spa_Latn,fra_Latn,0.12016494499679492,-0.022466891609408592
7,64,devtest,spa_Latn,rus_Cyrl,0.07686640488767885,-0.10813133526239457
7,64,devtest,spa_Latn,hin_Deva,0.07845868149096383,-0.21568966474360143
7,64,devtest,spa_Latn,arb_Arab,0.10229131840840815,-0.1344901203694889
7,64,devtest,spa_Latn,zho_Hans,0.017682891694679185,-0.0994765566487457
7,64,devtest,spa_Latn,jpn_Jpan,0.06303569951462629,-0.16054362396366234
7,64,devtest,spa_Latn,tur_Latn,0.06778267129281279,-0.18948492766525551
7,64,devtest,spa_Latn,vie_Latn,0.14750402166115836,-0.1461230359987567
7,64,devtest,spa_Latn,ind_Latn,0.0713128019699659,-0.13584276779656515
7,64,devtest,rus_Cyrl,eng_Latn,0.022109744918247996,-0.0625803265723839
7,64,devtest,rus_Cyrl,deu_Latn,0.03077698882278742,-0.05559575598920425
7,64,devtest,rus_Cyrl,fra_Latn,0.006232089682198778,-0.044790196676364885
7,64,devtest,rus_Cyrl,spa_Latn,0.05959937430249315,-0.0749804928922783
7,64,devtest,rus_Cyrl,hin_Deva,0.03479894579853437,-0.14766909239841458
7,64,devtest,rus_Cyrl,arb_Arab,0.07931262619843131,-0.062300489165229456
7,64,devtest,rus_Cyrl,zho_Hans,-0.004748556113607074,-0.04122300014753326
7,64,devtest,rus_Cyrl,jpn_Jpan,-0.01874651897700045,-0.09756481052792544
7,64,devtest,rus_Cyrl,tur_Latn,-0.012046151086624131,-0.1334337969736933
7,64,devtest,rus_Cyrl,vie_Latn,0.0028780025853242645,-0.10586021640417069
7,64,devtest,rus_Cyrl,ind_Latn,0.003964267011369437,-0.0357137538907368
7,64,devtest,hin_Deva,eng_Latn,0.004319824913783319,-0.05887754287536663
7,64,devtest,hin_Deva,deu_Latn,-0.04010487923079095,-0.0718055887619367
7,64,devtest,hin_Deva,fra_Latn,0.03063987763212941,-0.07098031247018492
7,64,devtest,hin_Deva,spa_Latn,-0.04743176779519919,-0.0717764302259214
7,64,devtest,hin_Deva,rus_Cyrl,0.05039695667988064,-0.05189180440415412
7,64,devtest,hin_Deva,arb_Arab,-0.024797917604673616,-0.08279445461709525
7,64,devtest,hin_Deva,zho_Hans,0.04516822011376512,-0.016610980962397034
7,64,devtest,hin_Deva,jpn_Jpan,0.05918963285853666,-0.11431982355440759
7,64,devtest,hin_Deva,tur_Latn,-0.04586602715385731,-0.08197687633735293
7,64,devtest,hin_Deva,vie_Latn,0.0065175980445498025,-0.11034935673068749
7,64,devtest,hin_Deva,ind_Latn,-0.011240049227418137,-0.0682010792058444
7,64,devtest,arb_Arab,eng_Latn,0.10295495092401369,-0.08157356024563232
7,64,devtest,arb_Arab,deu_Latn,0.028315579653356914,-0.09006505665674486
7,64,devtest,arb_Arab,fra_Latn,0.07496685021577079,-0.06485176055464593
7,64,devtest,arb_Arab,spa_Latn,0.08286076581043433,-0.06442748872602658
7,64,devtest,arb_Arab,rus_Cyrl,0.09767737908183707,-0.04529183611380364
7,64,devtest,arb_Arab,hin_Deva,0.05266619439294666,-0.13137744903643975
7,64,devtest,arb_Arab,zho_Hans,0.06875611999107083,-0.07248886428210784
7,64,devtest,arb_Arab,jpn_Jpan,0.09005973265010202,-0.15166122044895344
7,64,devtest,arb_Arab,tur_Latn,0.00875593072469434,-0.11149300604127876
7,64,devtest,arb_Arab,vie_Latn,0.11926888522479173,-0.14561423215162042
7,64,devtest,arb_Arab,ind_Latn,0.0816997574847226,-0.025538737368762193
7,64,devtest,zho_Hans,eng_Latn,0.10654343523256313,-0.06967788359120851
7,64,devtest,zho_Hans,deu_Latn,0.1358225260561881,-0.11623728601583098
7,64,devtest,zho_Hans,fra_Latn,0.07097409042227207,-0.0651674969863956
7,64,devtest,zho_Hans,spa_Latn,0.12014598077706358,-0.11657315396245305
7,64,devtest,zho_Hans,rus_Cyrl,0.10991840316942768,-0.1273137595645788
7,64,devtest,zho_Hans,hin_Deva,0.06067432090286539,-0.15607473638442151
7,64,devtest,zho_Hans,arb_Arab,0.13476547664455982,-0.15506043153854873
7,64,devtest,zho_Hans,jpn_Jpan,0.08675324292466903,-0.16781863250575257
7,64,devtest,zho_Hans,tur_Latn,0.13062128871822126,-0.20913521149366798
7,64,devtest,zho_Hans,vie_Latn,0.10812848960604111,-0.12522464279460735
7,64,devtest,zho_Hans,ind_Latn,0.11169426369321023,-0.1016426423420137
7,64,devtest,jpn_Jpan,eng_Latn,-0.07526196561991735,-0.050961083158869755
7,64,devtest,jpn_Jpan,deu_Latn,0.0973198900268415,-0.06264653552151166
7,64,devtest,jpn_Jpan,fra_Latn,0.057415785163970605,-0.09311828041366033
7,64,devtest,jpn_Jpan,spa_Latn,0.11531508386193107,-0.08275045527945137
7,64,devtest,jpn_Jpan,rus_Cyrl,0.058993039901049545,-0.03668594809425393
7,64,devtest,jpn_Jpan,hin_Deva,0.11625478119019278,-0.14089784472357741
7,64,devtest,jpn_Jpan,arb_Arab,0.12840976259634002,-0.1073502125388372
7,64,devtest,jpn_Jpan,zho_Hans,-0.011785170739825386,-0.03645411485018941
7,64,devtest,jpn_Jpan,tur_Latn,0.06773349313718043,-0.15990085734889087
7,64,devtest,jpn_Jpan,vie_Latn,0.01931959137071634,-0.09410138937248522
7,64,devtest,jpn_Jpan,ind_Latn,0.015271310921714297,-0.05375872229779958
7,64,devtest,tur_Latn,eng_Latn,0.009053206975676464,-0.15623400899951634
7,64,devtest,tur_Latn,deu_Latn,0.0737279127114356,-0.13104791920667505
7,64,devtest,tur_Latn,fra_Latn,0.04773678343468567,-0.11563417483044466
7,64,devtest,tur_Latn,spa_Latn,0.09924780795751259,-0.14098519416736863
7,64,devtest,tur_Latn,rus_Cyrl,-0.04651464989441104,-0.11598922603147876
7,64,devtest,tur_Latn,hin_Deva,0.08419351826954032,-0.1435181132426749
7,64,devtest,tur_Latn,arb_Arab,0.11985525852371191,-0.12108354110947236
7,64,devtest,tur_Latn,zho_Hans,0.1012686906866398,-0.1415048224360125
7,64,devtest,tur_Latn,jpn_Jpan,0.05603389970636239,-0.2028765538417865
7,64,devtest,tur_Latn,vie_Latn,0.050330997523995155,-0.1968325104496785
7,64,devtest,tur_Latn,ind_Latn,0.07594795889365824,-0.15012857965505258
7,64,devtest,vie_Latn,eng_Latn,-0.007637431969889381,-0.05327723397332692
7,64,devtest,vie_Latn,deu_Latn,0.07435048342079918,-0.0758002839219363
7,64,devtest,vie_Latn,fra_Latn,0.14384358333798158,-0.017482507967471167
7,64,devtest,vie_Latn,spa_Latn,0.1710684081008571,-0.05705299048254993
7,64,devtest,vie_Latn,rus_Cyrl,0.022247514123479247,-0.043040385337138956
7,64,devtest,vie_Latn,hin_Deva,0.08372868030903845,-0.15761055056368248
7,64,devtest,vie_Latn,arb_Arab,0.15935682293689077,-0.1156047541181725
7,64,devtest,vie_Latn,zho_Hans,0.014941603093447121,0.016887256026194508
7,64,devtest,vie_Latn,jpn_Jpan,0.01675513883925441,-0.08749103239152747
7,64,devtest,vie_Latn,tur_Latn,0.053537583105511106,-0.1479302801359248
7,64,devtest,vie_Latn,ind_Latn,0.09687794877223468,0.019477324593155643
7,64,devtest,ind_Latn,eng_Latn,-0.05924029315759812,0.0026797107004509005
7,64,devtest,ind_Latn,deu_Latn,0.03368961869642842,-0.051889330302857306
7,64,devtest,ind_Latn,fra_Latn,0.09956436921404267,-0.0001698303174542103
7,64,devtest,ind_Latn,spa_Latn,0.07250823070230748,-0.07193803126234471
7,64,devtest,ind_Latn,rus_Cyrl,-0.014964341440451659,-0.008097538249703499
7,64,devtest,ind_Latn,hin_Deva,0.06580135006996744,-0.09922153257121777
7,64,devtest,ind_Latn,arb_Arab,0.08906920795912614,-0.0350059735936411
7,64,devtest,ind_Latn,zho_Hans,-0.006237412404997646,0.006672386158691914
7,64,devtest,ind_Latn,jpn_Jpan,-0.003047095979558485,-0.08274599714895561
7,64,devtest,ind_Latn,tur_Latn,0.07557362229449446,-0.113768429109699
7,64,devtest,ind_Latn,vie_Latn,0.06790779373729862,0.0008900277973140021
7,128,devtest,eng_Latn,deu_Latn,0.17874299254535206,-0.06155579334919008
7,128,devtest,eng_Latn,fra_Latn,0.14506512751884945,0.013621891191855803
7,128,devtest,eng_Latn,spa_Latn,0.0901045763671231,-0.0803022259896046
7,128,devtest,eng_Latn,rus_Cyrl,0.09926795621470226,-0.04800517755238261
7,128,devtest,eng_Latn,hin_Deva,0.11095883152855589,-0.16701054915723798
7,128,devtest,eng_Latn,arb_Arab,0.16666814826774198,-0.12672943656483096
7,128,devtest,eng_Latn,zho_Hans,0.05853726647849895,-0.020171896306627083
7,128,devtest,eng_Latn,jpn_Jpan,0.039971518090694484,-0.1427464345902611
7,128,devtest,eng_Latn,tur_Latn,0.1585205308036497,-0.19217492647396617
7,128,devtest,eng_Latn,vie_Latn,0.13228040925259205,-0.12828232649421017
7,128,devtest,eng_Latn,ind_Latn,0.1265642158309506,-0.023019146715524248
7,128,devtest,deu_Latn,eng_Latn,0.038066985081866976,-0.04424708259800108
7,128,devtest,deu_Latn,fra_Latn,0.08721554061274617,0.0003243921460418382
7,128,devtest,deu_Latn,spa_Latn,0.09875425191116355,-0.09361953744888113
7,128,devtest,deu_Latn,rus_Cyrl,0.013095925931980444,-0.06003081441265342
7,128,devtest,deu_Latn,hin_Deva,0.06148187442871715,-0.16656773217589899
7,128,devtest,deu_Latn,arb_Arab,0.07403303253614534,-0.11338880642075368
7,128,devtest,deu_Latn,zho_Hans,0.007675314023647304,-0.02940827964316706
7,128,devtest,deu_Latn,jpn_Jpan,0.04170336326441917,-0.1362894332643051
7,128,devtest,deu_Latn,tur_Latn,0.08711746168865567,-0.13198298812405243
7,128,devtest,deu_Latn,vie_Latn,0.04923165750039996,-0.11532276753693305
7,128,devtest,deu_Latn,ind_Latn,0.07301205652466593,-0.05802636629657679
7,128,devtest,fra_Latn,eng_Latn,0.09559295913892289,0.06434972496766721
7,128,devtest,fra_Latn,deu_Latn,0.02943731354321562,0.013226099603568686
7,128,devtest,fra_Latn,spa_Latn,0.12175777527527586,0.01684192580813773
7,128,devtest,fra_Latn,rus_Cyrl,-0.018293744377359943,-0.01371623883955966
7,128,devtest,fra_Latn,hin_Deva,0.009407329505515,-0.1616310353462159
7,128,devtest,fra_Latn,arb_Arab,0.0587217622405464,-0.038107794167947344
7,128,devtest,fra_Latn,zho_Hans,0.03138434838580841,0.03249585822543431
7,128,devtest,fra_Latn,jpn_Jpan,0.061369529334920014,-0.09914752292437295
7,128,devtest,fra_Latn,tur_Latn,0.020647339038865165,-0.09673069513637038
7,128,devtest,fra_Latn,vie_Latn,0.14647340065752543,-0.028368498539762248
7,128,devtest,fra_Latn,ind_Latn,0.10010917842246558,-0.005907807021857397
7,128,devtest,spa_Latn,eng_Latn,-0.0334002138868337,-0.1125609062281217
7,128,devtest,spa_Latn,deu_Latn,0.111131301947436,-0.1280410090111572
7,128,devtest,spa_Latn,fra_Latn,0.12346735408570465,-0.031522646021146544
7,128,devtest,spa_Latn,rus_Cyrl,0.07597451854607132,-0.12413398943014096
7,128,devtest,spa_Latn,hin_Deva,0.10026714767138041,-0.2290742651887249
7,128,devtest,spa_Latn,arb_Arab,0.1140834225767463,-0.14451527853771248
7,128,devtest,spa_Latn,zho_Hans,0.014896468360274378,-0.1169141939384247
7,128,devtest,spa_Latn,jpn_Jpan,0.05190533305069107,-0.1898972563291939
7,128,devtest,spa_Latn,tur_Latn,0.0713451432427438,-0.19144324979509136
7,128,devtest,spa_Latn,vie_Latn,0.1532094553105647,-0.1613617724001915
7,128,devtest,spa_Latn,ind_Latn,0.07185207049032631,-0.14396670956123458
7,128,devtest,rus_Cyrl,eng_Latn,0.020755782005004726,-0.05247197810004977
7,128,devtest,rus_Cyrl,deu_Latn,0.018564938296888923,-0.05791036303811618
7,128,devtest,rus_Cyrl,fra_Latn,0.017446693622567205,-0.03859762745787434
7,128,devtest,rus_Cyrl,spa_Latn,0.04911626475877639,-0.07931075818738713
7,128,devtest,rus_Cyrl,hin_Deva,0.04940476796111217,-0.16009161147627207
7,128,devtest,rus_Cyrl,arb_Arab,0.08223174472273631,-0.0840884928218835
7,128,devtest,rus_Cyrl,zho_Hans,-0.008879334703302492,-0.05663481030632331
7,128,devtest,rus_Cyrl,jpn_Jpan,-0.017225572347340814,-0.11751929884199343
7,128,devtest,rus_Cyrl,tur_Latn,-0.015018208134046246,-0.13170108615885753
7,128,devtest,rus_Cyrl,vie_Latn,-0.01743493452111542,-0.10558710243622167
7,128,devtest,rus_Cyrl,ind_Latn,0.0022727713175456203,-0.03357537728202812
7,128,devtest,hin_Deva,eng_Latn,0.0007047415094190148,-0.06082622454142077
7,128,devtest,hin_Deva,deu_Latn,-0.04802815400557684,-0.0679378772782555
7,128,devtest,hin_Deva,fra_Latn,0.022764887395046767,-0.06702523364724489
7,128,devtest,hin_Deva,spa_Latn,-0.049356176692450036,-0.0651752786078284
7,128,devtest,hin_Deva,rus_Cyrl,0.04017007055615977,-0.04994822931383794
7,128,devtest,hin_Deva,arb_Arab,-0.0353538428939346,-0.08161436041604776
7,128,devtest,hin_Deva,zho_Hans,0.04095458682838834,-0.020399891304323917
7,128,devtest,hin_Deva,jpn_Jpan,0.05242150619681937,-0.11063638292905932
7,128,devtest,hin_Deva,tur_Latn,-0.051994387479022394,-0.08203802784987396
7,128,devtest,hin_Deva,vie_Latn,-0.004999105117359355,-0.10402165592932727
7,128,devtest,hin_Deva,ind_Latn,-0.020479782355098727,-0.06250858326252481
7,128,devtest,arb_Arab,eng_Latn,0.09075380563950891,-0.09289564570405993
7,128,devtest,arb_Arab,deu_Latn,0.028012029054587013,-0.09852798905087062
7,128,devtest,arb_Arab,fra_Latn,0.058541453802532,-0.060955322064365436
7,128,devtest,arb_Arab,spa_Latn,0.08899067099048603,-0.06606580332877283
7,128,devtest,arb_Arab,rus_Cyrl,0.1009222182131013,-0.07418257900336239
7,128,devtest,arb_Arab,hin_Deva,0.06294444445309018,-0.1494222387064729
7,128,devtest,arb_Arab,zho_Hans,0.07829117857342162,-0.060723196164322986
7,128,devtest,arb_Arab,jpn_Jpan,0.07568477476119932,-0.16196545219407588
7,128,devtest,arb_Arab,tur_Latn,-0.0037515616503356894,-0.1305253668619298
7,128,devtest,arb_Arab,vie_Latn,0.10196732204260661,-0.155848375183043
7,128,devtest,arb_Arab,ind_Latn,0.07457988258802706,-0.03531015119601466
7,128,devtest,zho_Hans,eng_Latn,0.12376317104851024,-0.052992032468228915
7,128,devtest,zho_Hans,deu_Latn,0.14508575683127709,-0.11870106450960684
7,128,devtest,zho_Hans,fra_Latn,0.07126524544328237,-0.06730012635503826
7,128,devtest,zho_Hans,spa_Latn,0.129082309123155,-0.11927603356829737
7,128,devtest,zho_Hans,rus_Cyrl,0.12029396828902103,-0.13783403252519555
7,128,devtest,zho_Hans,hin_Deva,0.07840575623240932,-0.17452944699794926
7,128,devtest,zho_Hans,arb_Arab,0.15358112449821457,-0.13772605382975794
7,128,devtest,zho_Hans,jpn_Jpan,0.10416447945620338,-0.17804427125468006
7,128,devtest,zho_Hans,tur_Latn,0.15407222587653285,-0.20793916081839858
7,128,devtest,zho_Hans,vie_Latn,0.11748356834003638,-0.13081503850739437
7,128,devtest,zho_Hans,ind_Latn,0.10258504963126688,-0.11489032105229369
7,128,devtest,jpn_Jpan,eng_Latn,-0.07948844348011241,-0.05787336685217551
7,128,devtest,jpn_Jpan,deu_Latn,0.09535616088266315,-0.06988749657525316
7,128,devtest,jpn_Jpan,fra_Latn,0.07363458512152629,-0.08506314136979361
7,128,devtest,jpn_Jpan,spa_Latn,0.1222725398734627,-0.09936558692294874
7,128,devtest,jpn_Jpan,rus_Cyrl,0.0733216737307962,-0.05996627138912372
7,128,devtest,jpn_Jpan,hin_Deva,0.13264915652559015,-0.14434991825047463
7,128,devtest,jpn_Jpan,arb_Arab,0.1305484695312356,-0.10352257230695633
7,128,devtest,jpn_Jpan,zho_Hans,-0.004629632123979301,-0.035293081027451344
7,128,devtest,jpn_Jpan,tur_Latn,0.07053737965387195,-0.16356358105749402
7,128,devtest,jpn_Jpan,vie_Latn,0.02056322494673691,-0.10705254971592863
7,128,devtest,jpn_Jpan,ind_Latn,0.017303321925138764,-0.061689561069508604
7,128,devtest,tur_Latn,eng_Latn,0.010290537182602224,-0.15352399081139248
7,128,devtest,tur_Latn,deu_Latn,0.07197913985604018,-0.1243306679289822
7,128,devtest,tur_Latn,fra_Latn,0.043754601995932264,-0.11390320135790732
7,128,devtest,tur_Latn,spa_Latn,0.10741163328805449,-0.13300452962805764
7,128,devtest,tur_Latn,rus_Cyrl,-0.032644320877020114,-0.10901907219151127
7,128,devtest,tur_Latn,hin_Deva,0.09446274974780844,-0.157475160089218
7,128,devtest,tur_Latn,arb_Arab,0.1192539612135114,-0.1271328480303825
7,128,devtest,tur_Latn,zho_Hans,0.10464231636111748,-0.13486501643249874
7,128,devtest,tur_Latn,jpn_Jpan,0.0516610608253681,-0.2128660203230211
7,128,devtest,tur_Latn,vie_Latn,0.05828306668687408,-0.19273373212498468
7,128,devtest,tur_Latn,ind_Latn,0.06861224575739656,-0.14818352214759223
7,128,devtest,vie_Latn,eng_Latn,-0.01948645870572258,-0.06193641628945933
7,128,devtest,vie_Latn,deu_Latn,0.0819794055503032,-0.08545199993407225
7,128,devtest,vie_Latn,fra_Latn,0.14381978217380967,-0.024479588167878933
7,128,devtest,vie_Latn,spa_Latn,0.18449036246481026,-0.0708653014943205
7,128,devtest,vie_Latn,rus_Cyrl,0.020162656158947585,-0.04973531335915386
7,128,devtest,vie_Latn,hin_Deva,0.09772073749269583,-0.16967422203190402
7,128,devtest,vie_Latn,arb_Arab,0.15452531006877232,-0.1246341341455006
7,128,devtest,vie_Latn,zho_Hans,0.019474940867039492,0.00431168677112161
7,128,devtest,vie_Latn,jpn_Jpan,0.013358391573236974,-0.11212228601138835
7,128,devtest,vie_Latn,tur_Latn,0.06469809052089645,-0.1570892804014634
7,128,devtest,vie_Latn,ind_Latn,0.10748824264365894,0.0006233517827162695
7,128,devtest,ind_Latn,eng_Latn,-0.05335072863272483,0.014281366944309934
7,128,devtest,ind_Latn,deu_Latn,0.03671834482435796,-0.04908660791788747
7,128,devtest,ind_Latn,fra_Latn,0.10605689318424855,-0.00893270185182283
7,128,devtest,ind_Latn,spa_Latn,0.0702897492563936,-0.06876067228685037
7,128,devtest,ind_Latn,rus_Cyrl,-0.012914511517222161,-0.007172221592901954
7,128,devtest,ind_Latn,hin_Deva,0.07650461701230342,-0.11036810691715311
7,128,devtest,ind_Latn,arb_Arab,0.08500285603790693,-0.04157259480472122
7,128,devtest,ind_Latn,zho_Hans,-0.02476054467074224,-0.006501890479383968
7,128,devtest,ind_Latn,jpn_Jpan,-0.003445284081561791,-0.09061791536517218
7,128,devtest,ind_Latn,tur_Latn,0.06841609437530337,-0.11874816260418165
7,128,devtest,ind_Latn,vie_Latn,0.06478276715974267,-0.012268410916851073
7,256,devtest,eng_Latn,deu_Latn,0.18578846298374482,-0.0796790642918637
7,256,devtest,eng_Latn,fra_Latn,0.1587218707618252,0.007002747278284047
7,256,devtest,eng_Latn,spa_Latn,0.09756892359183413,-0.07538386483466329
7,256,devtest,eng_Latn,rus_Cyrl,0.10002284149922219,-0.06283429048483558
7,256,devtest,eng_Latn,hin_Deva,0.1245419010192658,-0.1758492725253013
7,256,devtest,eng_Latn,arb_Arab,0.16585346273457532,-0.13149345746145763
7,256,devtest,eng_Latn,zho_Hans,0.0548160223484254,-0.017451006412634557
7,256,devtest,eng_Latn,jpn_Jpan,0.04668203441382751,-0.1631916228779971
7,256,devtest,eng_Latn,tur_Latn,0.16369245875771174,-0.1952194566972452
7,256,devtest,eng_Latn,vie_Latn,0.13984770972883948,-0.13674680789950802
7,256,devtest,eng_Latn,ind_Latn,0.14378030284917911,-0.04267429940041385
7,256,devtest,deu_Latn,eng_Latn,0.030476035574522428,-0.05865528160954197
7,256,devtest,deu_Latn,fra_Latn,0.08634182414042652,-0.013996342067589537
7,256,devtest,deu_Latn,spa_Latn,0.07789275071261285,-0.0975929184290007
7,256,devtest,deu_Latn,rus_Cyrl,0.00636497630197203,-0.0721758666865322
7,256,devtest,deu_Latn,hin_Deva,0.07541849562859039,-0.17411987353868377
7,256,devtest,deu_Latn,arb_Arab,0.0809785052952093,-0.11625341939434465
7,256,devtest,deu_Latn,zho_Hans,-6.773475032126328e-07,-0.039956296038817646
7,256,devtest,deu_Latn,jpn_Jpan,0.03265304066167509,-0.13947571179631263
7,256,devtest,deu_Latn,tur_Latn,0.08486175980249086,-0.13521591779627629
7,256,devtest,deu_Latn,vie_Latn,0.052667202541072045,-0.12006204785362747
7,256,devtest,deu_Latn,ind_Latn,0.07777505928214093,-0.06500129241720501
7,256,devtest,fra_Latn,eng_Latn,0.09796580496198423,0.06127584941838788
7,256,devtest,fra_Latn,deu_Latn,0.02593331634316153,0.002482849583382064
7,256,devtest,fra_Latn,spa_Latn,0.12320194124002559,0.004557844015212806
7,256,devtest,fra_Latn,rus_Cyrl,-0.020612095193485443,-0.01704381905627814
7,256,devtest,fra_Latn,hin_Deva,0.024038308196738883,-0.1680607846499664
7,256,devtest,fra_Latn,arb_Arab,0.057452018675399265,-0.045171398090310885
7,256,devtest,fra_Latn,zho_Hans,0.034809483964934176,0.028473036632665167
7,256,devtest,fra_Latn,jpn_Jpan,0.05307310873504984,-0.11086167929423359
7,256,devtest,fra_Latn,tur_Latn,0.02251977108290504,-0.10267339046086542
7,256,devtest,fra_Latn,vie_Latn,0.13841409256790987,-0.04565380804930258
7,256,devtest,fra_Latn,ind_Latn,0.09103511042337155,-0.015097720693191312
7,256,devtest,spa_Latn,eng_Latn,-0.04601912895416055,-0.1107894242713077
7,256,devtest,spa_Latn,deu_Latn,0.10396231732634792,-0.14045186499756368
7,256,devtest,spa_Latn,fra_Latn,0.12337709588424636,-0.05348546301263973
7,256,devtest,spa_Latn,rus_Cyrl,0.06928851992605636,-0.13814057912600425
7,256,devtest,spa_Latn,hin_Deva,0.10913679838976513,-0.23209819663223785
7,256,devtest,spa_Latn,arb_Arab,0.1150187712700627,-0.15309758371068202
7,256,devtest,spa_Latn,zho_Hans,0.0050804152130709814,-0.1253028602494699
7,256,devtest,spa_Latn,jpn_Jpan,0.03317604985671431,-0.19782378991022823
7,256,devtest,spa_Latn,tur_Latn,0.0662108545679031,-0.19836582733833
7,256,devtest,spa_Latn,vie_Latn,0.13696275419322676,-0.17589639669843674
7,256,devtest,spa_Latn,ind_Latn,0.06868090062467672,-0.15620984325861204
7,256,devtest,rus_Cyrl,eng_Latn,0.007182372258312245,-0.06338847199027185
7,256,devtest,rus_Cyrl,deu_Latn,0.011447792556501944,-0.06986517062700334
7,256,devtest,rus_Cyrl,fra_Latn,0.009013255002096302,-0.04401078762137052
7,256,devtest,rus_Cyrl,spa_Latn,0.04146126669401818,-0.08699224947036859
7,256,devtest,rus_Cyrl,hin_Deva,0.05853062442468814,-0.16427219996945036
7,256,devtest,rus_Cyrl,arb_Arab,0.07092990316833524,-0.08601836456391539
7,256,devtest,rus_Cyrl,zho_Hans,-0.017865667477984754,-0.05836608145532643
7,256,devtest,rus_Cyrl,jpn_Jpan,-0.028546468839065257,-0.12990396105695826
7,256,devtest,rus_Cyrl,tur_Latn,-0.0276786652794337,-0.13706997936559093
7,256,devtest,rus_Cyrl,vie_Latn,-0.023315238864444053,-0.11577836861875064
7,256,devtest,rus_Cyrl,ind_Latn,-0.009818209494711959,-0.034971356138573675
7,256,devtest,hin_Deva,eng_Latn,-0.0020292861997057176,-0.05188929460905906
7,256,devtest,hin_Deva,deu_Latn,-0.05563657226401309,-0.06229843915931783
7,256,devtest,hin_Deva,fra_Latn,0.019431923795027523,-0.05670758328544449
7,256,devtest,hin_Deva,spa_Latn,-0.056101293094924544,-0.05870985559539261
7,256,devtest,hin_Deva,rus_Cyrl,0.02886235874471057,-0.045788702011518086
7,256,devtest,hin_Deva,arb_Arab,-0.04210153910794902,-0.07644143942983599
7,256,devtest,hin_Deva,zho_Hans,0.038195952140961414,-0.017570997029197
7,256,devtest,hin_Deva,jpn_Jpan,0.04608341254546579,-0.10846829403950106
7,256,devtest,hin_Deva,tur_Latn,-0.05471467988387977,-0.07731523569319176
7,256,devtest,hin_Deva,vie_Latn,-0.011300004684775664,-0.0983165477184106
7,256,devtest,hin_Deva,ind_Latn,-0.02260310647875105,-0.05667703020030409
7,256,devtest,arb_Arab,eng_Latn,0.08384712757014583,-0.09629442511714524
7,256,devtest,arb_Arab,deu_Latn,0.022236317447113088,-0.10304011024943774
7,256,devtest,arb_Arab,fra_Latn,0.06260540787205045,-0.07239778910722461
7,256,devtest,arb_Arab,spa_Latn,0.08472239023657668,-0.07015054044498364
7,256,devtest,arb_Arab,rus_Cyrl,0.09510193522617465,-0.0725357029342968
7,256,devtest,arb_Arab,hin_Deva,0.0737430323625725,-0.15674963935204225
7,256,devtest,arb_Arab,zho_Hans,0.07975972499104628,-0.0710185306486752
7,256,devtest,arb_Arab,jpn_Jpan,0.07356313533407036,-0.1775304986365783
7,256,devtest,arb_Arab,tur_Latn,-0.006938734398529171,-0.1343945938246659
7,256,devtest,arb_Arab,vie_Latn,0.09333882981945446,-0.1620000766089701
7,256,devtest,arb_Arab,ind_Latn,0.07092756581591647,-0.05561398154882734
7,256,devtest,zho_Hans,eng_Latn,0.1263199773172779,-0.05362336230037503
7,256,devtest,zho_Hans,deu_Latn,0.14920278495240658,-0.13416596752322826
7,256,devtest,zho_Hans,fra_Latn,0.08118466289017719,-0.078237721494605
7,256,devtest,zho_Hans,spa_Latn,0.13199473493386063,-0.12275207761783404
7,256,devtest,zho_Hans,rus_Cyrl,0.12456469771615475,-0.14378539506347493
7,256,devtest,zho_Hans,hin_Deva,0.08951183701071437,-0.18110116329459808
7,256,devtest,zho_Hans,arb_Arab,0.16686727666681977,-0.14685846891820645
7,256,devtest,zho_Hans,jpn_Jpan,0.10224094414647483,-0.1909687660714032
7,256,devtest,zho_Hans,tur_Latn,0.1585713255384279,-0.2096245117941219
7,256,devtest,zho_Hans,vie_Latn,0.11886129462618718,-0.13910784702335124
7,256,devtest,zho_Hans,ind_Latn,0.11829495559217029,-0.12831067237666222
7,256,devtest,jpn_Jpan,eng_Latn,-0.08356118281737053,-0.06969218586272376
7,256,devtest,jpn_Jpan,deu_Latn,0.1003643154534811,-0.06884582748025232
7,256,devtest,jpn_Jpan,fra_Latn,0.07116764403264098,-0.08419329959696804
7,256,devtest,jpn_Jpan,spa_Latn,0.11824064332673204,-0.08733314190145394
7,256,devtest,jpn_Jpan,rus_Cyrl,0.07558638332658642,-0.05963233745061995
7,256,devtest,jpn_Jpan,hin_Deva,0.13770632110786832,-0.14513987783223203
7,256,devtest,jpn_Jpan,arb_Arab,0.1379017343029093,-0.10811798808901069
7,256,devtest,jpn_Jpan,zho_Hans,-0.011156571405062713,-0.03852595915169944
7,256,devtest,jpn_Jpan,tur_Latn,0.07662855165211577,-0.1639574389381195
7,256,devtest,jpn_Jpan,vie_Latn,0.025873458620620213,-0.114926661460546
7,256,devtest,jpn_Jpan,ind_Latn,0.014858324936830996,-0.06399160807298283
7,256,devtest,tur_Latn,eng_Latn,-0.004215172343489889,-0.15706439226846572
7,256,devtest,tur_Latn,deu_Latn,0.055404211269635545,-0.12091902778291073
7,256,devtest,tur_Latn,fra_Latn,0.042374307589491435,-0.11586235058006303
7,256,devtest,tur_Latn,spa_Latn,0.09950397645270155,-0.12691218475497318
7,256,devtest,tur_Latn,rus_Cyrl,-0.03832210001509963,-0.1105585764236379
7,256,devtest,tur_Latn,hin_Deva,0.1068126345862632,-0.16460762172073434
7,256,devtest,tur_Latn,arb_Arab,0.12016903499297253,-0.12196927801730054
7,256,devtest,tur_Latn,zho_Hans,0.09457371197187742,-0.12396151458623987
7,256,devtest,tur_Latn,jpn_Jpan,0.04655884811491581,-0.21430040082984336
7,256,devtest,tur_Latn,vie_Latn,0.044848932483999,-0.19375392821647186
7,256,devtest,tur_Latn,ind_Latn,0.06588941352240746,-0.14869034069386247
7,256,devtest,vie_Latn,eng_Latn,-0.03771678559429464,-0.06701611372365349
7,256,devtest,vie_Latn,deu_Latn,0.0912129557259797,-0.08722355407301324
7,256,devtest,vie_Latn,fra_Latn,0.14355943993364464,-0.04079897781821772
7,256,devtest,vie_Latn,spa_Latn,0.17687516541212428,-0.07026212087725245
7,256,devtest,vie_Latn,rus_Cyrl,0.024441463122894427,-0.05775756577061769
7,256,devtest,vie_Latn,hin_Deva,0.10978897046643732,-0.17593684594951375
7,256,devtest,vie_Latn,arb_Arab,0.15678684723446876,-0.13187495137786925
7,256,devtest,vie_Latn,zho_Hans,0.013274871538236203,0.00016615098888393408
7,256,devtest,vie_Latn,jpn_Jpan,0.013607381150658902,-0.1304696657058192
7,256,devtest,vie_Latn,tur_Latn,0.0629575408629304,-0.1569361406965839
7,256,devtest,vie_Latn,ind_Latn,0.11310450036173898,-0.015934640181519296
7,256,devtest,ind_Latn,eng_Latn,-0.052571675689766666,0.0018673757375968047
7,256,devtest,ind_Latn,deu_Latn,0.03599197400572913,-0.05272117040984825
7,256,devtest,ind_Latn,fra_Latn,0.09670018934054765,-0.010403204061584443
7,256,devtest,ind_Latn,spa_Latn,0.0673631840415886,-0.07168426356062359
7,256,devtest,ind_Latn,rus_Cyrl,-0.020522452952811267,-0.006003815872389128
7,256,devtest,ind_Latn,hin_Deva,0.09300299296082148,-0.1259370392082585
7,256,devtest,ind_Latn,arb_Arab,0.09221823965101947,-0.05787787831187454
7,256,devtest,ind_Latn,zho_Hans,-0.024267731325886457,-0.010056471803211578
7,256,devtest,ind_Latn,jpn_Jpan,-0.012444122134375615,-0.09975511154931098
7,256,devtest,ind_Latn,tur_Latn,0.06517008949923282,-0.12039218352363848
7,256,devtest,ind_Latn,vie_Latn,0.054918620397138136,-0.02585738367225562
8,64,devtest,eng_Latn,deu_Latn,0.12687358778934535,0.07107164031139877
8,64,devtest,eng_Latn,fra_Latn,0.10954410600219534,0.09379231377862621
8,64,devtest,eng_Latn,spa_Latn,0.07741758460330112,0.03627699097103859
8,64,devtest,eng_Latn,rus_Cyrl,0.07204185214337601,0.014386978927248703
8,64,devtest,eng_Latn,hin_Deva,0.12036348174978419,0.004343691979583492
8,64,devtest,eng_Latn,arb_Arab,0.1456337618409414,0.016912354659660126
8,64,devtest,eng_Latn,zho_Hans,0.031948450195553715,0.08065012359409011
8,64,devtest,eng_Latn,jpn_Jpan,-0.02012126731490534,-0.03304030798663488
8,64,devtest,eng_Latn,tur_Latn,0.1299750340477439,-0.045387123498808496
8,64,devtest,eng_Latn,vie_Latn,0.08461882270682085,0.014515066383682237
8,64,devtest,eng_Latn,ind_Latn,0.09574675181077741,0.06455478994674654
8,64,devtest,deu_Latn,eng_Latn,0.01497498971055977,0.023884762616706252
8,64,devtest,deu_Latn,fra_Latn,0.05657211814631184,0.048957769147142685
8,64,devtest,deu_Latn,spa_Latn,0.05601926621534317,-0.0324260881235189
8,64,devtest,deu_Latn,rus_Cyrl,0.015676896770868313,-0.03618106855121176
8,64,devtest,deu_Latn,hin_Deva,0.05722608374835052,-0.06787996762436706
8,64,devtest,deu_Latn,arb_Arab,0.04445397489842539,-0.042569157087976914
8,64,devtest,deu_Latn,zho_Hans,0.01839119467485692,0.01179210738094962
8,64,devtest,deu_Latn,jpn_Jpan,0.0780163122891581,-0.07840422885691138
8,64,devtest,deu_Latn,tur_Latn,0.049540213172976244,-0.07309004221051099
8,64,devtest,deu_Latn,vie_Latn,0.0036820572791746134,-0.040221392636382094
8,64,devtest,deu_Latn,ind_Latn,0.029542708607644533,0.006744903784405203
8,64,devtest,fra_Latn,eng_Latn,0.07499260812198044,0.08887167542971557
8,64,devtest,fra_Latn,deu_Latn,0.03316907817552413,0.07429749046827903
8,64,devtest,fra_Latn,spa_Latn,0.11438923073652821,0.042938408249661116
8,64,devtest,fra_Latn,rus_Cyrl,-0.01518803055313484,0.0042040036266583584
8,64,devtest,fra_Latn,hin_Deva,0.04146706376336619,-0.06196372377401152
8,64,devtest,fra_Latn,arb_Arab,0.07567219125799475,0.014001146497285039
8,64,devtest,fra_Latn,zho_Hans,0.055390361227649204,0.038403863967390664
8,64,devtest,fra_Latn,jpn_Jpan,0.06521528469309598,-0.0908744240872276
8,64,devtest,fra_Latn,tur_Latn,0.03328323733893908,-0.03181262751867116
8,64,devtest,fra_Latn,vie_Latn,0.1397482893761709,0.029729168478441717
8,64,devtest,fra_Latn,ind_Latn,0.10601529077211447,0.03343900707917773
8,64,devtest,spa_Latn,eng_Latn,0.004333502326523805,-0.01812351442689776
8,64,devtest,spa_Latn,deu_Latn,0.045554777242436624,-0.026848173499220817
8,64,devtest,spa_Latn,fra_Latn,0.11008044964964184,0.01778465291383227
8,64,devtest,spa_Latn,rus_Cyrl,0.054860710432811016,-0.07284076761883942
8,64,devtest,spa_Latn,hin_Deva,0.08277595798771069,-0.13635633236699796
8,64,devtest,spa_Latn,arb_Arab,0.1133716323247165,-0.04863157279797817
8,64,devtest,spa_Latn,zho_Hans,0.06469544897914563,-0.0679633720783317
8,64,devtest,spa_Latn,jpn_Jpan,0.0636458855639058,-0.10990022838232033
8,64,devtest,spa_Latn,tur_Latn,0.09415879802523365,-0.0960849117450372
8,64,devtest,spa_Latn,vie_Latn,0.12375673483374094,-0.03976156576921788
8,64,devtest,spa_Latn,ind_Latn,0.06081947841089478,-0.05194923942556603
8,64,devtest,rus_Cyrl,eng_Latn,0.048445939666257314,0.0016167019024072627
8,64,devtest,rus_Cyrl,deu_Latn,-0.01776242889387949,-0.0004393339500812477
8,64,devtest,rus_Cyrl,fra_Latn,0.0060966488641691005,0.006863199690500407
8,64,devtest,rus_Cyrl,spa_Latn,0.02497110430874882,-0.034725207976896995
8,64,devtest,rus_Cyrl,hin_Deva,0.05919486619978161,-0.06631958273631813
8,64,devtest,rus_Cyrl,arb_Arab,0.059157486873064845,-0.007731262774653855
8,64,devtest,rus_Cyrl,zho_Hans,0.04161262214024503,-0.004161442502076272
8,64,devtest,rus_Cyrl,jpn_Jpan,0.0015619860670538907,-0.056371897694804766
8,64,devtest,rus_Cyrl,tur_Latn,-0.029323273795498046,-0.057375344002309064
8,64,devtest,rus_Cyrl,vie_Latn,-0.01974383319091093,-0.014082679960392436
8,64,devtest,rus_Cyrl,ind_Latn,-0.00660551571830453,0.02022860189974813
8,64,devtest,hin_Deva,eng_Latn,-0.0046156501992912794,-0.09832087607913577
8,64,devtest,hin_Deva,deu_Latn,-0.049934701732040995,-0.08518492140381265
8,64,devtest,hin_Deva,fra_Latn,0.023766225405807122,-0.08656899011553101
8,64,devtest,hin_Deva,spa_Latn,-0.0572921924591888,-0.11226963123010213
8,64,devtest,hin_Deva,rus_Cyrl,0.033239737514633404,-0.10107225547334421
8,64,devtest,hin_Deva,arb_Arab,-0.034023051143302556,-0.07395442055646385
8,64,devtest,hin_Deva,zho_Hans,0.043934065123756076,-0.052620235520510435
8,64,devtest,hin_Deva,jpn_Jpan,0.04948239443195234,-0.129848153875025
8,64,devtest,hin_Deva,tur_Latn,-0.0568315788776865,-0.0782664795137793
8,64,devtest,hin_Deva,vie_Latn,-0.007047476533864528,-0.10905012317450516
8,64,devtest,hin_Deva,ind_Latn,-0.014754438488986159,-0.055669751839278
8,64,devtest,arb_Arab,eng_Latn,0.11598759604793878,-0.036940701475600066
8,64,devtest,arb_Arab,deu_Latn,0.016346607913074615,-0.030995609808634604
8,64,devtest,arb_Arab,fra_Latn,0.0665992024305437,-0.017773225763580258
8,64,devtest,arb_Arab,spa_Latn,0.09654943138232344,-0.03229427436003389
8,64,devtest,arb_Arab,rus_Cyrl,0.08364889395527565,-0.04035325738325899
8,64,devtest,arb_Arab,hin_Deva,0.0822849337414924,-0.04530692652674696
8,64,devtest,arb_Arab,zho_Hans,0.07498040286659591,-0.05884695438581782
8,64,devtest,arb_Arab,jpn_Jpan,0.07223649555551358,-0.12120546554641243
8,64,devtest,arb_Arab,tur_Latn,-0.017628897287647313,-0.0685980974452669
8,64,devtest,arb_Arab,vie_Latn,0.06416639505956448,-0.10599604965836677
8,64,devtest,arb_Arab,ind_Latn,0.07034555668034508,0.028971985954588716
8,64,devtest,zho_Hans,eng_Latn,0.07490599788869609,0.01706558585258028
8,64,devtest,zho_Hans,deu_Latn,0.1252073444004561,-0.037085839248731864
8,64,devtest,zho_Hans,fra_Latn,0.0821979856442438,-0.024603884779824125
8,64,devtest,zho_Hans,spa_Latn,0.12661986817244994,-0.06758885571466025
8,64,devtest,zho_Hans,rus_Cyrl,0.10781275499629976,-0.06311211383285716
8,64,devtest,zho_Hans,hin_Deva,0.10409167751695494,-0.030891963152646487
8,64,devtest,zho_Hans,arb_Arab,0.11590302218460743,-0.07544142353616419
8,64,devtest,zho_Hans,jpn_Jpan,0.08623479846071876,-0.11763058024099783
8,64,devtest,zho_Hans,tur_Latn,0.1304723617892168,-0.11777036509165709
8,64,devtest,zho_Hans,vie_Latn,0.08253455789006026,-0.04998757615086981
8,64,devtest,zho_Hans,ind_Latn,0.09546799383078358,0.0028339001170381546
8,64,devtest,jpn_Jpan,eng_Latn,-0.06257258615959105,0.039177217364726444
8,64,devtest,jpn_Jpan,deu_Latn,0.08100999748500771,0.04317154810992451
8,64,devtest,jpn_Jpan,fra_Latn,0.07112370048294386,-0.02197704800624008
8,64,devtest,jpn_Jpan,spa_Latn,0.0948752233133648,0.008740322524781177
8,64,devtest,jpn_Jpan,rus_Cyrl,0.0648866988767964,0.02824980729400681
8,64,devtest,jpn_Jpan,hin_Deva,0.12835679803665984,-0.0024401196311850657
8,64,devtest,jpn_Jpan,arb_Arab,0.11355338031611556,-0.011448684217432918
8,64,devtest,jpn_Jpan,zho_Hans,-0.021602807890400363,0.01790619844374769
8,64,devtest,jpn_Jpan,tur_Latn,0.04998603730052234,-0.05134910611907372
8,64,devtest,jpn_Jpan,vie_Latn,-0.014049765525426368,-0.0034587079130194106
8,64,devtest,jpn_Jpan,ind_Latn,0.03303389405781611,0.02914196663873617
8,64,devtest,tur_Latn,eng_Latn,0.025855396271308298,-0.09499453401967746
8,64,devtest,tur_Latn,deu_Latn,0.06116536796229355,-0.08448539966949357
8,64,devtest,tur_Latn,fra_Latn,0.060133540558442757,-0.08107876040085318
8,64,devtest,tur_Latn,spa_Latn,0.12887620585924794,-0.11420749394955382
8,64,devtest,tur_Latn,rus_Cyrl,-0.025909498103366017,-0.12276447697060407
8,64,devtest,tur_Latn,hin_Deva,0.09917251699032947,-0.10199201011157105
8,64,devtest,tur_Latn,arb_Arab,0.0713039527467148,-0.08662149166933156
8,64,devtest,tur_Latn,zho_Hans,0.11826710985895227,-0.11358236396833805
8,64,devtest,tur_Latn,jpn_Jpan,0.055437291400577134,-0.1717442794367847
8,64,devtest,tur_Latn,vie_Latn,0.05372690871194667,-0.16288409354999475
8,64,devtest,tur_Latn,ind_Latn,0.06589829528107476,-0.09772212585921534
8,64,devtest,vie_Latn,eng_Latn,0.00914426911411308,-0.0078365958641902
8,64,devtest,vie_Latn,deu_Latn,0.04285776624252996,-0.011804353250578464
8,64,devtest,vie_Latn,fra_Latn,0.11420419217896563,0.025324239746647745
8,64,devtest,vie_Latn,spa_Latn,0.14746997967965084,-0.012952673116512716
8,64,devtest,vie_Latn,rus_Cyrl,-0.005845140952016681,-0.005776047210062807
8,64,devtest,vie_Latn,hin_Deva,0.0928194280414568,-0.06977815454373769
8,64,devtest,vie_Latn,arb_Arab,0.11112367860360368,-0.07100895991882271
8,64,devtest,vie_Latn,zho_Hans,0.03845761002400262,0.014872757067442397
8,64,devtest,vie_Latn,jpn_Jpan,0.0046301500592432765,-0.08091770588747481
8,64,devtest,vie_Latn,tur_Latn,0.04349222730727424,-0.12053175685243292
8,64,devtest,vie_Latn,ind_Latn,0.07086700534302602,0.06875566052725199
8,64,devtest,ind_Latn,eng_Latn,-0.03268026593665277,0.017644949903555186
8,64,devtest,ind_Latn,deu_Latn,0.02138335307685301,0.0022802090858130447
8,64,devtest,ind_Latn,fra_Latn,0.11290370063270733,0.015803204886734052
8,64,devtest,ind_Latn,spa_Latn,0.0603001270443892,-0.04225426183693373
8,64,devtest,ind_Latn,rus_Cyrl,0.02162674757002623,-0.011407722033912177
8,64,devtest,ind_Latn,hin_Deva,0.10060469548088549,-0.014439420291091836
8,64,devtest,ind_Latn,arb_Arab,0.07596928081818805,0.018345193839537047
8,64,devtest,ind_Latn,zho_Hans,0.004287220216615851,0.03759047028237549
8,64,devtest,ind_Latn,jpn_Jpan,0.01827802535468124,-0.07405770762800036
8,64,devtest,ind_Latn,tur_Latn,0.04904867848970135,-0.07108981023079539
8,64,devtest,ind_Latn,vie_Latn,0.04820703664862771,0.04370683301953168
8,128,devtest,eng_Latn,deu_Latn,0.14692574479630466,0.08106623266367273
8,128,devtest,eng_Latn,fra_Latn,0.1381552424571756,0.09276901637019966
8,128,devtest,eng_Latn,spa_Latn,0.06787939623010004,0.04201658625815235
8,128,devtest,eng_Latn,rus_Cyrl,0.0735164352962255,0.019169171795235147
8,128,devtest,eng_Latn,hin_Deva,0.15480932589203042,0.018258000300992117
8,128,devtest,eng_Latn,arb_Arab,0.15063938172728436,0.024843048386751786
8,128,devtest,eng_Latn,zho_Hans,0.021234898006745703,0.08348523383162426
8,128,devtest,eng_Latn,jpn_Jpan,-0.002032340371597727,-0.059015388075135025
8,128,devtest,eng_Latn,tur_Latn,0.1424389432150626,-0.038589703696846826
8,128,devtest,eng_Latn,vie_Latn,0.11226322291370684,0.020054193815962358
8,128,devtest,eng_Latn,ind_Latn,0.1119244662968889,0.08396886952582941
8,128,devtest,deu_Latn,eng_Latn,0.015948193720623657,0.02340066753393192
8,128,devtest,deu_Latn,fra_Latn,0.07113028214276429,0.0418887634342092
8,128,devtest,deu_Latn,spa_Latn,0.060991655165745576,-0.06567800347853363
8,128,devtest,deu_Latn,rus_Cyrl,0.015301417040594487,-0.05448465822683036
8,128,devtest,deu_Latn,hin_Deva,0.06943447997696794,-0.07575209123145075
8,128,devtest,deu_Latn,arb_Arab,0.051472090216382466,-0.04551774106074931
8,128,devtest,deu_Latn,zho_Hans,0.037332441836681704,0.0012916415796385093
8,128,devtest,deu_Latn,jpn_Jpan,0.07465751048964125,-0.10921288009145408
8,128,devtest,deu_Latn,tur_Latn,0.05159577325010417,-0.07676498330384553
8,128,devtest,deu_Latn,vie_Latn,0.008848114991923645,-0.0453721167188262
8,128,devtest,deu_Latn,ind_Latn,0.02794567022602103,-0.005010418074160767
8,128,devtest,fra_Latn,eng_Latn,0.0934295762263281,0.0815722805180434
8,128,devtest,fra_Latn,deu_Latn,0.04001334012490376,0.08037034117001782
8,128,devtest,fra_Latn,spa_Latn,0.11841176570798652,0.0304765808976819
8,128,devtest,fra_Latn,rus_Cyrl,-0.00959046040663551,0.005835340791970088
8,128,devtest,fra_Latn,hin_Deva,0.06235290735869031,-0.0641713342725871
8,128,devtest,fra_Latn,arb_Arab,0.0668681916104605,0.020876405248573683
8,128,devtest,fra_Latn,zho_Hans,0.0608750949590582,0.02840662319032039
8,128,devtest,fra_Latn,jpn_Jpan,0.06770885244667918,-0.10289444323178237
8,128,devtest,fra_Latn,tur_Latn,0.03492990292804536,-0.02822918792907853
8,128,devtest,fra_Latn,vie_Latn,0.1369344139660921,0.02546306778524683
8,128,devtest,fra_Latn,ind_Latn,0.10048525033173597,0.036941944089282044
8,128,devtest,spa_Latn,eng_Latn,-0.026101018794184663,-0.024544364308292984
8,128,devtest,spa_Latn,deu_Latn,0.05860202064541783,-0.056506204440325954
8,128,devtest,spa_Latn,fra_Latn,0.11144681800117673,0.0019054455932793902
8,128,devtest,spa_Latn,rus_Cyrl,0.05252125403616302,-0.06554881940524133
8,128,devtest,spa_Latn,hin_Deva,0.1023577169946303,-0.12579364802333548
8,128,devtest,spa_Latn,arb_Arab,0.11035889992018087,-0.05450210797386057
8,128,devtest,spa_Latn,zho_Hans,0.06071894050572443,-0.07201705461358607
8,128,devtest,spa_Latn,jpn_Jpan,0.07588774751967155,-0.147291398707219
8,128,devtest,spa_Latn,tur_Latn,0.08409181847295484,-0.09726213979704697
8,128,devtest,spa_Latn,vie_Latn,0.10572247407939223,-0.05152595865393748
8,128,devtest,spa_Latn,ind_Latn,0.05668303294746284,-0.048083438873612466
8,128,devtest,rus_Cyrl,eng_Latn,0.04632603967884169,-0.008663952964511935
8,128,devtest,rus_Cyrl,deu_Latn,-0.023926375473019082,-0.013508020939570634
8,128,devtest,rus_Cyrl,fra_Latn,0.01571922834147906,0.0017951331986183255
8,128,devtest,rus_Cyrl,spa_Latn,0.02001903629433778,-0.027345455676290594
8,128,devtest,rus_Cyrl,hin_Deva,0.06860666406812344,-0.0690218327189455
8,128,devtest,rus_Cyrl,arb_Arab,0.05706239088181944,-0.01846771253272314
8,128,devtest,rus_Cyrl,zho_Hans,0.03533573108083287,-0.008402150765358874
8,128,devtest,rus_Cyrl,jpn_Jpan,-0.005395507154908948,-0.0958599926369174
8,128,devtest,rus_Cyrl,tur_Latn,-0.031994450614287455,-0.055784550751956985
8,128,devtest,rus_Cyrl,vie_Latn,-0.023391343234247637,-0.019205752396446306
8,128,devtest,rus_Cyrl,ind_Latn,-0.0059934921667855546,0.028894864810893324
8,128,devtest,hin_Deva,eng_Latn,-0.006988429500569001,-0.09473568112579114
8,128,devtest,hin_Deva,deu_Latn,-0.056349162799394406,-0.08317013669170452
8,128,devtest,hin_Deva,fra_Latn,0.014197315807573203,-0.08275397268444273
8,128,devtest,hin_Deva,spa_Latn,-0.06598969097257269,-0.1049720867903794
8,128,devtest,hin_Deva,rus_Cyrl,0.025884993692074674,-0.09946213380036054
8,128,devtest,hin_Deva,arb_Arab,-0.043227558040810965,-0.07657205605814321
8,128,devtest,hin_Deva,zho_Hans,0.04659752077799239,-0.054193589235468166
8,128,devtest,hin_Deva,jpn_Jpan,0.04426627226316625,-0.14323872515041747
8,128,devtest,hin_Deva,tur_Latn,-0.07047832334027017,-0.07760237512986033
8,128,devtest,hin_Deva,vie_Latn,-0.02967648362386792,-0.10702261439173795
8,128,devtest,hin_Deva,ind_Latn,-0.029594405994600562,-0.05734609061793126
8,128,devtest,arb_Arab,eng_Latn,0.11016637351953154,-0.04927424509541544
8,128,devtest,arb_Arab,deu_Latn,0.01619750742537442,-0.03413576854443186
8,128,devtest,arb_Arab,fra_Latn,0.05558969141303892,-0.019276409254995318
8,128,devtest,arb_Arab,spa_Latn,0.08809276635300346,-0.04144960203238255
8,128,devtest,arb_Arab,rus_Cyrl,0.09332422836985937,-0.05513537405252405
8,128,devtest,arb_Arab,hin_Deva,0.09555417991391309,-0.05962572664377328
8,128,devtest,arb_Arab,zho_Hans,0.07768158114320213,-0.06459573436904222
8,128,devtest,arb_Arab,jpn_Jpan,0.08953183834017345,-0.13723333450581665
8,128,devtest,arb_Arab,tur_Latn,-0.01594972393373472,-0.06593784722981162
8,128,devtest,arb_Arab,vie_Latn,0.055088971808307546,-0.11045366293120171
8,128,devtest,arb_Arab,ind_Latn,0.06219540234861952,0.017654181111253362
8,128,devtest,zho_Hans,eng_Latn,0.06826177614090871,0.015060120496953683
8,128,devtest,zho_Hans,deu_Latn,0.13956818248812028,-0.037161927147284085
8,128,devtest,zho_Hans,fra_Latn,0.0883012009075977,-0.022417035039151215
8,128,devtest,zho_Hans,spa_Latn,0.1370368081115289,-0.061721519530195786
8,128,devtest,zho_Hans,rus_Cyrl,0.11856690062026151,-0.0687323504278367
8,128,devtest,zho_Hans,hin_Deva,0.13142822357119038,-0.03586789234135063
8,128,devtest,zho_Hans,arb_Arab,0.1273801525709656,-0.07218842081019626
8,128,devtest,zho_Hans,jpn_Jpan,0.09568447684180285,-0.1405152458151341
8,128,devtest,zho_Hans,tur_Latn,0.14664441713532386,-0.11665202395624816
8,128,devtest,zho_Hans,vie_Latn,0.08296857235323547,-0.0484405371545009
8,128,devtest,zho_Hans,ind_Latn,0.09528453916258425,-0.0036927993132366897
8,128,devtest,jpn_Jpan,eng_Latn,-0.05595714619442583,0.03958042706220129
8,128,devtest,jpn_Jpan,deu_Latn,0.0834500734147266,0.038548842975045766
8,128,devtest,jpn_Jpan,fra_Latn,0.0865466937558465,-0.010663072231678242
8,128,devtest,jpn_Jpan,spa_Latn,0.11128084837288846,-0.001523196834087284
8,128,devtest,jpn_Jpan,rus_Cyrl,0.07255416945068363,0.01173913355538618
8,128,devtest,jpn_Jpan,hin_Deva,0.14822371178466254,-0.004985672956777481
8,128,devtest,jpn_Jpan,arb_Arab,0.13479468946213718,0.0033549002136786564
8,128,devtest,jpn_Jpan,zho_Hans,-0.024656386906422408,0.012599264538488503
8,128,devtest,jpn_Jpan,tur_Latn,0.06279727640894892,-0.04273452664069531
8,128,devtest,jpn_Jpan,vie_Latn,-0.004767052639425156,-0.0018030183206282102
8,128,devtest,jpn_Jpan,ind_Latn,0.038308615620904436,0.04199279627003544
8,128,devtest,tur_Latn,eng_Latn,0.014888481240973118,-0.11282080583609472
8,128,devtest,tur_Latn,deu_Latn,0.06409795758731548,-0.09457411192102441
8,128,devtest,tur_Latn,fra_Latn,0.0574961960396579,-0.0982892746858288
8,128,devtest,tur_Latn,spa_Latn,0.12342464178118359,-0.12247263230182137
8,128,devtest,tur_Latn,rus_Cyrl,-0.033175167133663606,-0.13317730556671248
8,128,devtest,tur_Latn,hin_Deva,0.11439235437105519,-0.11959936748532726
8,128,devtest,tur_Latn,arb_Arab,0.0864155981823637,-0.091484429873715
8,128,devtest,tur_Latn,zho_Hans,0.11810431727938936,-0.12864569997983058
8,128,devtest,tur_Latn,jpn_Jpan,0.05541101386549885,-0.19405781715920847
8,128,devtest,tur_Latn,vie_Latn,0.05027117361979349,-0.17277853608883625
8,128,devtest,tur_Latn,ind_Latn,0.06179749350745041,-0.10019502358440852
8,128,devtest,vie_Latn,eng_Latn,0.023579309285923455,-0.021991099644618484
8,128,devtest,vie_Latn,deu_Latn,0.05250438565979138,-0.008098551402475397
8,128,devtest,vie_Latn,fra_Latn,0.11299292077029062,0.013575765727749942
8,128,devtest,vie_Latn,spa_Latn,0.14030549730423397,-0.02960238146138534
8,128,devtest,vie_Latn,rus_Cyrl,0.0003039254001459129,-0.016001257242892475
8,128,devtest,vie_Latn,hin_Deva,0.10498223213943567,-0.06173763664601785
8,128,devtest,vie_Latn,arb_Arab,0.11298161610508453,-0.06901242322478508
8,128,devtest,vie_Latn,zho_Hans,0.033280420544744824,0.008681231396092651
8,128,devtest,vie_Latn,jpn_Jpan,0.017722888674818804,-0.10258788191810406
8,128,devtest,vie_Latn,tur_Latn,0.04845321705200685,-0.11911844950007405
8,128,devtest,vie_Latn,ind_Latn,0.0715717841088968,0.06304452917552675
8,128,devtest,ind_Latn,eng_Latn,-0.031096525082308434,0.020209543245757487
8,128,devtest,ind_Latn,deu_Latn,0.011759848822672187,-0.011680394243469493
8,128,devtest,ind_Latn,fra_Latn,0.10767186002911608,0.01653610254428258
8,128,devtest,ind_Latn,spa_Latn,0.06475438427882292,-0.039226655447967926
8,128,devtest,ind_Latn,rus_Cyrl,0.026605734201928303,-0.0060043542948651964
8,128,devtest,ind_Latn,hin_Deva,0.10522475019235272,-0.028226343129468093
8,128,devtest,ind_Latn,arb_Arab,0.08305920502441165,0.004797916946676129
8,128,devtest,ind_Latn,zho_Hans,-0.0026511743918039904,0.02619626047703073
8,128,devtest,ind_Latn,jpn_Jpan,0.017462978113003274,-0.08883538474236072
8,128,devtest,ind_Latn,tur_Latn,0.04243708923185237,-0.07084958075250591
8,128,devtest,ind_Latn,vie_Latn,0.0397283964595268,0.03245347689756823
8,256,devtest,eng_Latn,deu_Latn,0.15658558657204047,0.07695209896139026
8,256,devtest,eng_Latn,fra_Latn,0.1419472152745087,0.0984693556537548
8,256,devtest,eng_Latn,spa_Latn,0.08465457337705908,0.04555653369582215
8,256,devtest,eng_Latn,rus_Cyrl,0.07499864875748875,0.02489638369000663
8,256,devtest,eng_Latn,hin_Deva,0.16950550925765973,0.01937523449867244
8,256,devtest,eng_Latn,arb_Arab,0.15113141908987834,0.03718343545470802
8,256,devtest,eng_Latn,zho_Hans,0.016206973687997703,0.08364032035779459
8,256,devtest,eng_Latn,jpn_Jpan,-0.002390027321426716,-0.07471073127182805
8,256,devtest,eng_Latn,tur_Latn,0.15064823807613562,-0.03052063793041078
8,256,devtest,eng_Latn,vie_Latn,0.1214391710383209,0.018640255745458186
8,256,devtest,eng_Latn,ind_Latn,0.12707007805007212,0.0964076813388299
8,256,devtest,deu_Latn,eng_Latn,-0.002934357370062418,-0.005956396495848802
8,256,devtest,deu_Latn,fra_Latn,0.06963010679656226,0.025647520725828654
8,256,devtest,deu_Latn,spa_Latn,0.05575469761319726,-0.07204756985902912
8,256,devtest,deu_Latn,rus_Cyrl,0.015203052988210668,-0.08204797872890343
8,256,devtest,deu_Latn,hin_Deva,0.0869071806845864,-0.08329692658771679
8,256,devtest,deu_Latn,arb_Arab,0.055920134148694914,-0.05078927179893478
8,256,devtest,deu_Latn,zho_Hans,0.035410500137437795,-0.018551569397645268
8,256,devtest,deu_Latn,jpn_Jpan,0.06152907210360467,-0.12926433713020669
8,256,devtest,deu_Latn,tur_Latn,0.049759959812209514,-0.07973242359550596
8,256,devtest,deu_Latn,vie_Latn,0.016943649159331598,-0.06005932639000102
8,256,devtest,deu_Latn,ind_Latn,0.039145940674745715,-0.017189351327332986
8,256,devtest,fra_Latn,eng_Latn,0.09005850338355752,0.07356605402617418
8,256,devtest,fra_Latn,deu_Latn,0.03290590881931193,0.07166184987409598
8,256,devtest,fra_Latn,spa_Latn,0.12550595727640462,0.01827709628754911
8,256,devtest,fra_Latn,rus_Cyrl,-0.0008402714772585307,-0.014586270661037416
8,256,devtest,fra_Latn,hin_Deva,0.07487933298529219,-0.07300695183296123
8,256,devtest,fra_Latn,arb_Arab,0.08011666717126811,0.01147639951081902
8,256,devtest,fra_Latn,zho_Hans,0.06787913547452468,0.019856808705608027
8,256,devtest,fra_Latn,jpn_Jpan,0.06594665820718525,-0.13214716942475074
8,256,devtest,fra_Latn,tur_Latn,0.028272939330479394,-0.035385813904859384
8,256,devtest,fra_Latn,vie_Latn,0.12895979077755723,0.007854405142389954
8,256,devtest,fra_Latn,ind_Latn,0.10430842225913395,0.028988820544291475
8,256,devtest,spa_Latn,eng_Latn,-0.025750978714230127,-0.04775271925616246
8,256,devtest,spa_Latn,deu_Latn,0.0541660816787643,-0.0623767556179757
8,256,devtest,spa_Latn,fra_Latn,0.11969649751972404,-0.01958843946436275
8,256,devtest,spa_Latn,rus_Cyrl,0.041881753098444136,-0.0879673750519805
8,256,devtest,spa_Latn,hin_Deva,0.1281675568731764,-0.12240765784671098
8,256,devtest,spa_Latn,arb_Arab,0.10628006891056432,-0.07263760593652757
8,256,devtest,spa_Latn,zho_Hans,0.07155723758850224,-0.09080567431521035
8,256,devtest,spa_Latn,jpn_Jpan,0.06066675042545467,-0.17241680812670104
8,256,devtest,spa_Latn,tur_Latn,0.08114925598693966,-0.10173624440532328
8,256,devtest,spa_Latn,vie_Latn,0.09930786476737342,-0.0653148622073434
8,256,devtest,spa_Latn,ind_Latn,0.061282789622702394,-0.06536017813632333
8,256,devtest,rus_Cyrl,eng_Latn,0.03603852556909155,-0.014368886205798535
8,256,devtest,rus_Cyrl,deu_Latn,-0.02466059162341406,-0.023473627137043183
8,256,devtest,rus_Cyrl,fra_Latn,0.02530417153932712,-0.013949410239298922
8,256,devtest,rus_Cyrl,spa_Latn,0.012506471688772376,-0.03896924972803806
8,256,devtest,rus_Cyrl,hin_Deva,0.08222093411477063,-0.069728988922115
8,256,devtest,rus_Cyrl,arb_Arab,0.055179379777230586,-0.027138816668369155
8,256,devtest,rus_Cyrl,zho_Hans,0.027945080322854993,-0.023850429738966977
8,256,devtest,rus_Cyrl,jpn_Jpan,-0.014769310824877393,-0.11272075308521375
8,256,devtest,rus_Cyrl,tur_Latn,-0.03498583842470056,-0.05764448542676622
8,256,devtest,rus_Cyrl,vie_Latn,-0.02356736281160028,-0.025262613612135075
8,256,devtest,rus_Cyrl,ind_Latn,-0.020585454100140635,0.029197498768866556
8,256,devtest,hin_Deva,eng_Latn,-0.02820723043041062,-0.10799745900240983
8,256,devtest,hin_Deva,deu_Latn,-0.06692961346998588,-0.08064233369618358
8,256,devtest,hin_Deva,fra_Latn,0.004223312626593898,-0.08550618125454018
8,256,devtest,hin_Deva,spa_Latn,-0.07796976390273576,-0.10468890058972564
8,256,devtest,hin_Deva,rus_Cyrl,0.014487023962589196,-0.1028531418375735
8,256,devtest,hin_Deva,arb_Arab,-0.053106648149997535,-0.07216968749832636
8,256,devtest,hin_Deva,zho_Hans,0.029806783813467227,-0.058618027469506104
8,256,devtest,hin_Deva,jpn_Jpan,0.03477797246882544,-0.14930907068484492
8,256,devtest,hin_Deva,tur_Latn,-0.08026279190168072,-0.07664961453408768
8,256,devtest,hin_Deva,vie_Latn,-0.04154522339601665,-0.10558536527567561
8,256,devtest,hin_Deva,ind_Latn,-0.040690855163980015,-0.0538509808251408
8,256,devtest,arb_Arab,eng_Latn,0.10531809304678724,-0.06342417996302102
8,256,devtest,arb_Arab,deu_Latn,0.002467085346145877,-0.04431272480126096
8,256,devtest,arb_Arab,fra_Latn,0.06741161807228081,-0.04178890246187381
8,256,devtest,arb_Arab,spa_Latn,0.08209379667297131,-0.06755743922455502
8,256,devtest,arb_Arab,rus_Cyrl,0.09177456878267756,-0.08506029212389107
8,256,devtest,arb_Arab,hin_Deva,0.10793001985817671,-0.07211369405674371
8,256,devtest,arb_Arab,zho_Hans,0.08541978708201187,-0.08692762995495883
8,256,devtest,arb_Arab,jpn_Jpan,0.06617559659836054,-0.16915929963323703
8,256,devtest,arb_Arab,tur_Latn,-0.018077136153324284,-0.08077931599459025
8,256,devtest,arb_Arab,vie_Latn,0.0499398557101,-0.1357243848673829
8,256,devtest,arb_Arab,ind_Latn,0.05676927286850444,-0.007073647566843785
8,256,devtest,zho_Hans,eng_Latn,0.07196667250848741,0.002396149072383835
8,256,devtest,zho_Hans,deu_Latn,0.14662828551070864,-0.05040881754794257
8,256,devtest,zho_Hans,fra_Latn,0.0961137911665495,-0.023267655120163787
8,256,devtest,zho_Hans,spa_Latn,0.14441269724479758,-0.061456805949770016
8,256,devtest,zho_Hans,rus_Cyrl,0.11967216719300629,-0.08097808175534911
8,256,devtest,zho_Hans,hin_Deva,0.13139568288962816,-0.034749140480406226
8,256,devtest,zho_Hans,arb_Arab,0.13743204640014597,-0.06828755952790218
8,256,devtest,zho_Hans,jpn_Jpan,0.10538377019895862,-0.15192151106053164
8,256,devtest,zho_Hans,tur_Latn,0.14845320427685946,-0.10268203488529211
8,256,devtest,zho_Hans,vie_Latn,0.08858146096811688,-0.04673137110684692
8,256,devtest,zho_Hans,ind_Latn,0.09959212007433271,-0.010852158834689788
8,256,devtest,jpn_Jpan,eng_Latn,-0.0663923076423169,0.031457697910144494
8,256,devtest,jpn_Jpan,deu_Latn,0.07916856827638477,0.04095568617014059
8,256,devtest,jpn_Jpan,fra_Latn,0.08768864129190815,-0.012057697640441775
8,256,devtest,jpn_Jpan,spa_Latn,0.1074649682012642,0.002943517915887728
8,256,devtest,jpn_Jpan,rus_Cyrl,0.07444009979877074,0.010745095491180067
8,256,devtest,jpn_Jpan,hin_Deva,0.14952659318704836,0.0050572569470776615
8,256,devtest,jpn_Jpan,arb_Arab,0.12440083197117902,0.006244922619759848
8,256,devtest,jpn_Jpan,zho_Hans,-0.020536723788338124,0.02095290552744658
8,256,devtest,jpn_Jpan,tur_Latn,0.06287742896968015,-0.04445062706801085
8,256,devtest,jpn_Jpan,vie_Latn,-0.004666609164652677,-0.011921897195732858
8,256,devtest,jpn_Jpan,ind_Latn,0.038084980010619406,0.04452036478260841
8,256,devtest,tur_Latn,eng_Latn,0.0035263360921387998,-0.14295319164947853
8,256,devtest,tur_Latn,deu_Latn,0.054632750200468934,-0.10306577733985416
8,256,devtest,tur_Latn,fra_Latn,0.04564696295382543,-0.11273743934147448
8,256,devtest,tur_Latn,spa_Latn,0.12624723673064783,-0.12961744828785637
8,256,devtest,tur_Latn,rus_Cyrl,-0.045782026134765175,-0.14711103060597439
8,256,devtest,tur_Latn,hin_Deva,0.13452245911805183,-0.1283964377795572
8,256,devtest,tur_Latn,arb_Arab,0.09318956186821216,-0.09841781211350928
8,256,devtest,tur_Latn,zho_Hans,0.11288730691526024,-0.12703723061488117
8,256,devtest,tur_Latn,jpn_Jpan,0.05601998228086596,-0.22909503882467527
8,256,devtest,tur_Latn,vie_Latn,0.042754221607817125,-0.18213980049295825
8,256,devtest,tur_Latn,ind_Latn,0.06554083054941849,-0.12471356991024514
8,256,devtest,vie_Latn,eng_Latn,0.00796109975481046,-0.04362669122075043
8,256,devtest,vie_Latn,deu_Latn,0.06939788476487174,-0.026518357193949408
8,256,devtest,vie_Latn,fra_Latn,0.11178925693391478,-0.006133201468038406
8,256,devtest,vie_Latn,spa_Latn,0.14348530784966868,-0.041086463808339975
8,256,devtest,vie_Latn,rus_Cyrl,0.013471237625081156,-0.033451551576047706
8,256,devtest,vie_Latn,hin_Deva,0.11908045027291335,-0.0628879766541904
8,256,devtest,vie_Latn,arb_Arab,0.1180072233939713,-0.08755943760646094
8,256,devtest,vie_Latn,zho_Hans,0.029093882146921744,0.005194092862763414
8,256,devtest,vie_Latn,jpn_Jpan,0.01748650090169241,-0.13447400326382192
8,256,devtest,vie_Latn,tur_Latn,0.053958428900190196,-0.12059791417758726
8,256,devtest,vie_Latn,ind_Latn,0.07877349442642854,0.05107507144444604
8,256,devtest,ind_Latn,eng_Latn,-0.03449883769080399,0.016693950718498506
8,256,devtest,ind_Latn,deu_Latn,0.025669898638766214,-0.018923425983592576
8,256,devtest,ind_Latn,fra_Latn,0.10992786301173932,0.006331722808122985
8,256,devtest,ind_Latn,spa_Latn,0.06966464011886693,-0.054332306421001786
8,256,devtest,ind_Latn,rus_Cyrl,0.026911719925017053,-0.012964981644161357
8,256,devtest,ind_Latn,hin_Deva,0.11576654594666955,-0.02897534112818547
8,256,devtest,ind_Latn,arb_Arab,0.08929634802058073,-0.01160985332111628
8,256,devtest,ind_Latn,zho_Hans,-0.0030195426122439683,0.00898305189559909
8,256,devtest,ind_Latn,jpn_Jpan,0.012922083330355244,-0.11516468079181459
8,256,devtest,ind_Latn,tur_Latn,0.03406500107967618,-0.08387608702881741
8,256,devtest,ind_Latn,vie_Latn,0.03732779933447125,0.0198654148780065
9,64,devtest,eng_Latn,deu_Latn,0.12910272192566002,0.07475553482006252
9,64,devtest,eng_Latn,fra_Latn,0.1128387657840984,0.10027083709146548
9,64,devtest,eng_Latn,spa_Latn,0.03848804236749733,0.048511747980091516
9,64,devtest,eng_Latn,rus_Cyrl,0.05107427408145966,0.017385426309058233
9,64,devtest,eng_Latn,hin_Deva,0.1175330589950823,-0.015141063705051081
9,64,devtest,eng_Latn,arb_Arab,0.10719244555923076,0.040829765893308397
9,64,devtest,eng_Latn,zho_Hans,0.03417020551057439,0.06249180450507076
9,64,devtest,eng_Latn,jpn_Jpan,-0.04382575490230082,-0.031143929538994534
9,64,devtest,eng_Latn,tur_Latn,0.09726897467015581,-0.02174501340816835
9,64,devtest,eng_Latn,vie_Latn,0.07814698959242004,0.03170338530528169
9,64,devtest,eng_Latn,ind_Latn,0.07851802098698278,0.09455485521252309
9,64,devtest,deu_Latn,eng_Latn,0.03717855953943846,0.06463008921571312
9,64,devtest,deu_Latn,fra_Latn,0.065958393416031,0.051251075897641815
9,64,devtest,deu_Latn,spa_Latn,0.06264091563860538,-0.021440962566126275
9,64,devtest,deu_Latn,rus_Cyrl,0.006991159891008447,-0.033837004677657094
9,64,devtest,deu_Latn,hin_Deva,0.040386002451857674,-0.06077916610327483
9,64,devtest,deu_Latn,arb_Arab,0.017213820072867612,0.00011958225235051716
9,64,devtest,deu_Latn,zho_Hans,0.041676254006899616,-0.0011246557958884584
9,64,devtest,deu_Latn,jpn_Jpan,0.07860449716668519,-0.05365122402602647
9,64,devtest,deu_Latn,tur_Latn,0.05336872501007729,-0.03704505206160218
9,64,devtest,deu_Latn,vie_Latn,0.0027001942509580065,0.005632592551519984
9,64,devtest,deu_Latn,ind_Latn,0.020941620904403657,0.020854024971056765
9,64,devtest,fra_Latn,eng_Latn,0.09300300852037763,0.11030522394725908
9,64,devtest,fra_Latn,deu_Latn,0.046189186651333605,0.07125351559378097
9,64,devtest,fra_Latn,spa_Latn,0.1135583202652895,0.052258305959216496
9,64,devtest,fra_Latn,rus_Cyrl,-0.02869496237835955,0.018760284769368044
9,64,devtest,fra_Latn,hin_Deva,0.012654955640522741,-0.07479788294896636
9,64,devtest,fra_Latn,arb_Arab,0.08395569742135936,0.03616380128377121
9,64,devtest,fra_Latn,zho_Hans,0.06064398067460435,0.024144548778140932
9,64,devtest,fra_Latn,jpn_Jpan,0.05770991746374165,-0.07036688952667455
9,64,devtest,fra_Latn,tur_Latn,0.037930501405645335,-0.009859974816915326
9,64,devtest,fra_Latn,vie_Latn,0.1347622089102671,0.058175791441776925
9,64,devtest,fra_Latn,ind_Latn,0.10534497691604773,0.04402069405067458
9,64,devtest,spa_Latn,eng_Latn,-0.0035117710378238247,0.0011151118417423314
9,64,devtest,spa_Latn,deu_Latn,0.044693212548242274,-0.0300255605909265
9,64,devtest,spa_Latn,fra_Latn,0.0985767847872961,0.03185302777833468
9,64,devtest,spa_Latn,rus_Cyrl,0.030528620178943408,-0.055585938718199404
9,64,devtest,spa_Latn,hin_Deva,0.038928443445582064,-0.136305786559534
9,64,devtest,spa_Latn,arb_Arab,0.09861577352643655,-0.026967350677752952
9,64,devtest,spa_Latn,zho_Hans,0.08256773516094557,-0.09981486964813371
9,64,devtest,spa_Latn,jpn_Jpan,0.08048899125660153,-0.09999544543873677
9,64,devtest,spa_Latn,tur_Latn,0.08433155091774963,-0.08800045430046491
9,64,devtest,spa_Latn,vie_Latn,0.0984244174527268,-0.016147938818755713
9,64,devtest,spa_Latn,ind_Latn,0.0481566093897415,-0.02143703123453452
9,64,devtest,rus_Cyrl,eng_Latn,0.023105505955553895,0.004248032044398064
9,64,devtest,rus_Cyrl,deu_Latn,-0.03225132065090987,-0.028834595537912053
9,64,devtest,rus_Cyrl,fra_Latn,-0.024076867576164,0.01155231561826248
9,64,devtest,rus_Cyrl,spa_Latn,0.012467903558660502,-0.02755936162398259
9,64,devtest,rus_Cyrl,hin_Deva,0.06049255750662077,-0.08287890641882661
9,64,devtest,rus_Cyrl,arb_Arab,0.058501280682440336,-0.004125046499830233
9,64,devtest,rus_Cyrl,zho_Hans,0.04073481186153986,-0.04696404302882222
9,64,devtest,rus_Cyrl,jpn_Jpan,0.009099229384264699,-0.07108013059349226
9,64,devtest,rus_Cyrl,tur_Latn,-0.040874443877568875,-0.057874518902457955
9,64,devtest,rus_Cyrl,vie_Latn,-0.00537267557635794,-0.012355289402859132
9,64,devtest,rus_Cyrl,ind_Latn,0.007379106354782216,0.005902731394624075
9,64,devtest,hin_Deva,eng_Latn,0.018122309092518475,-0.0554073399569499
9,64,devtest,hin_Deva,deu_Latn,-0.032904493632101975,-0.057120176781498534
9,64,devtest,hin_Deva,fra_Latn,0.02525999749940303,-0.06415163933324003
9,64,devtest,hin_Deva,spa_Latn,-0.045393544042706874,-0.07849426965700762
9,64,devtest,hin_Deva,rus_Cyrl,0.04363180992744714,-0.06850794351466832
9,64,devtest,hin_Deva,arb_Arab,-0.0204415484816144,-0.048284354186818514
9,64,devtest,hin_Deva,zho_Hans,0.0667922411255199,-0.023745048870549106
9,64,devtest,hin_Deva,jpn_Jpan,0.07703212697450873,-0.09836942846930703
9,64,devtest,hin_Deva,tur_Latn,-0.046571002122667376,-0.056851408557434174
9,64,devtest,hin_Deva,vie_Latn,-0.007020765517261249,-0.06847214757291357
9,64,devtest,hin_Deva,ind_Latn,-0.0024659206902586995,-0.03122125832899555
9,64,devtest,arb_Arab,eng_Latn,0.08276170097528861,-0.00017304312862441998
9,64,devtest,arb_Arab,deu_Latn,-0.007299618984052629,-0.01369738713405162
9,64,devtest,arb_Arab,fra_Latn,0.05878506096426638,0.004893888625490125
9,64,devtest,arb_Arab,spa_Latn,0.08961653156374207,-0.011746813603286744
9,64,devtest,arb_Arab,rus_Cyrl,0.08401582032069997,-0.02908093895445694
9,64,devtest,arb_Arab,hin_Deva,0.08509570870172838,-0.07836357409493404
9,64,devtest,arb_Arab,zho_Hans,0.07393818155568237,-0.04978298480495103
9,64,devtest,arb_Arab,jpn_Jpan,0.08673928027751653,-0.11915223014146815
9,64,devtest,arb_Arab,tur_Latn,-0.01957338854212277,-0.05292417261953077
9,64,devtest,arb_Arab,vie_Latn,0.05300649642469657,-0.07591254583922723
9,64,devtest,arb_Arab,ind_Latn,0.07758507222423029,0.031994604329982086
9,64,devtest,zho_Hans,eng_Latn,0.07754823490485128,0.015775073191793918
9,64,devtest,zho_Hans,deu_Latn,0.13683569318862174,-0.04907668298683439
9,64,devtest,zho_Hans,fra_Latn,0.08511337415425405,-0.029231073908644583
9,64,devtest,zho_Hans,spa_Latn,0.1319725158893377,-0.10203213320099995
9,64,devtest,zho_Hans,rus_Cyrl,0.10947964276288455,-0.08573488862242368
9,64,devtest,zho_Hans,hin_Deva,0.10975269701626583,-0.06651067424111001
9,64,devtest,zho_Hans,arb_Arab,0.11477101439786574,-0.05746676016259833
9,64,devtest,zho_Hans,jpn_Jpan,0.08066373051841214,-0.128245988137572
9,64,devtest,zho_Hans,tur_Latn,0.12774579594785654,-0.12351362231954266
9,64,devtest,zho_Hans,vie_Latn,0.08539262496115171,-0.04778392896561843
9,64,devtest,zho_Hans,ind_Latn,0.0855908104731862,0.0031404715892955253
9,64,devtest,jpn_Jpan,eng_Latn,-0.05595576836009615,0.046512523560963005
9,64,devtest,jpn_Jpan,deu_Latn,0.08472933629867165,0.033400442930589615
9,64,devtest,jpn_Jpan,fra_Latn,0.05899094430821225,-0.013999859679740052
9,64,devtest,jpn_Jpan,spa_Latn,0.0887690959876889,0.006364418923385078
9,64,devtest,jpn_Jpan,rus_Cyrl,0.07437990406572244,0.018897074888323068
9,64,devtest,jpn_Jpan,hin_Deva,0.0942296381497857,-0.023788127051453698
9,64,devtest,jpn_Jpan,arb_Arab,0.10204429575976079,-0.004437059976118727
9,64,devtest,jpn_Jpan,zho_Hans,-0.0004823890317315666,-0.01121472138455985
9,64,devtest,jpn_Jpan,tur_Latn,0.050204096264227845,-0.03843164565036464
9,64,devtest,jpn_Jpan,vie_Latn,-0.02265685303264037,0.01285325769108803
9,64,devtest,jpn_Jpan,ind_Latn,0.03313415608274404,0.02037628201256099
9,64,devtest,tur_Latn,eng_Latn,0.03828365541563419,-0.059992956353796326
9,64,devtest,tur_Latn,deu_Latn,0.06140554739708593,-0.05299584185742856
9,64,devtest,tur_Latn,fra_Latn,0.07712442762850179,-0.059471949234142577
9,64,devtest,tur_Latn,spa_Latn,0.12543309935032684,-0.0936744357594854
9,64,devtest,tur_Latn,rus_Cyrl,-0.02752100869429725,-0.10662888467888137
9,64,devtest,tur_Latn,hin_Deva,0.08059722893318247,-0.12404867118200705
9,64,devtest,tur_Latn,arb_Arab,0.057911133321730104,-0.07118916303395867
9,64,devtest,tur_Latn,zho_Hans,0.13148781372101295,-0.13357666613836053
9,64,devtest,tur_Latn,jpn_Jpan,0.06950280664083655,-0.16317061476888978
9,64,devtest,tur_Latn,vie_Latn,0.05986598878113213,-0.1141083188497898
9,64,devtest,tur_Latn,ind_Latn,0.07855908593310088,-0.07907484379354486
9,64,devtest,vie_Latn,eng_Latn,0.03450306818041626,0.008447789306343167
9,64,devtest,vie_Latn,deu_Latn,0.044402726029742254,0.006955325262373742
9,64,devtest,vie_Latn,fra_Latn,0.10257817166161076,0.04167664730032407
9,64,devtest,vie_Latn,spa_Latn,0.11729421201169557,-0.0034133030215636514
9,64,devtest,vie_Latn,rus_Cyrl,0.0004461594075781484,-0.019517389710788095
9,64,devtest,vie_Latn,hin_Deva,0.05522224225879544,-0.08813700284455242
9,64,devtest,vie_Latn,arb_Arab,0.07809551897790301,-0.046647783652292024
9,64,devtest,vie_Latn,zho_Hans,0.05720110200731237,-0.014011831275788722
9,64,devtest,vie_Latn,jpn_Jpan,-0.002751536319613205,-0.06682231191314675
9,64,devtest,vie_Latn,tur_Latn,0.051703149345102964,-0.0958658489447705
9,64,devtest,vie_Latn,ind_Latn,0.07529741302199736,0.06883243677243948
9,64,devtest,ind_Latn,eng_Latn,-0.0006210169519582874,0.0660824296553402
9,64,devtest,ind_Latn,deu_Latn,0.03110774345370985,0.00815494632126017
9,64,devtest,ind_Latn,fra_Latn,0.11200629867732491,0.02142479450203306
9,64,devtest,ind_Latn,spa_Latn,0.049453007670360566,-0.012499859860852072
9,64,devtest,ind_Latn,rus_Cyrl,0.005015561749478054,-0.015862192461461123
9,64,devtest,ind_Latn,hin_Deva,0.06456704374566075,-0.02598310054934629
9,64,devtest,ind_Latn,arb_Arab,0.0868799994965112,0.03446365409061408
9,64,devtest,ind_Latn,zho_Hans,0.04547743907832724,0.019322351528686832
9,64,devtest,ind_Latn,jpn_Jpan,0.02806454961846456,-0.06790403253845803
9,64,devtest,ind_Latn,tur_Latn,0.05266350215788879,-0.05662217024371206
9,64,devtest,ind_Latn,vie_Latn,0.07427389247641691,0.05832791102168096
9,128,devtest,eng_Latn,deu_Latn,0.14622092102406106,0.08362792491181596
9,128,devtest,eng_Latn,fra_Latn,0.12414590727094085,0.10439844658153509
9,128,devtest,eng_Latn,spa_Latn,0.04616688415851031,0.048011545630893764
9,128,devtest,eng_Latn,rus_Cyrl,0.048980663343290584,0.021195736077450445
9,128,devtest,eng_Latn,hin_Deva,0.13549558190941474,-0.008228185790791341
9,128,devtest,eng_Latn,arb_Arab,0.11727071870707524,0.04312378002974526
9,128,devtest,eng_Latn,zho_Hans,0.02199473019403341,0.05293311290540236
9,128,devtest,eng_Latn,jpn_Jpan,-0.04365790805053434,-0.04459163675403128
9,128,devtest,eng_Latn,tur_Latn,0.1072236328280754,-0.01106508401535561
9,128,devtest,eng_Latn,vie_Latn,0.09422512370508256,0.03718649598627345
9,128,devtest,eng_Latn,ind_Latn,0.08323198369075595,0.10113096108001202
9,128,devtest,deu_Latn,eng_Latn,0.041087116678676566,0.054190991822596235
9,128,devtest,deu_Latn,fra_Latn,0.07290883218575968,0.05064184555144092
9,128,devtest,deu_Latn,spa_Latn,0.04820624169136857,-0.030950376857938635
9,128,devtest,deu_Latn,rus_Cyrl,-0.0057156982923965306,-0.03101203266814079
9,128,devtest,deu_Latn,hin_Deva,0.037771663383729295,-0.08247364038562986
9,128,devtest,deu_Latn,arb_Arab,0.02107625972492489,-0.0013462338968320386
9,128,devtest,deu_Latn,zho_Hans,0.05518318267551373,-0.013590495986054706
9,128,devtest,deu_Latn,jpn_Jpan,0.07046598183768774,-0.06298545820880969
9,128,devtest,deu_Latn,tur_Latn,0.05836093926946219,-0.04465695571468944
9,128,devtest,deu_Latn,vie_Latn,-0.007888698484179453,-0.0034626270380811396
9,128,devtest,deu_Latn,ind_Latn,0.02020814526613852,0.027878074937620193
9,128,devtest,fra_Latn,eng_Latn,0.09120854339630631,0.09409010198589217
9,128,devtest,fra_Latn,deu_Latn,0.057108421973412635,0.06767436981039647
9,128,devtest,fra_Latn,spa_Latn,0.12082143039357054,0.03162851987015556
9,128,devtest,fra_Latn,rus_Cyrl,-0.0007220654237201705,0.01665215478902151
9,128,devtest,fra_Latn,hin_Deva,0.037621317459982775,-0.07827502391176762
9,128,devtest,fra_Latn,arb_Arab,0.08232032310524136,0.03340095385756505
9,128,devtest,fra_Latn,zho_Hans,0.07956330827435025,-0.0001806670271440059
9,128,devtest,fra_Latn,jpn_Jpan,0.05906890213386067,-0.09552671094477705
9,128,devtest,fra_Latn,tur_Latn,0.035567923457407204,-0.004281786373470991
9,128,devtest,fra_Latn,vie_Latn,0.13064350168941696,0.05465931236673676
9,128,devtest,fra_Latn,ind_Latn,0.1021561386931506,0.04658620914989705
9,128,devtest,spa_Latn,eng_Latn,-0.013195439409853554,-0.018765300083353906
9,128,devtest,spa_Latn,deu_Latn,0.03521799846468769,-0.040443580522809504
9,128,devtest,spa_Latn,fra_Latn,0.10873012604254122,0.010495093380857124
9,128,devtest,spa_Latn,rus_Cyrl,0.032180924723970425,-0.061084346900522855
9,128,devtest,spa_Latn,hin_Deva,0.05356880257179099,-0.14686360794611597
9,128,devtest,spa_Latn,arb_Arab,0.11097946841565247,-0.030930860028219882
9,128,devtest,spa_Latn,zho_Hans,0.09025614980216852,-0.09304509527653851
9,128,devtest,spa_Latn,jpn_Jpan,0.07478540516594787,-0.12010352411716449
9,128,devtest,spa_Latn,tur_Latn,0.07992909200489458,-0.09430890318170107
9,128,devtest,spa_Latn,vie_Latn,0.07448836552206907,-0.028169726901095007
9,128,devtest,spa_Latn,ind_Latn,0.06118242222093679,-0.0398171262029149
9,128,devtest,rus_Cyrl,eng_Latn,0.013194881609115684,-0.005532088407311168
9,128,devtest,rus_Cyrl,deu_Latn,-0.0463359471527428,-0.02130779210519967
9,128,devtest,rus_Cyrl,fra_Latn,0.010684917160936615,0.010603737890384662
9,128,devtest,rus_Cyrl,spa_Latn,0.0037356030231730313,-0.029359426461142642
9,128,devtest,rus_Cyrl,hin_Deva,0.06519803952602239,-0.10498634290550607
9,128,devtest,rus_Cyrl,arb_Arab,0.06604658945271981,-0.016705585244129725
9,128,devtest,rus_Cyrl,zho_Hans,0.03507379643464218,-0.04726831669780479
9,128,devtest,rus_Cyrl,jpn_Jpan,-0.013804013948560923,-0.09965994073939863
9,128,devtest,rus_Cyrl,tur_Latn,-0.030262057624059476,-0.05920626758440718
9,128,devtest,rus_Cyrl,vie_Latn,-0.018830401289137134,-0.020093184633465194
9,128,devtest,rus_Cyrl,ind_Latn,-0.005441551863473175,0.01387110614496112
9,128,devtest,hin_Deva,eng_Latn,0.009476598030628417,-0.05666298952809298
9,128,devtest,hin_Deva,deu_Latn,-0.05151597527589659,-0.05733317408089507
9,128,devtest,hin_Deva,fra_Latn,0.01901862124193083,-0.050072912827059085
9,128,devtest,hin_Deva,spa_Latn,-0.05513218796941979,-0.07295840089050709
9,128,devtest,hin_Deva,rus_Cyrl,0.03490645524602661,-0.07113439211485227
9,128,devtest,hin_Deva,arb_Arab,-0.022361820399127763,-0.04302119342367954
9,128,devtest,hin_Deva,zho_Hans,0.06883507923373314,-0.0260555320381137
9,128,devtest,hin_Deva,jpn_Jpan,0.0682522067458848,-0.11365830990817706
9,128,devtest,hin_Deva,tur_Latn,-0.05598893302353553,-0.05457130757656316
9,128,devtest,hin_Deva,vie_Latn,-0.005524531770573534,-0.05925532491089445
9,128,devtest,hin_Deva,ind_Latn,-0.010841019951045137,-0.030806553180978725
9,128,devtest,arb_Arab,eng_Latn,0.08495700203988815,-0.027965195014582986
9,128,devtest,arb_Arab,deu_Latn,-0.006030831903769854,-0.015571560319655934
9,128,devtest,arb_Arab,fra_Latn,0.04999557607941082,-0.005440744997033562
9,128,devtest,arb_Arab,spa_Latn,0.09318294615897234,-0.024339008356503704
9,128,devtest,arb_Arab,rus_Cyrl,0.0963112897880224,-0.04775946968720453
9,128,devtest,arb_Arab,hin_Deva,0.10186955608706366,-0.09295203658881308
9,128,devtest,arb_Arab,zho_Hans,0.07983887649646393,-0.07827865830489483
9,128,devtest,arb_Arab,jpn_Jpan,0.09123474487492468,-0.14044202539209336
9,128,devtest,arb_Arab,tur_Latn,-0.009220496133230047,-0.05816074833499665
9,128,devtest,arb_Arab,vie_Latn,0.05121818859288308,-0.09452337290425596
9,128,devtest,arb_Arab,ind_Latn,0.057982151351689104,0.027934913959347628
9,128,devtest,zho_Hans,eng_Latn,0.061841680305922825,0.0007422151060937684
9,128,devtest,zho_Hans,deu_Latn,0.15666526133837771,-0.05078580060519646
9,128,devtest,zho_Hans,fra_Latn,0.10889226153311311,-0.03211861412498089
9,128,devtest,zho_Hans,spa_Latn,0.15079273551804684,-0.07795461478739864
9,128,devtest,zho_Hans,rus_Cyrl,0.1243414328842772,-0.07753426888973101
9,128,devtest,zho_Hans,hin_Deva,0.13486827900308335,-0.06933386589995313
9,128,devtest,zho_Hans,arb_Arab,0.13595313132056966,-0.0656681959227486
9,128,devtest,zho_Hans,jpn_Jpan,0.08734986538423291,-0.15857680767700347
9,128,devtest,zho_Hans,tur_Latn,0.14707279915929972,-0.10852793795077176
9,128,devtest,zho_Hans,vie_Latn,0.10388513548516448,-0.0468559742162929
9,128,devtest,zho_Hans,ind_Latn,0.08909669986888047,-0.013198987163724016
9,128,devtest,jpn_Jpan,eng_Latn,-0.05851964016507737,0.042784166968162354
9,128,devtest,jpn_Jpan,deu_Latn,0.0815101453988889,0.05102263947590065
9,128,devtest,jpn_Jpan,fra_Latn,0.07412471491640882,-0.012474592712941813
9,128,devtest,jpn_Jpan,spa_Latn,0.08402407677210881,0.016347749637314512
9,128,devtest,jpn_Jpan,rus_Cyrl,0.06721204418214113,0.013945474727949523
9,128,devtest,jpn_Jpan,hin_Deva,0.09546033504688467,-0.0339928315630685
9,128,devtest,jpn_Jpan,arb_Arab,0.11786116857889646,0.005130891377659221
9,128,devtest,jpn_Jpan,zho_Hans,-0.006152233111564788,-0.02026468391362514
9,128,devtest,jpn_Jpan,tur_Latn,0.06839492978352675,-0.030421310821843257
9,128,devtest,jpn_Jpan,vie_Latn,-0.014113385170889661,0.01363647026495678
9,128,devtest,jpn_Jpan,ind_Latn,0.03742937474645127,0.019159422302041075
9,128,devtest,tur_Latn,eng_Latn,0.027334507504585284,-0.07612581925119077
9,128,devtest,tur_Latn,deu_Latn,0.062464086638372385,-0.06685579784652038
9,128,devtest,tur_Latn,fra_Latn,0.07325822992080855,-0.057937425054613696
9,128,devtest,tur_Latn,spa_Latn,0.12818469913037095,-0.10662744702158113
9,128,devtest,tur_Latn,rus_Cyrl,-0.021454269594687488,-0.11444975653624223
9,128,devtest,tur_Latn,hin_Deva,0.09257076356533761,-0.1375357029761449
9,128,devtest,tur_Latn,arb_Arab,0.07863667209846378,-0.069339571379899
9,128,devtest,tur_Latn,zho_Hans,0.14188858624571202,-0.12283196202542133
9,128,devtest,tur_Latn,jpn_Jpan,0.08502775267487407,-0.18283406889478682
9,128,devtest,tur_Latn,vie_Latn,0.06978956619932664,-0.1262768955588689
9,128,devtest,tur_Latn,ind_Latn,0.07333945469429144,-0.0872450139605441
9,128,devtest,vie_Latn,eng_Latn,0.04125881390583421,-0.004390092144380174
9,128,devtest,vie_Latn,deu_Latn,0.03633275322108738,-0.001850784824983322
9,128,devtest,vie_Latn,fra_Latn,0.09894605958646549,0.03809234923182505
9,128,devtest,vie_Latn,spa_Latn,0.10574658166626222,-0.01458091576308542
9,128,devtest,vie_Latn,rus_Cyrl,-0.004588261017155464,-0.027689370223305414
9,128,devtest,vie_Latn,hin_Deva,0.08106680072271336,-0.07957749086494828
9,128,devtest,vie_Latn,arb_Arab,0.0880552364644885,-0.05833616920691102
9,128,devtest,vie_Latn,zho_Hans,0.06934693617474437,-0.02441714334292334
9,128,devtest,vie_Latn,jpn_Jpan,0.005281845712342526,-0.09114805830891008
9,128,devtest,vie_Latn,tur_Latn,0.060683236692609784,-0.10009988301727701
9,128,devtest,vie_Latn,ind_Latn,0.06630053084423058,0.06549332722946177
9,128,devtest,ind_Latn,eng_Latn,-0.00827897168032021,0.057199159560963934
9,128,devtest,ind_Latn,deu_Latn,0.022540494842526515,0.013107949995875908
9,128,devtest,ind_Latn,fra_Latn,0.10883180012938128,0.025837314300526146
9,128,devtest,ind_Latn,spa_Latn,0.0631287508130871,-0.028375451952623115
9,128,devtest,ind_Latn,rus_Cyrl,0.002191183036778388,-0.008316100167380047
9,128,devtest,ind_Latn,hin_Deva,0.07958789927439454,-0.03261127375266909
9,128,devtest,ind_Latn,arb_Arab,0.07485678028217368,0.031362100877656965
9,128,devtest,ind_Latn,zho_Hans,0.04505792307810434,-0.001514810803544293
9,128,devtest,ind_Latn,jpn_Jpan,0.03436666456887739,-0.0923480908161925
9,128,devtest,ind_Latn,tur_Latn,0.04592626554356056,-0.056559001018339314
9,128,devtest,ind_Latn,vie_Latn,0.0495180686251611,0.052984536784374585
9,256,devtest,eng_Latn,deu_Latn,0.16311594850617725,0.09380171460071159
9,256,devtest,eng_Latn,fra_Latn,0.14303058562978724,0.10828070531414252
9,256,devtest,eng_Latn,spa_Latn,0.05888795769053255,0.06789568038524359
9,256,devtest,eng_Latn,rus_Cyrl,0.04787151870182401,0.037118309407971894
9,256,devtest,eng_Latn,hin_Deva,0.15663858602331596,-0.002346325553783825
9,256,devtest,eng_Latn,arb_Arab,0.11421301494818051,0.061568945488854304
9,256,devtest,eng_Latn,zho_Hans,0.020241164836486,0.06498080863140993
9,256,devtest,eng_Latn,jpn_Jpan,-0.041008905767326444,-0.0652417908880404
9,256,devtest,eng_Latn,tur_Latn,0.11926638195598153,-0.004375080690335156
9,256,devtest,eng_Latn,vie_Latn,0.10787013960606075,0.03580693222609476
9,256,devtest,eng_Latn,ind_Latn,0.1094767378514818,0.11068992832329747
9,256,devtest,deu_Latn,eng_Latn,0.04484395370719903,0.047635615014074754
9,256,devtest,deu_Latn,fra_Latn,0.06620816979708548,0.03503134122628623
9,256,devtest,deu_Latn,spa_Latn,0.05203605951417294,-0.04053058527340834
9,256,devtest,deu_Latn,rus_Cyrl,-0.004331636758845496,-0.05297136596604249
9,256,devtest,deu_Latn,hin_Deva,0.053619949906262,-0.0994315646446627
9,256,devtest,deu_Latn,arb_Arab,0.032105637280126734,-0.023214779676681712
9,256,devtest,deu_Latn,zho_Hans,0.05814511331045949,-0.025416235584527526
9,256,devtest,deu_Latn,jpn_Jpan,0.06505599868197941,-0.08648103323769793
9,256,devtest,deu_Latn,tur_Latn,0.054962083555924066,-0.04960594709621428
9,256,devtest,deu_Latn,vie_Latn,-0.0013045209043908365,-0.02299068978122453
9,256,devtest,deu_Latn,ind_Latn,0.025389950215818538,0.013161560698687945
9,256,devtest,fra_Latn,eng_Latn,0.10377813007733584,0.0854630269730106
9,256,devtest,fra_Latn,deu_Latn,0.0500388478258819,0.05774773641238537
9,256,devtest,fra_Latn,spa_Latn,0.1258583973717577,0.025044552484622628
9,256,devtest,fra_Latn,rus_Cyrl,-0.003009165565097898,-0.0026286218078017494
9,256,devtest,fra_Latn,hin_Deva,0.04547410070353229,-0.08888916049233263
9,256,devtest,fra_Latn,arb_Arab,0.08294782171259701,0.04045598347775344
9,256,devtest,fra_Latn,zho_Hans,0.0835861186737071,-0.00794548747643512
9,256,devtest,fra_Latn,jpn_Jpan,0.04899832005902568,-0.11785360505903236
9,256,devtest,fra_Latn,tur_Latn,0.03626654710742634,-0.011322442887143735
9,256,devtest,fra_Latn,vie_Latn,0.12186321147277128,0.03317213751120857
9,256,devtest,fra_Latn,ind_Latn,0.10617577128077248,0.04554907704249848
9,256,devtest,spa_Latn,eng_Latn,-0.01302570792011426,-0.02344002724919594
9,256,devtest,spa_Latn,deu_Latn,0.03299256855671295,-0.050507016148385854
9,256,devtest,spa_Latn,fra_Latn,0.11627884536027128,-0.006816864379248995
9,256,devtest,spa_Latn,rus_Cyrl,0.016496368484861065,-0.0675896131055035
9,256,devtest,spa_Latn,hin_Deva,0.08240555026223177,-0.14941264268454613
9,256,devtest,spa_Latn,arb_Arab,0.1104028809079826,-0.051214559642994664
9,256,devtest,spa_Latn,zho_Hans,0.09113831186689286,-0.1124737091704745
9,256,devtest,spa_Latn,jpn_Jpan,0.06470906221282686,-0.15005172147684862
9,256,devtest,spa_Latn,tur_Latn,0.07653074898369723,-0.09056955293114086
9,256,devtest,spa_Latn,vie_Latn,0.07738086869092342,-0.04144417585757595
9,256,devtest,spa_Latn,ind_Latn,0.05117059006643614,-0.05090057763023962
9,256,devtest,rus_Cyrl,eng_Latn,0.005630507628212784,-0.0008119029142787276
9,256,devtest,rus_Cyrl,deu_Latn,-0.04921390332389274,-0.03390114042910996
9,256,devtest,rus_Cyrl,fra_Latn,0.0072994640833287435,-0.005104493929305542
9,256,devtest,rus_Cyrl,spa_Latn,-0.012018528686918691,-0.023231886884718285
9,256,devtest,rus_Cyrl,hin_Deva,0.07333086785077247,-0.10588002515751774
9,256,devtest,rus_Cyrl,arb_Arab,0.059941832145654954,-0.016537030263201736
9,256,devtest,rus_Cyrl,zho_Hans,0.03771607334007208,-0.06213346480542933
9,256,devtest,rus_Cyrl,jpn_Jpan,-0.018421046356524577,-0.11251194812281708
9,256,devtest,rus_Cyrl,tur_Latn,-0.038345934921129546,-0.05931736194841313
9,256,devtest,rus_Cyrl,vie_Latn,-0.03234253936855134,-0.022880007743313894
9,256,devtest,rus_Cyrl,ind_Latn,-0.007490194942813452,0.015298765182445252
9,256,devtest,hin_Deva,eng_Latn,0.005091153163592012,-0.058187995913870826
9,256,devtest,hin_Deva,deu_Latn,-0.05913528868822378,-0.05820620133528726
9,256,devtest,hin_Deva,fra_Latn,0.013614455756155257,-0.05146237864062427
9,256,devtest,hin_Deva,spa_Latn,-0.056696626993887556,-0.0668424218689467
9,256,devtest,hin_Deva,rus_Cyrl,0.027987989867381033,-0.06655763555877535
9,256,devtest,hin_Deva,arb_Arab,-0.025500815411277526,-0.038101209726155445
9,256,devtest,hin_Deva,zho_Hans,0.06691994926201918,-0.02793134578316281
9,256,devtest,hin_Deva,jpn_Jpan,0.06763657463058102,-0.11788146429524912
9,256,devtest,hin_Deva,tur_Latn,-0.061672932648267675,-0.048314054172956956
9,256,devtest,hin_Deva,vie_Latn,-0.022987417525401226,-0.06406285147539865
9,256,devtest,hin_Deva,ind_Latn,-0.029196592441355487,-0.02954201914998554
9,256,devtest,arb_Arab,eng_Latn,0.06863809476245226,-0.03323730177445784
9,256,devtest,arb_Arab,deu_Latn,-0.010078505159814241,-0.039389878658200844
9,256,devtest,arb_Arab,fra_Latn,0.05350504537170559,-0.006476400277451703
9,256,devtest,arb_Arab,spa_Latn,0.08653332304236568,-0.043542073512535216
9,256,devtest,arb_Arab,rus_Cyrl,0.09297355966493384,-0.060120888114194034
9,256,devtest,arb_Arab,hin_Deva,0.1212884358743188,-0.1038533668477067
9,256,devtest,arb_Arab,zho_Hans,0.08846241911736094,-0.08863311113452847
9,256,devtest,arb_Arab,jpn_Jpan,0.07549260341075469,-0.16352210668207046
9,256,devtest,arb_Arab,tur_Latn,-0.020155765589180613,-0.0738919777160219
9,256,devtest,arb_Arab,vie_Latn,0.04514617108357188,-0.11693837039040031
9,256,devtest,arb_Arab,ind_Latn,0.061939330603366684,0.010554289476734908
9,256,devtest,zho_Hans,eng_Latn,0.06760774403182898,0.0054409054902269174
9,256,devtest,zho_Hans,deu_Latn,0.17075000216300162,-0.051269342616403625
9,256,devtest,zho_Hans,fra_Latn,0.11552113862643432,-0.028391853711511088
9,256,devtest,zho_Hans,spa_Latn,0.1505783315800821,-0.07131869385876975
9,256,devtest,zho_Hans,rus_Cyrl,0.13321328779598662,-0.08289867359649818
9,256,devtest,zho_Hans,hin_Deva,0.14820310411749835,-0.07177999149272667
9,256,devtest,zho_Hans,arb_Arab,0.1518212482052515,-0.05544348965248785
9,256,devtest,zho_Hans,jpn_Jpan,0.09443669721305721,-0.1620564873750712
9,256,devtest,zho_Hans,tur_Latn,0.1381125494553053,-0.09709262772466278
9,256,devtest,zho_Hans,vie_Latn,0.09862480076293795,-0.029812143593715906
9,256,devtest,zho_Hans,ind_Latn,0.09508352578288731,-0.009168641375367369
9,256,devtest,jpn_Jpan,eng_Latn,-0.060908191235436566,0.03360362391124995
9,256,devtest,jpn_Jpan,deu_Latn,0.07800415408689214,0.049786746954340405
9,256,devtest,jpn_Jpan,fra_Latn,0.06706200802686896,-0.015002901998796711
9,256,devtest,jpn_Jpan,spa_Latn,0.08108184365914356,0.01810103174753614
9,256,devtest,jpn_Jpan,rus_Cyrl,0.07437867676283666,0.020720479593637403
9,256,devtest,jpn_Jpan,hin_Deva,0.11387772358840018,-0.02744610666531666
9,256,devtest,jpn_Jpan,arb_Arab,0.1109827661052306,0.011357953231796393
9,256,devtest,jpn_Jpan,zho_Hans,-0.0048580758226546995,-0.008185534227194566
9,256,devtest,jpn_Jpan,tur_Latn,0.06182080459486611,-0.021195475538167707
9,256,devtest,jpn_Jpan,vie_Latn,-0.008235264847171709,0.009649334049044611
9,256,devtest,jpn_Jpan,ind_Latn,0.03864388956279158,0.03130695112568014
9,256,devtest,tur_Latn,eng_Latn,0.024972320076557718,-0.09674338519511103
9,256,devtest,tur_Latn,deu_Latn,0.049858395050889064,-0.07336786902854261
9,256,devtest,tur_Latn,fra_Latn,0.07902862897826884,-0.07233691738896023
9,256,devtest,tur_Latn,spa_Latn,0.1256408512588844,-0.1039515366097571
9,256,devtest,tur_Latn,rus_Cyrl,-0.03146153754650655,-0.12466994591884635
9,256,devtest,tur_Latn,hin_Deva,0.10857966277453349,-0.14743985126818857
9,256,devtest,tur_Latn,arb_Arab,0.08174475374665968,-0.08443339324186316
9,256,devtest,tur_Latn,zho_Hans,0.12439568109046355,-0.13087844524520173
9,256,devtest,tur_Latn,jpn_Jpan,0.07182082217075092,-0.20275445205133844
9,256,devtest,tur_Latn,vie_Latn,0.053695633309788784,-0.13288852906439705
9,256,devtest,tur_Latn,ind_Latn,0.07928483678295133,-0.09220240577775488
9,256,devtest,vie_Latn,eng_Latn,0.04091576356843557,-0.025976875326366305
9,256,devtest,vie_Latn,deu_Latn,0.05754187234336041,-0.020813834642912442
9,256,devtest,vie_Latn,fra_Latn,0.09439599027906881,0.009602217668878846
9,256,devtest,vie_Latn,spa_Latn,0.11356467556998807,-0.02256611568791925
9,256,devtest,vie_Latn,rus_Cyrl,-0.009988898262930054,-0.040041220661968975
9,256,devtest,vie_Latn,hin_Deva,0.08558048782052678,-0.09640218390637721
9,256,devtest,vie_Latn,arb_Arab,0.08836167764226877,-0.079666670984923
9,256,devtest,vie_Latn,zho_Hans,0.06464705318810894,-0.025989026535316248
9,256,devtest,vie_Latn,jpn_Jpan,0.015395469542809861,-0.12174826469085274
9,256,devtest,vie_Latn,tur_Latn,0.0636717686881442,-0.10811975800840022
9,256,devtest,vie_Latn,ind_Latn,0.07358751958349712,0.05177540789892597
9,256,devtest,ind_Latn,eng_Latn,-0.005119021835661534,0.04845593743614335
9,256,devtest,ind_Latn,deu_Latn,0.029740630237627252,-0.0025493973404511036
9,256,devtest,ind_Latn,fra_Latn,0.11031414300070243,0.0214996706012911
9,256,devtest,ind_Latn,spa_Latn,0.05729455904925011,-0.03846472128149119
9,256,devtest,ind_Latn,rus_Cyrl,0.009481626357210811,-0.013000436474735994
9,256,devtest,ind_Latn,hin_Deva,0.07873032239080009,-0.04844101629621472
9,256,devtest,ind_Latn,arb_Arab,0.089896073976729,0.014246389213175684
9,256,devtest,ind_Latn,zho_Hans,0.04300492587858671,-0.010119261318360134
9,256,devtest,ind_Latn,jpn_Jpan,0.037299985902756023,-0.11010824690075231
9,256,devtest,ind_Latn,tur_Latn,0.041601213838421636,-0.056466583243192675
9,256,devtest,ind_Latn,vie_Latn,0.0507135124143421,0.040883000289892765
10,64,devtest,eng_Latn,deu_Latn,0.09256103717767873,0.1187591137644293
10,64,devtest,eng_Latn,fra_Latn,0.1229228756776619,0.10055781011089511
10,64,devtest,eng_Latn,spa_Latn,0.06404350971874276,0.06193256480860593
10,64,devtest,eng_Latn,rus_Cyrl,0.035237829487547195,0.050124098664221274
10,64,devtest,eng_Latn,hin_Deva,0.13528258191470446,-0.021561084703964895
10,64,devtest,eng_Latn,arb_Arab,0.10952884727610938,0.08269044919436788
10,64,devtest,eng_Latn,zho_Hans,-0.011786244530735243,0.07837052246590201
10,64,devtest,eng_Latn,jpn_Jpan,-0.007619927505261158,0.028101986491147722
10,64,devtest,eng_Latn,tur_Latn,0.08655309763057027,0.018668662942488184
10,64,devtest,eng_Latn,vie_Latn,0.09733419396118986,0.05229479568817332
10,64,devtest,eng_Latn,ind_Latn,0.08809718576110838,0.1020149208901675
10,64,devtest,deu_Latn,eng_Latn,0.009729122294869413,0.09499895730192717
10,64,devtest,deu_Latn,fra_Latn,0.0702126230468078,0.08824444799863494
10,64,devtest,deu_Latn,spa_Latn,0.054034781678964264,0.029116694422922872
10,64,devtest,deu_Latn,rus_Cyrl,-0.011378057678694646,0.008675874330469851
10,64,devtest,deu_Latn,hin_Deva,0.033849610602755785,-0.0584812939008647
10,64,devtest,deu_Latn,arb_Arab,0.008414969139509924,0.026713743064593384
10,64,devtest,deu_Latn,zho_Hans,0.05350981593135907,0.039277624637494415
10,64,devtest,deu_Latn,jpn_Jpan,0.05794130240731893,0.020514375407531014
10,64,devtest,deu_Latn,tur_Latn,0.027815021582393122,0.014080958804894132
10,64,devtest,deu_Latn,vie_Latn,-0.014244097560881314,0.0490411024958629
10,64,devtest,deu_Latn,ind_Latn,0.006026647332904569,0.0584674272223143
10,64,devtest,fra_Latn,eng_Latn,0.08439947911310113,0.11156289481328825
10,64,devtest,fra_Latn,deu_Latn,0.03827452894421166,0.10381225467289892
10,64,devtest,fra_Latn,spa_Latn,0.08757415485120051,0.08128294399598215
10,64,devtest,fra_Latn,rus_Cyrl,-0.00602047896278776,0.05069205861999243
10,64,devtest,fra_Latn,hin_Deva,-0.00939426925367258,-0.06899432503688982
10,64,devtest,fra_Latn,arb_Arab,0.0944380772315123,0.0857594235057474
10,64,devtest,fra_Latn,zho_Hans,0.03945472419267135,0.05019913102065902
10,64,devtest,fra_Latn,jpn_Jpan,0.04902281033771062,-0.006869742762770647
10,64,devtest,fra_Latn,tur_Latn,0.062129749569465674,0.04293997006616228
10,64,devtest,fra_Latn,vie_Latn,0.11860137475751584,0.08063689901391698
10,64,devtest,fra_Latn,ind_Latn,0.102676073306928,0.0764653912153124
10,64,devtest,spa_Latn,eng_Latn,-0.006323317182562934,0.011893738901687273
10,64,devtest,spa_Latn,deu_Latn,0.01397084802740695,0.000346426887249312
10,64,devtest,spa_Latn,fra_Latn,0.07131947382405086,0.050362974743047545
10,64,devtest,spa_Latn,rus_Cyrl,-0.003820016398309815,-0.015051621376505727
10,64,devtest,spa_Latn,hin_Deva,0.01142702304456139,-0.1412960141738999
10,64,devtest,spa_Latn,arb_Arab,0.08579717417847672,0.02484368500485814
10,64,devtest,spa_Latn,zho_Hans,0.06364190849466782,-0.06733810703342713
10,64,devtest,spa_Latn,jpn_Jpan,0.041789870708456814,-0.03722286029086576
10,64,devtest,spa_Latn,tur_Latn,0.054294191198527623,-0.03460391388233883
10,64,devtest,spa_Latn,vie_Latn,0.04838419252599291,0.020551238957080782
10,64,devtest,spa_Latn,ind_Latn,0.016610391016479577,0.003280048282973519
10,64,devtest,rus_Cyrl,eng_Latn,0.018552174408063483,0.028553400342931308
10,64,devtest,rus_Cyrl,deu_Latn,-0.0443099718871108,0.009878573091172602
10,64,devtest,rus_Cyrl,fra_Latn,-0.004768622552124578,0.031102980511588416
10,64,devtest,rus_Cyrl,spa_Latn,-0.03350102926268108,0.009205285301998928
10,64,devtest,rus_Cyrl,hin_Deva,0.04093991716358071,-0.0943501636393184
10,64,devtest,rus_Cyrl,arb_Arab,0.05136344400282491,0.025808225794160925
10,64,devtest,rus_Cyrl,zho_Hans,0.044081127045321335,-0.017928044266870825
10,64,devtest,rus_Cyrl,jpn_Jpan,0.010614496893355545,-0.02827492224789348
10,64,devtest,rus_Cyrl,tur_Latn,-0.05638864615888284,-0.008642897203535676
10,64,devtest,rus_Cyrl,vie_Latn,-0.03768155673663011,0.024953917364815757
10,64,devtest,rus_Cyrl,ind_Latn,0.004715631824965534,0.04617041048254435
10,64,devtest,hin_Deva,eng_Latn,0.033218614971517034,-0.054939423165778024
10,64,devtest,hin_Deva,deu_Latn,-0.02899073097774893,-0.05387285676823184
10,64,devtest,hin_Deva,fra_Latn,0.028591739529477442,-0.05683097480138902
10,64,devtest,hin_Deva,spa_Latn,-0.0259280313375802,-0.07359127422989027
10,64,devtest,hin_Deva,rus_Cyrl,0.03889992959451557,-0.059912905102825806
10,64,devtest,hin_Deva,arb_Arab,0.0036667776721764815,-0.015444215031912914
10,64,devtest,hin_Deva,zho_Hans,0.08770966448049515,-0.010367220608798201
10,64,devtest,hin_Deva,jpn_Jpan,0.0797942712085301,-0.06668313554331227
10,64,devtest,hin_Deva,tur_Latn,-0.035867853502990536,-0.027860196071049698
10,64,devtest,hin_Deva,vie_Latn,-0.0052976849596503665,-0.0527017799397994
10,64,devtest,hin_Deva,ind_Latn,-0.006615334243960532,-0.01408407782822124
10,64,devtest,arb_Arab,eng_Latn,0.05323314897015376,0.012310124205492379
10,64,devtest,arb_Arab,deu_Latn,-0.01082992460598149,-0.014861720532863765
10,64,devtest,arb_Arab,fra_Latn,0.0599368395156209,0.02820770571649734
10,64,devtest,arb_Arab,spa_Latn,0.08729992161858338,0.018662441079552342
10,64,devtest,arb_Arab,rus_Cyrl,0.03792550334049307,-0.0156932421991999
10,64,devtest,arb_Arab,hin_Deva,0.09998034564362078,-0.08063738138227977
10,64,devtest,arb_Arab,zho_Hans,0.05952264415972362,-0.044101011852007925
10,64,devtest,arb_Arab,jpn_Jpan,0.08229656400550248,-0.0671255335897922
10,64,devtest,arb_Arab,tur_Latn,-0.01660558200276529,-0.005984018633377773
10,64,devtest,arb_Arab,vie_Latn,0.038731881513835435,-0.04560444039877376
10,64,devtest,arb_Arab,ind_Latn,0.059046538561234915,0.04354721628840271
10,64,devtest,zho_Hans,eng_Latn,0.029274962713003245,0.026400920430275688
10,64,devtest,zho_Hans,deu_Latn,0.1364497440548681,-0.017793521562814885
10,64,devtest,zho_Hans,fra_Latn,0.10334845387673815,-0.02982590004874226
10,64,devtest,zho_Hans,spa_Latn,0.14985209070507569,-0.0734155362100158
10,64,devtest,zho_Hans,rus_Cyrl,0.13035861259801368,-0.06101258209470029
10,64,devtest,zho_Hans,hin_Deva,0.14153897399516824,-0.05696702237386859
10,64,devtest,zho_Hans,arb_Arab,0.11217758105011612,-0.03942049590997113
10,64,devtest,zho_Hans,jpn_Jpan,0.07788584703757305,-0.06989824730033295
10,64,devtest,zho_Hans,tur_Latn,0.13061047408972723,-0.06286012798763009
10,64,devtest,zho_Hans,vie_Latn,0.12361266143441575,-0.02865884833885451
10,64,devtest,zho_Hans,ind_Latn,0.07386946453521204,0.027177809105124795
10,64,devtest,jpn_Jpan,eng_Latn,-0.05597441543730582,0.031940720443157176
10,64,devtest,jpn_Jpan,deu_Latn,0.07216211473961219,0.03740216805873429
10,64,devtest,jpn_Jpan,fra_Latn,0.0772936759229454,-0.025371140579115877
10,64,devtest,jpn_Jpan,spa_Latn,0.07236750618259943,0.0132685172462534
10,64,devtest,jpn_Jpan,rus_Cyrl,0.07454528891874453,-0.004174935553666053
10,64,devtest,jpn_Jpan,hin_Deva,0.06568763930077479,-0.07264448699885727
10,64,devtest,jpn_Jpan,arb_Arab,0.09320060566179693,0.009681872353828952
10,64,devtest,jpn_Jpan,zho_Hans,-0.026087656728516182,-0.007908532959653602
10,64,devtest,jpn_Jpan,tur_Latn,0.04588946857847751,-0.055352238503493606
10,64,devtest,jpn_Jpan,vie_Latn,-0.02148504916310051,0.010100629959656732
10,64,devtest,jpn_Jpan,ind_Latn,0.015715826355018753,0.022996327486211013
10,64,devtest,tur_Latn,eng_Latn,0.017986866537452132,-0.04466825582099612
10,64,devtest,tur_Latn,deu_Latn,0.04563638543770781,-0.032799034087992576
10,64,devtest,tur_Latn,fra_Latn,0.09598891630698138,-0.030099190439759962
10,64,devtest,tur_Latn,spa_Latn,0.09695341290018043,-0.0645226759528569
10,64,devtest,tur_Latn,rus_Cyrl,-0.02260757915629206,-0.0753564609489332
10,64,devtest,tur_Latn,hin_Deva,0.0723631599687527,-0.12222909672480682
10,64,devtest,tur_Latn,arb_Arab,0.07233989815348656,-0.03555670665518959
10,64,devtest,tur_Latn,zho_Hans,0.11133414563374881,-0.08446137682784834
10,64,devtest,tur_Latn,jpn_Jpan,0.06722031412375327,-0.13969734740911108
10,64,devtest,tur_Latn,vie_Latn,0.03881702364201541,-0.1001226881020572
10,64,devtest,tur_Latn,ind_Latn,0.08281425892549162,-0.03730209048025351
10,64,devtest,vie_Latn,eng_Latn,0.02135046048332471,-0.009516733642599738
10,64,devtest,vie_Latn,deu_Latn,0.019354916106277428,0.02018884724369652
10,64,devtest,vie_Latn,fra_Latn,0.09122929488732216,0.03529701289250627
10,64,devtest,vie_Latn,spa_Latn,0.09552764745727872,0.0033191289632505945
10,64,devtest,vie_Latn,rus_Cyrl,-0.020338623633810633,-0.005159164191601291
10,64,devtest,vie_Latn,hin_Deva,0.04820616014258145,-0.11511806641897547
10,64,devtest,vie_Latn,arb_Arab,0.0705014444789112,-0.021306845485165437
10,64,devtest,vie_Latn,zho_Hans,0.07369101749812852,-0.011459786362374064
10,64,devtest,vie_Latn,jpn_Jpan,-0.005718330162000861,-0.028334695005246664
10,64,devtest,vie_Latn,tur_Latn,0.03658749621369572,-0.07860171080830228
10,64,devtest,vie_Latn,ind_Latn,0.03691240211498696,0.07246857734498498
10,64,devtest,ind_Latn,eng_Latn,0.009069331103255768,0.04358112867519146
10,64,devtest,ind_Latn,deu_Latn,0.013394750623694099,0.02823244978849759
10,64,devtest,ind_Latn,fra_Latn,0.09458363115840107,0.03533930724615105
10,64,devtest,ind_Latn,spa_Latn,0.02939256031530117,-0.005863312243134011
10,64,devtest,ind_Latn,rus_Cyrl,-0.0038552221106206183,0.012648539754947027
10,64,devtest,ind_Latn,hin_Deva,0.0529450837813423,-0.04513999596921444
10,64,devtest,ind_Latn,arb_Arab,0.07328764317031718,0.05277597481824803
10,64,devtest,ind_Latn,zho_Hans,0.013926038131679896,0.04271899282175405
10,64,devtest,ind_Latn,jpn_Jpan,0.016547194109935652,-0.03204172409013085
10,64,devtest,ind_Latn,tur_Latn,0.04757266220968922,-0.01449820275316734
10,64,devtest,ind_Latn,vie_Latn,0.03335585363843478,0.06985050217342749
10,128,devtest,eng_Latn,deu_Latn,0.11517256719894535,0.10398607630138942
10,128,devtest,eng_Latn,fra_Latn,0.1362377256164031,0.10069565164837202
10,128,devtest,eng_Latn,spa_Latn,0.06997805043422223,0.07714277717668797
10,128,devtest,eng_Latn,rus_Cyrl,0.05201090616841503,0.04561197670505617
10,128,devtest,eng_Latn,hin_Deva,0.14556169431672733,-0.02374086197744245
10,128,devtest,eng_Latn,arb_Arab,0.12416028963216046,0.09282956763838172
10,128,devtest,eng_Latn,zho_Hans,-0.007408411622575515,0.07180244182644696
10,128,devtest,eng_Latn,jpn_Jpan,-0.018201469377631084,0.034774490077745884
10,128,devtest,eng_Latn,tur_Latn,0.10150084312704473,0.022936031880707
10,128,devtest,eng_Latn,vie_Latn,0.10959431259334308,0.05750892174576931
10,128,devtest,eng_Latn,ind_Latn,0.0850375295463157,0.11085916236150128
10,128,devtest,deu_Latn,eng_Latn,0.014990024515288605,0.06881581848080984
10,128,devtest,deu_Latn,fra_Latn,0.07047195343089308,0.07483174084475983
10,128,devtest,deu_Latn,spa_Latn,0.03244130194380288,0.019464684509121602
10,128,devtest,deu_Latn,rus_Cyrl,-0.01850167035313081,-0.0021044319103496476
10,128,devtest,deu_Latn,hin_Deva,0.04284670665913298,-0.0759502017492915
10,128,devtest,deu_Latn,arb_Arab,0.0023808487226731007,0.022862881905567255
10,128,devtest,deu_Latn,zho_Hans,0.06286253762700071,0.027657302680220253
10,128,devtest,deu_Latn,jpn_Jpan,0.05744048868712317,-0.0027033050182206004
10,128,devtest,deu_Latn,tur_Latn,0.04000697945713457,0.014120055339489603
10,128,devtest,deu_Latn,vie_Latn,-0.011602147311974497,0.05021760726098256
10,128,devtest,deu_Latn,ind_Latn,0.013780176955765706,0.061467849205515825
10,128,devtest,fra_Latn,eng_Latn,0.0913194375686616,0.10977717298012275
10,128,devtest,fra_Latn,deu_Latn,0.03624965933216749,0.09991062728242768
10,128,devtest,fra_Latn,spa_Latn,0.08872840948102498,0.08024947118517649
10,128,devtest,fra_Latn,rus_Cyrl,0.010155763027069463,0.05752341632433231
10,128,devtest,fra_Latn,hin_Deva,0.0051916353591625174,-0.06808819572865878
10,128,devtest,fra_Latn,arb_Arab,0.0830434732459893,0.09601875842868296
10,128,devtest,fra_Latn,zho_Hans,0.04279098257696393,0.0389326761532023
10,128,devtest,fra_Latn,jpn_Jpan,0.03715132432993307,-0.015173526300008363
10,128,devtest,fra_Latn,tur_Latn,0.0546428526654951,0.06289009861639723
10,128,devtest,fra_Latn,vie_Latn,0.10820662302685831,0.0868493249233495
10,128,devtest,fra_Latn,ind_Latn,0.09660041303353385,0.09322646942966907
10,128,devtest,spa_Latn,eng_Latn,-0.012442890579110617,0.014293163148323951
10,128,devtest,spa_Latn,deu_Latn,-0.011478006623609796,-0.002108684142058938
10,128,devtest,spa_Latn,fra_Latn,0.08435267010303883,0.043025709161194275
10,128,devtest,spa_Latn,rus_Cyrl,0.011811735890821996,-0.018733609285443452
10,128,devtest,spa_Latn,hin_Deva,0.01969403394601183,-0.14820293579689778
10,128,devtest,spa_Latn,arb_Arab,0.08131463954454957,0.016312246976920648
10,128,devtest,spa_Latn,zho_Hans,0.050176733321885617,-0.08258234036790695
10,128,devtest,spa_Latn,jpn_Jpan,0.042534424361988156,-0.055589172412636965
10,128,devtest,spa_Latn,tur_Latn,0.045462601698225795,-0.024844319556523907
10,128,devtest,spa_Latn,vie_Latn,0.03210430960433558,0.01980225818567251
10,128,devtest,spa_Latn,ind_Latn,0.018708848450936823,0.0002510292429943002
10,128,devtest,rus_Cyrl,eng_Latn,0.015625951131381044,0.01598314486710117
10,128,devtest,rus_Cyrl,deu_Latn,-0.052619059552377744,0.004747336659377647
10,128,devtest,rus_Cyrl,fra_Latn,0.006736494561552129,0.034492948189600255
10,128,devtest,rus_Cyrl,spa_Latn,-0.024347275514342456,0.006543338186793032
10,128,devtest,rus_Cyrl,hin_Deva,0.05225121821941338,-0.1087844664250551
10,128,devtest,rus_Cyrl,arb_Arab,0.06582308714921724,0.03755718649214
10,128,devtest,rus_Cyrl,zho_Hans,0.040314044637869174,-0.028436367444350307
10,128,devtest,rus_Cyrl,jpn_Jpan,-0.012995342919294035,-0.03486200496323386
10,128,devtest,rus_Cyrl,tur_Latn,-0.051488323792908665,-0.006860674741350951
10,128,devtest,rus_Cyrl,vie_Latn,-0.03153333560263207,0.017314507352948417
10,128,devtest,rus_Cyrl,ind_Latn,0.008227664998682063,0.04733841672831686
10,128,devtest,hin_Deva,eng_Latn,0.018141031185930075,-0.05725216812078525
10,128,devtest,hin_Deva,deu_Latn,-0.041345904875772596,-0.05336665514558204
10,128,devtest,hin_Deva,fra_Latn,0.019481773896364008,-0.04901595687132393
10,128,devtest,hin_Deva,spa_Latn,-0.038409346974323785,-0.06821595251786129
10,128,devtest,hin_Deva,rus_Cyrl,0.0364000440378526,-0.058775236075462506
10,128,devtest,hin_Deva,arb_Arab,-0.00638781545475063,-0.013776210237074713
10,128,devtest,hin_Deva,zho_Hans,0.08196790434783673,-0.01102046364479058
10,128,devtest,hin_Deva,jpn_Jpan,0.08294914072571048,-0.07347396127171885
10,128,devtest,hin_Deva,tur_Latn,-0.04310144803806021,-0.03198778133037096
10,128,devtest,hin_Deva,vie_Latn,-0.0038031705826919904,-0.028844869924861113
10,128,devtest,hin_Deva,ind_Latn,-0.00976596756733857,-0.007579469785007757
10,128,devtest,arb_Arab,eng_Latn,0.06423286906423592,0.011181702136032125
10,128,devtest,arb_Arab,deu_Latn,-0.01446212781590101,-0.021961930516253156
10,128,devtest,arb_Arab,fra_Latn,0.0450004655353762,0.02642214926265552
10,128,devtest,arb_Arab,spa_Latn,0.0761689102919022,0.009527197418826275
10,128,devtest,arb_Arab,rus_Cyrl,0.056230337944517754,-0.011892192484341601
10,128,devtest,arb_Arab,hin_Deva,0.11244917046289919,-0.0994800949625584
10,128,devtest,arb_Arab,zho_Hans,0.07403218844165162,-0.057956960148719955
10,128,devtest,arb_Arab,jpn_Jpan,0.07766828200793341,-0.09825599700607736
10,128,devtest,arb_Arab,tur_Latn,-0.01726135901803698,-0.023049289724641573
10,128,devtest,arb_Arab,vie_Latn,0.021482174401427533,-0.06254830936168417
10,128,devtest,arb_Arab,ind_Latn,0.05232351465565056,0.03199906228985623
10,128,devtest,zho_Hans,eng_Latn,0.03313450555505069,0.022204019058799814
10,128,devtest,zho_Hans,deu_Latn,0.14564440063187545,-0.015298953581556102
10,128,devtest,zho_Hans,fra_Latn,0.11076773128638191,-0.03149610172550803
10,128,devtest,zho_Hans,spa_Latn,0.14725569288328746,-0.0726799762523335
10,128,devtest,zho_Hans,rus_Cyrl,0.14707618995958974,-0.06053191596309966
10,128,devtest,zho_Hans,hin_Deva,0.1503062533483793,-0.05819924957311945
10,128,devtest,zho_Hans,arb_Arab,0.12992104789123826,-0.03736779649484983
10,128,devtest,zho_Hans,jpn_Jpan,0.08239726273157384,-0.08135528327739587
10,128,devtest,zho_Hans,tur_Latn,0.15575362850481683,-0.05686171227880328
10,128,devtest,zho_Hans,vie_Latn,0.11231861155109978,-0.003076239501022588
10,128,devtest,zho_Hans,ind_Latn,0.057344870253997184,0.022023574418510203
10,128,devtest,jpn_Jpan,eng_Latn,-0.07650960039466277,0.04733428022115316
10,128,devtest,jpn_Jpan,deu_Latn,0.07332669103846837,0.030929236846620654
10,128,devtest,jpn_Jpan,fra_Latn,0.07320227091126502,-0.025754172479759276
10,128,devtest,jpn_Jpan,spa_Latn,0.08886169262961247,0.012424709124409433
10,128,devtest,jpn_Jpan,rus_Cyrl,0.0815060703861749,0.005634289218097991
10,128,devtest,jpn_Jpan,hin_Deva,0.08455228314739667,-0.07877254549723961
10,128,devtest,jpn_Jpan,arb_Arab,0.09293246426789999,0.003956237755815604
10,128,devtest,jpn_Jpan,zho_Hans,-0.0340292419757624,-0.0022638975529864374
10,128,devtest,jpn_Jpan,tur_Latn,0.052282088307835484,-0.0388482217588573
10,128,devtest,jpn_Jpan,vie_Latn,-0.012058149981718912,0.019832524140137656
10,128,devtest,jpn_Jpan,ind_Latn,0.01513363155834606,0.02977549142843478
10,128,devtest,tur_Latn,eng_Latn,0.016328497864755088,-0.058637029590807785
10,128,devtest,tur_Latn,deu_Latn,0.05678930468194291,-0.042546669167507545
10,128,devtest,tur_Latn,fra_Latn,0.0827104002789403,-0.02661966078506407
10,128,devtest,tur_Latn,spa_Latn,0.090750427797526,-0.06575077695846568
10,128,devtest,tur_Latn,rus_Cyrl,-0.010692829785033742,-0.08238402328926459
10,128,devtest,tur_Latn,hin_Deva,0.08745923506017222,-0.14851921960267783
10,128,devtest,tur_Latn,arb_Arab,0.07005746751588396,-0.05238495516489719
10,128,devtest,tur_Latn,zho_Hans,0.13539362564264526,-0.09044816679117972
10,128,devtest,tur_Latn,jpn_Jpan,0.07367573015692142,-0.14863241948179173
10,128,devtest,tur_Latn,vie_Latn,0.03074781356616714,-0.08996387100332696
10,128,devtest,tur_Latn,ind_Latn,0.07198259525480939,-0.054205859083342744
10,128,devtest,vie_Latn,eng_Latn,0.018639629893399998,-0.02244144537575134
10,128,devtest,vie_Latn,deu_Latn,0.027988055149874763,0.012741932772614819
10,128,devtest,vie_Latn,fra_Latn,0.0914427700820064,0.030492123470502508
10,128,devtest,vie_Latn,spa_Latn,0.09412897965653826,0.00015898892308007377
10,128,devtest,vie_Latn,rus_Cyrl,-0.009980098731353802,-0.02302622740614767
10,128,devtest,vie_Latn,hin_Deva,0.0766753451820221,-0.10383981579779078
10,128,devtest,vie_Latn,arb_Arab,0.0658770258914672,-0.037948821708430676
10,128,devtest,vie_Latn,zho_Hans,0.05835268851621454,-0.005465086243071897
10,128,devtest,vie_Latn,jpn_Jpan,0.009337329170156661,-0.04406554960287487
10,128,devtest,vie_Latn,tur_Latn,0.038702181198993615,-0.0739017212056415
10,128,devtest,vie_Latn,ind_Latn,0.05684877637878837,0.07659205399040667
10,128,devtest,ind_Latn,eng_Latn,-0.007423013832078048,0.03910626921718456
10,128,devtest,ind_Latn,deu_Latn,0.017609443123776002,0.027542596991060125
10,128,devtest,ind_Latn,fra_Latn,0.08030106275381076,0.04121515601641142
10,128,devtest,ind_Latn,spa_Latn,0.032075545686305836,-0.011942076924026964
10,128,devtest,ind_Latn,rus_Cyrl,-0.0001766892129521215,0.00836687685649535
10,128,devtest,ind_Latn,hin_Deva,0.07333083863623283,-0.050866173607695
10,128,devtest,ind_Latn,arb_Arab,0.06652855453421866,0.03793532797473242
10,128,devtest,ind_Latn,zho_Hans,0.010735580306925329,0.019116266439547794
10,128,devtest,ind_Latn,jpn_Jpan,0.020125387032372287,-0.05487948077017275
10,128,devtest,ind_Latn,tur_Latn,0.034743946103538065,-0.025385975406502573
10,128,devtest,ind_Latn,vie_Latn,0.03544482468615775,0.076621974783343
10,256,devtest,eng_Latn,deu_Latn,0.1393043840227557,0.11136706585916784
10,256,devtest,eng_Latn,fra_Latn,0.15026001727132648,0.10537058027748332
10,256,devtest,eng_Latn,spa_Latn,0.08959383614758935,0.08044458512753169
10,256,devtest,eng_Latn,rus_Cyrl,0.05901256791048764,0.05236540762845515
10,256,devtest,eng_Latn,hin_Deva,0.16907015979982248,-0.009971470366415687
10,256,devtest,eng_Latn,arb_Arab,0.12946954251447162,0.08869606127438982
10,256,devtest,eng_Latn,zho_Hans,-0.0163046606896009,0.08098814100350948
10,256,devtest,eng_Latn,jpn_Jpan,0.01173466763269504,0.016211223026889415
10,256,devtest,eng_Latn,tur_Latn,0.11356536551517753,0.02605691679044645
10,256,devtest,eng_Latn,vie_Latn,0.11792999696373181,0.06441185297988118
10,256,devtest,eng_Latn,ind_Latn,0.10961405397978885,0.12447314622049631
10,256,devtest,deu_Latn,eng_Latn,0.025814082371640155,0.06045242501765508
10,256,devtest,deu_Latn,fra_Latn,0.07726189074000907,0.061434549583004976
10,256,devtest,deu_Latn,spa_Latn,0.04336030071449147,0.0014009397488126286
10,256,devtest,deu_Latn,rus_Cyrl,-0.01233074739476094,-0.023865394799533108
10,256,devtest,deu_Latn,hin_Deva,0.049923077147018165,-0.08573955266254787
10,256,devtest,deu_Latn,arb_Arab,0.016809854032841465,0.005208228276447376
10,256,devtest,deu_Latn,zho_Hans,0.06460268967711316,0.021075016273895564
10,256,devtest,deu_Latn,jpn_Jpan,0.0502570869904197,-0.014517441251428564
10,256,devtest,deu_Latn,tur_Latn,0.042168513310719864,0.0026925545427202487
10,256,devtest,deu_Latn,vie_Latn,-0.01821297470701576,0.03297229724317357
10,256,devtest,deu_Latn,ind_Latn,0.016191716029583376,0.04558000479456078
10,256,devtest,fra_Latn,eng_Latn,0.0933318790490482,0.10621142959575695
10,256,devtest,fra_Latn,deu_Latn,0.03361632711376806,0.08864299800369502
10,256,devtest,fra_Latn,spa_Latn,0.09295908607217929,0.06536973453646555
10,256,devtest,fra_Latn,rus_Cyrl,0.02280147770188793,0.04270453290570393
10,256,devtest,fra_Latn,hin_Deva,0.011805031964107158,-0.08040810394321973
10,256,devtest,fra_Latn,arb_Arab,0.07801010440447534,0.09639786300716434
10,256,devtest,fra_Latn,zho_Hans,0.05466170948871657,0.03134827956441075
10,256,devtest,fra_Latn,jpn_Jpan,0.03518830401555855,-0.027661180273970618
10,256,devtest,fra_Latn,tur_Latn,0.042690338938955186,0.05496342290689981
10,256,devtest,fra_Latn,vie_Latn,0.10625166800372295,0.07597795300894501
10,256,devtest,fra_Latn,ind_Latn,0.10971880871944974,0.08249577434275175
10,256,devtest,spa_Latn,eng_Latn,-0.007088116229292239,-0.004943176156777781
10,256,devtest,spa_Latn,deu_Latn,-0.004940532329204719,-0.02689257324851164
10,256,devtest,spa_Latn,fra_Latn,0.08533374455917737,0.017713337002414703
10,256,devtest,spa_Latn,rus_Cyrl,-0.0029072971414728496,-0.04418354806190049
10,256,devtest,spa_Latn,hin_Deva,0.034964687699098475,-0.15358068898746702
10,256,devtest,spa_Latn,arb_Arab,0.08416110575033389,0.002340838160636274
10,256,devtest,spa_Latn,zho_Hans,0.050836073915884315,-0.08774052947616374
10,256,devtest,spa_Latn,jpn_Jpan,0.029421896920064982,-0.08962254858466863
10,256,devtest,spa_Latn,tur_Latn,0.039087938315053965,-0.03507730388165341
10,256,devtest,spa_Latn,vie_Latn,0.02550857726655778,-0.0006082465399147391
10,256,devtest,spa_Latn,ind_Latn,0.0013855796529522397,-0.01025271999858406
10,256,devtest,rus_Cyrl,eng_Latn,0.010778557455234145,0.020135218906598418
10,256,devtest,rus_Cyrl,deu_Latn,-0.053058698813464845,-0.006989789540537559
10,256,devtest,rus_Cyrl,fra_Latn,0.018724150345148627,0.022798188148763353
10,256,devtest,rus_Cyrl,spa_Latn,-0.03677420260573609,0.0024165518869364044
10,256,devtest,rus_Cyrl,hin_Deva,0.06553425330998704,-0.1084027829964412
10,256,devtest,rus_Cyrl,arb_Arab,0.06222906149290204,0.027218439415250466
10,256,devtest,rus_Cyrl,zho_Hans,0.035336092810575696,-0.026433041881771098
10,256,devtest,rus_Cyrl,jpn_Jpan,-0.017737554432441696,-0.05884447011551902
10,256,devtest,rus_Cyrl,tur_Latn,-0.05441314523229141,0.0018182504066950715
10,256,devtest,rus_Cyrl,vie_Latn,-0.03281448371931412,0.016633494020691777
10,256,devtest,rus_Cyrl,ind_Latn,0.008562499712502503,0.05108490505402377
10,256,devtest,hin_Deva,eng_Latn,0.01083478343978179,-0.04651417681631426
10,256,devtest,hin_Deva,deu_Latn,-0.05721803106021966,-0.04942903025031272
10,256,devtest,hin_Deva,fra_Latn,0.010041787972124221,-0.048579200460636004
10,256,devtest,hin_Deva,spa_Latn,-0.04506483562558525,-0.06127996893707285
10,256,devtest,hin_Deva,rus_Cyrl,0.033064426082916855,-0.055011315281474696
10,256,devtest,hin_Deva,arb_Arab,-0.02101525908060004,-0.014289512397736964
10,256,devtest,hin_Deva,zho_Hans,0.07220945702244458,-0.009965538405183294
10,256,devtest,hin_Deva,jpn_Jpan,0.07433550976072492,-0.07561424710886097
10,256,devtest,hin_Deva,tur_Latn,-0.050345260356765,-0.026406471262033288
10,256,devtest,hin_Deva,vie_Latn,-0.02014406627946127,-0.029877804079243137
10,256,devtest,hin_Deva,ind_Latn,-0.02300896117211367,-0.003915025240849357
10,256,devtest,arb_Arab,eng_Latn,0.05335873451357844,-0.02655179138472554
10,256,devtest,arb_Arab,deu_Latn,-0.017303484160663712,-0.04800505190964006
10,256,devtest,arb_Arab,fra_Latn,0.029171372858606458,0.014698779743607268
10,256,devtest,arb_Arab,spa_Latn,0.07030655342947341,-0.008038548963434328
10,256,devtest,arb_Arab,rus_Cyrl,0.055672389857997655,-0.04087662656220691
10,256,devtest,arb_Arab,hin_Deva,0.11406325289083476,-0.12172596163287278
10,256,devtest,arb_Arab,zho_Hans,0.06881310421194749,-0.0807752634853102
10,256,devtest,arb_Arab,jpn_Jpan,0.06119077853200158,-0.12651047188852424
10,256,devtest,arb_Arab,tur_Latn,-0.024938325262828662,-0.03567623095557729
10,256,devtest,arb_Arab,vie_Latn,0.009519331681098921,-0.07369426758473374
10,256,devtest,arb_Arab,ind_Latn,0.056151511652193786,0.029541458485940062
10,256,devtest,zho_Hans,eng_Latn,0.040639315678453115,0.030045746192872928
10,256,devtest,zho_Hans,deu_Latn,0.1528439098756378,-0.010432269228715874
10,256,devtest,zho_Hans,fra_Latn,0.13430124535715024,-0.03405765389623166
10,256,devtest,zho_Hans,spa_Latn,0.15104363472872467,-0.05926655162357615
10,256,devtest,zho_Hans,rus_Cyrl,0.15773714502219452,-0.05421433078317836
10,256,devtest,zho_Hans,hin_Deva,0.14948451574931354,-0.06446918897267624
10,256,devtest,zho_Hans,arb_Arab,0.13559689165304706,-0.030861096282221213
10,256,devtest,zho_Hans,jpn_Jpan,0.1104007029676765,-0.0951403388114587
10,256,devtest,zho_Hans,tur_Latn,0.15301478331279494,-0.04420268812444816
10,256,devtest,zho_Hans,vie_Latn,0.12662257480670666,0.0009135843707350887
10,256,devtest,zho_Hans,ind_Latn,0.06677698977298094,0.012656195108888399
10,256,devtest,jpn_Jpan,eng_Latn,-0.06615603221165621,0.031983808373666614
10,256,devtest,jpn_Jpan,deu_Latn,0.07933745149547924,0.041085286176207665
10,256,devtest,jpn_Jpan,fra_Latn,0.08465060774688017,-0.01739036272166165
10,256,devtest,jpn_Jpan,spa_Latn,0.09055627370299435,0.01102722230266973
10,256,devtest,jpn_Jpan,rus_Cyrl,0.09125102318496227,-0.004391973218789053
10,256,devtest,jpn_Jpan,hin_Deva,0.09016934222232224,-0.07191038782327909
10,256,devtest,jpn_Jpan,arb_Arab,0.09388864391078008,0.013147022992062734
10,256,devtest,jpn_Jpan,zho_Hans,-0.012867348949396945,-0.004661927337754358
10,256,devtest,jpn_Jpan,tur_Latn,0.05289233036447098,-0.028797605959902824
10,256,devtest,jpn_Jpan,vie_Latn,-0.009954042146602966,0.016763956270383823
10,256,devtest,jpn_Jpan,ind_Latn,0.014425828441264754,0.028182280071084996
10,256,devtest,tur_Latn,eng_Latn,0.007285202035451417,-0.08162941271228819
10,256,devtest,tur_Latn,deu_Latn,0.051185270339267085,-0.05806649970934047
10,256,devtest,tur_Latn,fra_Latn,0.07478414667249171,-0.0395478907996219
10,256,devtest,tur_Latn,spa_Latn,0.0797788286417453,-0.07498424408975338
10,256,devtest,tur_Latn,rus_Cyrl,-0.021022265541262058,-0.09334143369035788
10,256,devtest,tur_Latn,hin_Deva,0.10332875244811668,-0.1606022352805264
10,256,devtest,tur_Latn,arb_Arab,0.07394950111990103,-0.057853059115417355
10,256,devtest,tur_Latn,zho_Hans,0.12010466460701189,-0.09722797965603361
10,256,devtest,tur_Latn,jpn_Jpan,0.07055796074314656,-0.16557826686871935
10,256,devtest,tur_Latn,vie_Latn,0.0206976466129519,-0.100467433361849
10,256,devtest,tur_Latn,ind_Latn,0.07836539527293311,-0.061196343532293744
10,256,devtest,vie_Latn,eng_Latn,0.003380327582599201,-0.03892511999757458
10,256,devtest,vie_Latn,deu_Latn,0.029536239778950122,-0.008954792823802309
10,256,devtest,vie_Latn,fra_Latn,0.09603594317613619,0.006646643470420534
10,256,devtest,vie_Latn,spa_Latn,0.09747712405439563,-0.017974166372410328
10,256,devtest,vie_Latn,rus_Cyrl,0.0002634707115571847,-0.040483034929067234
10,256,devtest,vie_Latn,hin_Deva,0.07787035924602627,-0.12089748535667988
10,256,devtest,vie_Latn,arb_Arab,0.06758358674267843,-0.04952590805265273
10,256,devtest,vie_Latn,zho_Hans,0.06864994492129939,-0.016661487072626536
10,256,devtest,vie_Latn,jpn_Jpan,0.0034629028541400065,-0.07268886347994702
10,256,devtest,vie_Latn,tur_Latn,0.03898276243090354,-0.07730337257845284
10,256,devtest,vie_Latn,ind_Latn,0.059801121244874425,0.0650319634238287
10,256,devtest,ind_Latn,eng_Latn,0.0006725879318039518,0.02996753851837219
10,256,devtest,ind_Latn,deu_Latn,0.024060399318383666,0.0074865378049475155
10,256,devtest,ind_Latn,fra_Latn,0.08569593154335145,0.018894974673981598
10,256,devtest,ind_Latn,spa_Latn,0.021112455210035207,-0.024950097460081314
10,256,devtest,ind_Latn,rus_Cyrl,0.006326792667773583,-0.001093188679555006
10,256,devtest,ind_Latn,hin_Deva,0.07646871265592545,-0.06467847639649851
10,256,devtest,ind_Latn,arb_Arab,0.07765508261456215,0.03438981985389336
10,256,devtest,ind_Latn,zho_Hans,0.022331114864000523,-0.0018438174414264358
10,256,devtest,ind_Latn,jpn_Jpan,0.018339283726650432,-0.07834761849798219
10,256,devtest,ind_Latn,tur_Latn,0.0334109036540365,-0.025279483432062096
10,256,devtest,ind_Latn,vie_Latn,0.02864540920041352,0.06680965685059333
11,64,devtest,eng_Latn,deu_Latn,0.08177102038863776,0.12835914891027714
11,64,devtest,eng_Latn,fra_Latn,0.11247200740702301,0.12281471980477134
11,64,devtest,eng_Latn,spa_Latn,0.04408028333325563,0.0500777737644441
11,64,devtest,eng_Latn,rus_Cyrl,0.027666276764282318,0.030004390285867648
11,64,devtest,eng_Latn,hin_Deva,0.11661063407302785,-0.036534537806628006
11,64,devtest,eng_Latn,arb_Arab,0.09602714220266612,0.0803208560629811
11,64,devtest,eng_Latn,zho_Hans,-0.0017435760233980543,0.06695798958605306
11,64,devtest,eng_Latn,jpn_Jpan,-0.04384891178179124,0.01727746692728678
11,64,devtest,eng_Latn,tur_Latn,0.09079389885548093,0.02991338426879379
11,64,devtest,eng_Latn,vie_Latn,0.10979905672444273,0.05257425993118997
11,64,devtest,eng_Latn,ind_Latn,0.0678133954174018,0.08908504087948196
11,64,devtest,deu_Latn,eng_Latn,0.011266574363497445,0.106549650205518
11,64,devtest,deu_Latn,fra_Latn,0.06994137621530593,0.10997447807115299
11,64,devtest,deu_Latn,spa_Latn,0.05290077976244813,0.053084007934255634
11,64,devtest,deu_Latn,rus_Cyrl,-0.04278613381932183,0.04861576802180351
11,64,devtest,deu_Latn,hin_Deva,0.017460335113191783,-0.05442426616530254
11,64,devtest,deu_Latn,arb_Arab,-0.007177805049318342,0.06715445185085683
11,64,devtest,deu_Latn,zho_Hans,0.04131407571800233,0.08250512134663593
11,64,devtest,deu_Latn,jpn_Jpan,0.07601590011185726,0.025915543227947955
11,64,devtest,deu_Latn,tur_Latn,0.01850426158051081,0.04174838891041258
11,64,devtest,deu_Latn,vie_Latn,-0.012308729270059106,0.07928390405227828
11,64,devtest,deu_Latn,ind_Latn,0.03744130509794539,0.08050967610522168
11,64,devtest,fra_Latn,eng_Latn,0.06668702539078143,0.14583370654047953
11,64,devtest,fra_Latn,deu_Latn,0.056358224284519136,0.13011136760412403
11,64,devtest,fra_Latn,spa_Latn,0.09787219728681205,0.10508800794931118
11,64,devtest,fra_Latn,rus_Cyrl,-0.01309942256336923,0.05830480521577012
11,64,devtest,fra_Latn,hin_Deva,-0.01823416670917037,-0.07830792407058869
11,64,devtest,fra_Latn,arb_Arab,0.06652962188891132,0.13167718536325032
11,64,devtest,fra_Latn,zho_Hans,0.021641104852147618,0.07742394694990856
11,64,devtest,fra_Latn,jpn_Jpan,0.06601882636884196,0.014145351474706254
11,64,devtest,fra_Latn,tur_Latn,0.056991482690004994,0.060630387533857986
11,64,devtest,fra_Latn,vie_Latn,0.11115490467051801,0.09122243998184175
11,64,devtest,fra_Latn,ind_Latn,0.12295377222180032,0.1021083275558533
11,64,devtest,spa_Latn,eng_Latn,-0.014257445138100913,0.014863902400782069
11,64,devtest,spa_Latn,deu_Latn,0.020079855977709955,0.037896410501002446
11,64,devtest,spa_Latn,fra_Latn,0.0905899240886225,0.07930786725587544
11,64,devtest,spa_Latn,rus_Cyrl,-0.020807471459724468,-0.018609284811988556
11,64,devtest,spa_Latn,hin_Deva,0.008989480509261776,-0.16073368202797225
11,64,devtest,spa_Latn,arb_Arab,0.07519627387327733,0.05314768484125379
11,64,devtest,spa_Latn,zho_Hans,0.053176622739848516,-0.037625809693185144
11,64,devtest,spa_Latn,jpn_Jpan,0.06367014340620038,-0.055160977929920876
11,64,devtest,spa_Latn,tur_Latn,0.056984058817475175,-0.010820556228493228
11,64,devtest,spa_Latn,vie_Latn,0.053052755027665446,0.027939253464889045
11,64,devtest,spa_Latn,ind_Latn,0.016052369106195955,0.013074050391824781
11,64,devtest,rus_Cyrl,eng_Latn,0.008806441142233098,0.032614043900143434
11,64,devtest,rus_Cyrl,deu_Latn,-0.05644573382453009,0.06099267700033872
11,64,devtest,rus_Cyrl,fra_Latn,-0.018335398435309225,0.053019372610835024
11,64,devtest,rus_Cyrl,spa_Latn,-0.03817701847361342,0.01700022831180456
11,64,devtest,rus_Cyrl,hin_Deva,0.0375776751200651,-0.11771886326101287
11,64,devtest,rus_Cyrl,arb_Arab,0.05876320965714324,0.06394634049596899
11,64,devtest,rus_Cyrl,zho_Hans,0.04164749695801322,-0.002283919670984504
11,64,devtest,rus_Cyrl,jpn_Jpan,0.02991712301755922,-0.0030235498138647407
11,64,devtest,rus_Cyrl,tur_Latn,-0.02956474912474456,0.02891648679095208
11,64,devtest,rus_Cyrl,vie_Latn,-0.04139519641759547,0.042372739965029736
11,64,devtest,rus_Cyrl,ind_Latn,-0.034848214486037296,0.0479026661147693
11,64,devtest,hin_Deva,eng_Latn,0.02962286730988456,-0.02368065948178645
11,64,devtest,hin_Deva,deu_Latn,-0.028064017586421016,-0.017815905308240964
11,64,devtest,hin_Deva,fra_Latn,0.018262070261422358,-0.04536151514060879
11,64,devtest,hin_Deva,spa_Latn,-0.021837956153590563,-0.06341412396572196
11,64,devtest,hin_Deva,rus_Cyrl,0.05645925412368312,-0.05961255445881067
11,64,devtest,hin_Deva,arb_Arab,0.002427228270885002,0.008519947482353431
11,64,devtest,hin_Deva,zho_Hans,0.09186940099566306,0.00912104128642512
11,64,devtest,hin_Deva,jpn_Jpan,0.10095590949245384,-0.043883706998243156
11,64,devtest,hin_Deva,tur_Latn,-0.007900697129635594,-0.019998987644480253
11,64,devtest,hin_Deva,vie_Latn,-0.00014658061126897014,-0.03805403920725939
11,64,devtest,hin_Deva,ind_Latn,0.006993134678856901,0.0029891665018143454
11,64,devtest,arb_Arab,eng_Latn,0.04065991316647066,0.02892018604422978
11,64,devtest,arb_Arab,deu_Latn,-0.01843533477781268,0.03601154542327757
11,64,devtest,arb_Arab,fra_Latn,0.03583902176408594,0.08462782983144378
11,64,devtest,arb_Arab,spa_Latn,0.06414673391038739,0.042479317239981204
11,64,devtest,arb_Arab,rus_Cyrl,0.04075911873126491,0.014348603188286312
11,64,devtest,arb_Arab,hin_Deva,0.08363027355531162,-0.0903195285528672
11,64,devtest,arb_Arab,zho_Hans,0.07289024040221817,-0.024354691342887026
11,64,devtest,arb_Arab,jpn_Jpan,0.07768370529174966,-0.06130395453692413
11,64,devtest,arb_Arab,tur_Latn,0.013089122569595395,0.010240210555799637
11,64,devtest,arb_Arab,vie_Latn,0.02673852262249022,-0.021206575456822488
11,64,devtest,arb_Arab,ind_Latn,0.05382743534039011,0.05317925228966798
11,64,devtest,zho_Hans,eng_Latn,0.04442831355319189,0.01598157822356844
11,64,devtest,zho_Hans,deu_Latn,0.11549738847376113,0.02798295448587136
11,64,devtest,zho_Hans,fra_Latn,0.08408208144104451,-0.004330722671780369
11,64,devtest,zho_Hans,spa_Latn,0.1449444838502671,-0.05861655851712439
11,64,devtest,zho_Hans,rus_Cyrl,0.1332677362789066,-0.05545969619121106
11,64,devtest,zho_Hans,hin_Deva,0.14672437009980022,-0.07588559187247707
11,64,devtest,zho_Hans,arb_Arab,0.11994256835698192,-0.0344133440179057
11,64,devtest,zho_Hans,jpn_Jpan,0.09398922892107248,-0.10382117281990291
11,64,devtest,zho_Hans,tur_Latn,0.13618000197473498,-0.06576026515277787
11,64,devtest,zho_Hans,vie_Latn,0.10541694272394111,-0.01342274997066948
11,64,devtest,zho_Hans,ind_Latn,0.08906199348067462,0.026501309252885696
11,64,devtest,jpn_Jpan,eng_Latn,-0.08867964051865732,0.05043177091819476
11,64,devtest,jpn_Jpan,deu_Latn,0.07305049721032637,0.06576766378019902
11,64,devtest,jpn_Jpan,fra_Latn,0.06670056509353024,0.004700658681940328
11,64,devtest,jpn_Jpan,spa_Latn,0.08721322461443497,-0.0016330722365803698
11,64,devtest,jpn_Jpan,rus_Cyrl,0.0632366017252075,0.015167643184721432
11,64,devtest,jpn_Jpan,hin_Deva,0.06317452553141985,-0.07776215469715064
11,64,devtest,jpn_Jpan,arb_Arab,0.08650111675411218,0.018170836619254744
11,64,devtest,jpn_Jpan,zho_Hans,-0.0076601236217469755,-0.020404617522203145
11,64,devtest,jpn_Jpan,tur_Latn,0.052118726447328866,-0.03775847051605647
11,64,devtest,jpn_Jpan,vie_Latn,-0.012669171470056997,0.005139524501934704
11,64,devtest,jpn_Jpan,ind_Latn,0.031186792906232105,0.02061587220101973
11,64,devtest,tur_Latn,eng_Latn,0.0404121551482855,0.010591144200450665
11,64,devtest,tur_Latn,deu_Latn,0.037568951492149755,0.018920783259670528
11,64,devtest,tur_Latn,fra_Latn,0.0995796931828654,0.012712658005092713
11,64,devtest,tur_Latn,spa_Latn,0.09249702012136127,-0.027774756844309443
11,64,devtest,tur_Latn,rus_Cyrl,-0.016759771513186392,-0.02916881556060319
11,64,devtest,tur_Latn,hin_Deva,0.06564793414884192,-0.11133139121588516
11,64,devtest,tur_Latn,arb_Arab,0.08017983145543302,0.01866316386260021
11,64,devtest,tur_Latn,zho_Hans,0.13311232955080537,-0.05672021746099287
11,64,devtest,tur_Latn,jpn_Jpan,0.08471394483417806,-0.11832372136388421
11,64,devtest,tur_Latn,vie_Latn,0.0411787565142957,-0.06583322547270976
11,64,devtest,tur_Latn,ind_Latn,0.08409080619126169,-0.009998795056782831
11,64,devtest,vie_Latn,eng_Latn,0.049204618348922535,0.00859897371699572
11,64,devtest,vie_Latn,deu_Latn,-0.0005261702932817189,0.05703877010555147
11,64,devtest,vie_Latn,fra_Latn,0.09234673378134521,0.05247515171842729
11,64,devtest,vie_Latn,spa_Latn,0.07636191923729997,0.013765160296726834
11,64,devtest,vie_Latn,rus_Cyrl,-0.02676150014713251,0.0005965734454008235
11,64,devtest,vie_Latn,hin_Deva,0.0444987879783444,-0.13343302067721427
11,64,devtest,vie_Latn,arb_Arab,0.0439309894801379,-0.0028591229434046647
11,64,devtest,vie_Latn,zho_Hans,0.05653703423226616,0.007159204501057641
11,64,devtest,vie_Latn,jpn_Jpan,0.000763105230086339,-0.03867402564225175
11,64,devtest,vie_Latn,tur_Latn,0.0412511438436515,-0.0666932533310303
11,64,devtest,vie_Latn,ind_Latn,0.04286763707234372,0.08058345766205437
11,64,devtest,ind_Latn,eng_Latn,-0.0018506038861096873,0.05512089262112375
11,64,devtest,ind_Latn,deu_Latn,0.02648640280903223,0.06782091433149538
11,64,devtest,ind_Latn,fra_Latn,0.10629500836818749,0.06677046190474711
11,64,devtest,ind_Latn,spa_Latn,0.025113052946462464,0.009697872365299119
11,64,devtest,ind_Latn,rus_Cyrl,-0.03133727552449181,0.014171916413902502
11,64,devtest,ind_Latn,hin_Deva,0.04292382014629771,-0.050058704464060834
11,64,devtest,ind_Latn,arb_Arab,0.05596183166561902,0.06853425506972734
11,64,devtest,ind_Latn,zho_Hans,0.025990528648156954,0.05792524122705608
11,64,devtest,ind_Latn,jpn_Jpan,0.04273758838796713,-0.0372621536238068
11,64,devtest,ind_Latn,tur_Latn,0.05019661974274771,0.0011111091004568161
11,64,devtest,ind_Latn,vie_Latn,0.037077255974858954,0.08811473198655995
11,128,devtest,eng_Latn,deu_Latn,0.10459251663936352,0.12234673117346197
11,128,devtest,eng_Latn,fra_Latn,0.14112707063608496,0.12561569749566767
11,128,devtest,eng_Latn,spa_Latn,0.05818857224986657,0.06702119184642343
11,128,devtest,eng_Latn,rus_Cyrl,0.03789195527147743,0.03365558831957396
11,128,devtest,eng_Latn,hin_Deva,0.13710760972794098,-0.04386521490412674
11,128,devtest,eng_Latn,arb_Arab,0.09898638291253271,0.10209488428564158
11,128,devtest,eng_Latn,zho_Hans,-0.0022043709845222664,0.06981506169054821
11,128,devtest,eng_Latn,jpn_Jpan,-0.04304060932473819,0.0010668692022644732
11,128,devtest,eng_Latn,tur_Latn,0.08162552111698886,0.03127820402529182
11,128,devtest,eng_Latn,vie_Latn,0.10839940254813112,0.06272103293727245
11,128,devtest,eng_Latn,ind_Latn,0.07860299037081696,0.1067720995466313
11,128,devtest,deu_Latn,eng_Latn,0.024794309255207866,0.09150416632493405
11,128,devtest,deu_Latn,fra_Latn,0.07779237531071835,0.10254460049715901
11,128,devtest,deu_Latn,spa_Latn,0.04507141583734306,0.03478221011731085
11,128,devtest,deu_Latn,rus_Cyrl,-0.043958032370903635,0.02744223952122048
11,128,devtest,deu_Latn,hin_Deva,0.020431475998407982,-0.07657628055320245
11,128,devtest,deu_Latn,arb_Arab,-0.004890250516013507,0.060106416898122635
11,128,devtest,deu_Latn,zho_Hans,0.05745593827776768,0.05469418966108292
11,128,devtest,deu_Latn,jpn_Jpan,0.08177129200432172,0.0001399865332452876
11,128,devtest,deu_Latn,tur_Latn,0.02791518802137649,0.02581442341927071
11,128,devtest,deu_Latn,vie_Latn,-0.009433704588689595,0.09326738196465649
11,128,devtest,deu_Latn,ind_Latn,0.03526117353182583,0.07674824845875548
11,128,devtest,fra_Latn,eng_Latn,0.09084724433557292,0.15142999306397356
11,128,devtest,fra_Latn,deu_Latn,0.05858134235460497,0.13199342216026763
11,128,devtest,fra_Latn,spa_Latn,0.1079072118874569,0.0995218349174455
11,128,devtest,fra_Latn,rus_Cyrl,0.0001827915532579188,0.07072321001806227
11,128,devtest,fra_Latn,hin_Deva,-0.01856845358079666,-0.08612658921164398
11,128,devtest,fra_Latn,arb_Arab,0.07431675443301229,0.13326172335266045
11,128,devtest,fra_Latn,zho_Hans,0.029553253547755624,0.0674268740736166
11,128,devtest,fra_Latn,jpn_Jpan,0.06855020641795505,0.007623550052718675
11,128,devtest,fra_Latn,tur_Latn,0.04511584176684398,0.07130499122972639
11,128,devtest,fra_Latn,vie_Latn,0.11799807227360189,0.10783626387593528
11,128,devtest,fra_Latn,ind_Latn,0.106570944979553,0.11224604654764908
11,128,devtest,spa_Latn,eng_Latn,-0.005085443277929043,0.025574904817364855
11,128,devtest,spa_Latn,deu_Latn,0.009190073584804634,0.021468763791330937
11,128,devtest,spa_Latn,fra_Latn,0.10069831574045983,0.07106562255845936
11,128,devtest,spa_Latn,rus_Cyrl,-0.004073563355136545,-0.010651076916673566
11,128,devtest,spa_Latn,hin_Deva,0.005768195913054399,-0.15889680998627567
11,128,devtest,spa_Latn,arb_Arab,0.07772871258374639,0.04060518774031943
11,128,devtest,spa_Latn,zho_Hans,0.04004410220941522,-0.05081778761202529
11,128,devtest,spa_Latn,jpn_Jpan,0.051146907848200814,-0.0664037535633009
11,128,devtest,spa_Latn,tur_Latn,0.052220837723162813,-0.0008099985095371257
11,128,devtest,spa_Latn,vie_Latn,0.029408479931024103,0.034860595160062124
11,128,devtest,spa_Latn,ind_Latn,0.008191560618666527,0.01789352932711266
11,128,devtest,rus_Cyrl,eng_Latn,0.007755484839056999,0.03455990017051384
11,128,devtest,rus_Cyrl,deu_Latn,-0.0633849674538652,0.04504068908854303
11,128,devtest,rus_Cyrl,fra_Latn,-0.008657884231678107,0.0588572955119121
11,128,devtest,rus_Cyrl,spa_Latn,-0.028530366106582952,0.022691167478795165
11,128,devtest,rus_Cyrl,hin_Deva,0.05167832271387891,-0.11702357186923436
11,128,devtest,rus_Cyrl,arb_Arab,0.06202020729519076,0.05356464125161691
11,128,devtest,rus_Cyrl,zho_Hans,0.032001020471433314,-0.003953681858722839
11,128,devtest,rus_Cyrl,jpn_Jpan,0.01533646369805255,-0.025652962746695648
11,128,devtest,rus_Cyrl,tur_Latn,-0.031698966094282355,0.03286524908837082
11,128,devtest,rus_Cyrl,vie_Latn,-0.04341622883237173,0.03795453939902701
11,128,devtest,rus_Cyrl,ind_Latn,-0.017755838794279947,0.0542055727778698
11,128,devtest,hin_Deva,eng_Latn,0.03200701649102017,-0.020890433881119067
11,128,devtest,hin_Deva,deu_Latn,-0.03966396983571329,-0.015929954089848063
11,128,devtest,hin_Deva,fra_Latn,0.0035941454144988506,-0.04156642421781931
11,128,devtest,hin_Deva,spa_Latn,-0.03618625223570322,-0.05222454077280377
11,128,devtest,hin_Deva,rus_Cyrl,0.06545624513568526,-0.04455332248956743
11,128,devtest,hin_Deva,arb_Arab,-0.010710830611490217,0.026727049820051224
11,128,devtest,hin_Deva,zho_Hans,0.08357315973104676,0.013963597440901192
11,128,devtest,hin_Deva,jpn_Jpan,0.09909172105276666,-0.048100892675731755
11,128,devtest,hin_Deva,tur_Latn,-0.013411741228088579,-0.014988778168652853
11,128,devtest,hin_Deva,vie_Latn,0.0032805053414673583,-0.023437531442234167
11,128,devtest,hin_Deva,ind_Latn,0.004710394518187397,0.01726387184090888
11,128,devtest,arb_Arab,eng_Latn,0.03548281659196842,0.03533054581683324
11,128,devtest,arb_Arab,deu_Latn,-0.018214431228393158,0.026182457441187437
11,128,devtest,arb_Arab,fra_Latn,0.04090938096010891,0.06655125556228007
11,128,devtest,arb_Arab,spa_Latn,0.058816997839369965,0.021207986787882962
11,128,devtest,arb_Arab,rus_Cyrl,0.04479620025678419,0.0006882015229061886
11,128,devtest,arb_Arab,hin_Deva,0.09401726096313716,-0.09798832911402539
11,128,devtest,arb_Arab,zho_Hans,0.06454361226399641,-0.04337917286124772
11,128,devtest,arb_Arab,jpn_Jpan,0.08282277935435495,-0.08485195267558579
11,128,devtest,arb_Arab,tur_Latn,-0.007233799028598492,-0.018344544050943143
11,128,devtest,arb_Arab,vie_Latn,0.014942184375399601,-0.03286626197971356
11,128,devtest,arb_Arab,ind_Latn,0.06161213682413795,0.04432826822702754
11,128,devtest,zho_Hans,eng_Latn,0.0368166551953606,0.018562835238519582
11,128,devtest,zho_Hans,deu_Latn,0.1343937222857575,0.011516594154012735
11,128,devtest,zho_Hans,fra_Latn,0.09547288192142171,-0.0033863965874245585
11,128,devtest,zho_Hans,spa_Latn,0.1475384791437914,-0.06455936421277302
11,128,devtest,zho_Hans,rus_Cyrl,0.14152905030717752,-0.049427429452563294
11,128,devtest,zho_Hans,hin_Deva,0.1539725594326143,-0.0830905956165696
11,128,devtest,zho_Hans,arb_Arab,0.12133343375502688,-0.03780326091772685
11,128,devtest,zho_Hans,jpn_Jpan,0.0907473083224603,-0.09064513447393654
11,128,devtest,zho_Hans,tur_Latn,0.15125008836109366,-0.04864708672748132
11,128,devtest,zho_Hans,vie_Latn,0.119064063191497,0.008370977122463544
11,128,devtest,zho_Hans,ind_Latn,0.06711641188148942,0.032454814807758296
11,128,devtest,jpn_Jpan,eng_Latn,-0.09434950404515023,0.04911980654335227
11,128,devtest,jpn_Jpan,deu_Latn,0.08111258978843595,0.05910877395450684
11,128,devtest,jpn_Jpan,fra_Latn,0.07247672179915142,0.010190099422367913
11,128,devtest,jpn_Jpan,spa_Latn,0.08716884839458101,0.007470114702325274
11,128,devtest,jpn_Jpan,rus_Cyrl,0.0672741561286573,0.013433738726556487
11,128,devtest,jpn_Jpan,hin_Deva,0.07582044153906364,-0.07650485268102426
11,128,devtest,jpn_Jpan,arb_Arab,0.09372423888430481,0.018975537927334685
11,128,devtest,jpn_Jpan,zho_Hans,-0.02560055524947793,0.007516899497307891
11,128,devtest,jpn_Jpan,tur_Latn,0.05427373905200319,-0.019168047387781773
11,128,devtest,jpn_Jpan,vie_Latn,0.007110973034006241,0.00879154238890411
11,128,devtest,jpn_Jpan,ind_Latn,0.02662318024704999,0.03429875710923308
11,128,devtest,tur_Latn,eng_Latn,0.02042054505575868,-0.009259128936937536
11,128,devtest,tur_Latn,deu_Latn,0.049069905687095274,-0.0098146486124548
11,128,devtest,tur_Latn,fra_Latn,0.09478873481516815,0.00535690219808981
11,128,devtest,tur_Latn,spa_Latn,0.084192270008844,-0.034150573164726
11,128,devtest,tur_Latn,rus_Cyrl,-0.025387330137744833,-0.043462194780946845
11,128,devtest,tur_Latn,hin_Deva,0.07660272391245712,-0.13392446967221266
11,128,devtest,tur_Latn,arb_Arab,0.06034793931804691,-0.017036051441784696
11,128,devtest,tur_Latn,zho_Hans,0.14179590307935575,-0.05674275102746114
11,128,devtest,tur_Latn,jpn_Jpan,0.08440923773927253,-0.12793699969727887
11,128,devtest,tur_Latn,vie_Latn,0.04577888068766571,-0.06285743112353136
11,128,devtest,tur_Latn,ind_Latn,0.08294191538904881,-0.028117217952867726
11,128,devtest,vie_Latn,eng_Latn,0.033555771880022414,0.009093414908367552
11,128,devtest,vie_Latn,deu_Latn,0.0021406060272747512,0.06817233442550877
11,128,devtest,vie_Latn,fra_Latn,0.10190672264637851,0.05936201898933104
11,128,devtest,vie_Latn,spa_Latn,0.06307412964876442,0.0166468193214435
11,128,devtest,vie_Latn,rus_Cyrl,-0.02157300108233178,-0.00893678530740435
11,128,devtest,vie_Latn,hin_Deva,0.06421852886032614,-0.13612092001982332
11,128,devtest,vie_Latn,arb_Arab,0.0371854393766834,-0.00927174413186603
11,128,devtest,vie_Latn,zho_Hans,0.057269079408993104,0.016807356258044588
11,128,devtest,vie_Latn,jpn_Jpan,0.023120231645332955,-0.05364551808847359
11,128,devtest,vie_Latn,tur_Latn,0.054847450443758036,-0.05900753449077204
11,128,devtest,vie_Latn,ind_Latn,0.05020770119296966,0.08891898066852082
11,128,devtest,ind_Latn,eng_Latn,0.0021117471010713208,0.05738509699294874
11,128,devtest,ind_Latn,deu_Latn,0.02357077475537853,0.06337273705570268
11,128,devtest,ind_Latn,fra_Latn,0.08723774530890072,0.06431838399742842
11,128,devtest,ind_Latn,spa_Latn,0.01493085385818894,0.006143318200563295
11,128,devtest,ind_Latn,rus_Cyrl,-0.01199218907823653,0.012599166992840477
11,128,devtest,ind_Latn,hin_Deva,0.05875365836845556,-0.06182989536826431
11,128,devtest,ind_Latn,arb_Arab,0.07279975319660774,0.05748847262208894
11,128,devtest,ind_Latn,zho_Hans,0.007998997517256322,0.048198476617866144
11,128,devtest,ind_Latn,jpn_Jpan,0.04135132318292653,-0.05189558335287732
11,128,devtest,ind_Latn,tur_Latn,0.04516966013573222,-0.007868624103069372
11,128,devtest,ind_Latn,vie_Latn,0.034119509196390625,0.08767185446030881
11,256,devtest,eng_Latn,deu_Latn,0.12628830142489572,0.13762321293251611
11,256,devtest,eng_Latn,fra_Latn,0.14058976176591173,0.13393497930996304
11,256,devtest,eng_Latn,spa_Latn,0.05763366525445379,0.0872397675167982
11,256,devtest,eng_Latn,rus_Cyrl,0.044680599692453034,0.04065950091811647
11,256,devtest,eng_Latn,hin_Deva,0.1547890059947284,-0.03215601764992493
11,256,devtest,eng_Latn,arb_Arab,0.09998802791957627,0.10481541545899972
11,256,devtest,eng_Latn,zho_Hans,-0.02173570241635182,0.0873820600003634
11,256,devtest,eng_Latn,jpn_Jpan,-0.022404859828974187,-0.005426879107990177
11,256,devtest,eng_Latn,tur_Latn,0.09725485476010719,0.03358518317879546
11,256,devtest,eng_Latn,vie_Latn,0.11982861616480783,0.07632898424649434
11,256,devtest,eng_Latn,ind_Latn,0.08408644790262629,0.1196670384892169
11,256,devtest,deu_Latn,eng_Latn,0.0325270097917699,0.09608790925375917
11,256,devtest,deu_Latn,fra_Latn,0.07384092651174998,0.09918460511094966
11,256,devtest,deu_Latn,spa_Latn,0.0417910002450377,0.03081193810385829
11,256,devtest,deu_Latn,rus_Cyrl,-0.04204646972464827,0.011414878496212599
11,256,devtest,deu_Latn,hin_Deva,0.03224575363949078,-0.08348364078917736
11,256,devtest,deu_Latn,arb_Arab,0.0046347017866771615,0.04404342591633797
11,256,devtest,deu_Latn,zho_Hans,0.05802706379816882,0.04901885572076077
11,256,devtest,deu_Latn,jpn_Jpan,0.07064666430260033,-0.007912212083601789
11,256,devtest,deu_Latn,tur_Latn,0.03213108921877003,0.020421897976534674
11,256,devtest,deu_Latn,vie_Latn,-0.014498008987716,0.07617517214865265
11,256,devtest,deu_Latn,ind_Latn,0.03450822478155017,0.0650794274112818
11,256,devtest,fra_Latn,eng_Latn,0.08133713263572807,0.14991634731324477
11,256,devtest,fra_Latn,deu_Latn,0.04715591279073436,0.1348283435464927
11,256,devtest,fra_Latn,spa_Latn,0.10409852191832461,0.0912914356782824
11,256,devtest,fra_Latn,rus_Cyrl,0.01384187792344762,0.06575374419927663
11,256,devtest,fra_Latn,hin_Deva,-0.007102496089500928,-0.09163496618091395
11,256,devtest,fra_Latn,arb_Arab,0.07241140089931572,0.1254067999194249
11,256,devtest,fra_Latn,zho_Hans,0.0533530518455658,0.05776308424227077
11,256,devtest,fra_Latn,jpn_Jpan,0.06834322593025129,0.003260428861360293
11,256,devtest,fra_Latn,tur_Latn,0.042920714172339454,0.06362077975432051
11,256,devtest,fra_Latn,vie_Latn,0.11388005980821285,0.10124939190017662
11,256,devtest,fra_Latn,ind_Latn,0.11878745132394818,0.10967313518578664
11,256,devtest,spa_Latn,eng_Latn,-0.01614547204637429,0.024116262103255244
11,256,devtest,spa_Latn,deu_Latn,-0.005419024338001075,0.016490538152694877
11,256,devtest,spa_Latn,fra_Latn,0.09635682560943452,0.05309278549259619
11,256,devtest,spa_Latn,rus_Cyrl,-0.015244803137443488,-0.024120968397945797
11,256,devtest,spa_Latn,hin_Deva,0.024279614780552267,-0.16488557057706973
11,256,devtest,spa_Latn,arb_Arab,0.08407790896074423,0.032187665253657856
11,256,devtest,spa_Latn,zho_Hans,0.05382555430777832,-0.05649732716704835
11,256,devtest,spa_Latn,jpn_Jpan,0.0368312551125386,-0.08617982071093676
11,256,devtest,spa_Latn,tur_Latn,0.04097730254405682,-0.0074959997369635845
11,256,devtest,spa_Latn,vie_Latn,0.027887700722796525,0.01628580139569845
11,256,devtest,spa_Latn,ind_Latn,0.00882987066049232,0.014063126104241125
11,256,devtest,rus_Cyrl,eng_Latn,-0.0015585339133260693,0.03783453801122214
11,256,devtest,rus_Cyrl,deu_Latn,-0.06488930060744101,0.03892816639636695
11,256,devtest,rus_Cyrl,fra_Latn,0.0030749147153591953,0.059587001861338196
11,256,devtest,rus_Cyrl,spa_Latn,-0.03943127004324233,0.02402514001550073
11,256,devtest,rus_Cyrl,hin_Deva,0.058573463793135855,-0.11695228338538857
11,256,devtest,rus_Cyrl,arb_Arab,0.06484000239860653,0.046282619127512206
11,256,devtest,rus_Cyrl,zho_Hans,0.017827521698722697,-0.0034713888428869457
11,256,devtest,rus_Cyrl,jpn_Jpan,0.014165460437584794,-0.045243564681142386
11,256,devtest,rus_Cyrl,tur_Latn,-0.030975628511287448,0.032155794424031006
11,256,devtest,rus_Cyrl,vie_Latn,-0.05021848672910591,0.03962078123630176
11,256,devtest,rus_Cyrl,ind_Latn,-0.01757358009927206,0.05724365344127376
11,256,devtest,hin_Deva,eng_Latn,0.02280593542688675,-0.008109158642922566
11,256,devtest,hin_Deva,deu_Latn,-0.04523361650218662,-0.008370854074261715
11,256,devtest,hin_Deva,fra_Latn,-0.001668753996161997,-0.03434037297043302
11,256,devtest,hin_Deva,spa_Latn,-0.03177167735278934,-0.04667460995541217
11,256,devtest,hin_Deva,rus_Cyrl,0.056291989546310144,-0.04146230616458475
11,256,devtest,hin_Deva,arb_Arab,-0.01757693173452454,0.028533104615714462
11,256,devtest,hin_Deva,zho_Hans,0.07275203713963672,0.013980664187359406
11,256,devtest,hin_Deva,jpn_Jpan,0.10027455352691976,-0.04937435246920773
11,256,devtest,hin_Deva,tur_Latn,-0.026247164724481426,-0.007364968215428989
11,256,devtest,hin_Deva,vie_Latn,-0.0021833390456965146,-0.015711844172760704
11,256,devtest,hin_Deva,ind_Latn,-0.010907855777292128,0.017874785310066307
11,256,devtest,arb_Arab,eng_Latn,0.03539346577478239,0.019746954881471122
11,256,devtest,arb_Arab,deu_Latn,-0.021610058345103912,0.003979133460312893
11,256,devtest,arb_Arab,fra_Latn,0.02736147979840252,0.04546833758002135
11,256,devtest,arb_Arab,spa_Latn,0.05365672984786397,0.011038413633809266
11,256,devtest,arb_Arab,rus_Cyrl,0.05019987490366394,-0.02378644023481735
11,256,devtest,arb_Arab,hin_Deva,0.1068229892449542,-0.11162211530267377
11,256,devtest,arb_Arab,zho_Hans,0.07596269898495692,-0.05402217138592942
11,256,devtest,arb_Arab,jpn_Jpan,0.07241985547358586,-0.11359196827406039
11,256,devtest,arb_Arab,tur_Latn,-0.011630525441347694,-0.0193500832584882
11,256,devtest,arb_Arab,vie_Latn,0.013356651897381678,-0.03939144451069145
11,256,devtest,arb_Arab,ind_Latn,0.05826367510454193,0.04371575611943673
11,256,devtest,zho_Hans,eng_Latn,0.026887633460592184,0.035442647292624044
11,256,devtest,zho_Hans,deu_Latn,0.1412413929213127,0.015505679689127678
11,256,devtest,zho_Hans,fra_Latn,0.1264784022639065,-0.008227427621310355
11,256,devtest,zho_Hans,spa_Latn,0.16668566839616222,-0.055495687245768845
11,256,devtest,zho_Hans,rus_Cyrl,0.1492909203565537,-0.048323174540850874
11,256,devtest,zho_Hans,hin_Deva,0.15811462174375984,-0.0909598304172711
11,256,devtest,zho_Hans,arb_Arab,0.1346754122816442,-0.02751949419890908
11,256,devtest,zho_Hans,jpn_Jpan,0.10310463037348917,-0.11294528528173575
11,256,devtest,zho_Hans,tur_Latn,0.14195599779121082,-0.04374716501484109
11,256,devtest,zho_Hans,vie_Latn,0.12217495270414863,0.002036054526637776
11,256,devtest,zho_Hans,ind_Latn,0.08513081044081594,0.016954060707014912
11,256,devtest,jpn_Jpan,eng_Latn,-0.09048504347124886,0.05346910525968769
11,256,devtest,jpn_Jpan,deu_Latn,0.07436475834793703,0.06882089749918799
11,256,devtest,jpn_Jpan,fra_Latn,0.08099438282913696,0.022329898899037925
11,256,devtest,jpn_Jpan,spa_Latn,0.08259044408195944,0.014172913738162186
11,256,devtest,jpn_Jpan,rus_Cyrl,0.07741660454415578,0.014313057378299616
11,256,devtest,jpn_Jpan,hin_Deva,0.08810032322957866,-0.07031504032703885
11,256,devtest,jpn_Jpan,arb_Arab,0.09076268470505763,0.025757279318590648
11,256,devtest,jpn_Jpan,zho_Hans,-0.018570845923817088,-0.00391966954664554
11,256,devtest,jpn_Jpan,tur_Latn,0.06246813855880426,-0.009962556612955652
11,256,devtest,jpn_Jpan,vie_Latn,-0.0027258522491675793,0.01741903559658467
11,256,devtest,jpn_Jpan,ind_Latn,0.020952239001433788,0.03618064850372201
11,256,devtest,tur_Latn,eng_Latn,0.022610225276066348,-0.030117593106081232
11,256,devtest,tur_Latn,deu_Latn,0.050134883372321006,-0.01681065302915295
11,256,devtest,tur_Latn,fra_Latn,0.10142995620016304,-0.01403703501733844
11,256,devtest,tur_Latn,spa_Latn,0.07533256727828005,-0.04225644044000379
11,256,devtest,tur_Latn,rus_Cyrl,-0.030013866605963148,-0.05846217445116082
11,256,devtest,tur_Latn,hin_Deva,0.08183846097490356,-0.15051320830322673
11,256,devtest,tur_Latn,arb_Arab,0.06508617416469975,-0.016784833088268256
11,256,devtest,tur_Latn,zho_Hans,0.12565870363781165,-0.07035457722490945
11,256,devtest,tur_Latn,jpn_Jpan,0.09197661207108777,-0.14685744503327813
11,256,devtest,tur_Latn,vie_Latn,0.034817141711170486,-0.06417110590316061
11,256,devtest,tur_Latn,ind_Latn,0.08072277266742574,-0.029699690706717616
11,256,devtest,vie_Latn,eng_Latn,0.02839918505211157,0.007833266703260917
11,256,devtest,vie_Latn,deu_Latn,0.005220602120634148,0.05055766524968424
11,256,devtest,vie_Latn,fra_Latn,0.10422757323294926,0.0409877756137353
11,256,devtest,vie_Latn,spa_Latn,0.0727620549557635,-0.002789465018533391
11,256,devtest,vie_Latn,rus_Cyrl,-0.016625053422831406,-0.021203269538890054
11,256,devtest,vie_Latn,hin_Deva,0.07128353486065679,-0.14373840054308384
11,256,devtest,vie_Latn,arb_Arab,0.042474121654875234,-0.01264115056496934
11,256,devtest,vie_Latn,zho_Hans,0.05754352487482952,0.002896305810516277
11,256,devtest,vie_Latn,jpn_Jpan,0.01156666132348676,-0.07129358567941232
11,256,devtest,vie_Latn,tur_Latn,0.04764684200340453,-0.055341230659095235
11,256,devtest,vie_Latn,ind_Latn,0.04602574095476564,0.07822030556204879
11,256,devtest,ind_Latn,eng_Latn,-0.006954683568764749,0.05339646551176
11,256,devtest,ind_Latn,deu_Latn,0.029169025204849576,0.04471151719849854
11,256,devtest,ind_Latn,fra_Latn,0.09408181979444685,0.050912742725071465
11,256,devtest,ind_Latn,spa_Latn,0.020747768649030895,-0.002341949587660079
11,256,devtest,ind_Latn,rus_Cyrl,-0.008177313870367095,0.0026048705707507206
11,256,devtest,ind_Latn,hin_Deva,0.06408894615271074,-0.07561184526471151
11,256,devtest,ind_Latn,arb_Arab,0.07514553550852339,0.05518870954550884
11,256,devtest,ind_Latn,zho_Hans,0.028293087646303002,0.022092379452906277
11,256,devtest,ind_Latn,jpn_Jpan,0.03969971503259795,-0.07034940059442475
11,256,devtest,ind_Latn,tur_Latn,0.0352795786824631,-0.004753526183167152
11,256,devtest,ind_Latn,vie_Latn,0.01753873574241933,0.07975265775013875
12,64,devtest,eng_Latn,deu_Latn,0.09321359517514687,0.12723172433068353
12,64,devtest,eng_Latn,fra_Latn,0.1362693583889298,0.1291725970340276
12,64,devtest,eng_Latn,spa_Latn,0.04542884338129377,0.031562262207509136
12,64,devtest,eng_Latn,rus_Cyrl,0.05084742582282132,0.03339421941808715
12,64,devtest,eng_Latn,hin_Deva,0.11897020833563153,-0.02176967167564349
12,64,devtest,eng_Latn,arb_Arab,0.1036977251819779,0.08642724399608243
12,64,devtest,eng_Latn,zho_Hans,-0.011934816331857508,0.08367919476274913
12,64,devtest,eng_Latn,jpn_Jpan,-0.03314126912215621,0.005627485210689858
12,64,devtest,eng_Latn,tur_Latn,0.1014792319650064,0.035500737454566916
12,64,devtest,eng_Latn,vie_Latn,0.10763025446733303,0.043779218899917385
12,64,devtest,eng_Latn,ind_Latn,0.06566640312938613,0.09985409807791033
12,64,devtest,deu_Latn,eng_Latn,0.0352116574073584,0.11881445760924099
12,64,devtest,deu_Latn,fra_Latn,0.05742822051122562,0.134658247684368
12,64,devtest,deu_Latn,spa_Latn,0.03328487129472526,0.06820473653137517
12,64,devtest,deu_Latn,rus_Cyrl,-0.05206688347844563,0.07158751756163192
12,64,devtest,deu_Latn,hin_Deva,0.017640533548453616,-0.013697922784536118
12,64,devtest,deu_Latn,arb_Arab,-0.006438034350141843,0.07270278467411279
12,64,devtest,deu_Latn,zho_Hans,0.055260203454853385,0.09745190641462971
12,64,devtest,deu_Latn,jpn_Jpan,0.057112165119360785,0.03191642588546375
12,64,devtest,deu_Latn,tur_Latn,0.02442005093709533,0.04986637065895285
12,64,devtest,deu_Latn,vie_Latn,-0.023468013738604226,0.10713620262410213
12,64,devtest,deu_Latn,ind_Latn,0.02097929324063336,0.09839862973577351
12,64,devtest,fra_Latn,eng_Latn,0.08379234871638641,0.15834061439533503
12,64,devtest,fra_Latn,deu_Latn,0.03853152583543548,0.1501952020492629
12,64,devtest,fra_Latn,spa_Latn,0.09371617103221747,0.1088226038908973
12,64,devtest,fra_Latn,rus_Cyrl,-0.004332201495217155,0.09216210298543315
12,64,devtest,fra_Latn,hin_Deva,-0.019067579818983743,-0.05644534881524936
12,64,devtest,fra_Latn,arb_Arab,0.04929723477714638,0.1396914020780842
12,64,devtest,fra_Latn,zho_Hans,0.02307034184743397,0.11686014016821773
12,64,devtest,fra_Latn,jpn_Jpan,0.041925064401692906,0.020496169642386756
12,64,devtest,fra_Latn,tur_Latn,0.06483566993243367,0.07620337665581088
12,64,devtest,fra_Latn,vie_Latn,0.11719356281852121,0.11341321527964562
12,64,devtest,fra_Latn,ind_Latn,0.10369719394568808,0.12961755052566235
12,64,devtest,spa_Latn,eng_Latn,-0.012257197914761485,0.013884167220948457
12,64,devtest,spa_Latn,deu_Latn,0.011420679759473439,0.05635406191697044
12,64,devtest,spa_Latn,fra_Latn,0.08575831941676854,0.09177731368070946
12,64,devtest,spa_Latn,rus_Cyrl,-0.004563940759079781,0.0034934864507058295
12,64,devtest,spa_Latn,hin_Deva,0.003807911600852828,-0.13327109292886316
12,64,devtest,spa_Latn,arb_Arab,0.09461947893655916,0.060544489109092006
12,64,devtest,spa_Latn,zho_Hans,0.03791468641144194,-0.028744886475358385
12,64,devtest,spa_Latn,jpn_Jpan,0.04000438930527362,-0.05325057133090907
12,64,devtest,spa_Latn,tur_Latn,0.05306519262229391,-0.02197334115498646
12,64,devtest,spa_Latn,vie_Latn,0.032608570929047384,0.03924378792690549
12,64,devtest,spa_Latn,ind_Latn,0.005308326793236424,0.0231241476028373
12,64,devtest,rus_Cyrl,eng_Latn,0.016045788925180385,0.037326045801451414
12,64,devtest,rus_Cyrl,deu_Latn,-0.06853165372975563,0.07333138126468025
12,64,devtest,rus_Cyrl,fra_Latn,-0.011573077778897923,0.08042259024639674
12,64,devtest,rus_Cyrl,spa_Latn,-0.026326054475670727,0.018019261726455585
12,64,devtest,rus_Cyrl,hin_Deva,0.05648877855328898,-0.09187081917869276
12,64,devtest,rus_Cyrl,arb_Arab,0.06597773756573558,0.05829007441034578
12,64,devtest,rus_Cyrl,zho_Hans,0.04507678456680361,0.008992038122098846
12,64,devtest,rus_Cyrl,jpn_Jpan,0.04229175750237499,-0.01302606941398617
12,64,devtest,rus_Cyrl,tur_Latn,-0.037441615313018956,0.03393607162037039
12,64,devtest,rus_Cyrl,vie_Latn,-0.029077918942926412,0.04612847097372262
12,64,devtest,rus_Cyrl,ind_Latn,-0.019576399425523573,0.07404028100469563
12,64,devtest,hin_Deva,eng_Latn,0.042542877452970175,-0.010697599650255019
12,64,devtest,hin_Deva,deu_Latn,-0.03955869439814345,0.0015068667391097764
12,64,devtest,hin_Deva,fra_Latn,0.0055424443756284655,-0.041414150264366706
12,64,devtest,hin_Deva,spa_Latn,-0.02957744735822951,-0.0662124315684041
12,64,devtest,hin_Deva,rus_Cyrl,0.0492184572320915,-0.05056407520749924
12,64,devtest,hin_Deva,arb_Arab,0.0123860866899227,0.011555878075855838
12,64,devtest,hin_Deva,zho_Hans,0.09770352664590287,0.018925881337406546
12,64,devtest,hin_Deva,jpn_Jpan,0.08987352989967015,-0.037936336564661374
12,64,devtest,hin_Deva,tur_Latn,-0.017161430468561594,-0.016867338970743426
12,64,devtest,hin_Deva,vie_Latn,0.009093457042294894,-0.03542123609297993
12,64,devtest,hin_Deva,ind_Latn,0.0023035116586837263,0.013705462691829304
12,64,devtest,arb_Arab,eng_Latn,0.03663576864566055,0.05501837608543255
12,64,devtest,arb_Arab,deu_Latn,-0.024555136013096873,0.05019058474333979
12,64,devtest,arb_Arab,fra_Latn,0.024584800487246605,0.09565780404420506
12,64,devtest,arb_Arab,spa_Latn,0.06663194343213887,0.05049963483030628
12,64,devtest,arb_Arab,rus_Cyrl,0.05675597335181997,0.0225974774604388
12,64,devtest,arb_Arab,hin_Deva,0.10189187315176183,-0.0666272688478246
12,64,devtest,arb_Arab,zho_Hans,0.06169455174233548,-0.023939299714358323
12,64,devtest,arb_Arab,jpn_Jpan,0.08070967368110929,-0.06526650289215652
12,64,devtest,arb_Arab,tur_Latn,0.00936920662254547,0.021089876883546216
12,64,devtest,arb_Arab,vie_Latn,0.01575152579893152,-0.0023999963317265904
12,64,devtest,arb_Arab,ind_Latn,0.03691770278795863,0.07817401434173561
12,64,devtest,zho_Hans,eng_Latn,0.03383802685232777,0.043433317708355006
12,64,devtest,zho_Hans,deu_Latn,0.12553651212983785,0.03961421892741455
12,64,devtest,zho_Hans,fra_Latn,0.09466654947637444,0.042391756408589235
12,64,devtest,zho_Hans,spa_Latn,0.13118818014414155,-0.057924265429950654
12,64,devtest,zho_Hans,rus_Cyrl,0.1437877563209687,-0.03520492377636102
12,64,devtest,zho_Hans,hin_Deva,0.16303964608287996,-0.05101960858894328
12,64,devtest,zho_Hans,arb_Arab,0.12448601065867511,-0.03712788404829496
12,64,devtest,zho_Hans,jpn_Jpan,0.09130733694980604,-0.11146913595647516
12,64,devtest,zho_Hans,tur_Latn,0.13429756767630827,-0.04381074765280475
12,64,devtest,zho_Hans,vie_Latn,0.13252831275424182,-0.018306796993981567
12,64,devtest,zho_Hans,ind_Latn,0.0950136614471295,0.045528854020682775
12,64,devtest,jpn_Jpan,eng_Latn,-0.07982816648067671,0.058962648494510134
12,64,devtest,jpn_Jpan,deu_Latn,0.06390560116281341,0.07866628892725402
12,64,devtest,jpn_Jpan,fra_Latn,0.07094446985475238,0.016480920317018782
12,64,devtest,jpn_Jpan,spa_Latn,0.07722694830870706,-0.007336183430016678
12,64,devtest,jpn_Jpan,rus_Cyrl,0.09575634787366262,0.01336800447426758
12,64,devtest,jpn_Jpan,hin_Deva,0.08190671437114752,-0.051692301704330965
12,64,devtest,jpn_Jpan,arb_Arab,0.10022006402393847,0.016144852632069308
12,64,devtest,jpn_Jpan,zho_Hans,-0.024919577667425478,-0.029651224723441196
12,64,devtest,jpn_Jpan,tur_Latn,0.0474387663422976,-0.02663851745785356
12,64,devtest,jpn_Jpan,vie_Latn,0.0022827730843970793,0.012355980534762922
12,64,devtest,jpn_Jpan,ind_Latn,0.035320126436492356,0.04195560979780118
12,64,devtest,tur_Latn,eng_Latn,0.03825850125033642,0.02704197214377489
12,64,devtest,tur_Latn,deu_Latn,0.05018215845754061,0.0324711859373821
12,64,devtest,tur_Latn,fra_Latn,0.09969660909147654,0.0406535809704737
12,64,devtest,tur_Latn,spa_Latn,0.10654527538740158,-0.033763829873453166
12,64,devtest,tur_Latn,rus_Cyrl,-0.016454462403544964,-0.0030394663043615705
12,64,devtest,tur_Latn,hin_Deva,0.07391797687256119,-0.08066029255326357
12,64,devtest,tur_Latn,arb_Arab,0.06964519915048405,0.029096078209347363
12,64,devtest,tur_Latn,zho_Hans,0.12059940491353517,-0.01885349694471202
12,64,devtest,tur_Latn,jpn_Jpan,0.06576813729592648,-0.09200401752834475
12,64,devtest,tur_Latn,vie_Latn,0.04803400971323496,-0.04946404362220328
12,64,devtest,tur_Latn,ind_Latn,0.08871953414173403,0.016723269387669402
12,64,devtest,vie_Latn,eng_Latn,0.04575059307806739,0.027036550145079236
12,64,devtest,vie_Latn,deu_Latn,-0.012240596524916126,0.0912200112467563
12,64,devtest,vie_Latn,fra_Latn,0.10283788283223197,0.08414658113673579
12,64,devtest,vie_Latn,spa_Latn,0.0630980516670619,0.025733955931276913
12,64,devtest,vie_Latn,rus_Cyrl,-0.005288119024908746,0.019641204000832566
12,64,devtest,vie_Latn,hin_Deva,0.04509390989139535,-0.1093619028715411
12,64,devtest,vie_Latn,arb_Arab,0.03307756097028135,0.01565269043580379
12,64,devtest,vie_Latn,zho_Hans,0.07463328200800408,0.02233708604542039
12,64,devtest,vie_Latn,jpn_Jpan,0.010695684155512133,-0.030982599899551735
12,64,devtest,vie_Latn,tur_Latn,0.05484926837716743,-0.05336187203889125
12,64,devtest,vie_Latn,ind_Latn,0.04156610620858559,0.10911735700197804
12,64,devtest,ind_Latn,eng_Latn,-0.0016120446846615178,0.08206598532582056
12,64,devtest,ind_Latn,deu_Latn,0.013022584305450656,0.08462714597647562
12,64,devtest,ind_Latn,fra_Latn,0.08987653680456266,0.09665072082429238
12,64,devtest,ind_Latn,spa_Latn,0.020615481692264792,0.021188028335207006
12,64,devtest,ind_Latn,rus_Cyrl,-0.011110068804942419,0.04965514443203628
12,64,devtest,ind_Latn,hin_Deva,0.03659157571641061,-0.016456443221830597
12,64,devtest,ind_Latn,arb_Arab,0.04678602395756964,0.08722724504370523
12,64,devtest,ind_Latn,zho_Hans,0.02101315207398128,0.0868919696470385
12,64,devtest,ind_Latn,jpn_Jpan,0.046843566676987955,-0.020063696799669812
12,64,devtest,ind_Latn,tur_Latn,0.05461862968168239,0.016146305269534447
12,64,devtest,ind_Latn,vie_Latn,0.041989771306828606,0.10769927468427988
12,128,devtest,eng_Latn,deu_Latn,0.1161306669327145,0.12433227193831764
12,128,devtest,eng_Latn,fra_Latn,0.14566282713473583,0.13391690960908664
12,128,devtest,eng_Latn,spa_Latn,0.04278085730368456,0.061322628738034644
12,128,devtest,eng_Latn,rus_Cyrl,0.04265320982858902,0.03356686740325321
12,128,devtest,eng_Latn,hin_Deva,0.14043955186246362,-0.014359450170960079
12,128,devtest,eng_Latn,arb_Arab,0.11493809735067494,0.0982989938196514
12,128,devtest,eng_Latn,zho_Hans,-0.0007641522123749103,0.09094946698598012
12,128,devtest,eng_Latn,jpn_Jpan,-0.04717320340625919,-0.011041360355777024
12,128,devtest,eng_Latn,tur_Latn,0.09736782561893818,0.04221442069069014
12,128,devtest,eng_Latn,vie_Latn,0.11145427344453264,0.060528887577474676
12,128,devtest,eng_Latn,ind_Latn,0.06694226963391091,0.12115837075157122
12,128,devtest,deu_Latn,eng_Latn,0.040039803875646256,0.10791734778016188
12,128,devtest,deu_Latn,fra_Latn,0.07465500284393793,0.1331663657094419
12,128,devtest,deu_Latn,spa_Latn,0.027052767785232374,0.061580975941417856
12,128,devtest,deu_Latn,rus_Cyrl,-0.047930220597889116,0.062317336741372374
12,128,devtest,deu_Latn,hin_Deva,0.029699379027621403,-0.027023297128901377
12,128,devtest,deu_Latn,arb_Arab,-0.00988967040243337,0.06726796670061895
12,128,devtest,deu_Latn,zho_Hans,0.06444687659419465,0.0895190974418855
12,128,devtest,deu_Latn,jpn_Jpan,0.059554429525487555,0.024094120368501035
12,128,devtest,deu_Latn,tur_Latn,0.039063944278927835,0.04085078967642064
12,128,devtest,deu_Latn,vie_Latn,-0.019181918159485167,0.10581483946010763
12,128,devtest,deu_Latn,ind_Latn,0.016789910574806,0.1031325763734239
12,128,devtest,fra_Latn,eng_Latn,0.0911063852879596,0.1574834528621563
12,128,devtest,fra_Latn,deu_Latn,0.05166741145706372,0.1495749542617542
12,128,devtest,fra_Latn,spa_Latn,0.09588847656637862,0.11277492266993121
12,128,devtest,fra_Latn,rus_Cyrl,-0.004540222844797935,0.08181662232160512
12,128,devtest,fra_Latn,hin_Deva,-0.018177717012487982,-0.061341723780364364
12,128,devtest,fra_Latn,arb_Arab,0.05297512047612647,0.14361645824267377
12,128,devtest,fra_Latn,zho_Hans,0.031763089589767604,0.10443728316435312
12,128,devtest,fra_Latn,jpn_Jpan,0.04079812367469778,0.006320915059005598
12,128,devtest,fra_Latn,tur_Latn,0.05356685922517497,0.08580195557565758
12,128,devtest,fra_Latn,vie_Latn,0.11418655117988222,0.11982664339284327
12,128,devtest,fra_Latn,ind_Latn,0.09806084588014861,0.13250449223623395
12,128,devtest,spa_Latn,eng_Latn,-0.01719632753077016,0.03447615482399805
12,128,devtest,spa_Latn,deu_Latn,0.004552590247509514,0.056903851119200766
12,128,devtest,spa_Latn,fra_Latn,0.09127258135289822,0.09056073416991975
12,128,devtest,spa_Latn,rus_Cyrl,-0.010234176636679759,-0.0025058670425659392
12,128,devtest,spa_Latn,hin_Deva,0.013472350094479,-0.1244182069269964
12,128,devtest,spa_Latn,arb_Arab,0.08826372825753505,0.05628961395611178
12,128,devtest,spa_Latn,zho_Hans,0.03501974984865287,-0.02135259719447905
12,128,devtest,spa_Latn,jpn_Jpan,0.04212304840922331,-0.07099391458432437
12,128,devtest,spa_Latn,tur_Latn,0.04056100569925956,0.005905248753681439
12,128,devtest,spa_Latn,vie_Latn,0.0280554674813212,0.04044977283534445
12,128,devtest,spa_Latn,ind_Latn,0.00913096707591881,0.03990192579059307
12,128,devtest,rus_Cyrl,eng_Latn,0.00029008487381562036,0.03447827160100155
12,128,devtest,rus_Cyrl,deu_Latn,-0.06681938973795937,0.06552506799766633
12,128,devtest,rus_Cyrl,fra_Latn,-0.011959890271167761,0.07080206855650667
12,128,devtest,rus_Cyrl,spa_Latn,-0.039027844623421556,0.02097194770763698
12,128,devtest,rus_Cyrl,hin_Deva,0.06703491638671073,-0.089323763973625
12,128,devtest,rus_Cyrl,arb_Arab,0.06565623190779456,0.06573544677099934
12,128,devtest,rus_Cyrl,zho_Hans,0.02607481980172524,0.010073864031934405
12,128,devtest,rus_Cyrl,jpn_Jpan,0.019280360997323148,-0.03926889199511928
12,128,devtest,rus_Cyrl,tur_Latn,-0.04021208590720771,0.03873364719570899
12,128,devtest,rus_Cyrl,vie_Latn,-0.033544254345261156,0.04109426739356432
12,128,devtest,rus_Cyrl,ind_Latn,-0.015533818085912601,0.06530800634008668
12,128,devtest,hin_Deva,eng_Latn,0.046406141483356526,0.0010419506845049554
12,128,devtest,hin_Deva,deu_Latn,-0.04270045269859519,0.009141643551220137
12,128,devtest,hin_Deva,fra_Latn,-0.005635359731156344,-0.036060849232865615
12,128,devtest,hin_Deva,spa_Latn,-0.036663930278914666,-0.050203863571868595
12,128,devtest,hin_Deva,rus_Cyrl,0.057296925871743724,-0.038167457110373094
12,128,devtest,hin_Deva,arb_Arab,-0.006143363995880321,0.026864607736246972
12,128,devtest,hin_Deva,zho_Hans,0.09440043616421102,0.019968469658186674
12,128,devtest,hin_Deva,jpn_Jpan,0.09402043681306649,-0.03979509461962854
12,128,devtest,hin_Deva,tur_Latn,-0.027424577589548974,-0.007683647313198988
12,128,devtest,hin_Deva,vie_Latn,0.011521154998009705,-0.01850134473499619
12,128,devtest,hin_Deva,ind_Latn,-0.007853513514803323,0.017371400855333098
12,128,devtest,arb_Arab,eng_Latn,0.046367290689049,0.047465878398490924
12,128,devtest,arb_Arab,deu_Latn,-0.02979985118406152,0.03894549352415733
12,128,devtest,arb_Arab,fra_Latn,0.02748539082785968,0.0904879919431137
12,128,devtest,arb_Arab,spa_Latn,0.04923907238196188,0.035322131615278154
12,128,devtest,arb_Arab,rus_Cyrl,0.056460672170879495,0.016893998148550977
12,128,devtest,arb_Arab,hin_Deva,0.10692737868999634,-0.07161646859038202
12,128,devtest,arb_Arab,zho_Hans,0.06105035158041022,-0.02423871841424808
12,128,devtest,arb_Arab,jpn_Jpan,0.07692382487727256,-0.0748629214694569
12,128,devtest,arb_Arab,tur_Latn,-0.0007944136802700229,0.009323320302648097
12,128,devtest,arb_Arab,vie_Latn,0.0036152023226718824,-0.019505557156266534
12,128,devtest,arb_Arab,ind_Latn,0.04903870611429705,0.06850226197068252
12,128,devtest,zho_Hans,eng_Latn,0.0434126038478036,0.049506797891774396
12,128,devtest,zho_Hans,deu_Latn,0.13905538990312402,0.046385567145276516
12,128,devtest,zho_Hans,fra_Latn,0.10449121359811067,0.04278207940070483
12,128,devtest,zho_Hans,spa_Latn,0.1350536744440941,-0.04286344587719715
12,128,devtest,zho_Hans,rus_Cyrl,0.1394155113012777,-0.031711366464659795
12,128,devtest,zho_Hans,hin_Deva,0.16677556062737184,-0.066605351650891
12,128,devtest,zho_Hans,arb_Arab,0.13472014052410006,-0.018560873497754458
12,128,devtest,zho_Hans,jpn_Jpan,0.09908231923809432,-0.1039096351313541
12,128,devtest,zho_Hans,tur_Latn,0.15810704334780779,-0.030538668063550885
12,128,devtest,zho_Hans,vie_Latn,0.11976274490664275,0.006091251462321595
12,128,devtest,zho_Hans,ind_Latn,0.0791191024489928,0.05268819038325522
12,128,devtest,jpn_Jpan,eng_Latn,-0.10487267900276454,0.050007497811529716
12,128,devtest,jpn_Jpan,deu_Latn,0.06898116428076599,0.09125924101108263
12,128,devtest,jpn_Jpan,fra_Latn,0.07388296749643482,0.018143069994059197
12,128,devtest,jpn_Jpan,spa_Latn,0.09472840836760141,-0.004383431070722033
12,128,devtest,jpn_Jpan,rus_Cyrl,0.08885084739575558,0.0057591055765943405
12,128,devtest,jpn_Jpan,hin_Deva,0.1061800380106514,-0.04623144767809624
12,128,devtest,jpn_Jpan,arb_Arab,0.1027535268476135,0.02855052077375296
12,128,devtest,jpn_Jpan,zho_Hans,-0.026424590921696824,-0.0038875130129849733
12,128,devtest,jpn_Jpan,tur_Latn,0.06275640989206904,-0.001415720759519547
12,128,devtest,jpn_Jpan,vie_Latn,0.009576533788369144,0.011088543566082723
12,128,devtest,jpn_Jpan,ind_Latn,0.02052286302968301,0.04230285143647381
12,128,devtest,tur_Latn,eng_Latn,0.022324081449099056,0.009361276778401125
12,128,devtest,tur_Latn,deu_Latn,0.0631311719621313,0.013177072167293316
12,128,devtest,tur_Latn,fra_Latn,0.0894377345967192,0.03251874960021869
12,128,devtest,tur_Latn,spa_Latn,0.09216927751873195,-0.01969004465864708
12,128,devtest,tur_Latn,rus_Cyrl,-0.01286688931548917,-0.00949285100934698
12,128,devtest,tur_Latn,hin_Deva,0.08081213815804728,-0.09360372809738791
12,128,devtest,tur_Latn,arb_Arab,0.06105295649183405,0.013514084989333206
12,128,devtest,tur_Latn,zho_Hans,0.14081191083237574,-0.027556172218287184
12,128,devtest,tur_Latn,jpn_Jpan,0.07336687793861513,-0.099001515399798
12,128,devtest,tur_Latn,vie_Latn,0.039538702678369,-0.0330960717901581
12,128,devtest,tur_Latn,ind_Latn,0.0898537474614035,-0.0006710145320456961
12,128,devtest,vie_Latn,eng_Latn,0.0390214085283962,0.02928279002759403
12,128,devtest,vie_Latn,deu_Latn,-0.011776068765415622,0.09214117146111152
12,128,devtest,vie_Latn,fra_Latn,0.10129730891424774,0.08733181010841694
12,128,devtest,vie_Latn,spa_Latn,0.06670347382313022,0.024995130164066418
12,128,devtest,vie_Latn,rus_Cyrl,-0.004671526584695773,0.012894147302694945
12,128,devtest,vie_Latn,hin_Deva,0.06964465131767054,-0.10191540764866043
12,128,devtest,vie_Latn,arb_Arab,0.018708085983133546,0.00868557060628082
12,128,devtest,vie_Latn,zho_Hans,0.05554668998120863,0.035469973552853806
12,128,devtest,vie_Latn,jpn_Jpan,0.017390865902117178,-0.05560901338828494
12,128,devtest,vie_Latn,tur_Latn,0.056255538292484135,-0.03241639457819122
12,128,devtest,vie_Latn,ind_Latn,0.04238096124263627,0.10341481166726608
12,128,devtest,ind_Latn,eng_Latn,-0.004307265203306401,0.08554628361096901
12,128,devtest,ind_Latn,deu_Latn,0.007696928472131753,0.08784881342489981
12,128,devtest,ind_Latn,fra_Latn,0.08314529547214897,0.09475506386706195
12,128,devtest,ind_Latn,spa_Latn,0.023253757684761584,0.026915419234726606
12,128,devtest,ind_Latn,rus_Cyrl,-0.001753802109845447,0.03383203102125752
12,128,devtest,ind_Latn,hin_Deva,0.04726152026672602,-0.037368341372543024
12,128,devtest,ind_Latn,arb_Arab,0.06557715547943023,0.07909334987983309
12,128,devtest,ind_Latn,zho_Hans,0.012423109686418514,0.07604650951857526
12,128,devtest,ind_Latn,jpn_Jpan,0.023655897887751146,-0.04179621108169442
12,128,devtest,ind_Latn,tur_Latn,0.05400135903417261,0.010229385018965087
12,128,devtest,ind_Latn,vie_Latn,0.0322928232856768,0.09618080574704005
12,256,devtest,eng_Latn,deu_Latn,0.13917766788648125,0.13618349714617514
12,256,devtest,eng_Latn,fra_Latn,0.14961440535210355,0.13631288478460254
12,256,devtest,eng_Latn,spa_Latn,0.05206974567650519,0.06855037146379342
12,256,devtest,eng_Latn,rus_Cyrl,0.0475287221754231,0.0395747104344762
12,256,devtest,eng_Latn,hin_Deva,0.15811482900348234,-0.004577421699471916
12,256,devtest,eng_Latn,arb_Arab,0.11239664726047041,0.09953267877460151
12,256,devtest,eng_Latn,zho_Hans,-0.024803308219793277,0.09165998735082855
12,256,devtest,eng_Latn,jpn_Jpan,-0.024863854126743263,-0.008563260107266638
12,256,devtest,eng_Latn,tur_Latn,0.11217755029726209,0.04056439406357271
12,256,devtest,eng_Latn,vie_Latn,0.13016169595726126,0.0683359668113736
12,256,devtest,eng_Latn,ind_Latn,0.08647075469511363,0.1243755022911666
12,256,devtest,deu_Latn,eng_Latn,0.04938021842877204,0.11554950690303638
12,256,devtest,deu_Latn,fra_Latn,0.06752164255315096,0.12633825580069993
12,256,devtest,deu_Latn,spa_Latn,0.023489464007089813,0.0484986352605274
12,256,devtest,deu_Latn,rus_Cyrl,-0.05163649009091104,0.04304507027158176
12,256,devtest,deu_Latn,hin_Deva,0.03835986275457593,-0.034317922024199844
12,256,devtest,deu_Latn,arb_Arab,0.004645302609609599,0.05727168935598327
12,256,devtest,deu_Latn,zho_Hans,0.06807495823601789,0.07489935949102897
12,256,devtest,deu_Latn,jpn_Jpan,0.05971941054061666,0.006748081548872077
12,256,devtest,deu_Latn,tur_Latn,0.030494566464679275,0.04029075917375674
12,256,devtest,deu_Latn,vie_Latn,-0.021471437138668188,0.10695547444759519
12,256,devtest,deu_Latn,ind_Latn,0.021194041770260023,0.09987974987505
12,256,devtest,fra_Latn,eng_Latn,0.08053658149777664,0.15952050043878346
12,256,devtest,fra_Latn,deu_Latn,0.035368444415044886,0.14843891885148547
12,256,devtest,fra_Latn,spa_Latn,0.1015788601161699,0.0970708498127962
12,256,devtest,fra_Latn,rus_Cyrl,0.01348464299644017,0.08031549061328001
12,256,devtest,fra_Latn,hin_Deva,-0.004455971519011964,-0.0603806663167762
12,256,devtest,fra_Latn,arb_Arab,0.05746437967193655,0.13997289508690114
12,256,devtest,fra_Latn,zho_Hans,0.04107767098241369,0.08989080579724738
12,256,devtest,fra_Latn,jpn_Jpan,0.04108729423242792,0.005195157097843747
12,256,devtest,fra_Latn,tur_Latn,0.05178024541504954,0.08650857555415191
12,256,devtest,fra_Latn,vie_Latn,0.10787271197299039,0.11285858050464445
12,256,devtest,fra_Latn,ind_Latn,0.10854910059284216,0.1307132032865288
12,256,devtest,spa_Latn,eng_Latn,-0.012939030115885567,0.031155883261195262
12,256,devtest,spa_Latn,deu_Latn,-0.006378868619292742,0.04051472201704417
12,256,devtest,spa_Latn,fra_Latn,0.09983834986410713,0.07444950408057563
12,256,devtest,spa_Latn,rus_Cyrl,-0.019974238907546172,-0.010456895914546478
12,256,devtest,spa_Latn,hin_Deva,0.031934028512524436,-0.12272100017049839
12,256,devtest,spa_Latn,arb_Arab,0.08973281831453328,0.048761473336685617
12,256,devtest,spa_Latn,zho_Hans,0.05808672475051678,-0.039437060592326864
12,256,devtest,spa_Latn,jpn_Jpan,0.024997758589730232,-0.0854724681355866
12,256,devtest,spa_Latn,tur_Latn,0.027195202454054372,0.0064725253015156855
12,256,devtest,spa_Latn,vie_Latn,0.018530179477810108,0.02541473910604952
12,256,devtest,spa_Latn,ind_Latn,0.0019734772940181223,0.026446951737179918
12,256,devtest,rus_Cyrl,eng_Latn,-0.004712653313459357,0.03541244657425822
12,256,devtest,rus_Cyrl,deu_Latn,-0.0753888439814373,0.05334982363642283
12,256,devtest,rus_Cyrl,fra_Latn,-0.00077995848549819,0.06931843845318246
12,256,devtest,rus_Cyrl,spa_Latn,-0.050231394332800605,0.014333556936081794
12,256,devtest,rus_Cyrl,hin_Deva,0.07873667512952899,-0.09089710092788561
12,256,devtest,rus_Cyrl,arb_Arab,0.061481301746199354,0.06053923029894624
12,256,devtest,rus_Cyrl,zho_Hans,0.02099684023515573,0.014814315212302163
12,256,devtest,rus_Cyrl,jpn_Jpan,0.010248523277649253,-0.04459106220008118
12,256,devtest,rus_Cyrl,tur_Latn,-0.04295260800275844,0.0378693123173983
12,256,devtest,rus_Cyrl,vie_Latn,-0.04161550311110492,0.046332904079294496
12,256,devtest,rus_Cyrl,ind_Latn,-0.015892742835943063,0.060972321719869514
12,256,devtest,hin_Deva,eng_Latn,0.040391231894468055,0.016997354600052788
12,256,devtest,hin_Deva,deu_Latn,-0.054016279943736235,0.013725473723539926
12,256,devtest,hin_Deva,fra_Latn,-0.006005990690134908,-0.028627126949542298
12,256,devtest,hin_Deva,spa_Latn,-0.028005355147345878,-0.04691942524481737
12,256,devtest,hin_Deva,rus_Cyrl,0.05146119079599124,-0.03370165678958835
12,256,devtest,hin_Deva,arb_Arab,-0.007861245401184944,0.03805036012639509
12,256,devtest,hin_Deva,zho_Hans,0.08199793833750847,0.022119418113353363
12,256,devtest,hin_Deva,jpn_Jpan,0.09058463613969851,-0.038079527702233926
12,256,devtest,hin_Deva,tur_Latn,-0.040913591891836715,-0.0024877197154673674
12,256,devtest,hin_Deva,vie_Latn,0.006073158354465488,-0.010820697809589781
12,256,devtest,hin_Deva,ind_Latn,-0.010556644943950755,0.03185331982710159
12,256,devtest,arb_Arab,eng_Latn,0.034743724277747266,0.031434412151933704
12,256,devtest,arb_Arab,deu_Latn,-0.028176142067608784,0.023013669596802757
12,256,devtest,arb_Arab,fra_Latn,0.023644487680222575,0.07191852866636836
12,256,devtest,arb_Arab,spa_Latn,0.04270367476921944,0.019158884962116252
12,256,devtest,arb_Arab,rus_Cyrl,0.049954226748520375,0.00013502809027215247
12,256,devtest,arb_Arab,hin_Deva,0.12005938794004739,-0.07644867017927112
12,256,devtest,arb_Arab,zho_Hans,0.07209424441875617,-0.038861624619042634
12,256,devtest,arb_Arab,jpn_Jpan,0.06613886208791982,-0.10263033877344716
12,256,devtest,arb_Arab,tur_Latn,-0.008080255011619287,-0.001492923192436923
12,256,devtest,arb_Arab,vie_Latn,0.002003455232177547,-0.02468200098796934
12,256,devtest,arb_Arab,ind_Latn,0.04886971891097123,0.05457611059454386
12,256,devtest,zho_Hans,eng_Latn,0.024403908581369413,0.05048668302684854
12,256,devtest,zho_Hans,deu_Latn,0.15180260676999383,0.03929696793905148
12,256,devtest,zho_Hans,fra_Latn,0.12278361887969053,0.034097249531502866
12,256,devtest,zho_Hans,spa_Latn,0.16455684309911164,-0.050803973246571855
12,256,devtest,zho_Hans,rus_Cyrl,0.15453841098956622,-0.02556691997888604
12,256,devtest,zho_Hans,hin_Deva,0.1711918654517651,-0.06554476451235694
12,256,devtest,zho_Hans,arb_Arab,0.14671038362817848,-0.01241485829877214
12,256,devtest,zho_Hans,jpn_Jpan,0.10626696618939252,-0.1100716699751914
12,256,devtest,zho_Hans,tur_Latn,0.1490452357139192,-0.017483256937283184
12,256,devtest,zho_Hans,vie_Latn,0.12822855973648445,0.007483695986996939
12,256,devtest,zho_Hans,ind_Latn,0.08883848318278452,0.04202863816916914
12,256,devtest,jpn_Jpan,eng_Latn,-0.09107109777739257,0.06912449282503892
12,256,devtest,jpn_Jpan,deu_Latn,0.07401256996601259,0.08613039820676471
12,256,devtest,jpn_Jpan,fra_Latn,0.07576972056704649,0.028041120546340566
12,256,devtest,jpn_Jpan,spa_Latn,0.08148159437388272,0.0008537546884728599
12,256,devtest,jpn_Jpan,rus_Cyrl,0.09811303571591093,0.0182420771225396
12,256,devtest,jpn_Jpan,hin_Deva,0.11454069877645665,-0.03294697586006171
12,256,devtest,jpn_Jpan,arb_Arab,0.0998982940284656,0.033657417273593754
12,256,devtest,jpn_Jpan,zho_Hans,-0.02512212606290333,-0.0001092650527983838
12,256,devtest,jpn_Jpan,tur_Latn,0.06828371195440378,0.004605107527313621
12,256,devtest,jpn_Jpan,vie_Latn,0.003422188159961999,0.01741028167521498
12,256,devtest,jpn_Jpan,ind_Latn,0.010411219552718157,0.04599681768043019
12,256,devtest,tur_Latn,eng_Latn,0.027021901148371476,-0.007519037591699182
12,256,devtest,tur_Latn,deu_Latn,0.049333424481167516,0.005960499147749269
12,256,devtest,tur_Latn,fra_Latn,0.0939812258792905,0.019846548616802958
12,256,devtest,tur_Latn,spa_Latn,0.07580538017001726,-0.029627355632200182
12,256,devtest,tur_Latn,rus_Cyrl,-0.020138550361269148,-0.03086414369221492
12,256,devtest,tur_Latn,hin_Deva,0.09080264702390958,-0.10626610890671376
12,256,devtest,tur_Latn,arb_Arab,0.06379478515145318,0.0021302728164128626
12,256,devtest,tur_Latn,zho_Hans,0.12573504829890686,-0.036709576824624196
12,256,devtest,tur_Latn,jpn_Jpan,0.07481030716663946,-0.12299859886164306
12,256,devtest,tur_Latn,vie_Latn,0.03369146460695741,-0.0418895712160783
12,256,devtest,tur_Latn,ind_Latn,0.089363421115576,-0.003403264451265291
12,256,devtest,vie_Latn,eng_Latn,0.043792324244912036,0.027306339556943133
12,256,devtest,vie_Latn,deu_Latn,-0.00863094476161151,0.08933942734679601
12,256,devtest,vie_Latn,fra_Latn,0.1008677763504155,0.06976886767994835
12,256,devtest,vie_Latn,spa_Latn,0.06446239407557607,0.008285765511751413
12,256,devtest,vie_Latn,rus_Cyrl,-0.0024309979595815547,0.0064933896674493966
12,256,devtest,vie_Latn,hin_Deva,0.08208259509620945,-0.1042464464567845
12,256,devtest,vie_Latn,arb_Arab,0.028627862080259078,0.004802325870995315
12,256,devtest,vie_Latn,zho_Hans,0.060369467217791156,0.024863256171598673
12,256,devtest,vie_Latn,jpn_Jpan,0.010284067398045856,-0.07227676336806027
12,256,devtest,vie_Latn,tur_Latn,0.05374045636856448,-0.03417749249996219
12,256,devtest,vie_Latn,ind_Latn,0.046227609204626804,0.10068677410789123
12,256,devtest,ind_Latn,eng_Latn,0.0019443787773916895,0.07392652285676228
12,256,devtest,ind_Latn,deu_Latn,0.013905556466429983,0.07849566789579064
12,256,devtest,ind_Latn,fra_Latn,0.09124242187278672,0.08201088313876516
12,256,devtest,ind_Latn,spa_Latn,0.020394522871752505,0.008595414040396316
12,256,devtest,ind_Latn,rus_Cyrl,-0.0006708504820477121,0.02052159056906405
12,256,devtest,ind_Latn,hin_Deva,0.06300527371311143,-0.03354706679711769
12,256,devtest,ind_Latn,arb_Arab,0.07283947708745019,0.06759790980940879
12,256,devtest,ind_Latn,zho_Hans,0.023648463996446822,0.05459158404514073
12,256,devtest,ind_Latn,jpn_Jpan,0.0173835813345149,-0.055338003925708965
12,256,devtest,ind_Latn,tur_Latn,0.04855871111977829,0.014001307408463315
12,256,devtest,ind_Latn,vie_Latn,0.029183620316417486,0.0936960425294594
13,64,devtest,eng_Latn,deu_Latn,0.09169607565664642,0.12538902151910217
13,64,devtest,eng_Latn,fra_Latn,0.12717542837857992,0.12836405752839133
13,64,devtest,eng_Latn,spa_Latn,0.031231815660032993,0.020212316916995102
13,64,devtest,eng_Latn,rus_Cyrl,0.03997473421371164,0.009051050358482509
13,64,devtest,eng_Latn,hin_Deva,0.10731784717038698,-0.012272526809188132
13,64,devtest,eng_Latn,arb_Arab,0.10756059940899824,0.06682815854398322
13,64,devtest,eng_Latn,zho_Hans,-0.016430833218555214,0.07016420158658271
13,64,devtest,eng_Latn,jpn_Jpan,-0.039443309669517874,0.013926410533300702
13,64,devtest,eng_Latn,tur_Latn,0.09041572378208357,0.05157104833251046
13,64,devtest,eng_Latn,vie_Latn,0.11361015399999064,0.036519285817284634
13,64,devtest,eng_Latn,ind_Latn,0.06398741111525275,0.10059715882704191
13,64,devtest,deu_Latn,eng_Latn,0.025115673140651676,0.09388148523506827
13,64,devtest,deu_Latn,fra_Latn,0.05297010845577142,0.11058620948653147
13,64,devtest,deu_Latn,spa_Latn,0.03903300544833836,0.04349828790562582
13,64,devtest,deu_Latn,rus_Cyrl,-0.04686609407898094,0.045129088509822474
13,64,devtest,deu_Latn,hin_Deva,0.03013518518325833,-0.02301838402937879
13,64,devtest,deu_Latn,arb_Arab,-0.010949133204659199,0.04547364818087027
13,64,devtest,deu_Latn,zho_Hans,0.05852046224525257,0.06517670747232313
13,64,devtest,deu_Latn,jpn_Jpan,0.04030378049500202,0.016885407339499028
13,64,devtest,deu_Latn,tur_Latn,0.03589478536779328,0.038145174118384355
13,64,devtest,deu_Latn,vie_Latn,-0.026848672781319513,0.0846201443110362
13,64,devtest,deu_Latn,ind_Latn,0.0302382455513236,0.07690791108965724
13,64,devtest,fra_Latn,eng_Latn,0.09097577852584345,0.14930796983859185
13,64,devtest,fra_Latn,deu_Latn,0.031272290107141436,0.13999757879660793
13,64,devtest,fra_Latn,spa_Latn,0.09588891083409155,0.09820418111037978
13,64,devtest,fra_Latn,rus_Cyrl,-0.012162979131885052,0.08254253656012299
13,64,devtest,fra_Latn,hin_Deva,-0.00934397339019431,-0.04734867199711027
13,64,devtest,fra_Latn,arb_Arab,0.04941273338132546,0.13600752638615654
13,64,devtest,fra_Latn,zho_Hans,0.02442405754213416,0.09863719709507628
13,64,devtest,fra_Latn,jpn_Jpan,0.03342211490791031,0.018547893821334226
13,64,devtest,fra_Latn,tur_Latn,0.06973806694188986,0.09379800106674252
13,64,devtest,fra_Latn,vie_Latn,0.12574045029074485,0.11970828726485289
13,64,devtest,fra_Latn,ind_Latn,0.11912822632238079,0.12488822140006038
13,64,devtest,spa_Latn,eng_Latn,-0.01765366699781891,-0.0029712751370678725
13,64,devtest,spa_Latn,deu_Latn,0.002691172320283043,0.057969827209815555
13,64,devtest,spa_Latn,fra_Latn,0.08679009897107043,0.08514413495834837
13,64,devtest,spa_Latn,rus_Cyrl,-0.012005051261685959,0.00423612745686832
13,64,devtest,spa_Latn,hin_Deva,0.013185236780862461,-0.10449529700557603
13,64,devtest,spa_Latn,arb_Arab,0.0742282752602382,0.05035444983190333
13,64,devtest,spa_Latn,zho_Hans,0.05342362580228144,-0.036442047106481155
13,64,devtest,spa_Latn,jpn_Jpan,0.04562555662673735,-0.024973976126847965
13,64,devtest,spa_Latn,tur_Latn,0.04377952466458936,0.006928019739253557
13,64,devtest,spa_Latn,vie_Latn,0.02958181035353325,0.03794685957152313
13,64,devtest,spa_Latn,ind_Latn,0.005862892150946982,0.028073619379125916
13,64,devtest,rus_Cyrl,eng_Latn,0.008300015604446058,0.006224608308373125
13,64,devtest,rus_Cyrl,deu_Latn,-0.06947927182075492,0.06715659281994277
13,64,devtest,rus_Cyrl,fra_Latn,-0.010983703252772972,0.0692152061942439
13,64,devtest,rus_Cyrl,spa_Latn,-0.034369229017782776,0.019541463623362582
13,64,devtest,rus_Cyrl,hin_Deva,0.07770958390368332,-0.0739830252790704
13,64,devtest,rus_Cyrl,arb_Arab,0.05218251049692903,0.056487559694845944
13,64,devtest,rus_Cyrl,zho_Hans,0.031920520082810024,-0.0050534034951462605
13,64,devtest,rus_Cyrl,jpn_Jpan,0.04800346303614187,0.0010892525712647132
13,64,devtest,rus_Cyrl,tur_Latn,-0.02119897499881639,0.052468185117683676
13,64,devtest,rus_Cyrl,vie_Latn,-0.028129387330661282,0.04226741734441396
13,64,devtest,rus_Cyrl,ind_Latn,-0.022264658729436653,0.0712057471952014
13,64,devtest,hin_Deva,eng_Latn,0.048184248280173404,-0.04408390992056111
13,64,devtest,hin_Deva,deu_Latn,-0.02426525603414834,-0.01552283816558564
13,64,devtest,hin_Deva,fra_Latn,0.005993642499895595,-0.0643311805307622
13,64,devtest,hin_Deva,spa_Latn,-0.015267788119651016,-0.08732786592912177
13,64,devtest,hin_Deva,rus_Cyrl,0.06769329379960994,-0.08123638825765057
13,64,devtest,hin_Deva,arb_Arab,0.009245077063372173,-0.021740889423733575
13,64,devtest,hin_Deva,zho_Hans,0.10496602670008712,-0.010718223606682033
13,64,devtest,hin_Deva,jpn_Jpan,0.07698191216988459,-0.0494668124699424
13,64,devtest,hin_Deva,tur_Latn,-0.02395947533248594,-0.03893274176075783
13,64,devtest,hin_Deva,vie_Latn,0.0022905362486533676,-0.049468551247609155
13,64,devtest,hin_Deva,ind_Latn,0.005835887833387254,-0.0006481381683470297
13,64,devtest,arb_Arab,eng_Latn,0.0533413436975342,0.03162596501296619
13,64,devtest,arb_Arab,deu_Latn,-0.025009842420233824,0.043386473269474236
13,64,devtest,arb_Arab,fra_Latn,0.018637725308716893,0.09255106399483774
13,64,devtest,arb_Arab,spa_Latn,0.050285282577837494,0.03744217880813142
13,64,devtest,arb_Arab,rus_Cyrl,0.04046709443941173,0.02026066302384663
13,64,devtest,arb_Arab,hin_Deva,0.0887013185125298,-0.06526362708005072
13,64,devtest,arb_Arab,zho_Hans,0.07222582974399296,-0.0369362864182491
13,64,devtest,arb_Arab,jpn_Jpan,0.07015833543073448,-0.05084118172022587
13,64,devtest,arb_Arab,tur_Latn,0.020882800437610222,0.017940951622800065
13,64,devtest,arb_Arab,vie_Latn,0.007356834571858759,-0.0009541371448105968
13,64,devtest,arb_Arab,ind_Latn,0.02504197617740863,0.08299305762679562
13,64,devtest,zho_Hans,eng_Latn,0.028227982048538713,0.029498962690954145
13,64,devtest,zho_Hans,deu_Latn,0.11788730203689128,0.0375029157999345
13,64,devtest,zho_Hans,fra_Latn,0.08365111818010351,0.03426186765928568
13,64,devtest,zho_Hans,spa_Latn,0.13378654051311412,-0.06413364321872854
13,64,devtest,zho_Hans,rus_Cyrl,0.13289464983198537,-0.041542807376669585
13,64,devtest,zho_Hans,hin_Deva,0.14799033634139871,-0.04545752234048753
13,64,devtest,zho_Hans,arb_Arab,0.14033634855907248,-0.04392384208568171
13,64,devtest,zho_Hans,jpn_Jpan,0.08019576250171859,-0.08724351861154499
13,64,devtest,zho_Hans,tur_Latn,0.11828220286563532,-0.023171691364323958
13,64,devtest,zho_Hans,vie_Latn,0.12740339443490356,-0.022348196745063845
13,64,devtest,zho_Hans,ind_Latn,0.09250396986122418,0.038809009525829254
13,64,devtest,jpn_Jpan,eng_Latn,-0.09215182355399085,0.04433153433664267
13,64,devtest,jpn_Jpan,deu_Latn,0.04263581053391731,0.07503276445069959
13,64,devtest,jpn_Jpan,fra_Latn,0.058687866977574006,0.008225977559022405
13,64,devtest,jpn_Jpan,spa_Latn,0.07381111990380272,0.004588615192566008
13,64,devtest,jpn_Jpan,rus_Cyrl,0.08971398841714268,0.016535950799171396
13,64,devtest,jpn_Jpan,hin_Deva,0.06515306061866709,-0.02338694408664805
13,64,devtest,jpn_Jpan,arb_Arab,0.08391631565081946,0.01682411173310015
13,64,devtest,jpn_Jpan,zho_Hans,-0.02181293441060113,-0.021566508234927124
13,64,devtest,jpn_Jpan,tur_Latn,0.04089359333537889,-0.017965712388838075
13,64,devtest,jpn_Jpan,vie_Latn,-0.0020418141214269265,0.008156524132508789
13,64,devtest,jpn_Jpan,ind_Latn,0.034576665979560536,0.0461554579615591
13,64,devtest,tur_Latn,eng_Latn,0.025185340252920605,0.01371970047503392
13,64,devtest,tur_Latn,deu_Latn,0.045809424408543464,0.022403634330593815
13,64,devtest,tur_Latn,fra_Latn,0.10461766123179717,0.04967510311848164
13,64,devtest,tur_Latn,spa_Latn,0.10728065403945121,-0.033767002557938464
13,64,devtest,tur_Latn,rus_Cyrl,-0.003087219532422636,-0.005045979076408948
13,64,devtest,tur_Latn,hin_Deva,0.05344247609006356,-0.10163366329025716
13,64,devtest,tur_Latn,arb_Arab,0.07682179738353491,0.005933580435188356
13,64,devtest,tur_Latn,zho_Hans,0.11091458667927233,-0.033181851936450873
13,64,devtest,tur_Latn,jpn_Jpan,0.07644293001580478,-0.09905458828329908
13,64,devtest,tur_Latn,vie_Latn,0.02752410814677987,-0.043679796424350686
13,64,devtest,tur_Latn,ind_Latn,0.08679884514502853,0.007183998458490334
13,64,devtest,vie_Latn,eng_Latn,0.05256424341048879,0.012848934240556057
13,64,devtest,vie_Latn,deu_Latn,-0.011317874896396626,0.09356179474117274
13,64,devtest,vie_Latn,fra_Latn,0.11150382244234591,0.08929624509173152
13,64,devtest,vie_Latn,spa_Latn,0.059779971624289746,0.027396753919084908
13,64,devtest,vie_Latn,rus_Cyrl,-0.0022471861654515166,0.0212916289186085
13,64,devtest,vie_Latn,hin_Deva,0.04880798586083974,-0.07813629927420986
13,64,devtest,vie_Latn,arb_Arab,0.01803649285347337,0.01991912543010578
13,64,devtest,vie_Latn,zho_Hans,0.0633429604032337,0.009777763076537972
13,64,devtest,vie_Latn,jpn_Jpan,0.003581491927825151,-0.024236846618890653
13,64,devtest,vie_Latn,tur_Latn,0.034741419574031845,-0.02022155062624652
13,64,devtest,vie_Latn,ind_Latn,0.04179243070485912,0.1052302592524552
13,64,devtest,ind_Latn,eng_Latn,0.003757016511073462,0.07463932064600022
13,64,devtest,ind_Latn,deu_Latn,0.011519807829988139,0.08793336896643003
13,64,devtest,ind_Latn,fra_Latn,0.11057921145234968,0.10071805676830756
13,64,devtest,ind_Latn,spa_Latn,0.026345826342281876,0.023134429849557884
13,64,devtest,ind_Latn,rus_Cyrl,-0.009425838932218466,0.057010921938386167
13,64,devtest,ind_Latn,hin_Deva,0.036800894293250154,-0.005815296926089398
13,64,devtest,ind_Latn,arb_Arab,0.04008260435083276,0.09186465806623735
13,64,devtest,ind_Latn,zho_Hans,0.021195651520486854,0.07406722420481635
13,64,devtest,ind_Latn,jpn_Jpan,0.036965059329011604,0.0033076565195548327
13,64,devtest,ind_Latn,tur_Latn,0.0492486685979982,0.029465013358125944
13,64,devtest,ind_Latn,vie_Latn,0.033003721902981724,0.10648923103774689
13,128,devtest,eng_Latn,deu_Latn,0.10248736609106296,0.11810210897087967
13,128,devtest,eng_Latn,fra_Latn,0.14356076456009909,0.130990613898109
13,128,devtest,eng_Latn,spa_Latn,0.046089336123001146,0.03826432175740605
13,128,devtest,eng_Latn,rus_Cyrl,0.03697368412652235,0.019109653978752687
13,128,devtest,eng_Latn,hin_Deva,0.1323782549409264,0.003350735786927439
13,128,devtest,eng_Latn,arb_Arab,0.1096362083558499,0.07887560897730746
13,128,devtest,eng_Latn,zho_Hans,-0.00974415824836266,0.08303087112980742
13,128,devtest,eng_Latn,jpn_Jpan,-0.0403650634684144,0.0020214388210619922
13,128,devtest,eng_Latn,tur_Latn,0.09897830006620176,0.05628692868231799
13,128,devtest,eng_Latn,vie_Latn,0.12466375505475821,0.04855505368386707
13,128,devtest,eng_Latn,ind_Latn,0.07682571939913307,0.09816936541144516
13,128,devtest,deu_Latn,eng_Latn,0.024398992887820995,0.08139728253316614
13,128,devtest,deu_Latn,fra_Latn,0.06612738346357895,0.10973300331576295
13,128,devtest,deu_Latn,spa_Latn,0.03614252370030399,0.03862383922696343
13,128,devtest,deu_Latn,rus_Cyrl,-0.03870575671376682,0.03890680904060693
13,128,devtest,deu_Latn,hin_Deva,0.03329625604129781,-0.03443965213439802
13,128,devtest,deu_Latn,arb_Arab,-0.0204991372609428,0.040939636859033374
13,128,devtest,deu_Latn,zho_Hans,0.06248563137187973,0.05435393050738378
13,128,devtest,deu_Latn,jpn_Jpan,0.042931793283652195,0.005822667451495839
13,128,devtest,deu_Latn,tur_Latn,0.05337023040164583,0.03176380671533579
13,128,devtest,deu_Latn,vie_Latn,-0.023265178711977853,0.09449892267435185
13,128,devtest,deu_Latn,ind_Latn,0.027369207048439065,0.08796810592289571
13,128,devtest,fra_Latn,eng_Latn,0.10123749856368716,0.14920080221179843
13,128,devtest,fra_Latn,deu_Latn,0.03887149200510076,0.14380910401205374
13,128,devtest,fra_Latn,spa_Latn,0.10072520559724532,0.09349260666848483
13,128,devtest,fra_Latn,rus_Cyrl,0.0043409549261579925,0.06550938751972864
13,128,devtest,fra_Latn,hin_Deva,0.004885130468295004,-0.048673703749848654
13,128,devtest,fra_Latn,arb_Arab,0.05997712999566914,0.13076313348788746
13,128,devtest,fra_Latn,zho_Hans,0.04937613315565674,0.08528270498982334
13,128,devtest,fra_Latn,jpn_Jpan,0.04158922915218956,0.006361470969222001
13,128,devtest,fra_Latn,tur_Latn,0.06483060375009153,0.0888400416920238
13,128,devtest,fra_Latn,vie_Latn,0.11472597089914695,0.11957600722707351
13,128,devtest,fra_Latn,ind_Latn,0.10572237736570693,0.12524102428698425
13,128,devtest,spa_Latn,eng_Latn,-0.008031035500621073,0.00789162797671093
13,128,devtest,spa_Latn,deu_Latn,0.003302851871320448,0.057633728807731835
13,128,devtest,spa_Latn,fra_Latn,0.09166570364759989,0.0775400918247651
13,128,devtest,spa_Latn,rus_Cyrl,-0.004044205956788103,0.003033305255320324
13,128,devtest,spa_Latn,hin_Deva,0.020176710821424526,-0.1038140082970689
13,128,devtest,spa_Latn,arb_Arab,0.07712247438643295,0.057221473884250904
13,128,devtest,spa_Latn,zho_Hans,0.06028766063083422,-0.03311455669852198
13,128,devtest,spa_Latn,jpn_Jpan,0.050186882028912846,-0.041410862748922916
13,128,devtest,spa_Latn,tur_Latn,0.045068148067525994,0.016681164483833777
13,128,devtest,spa_Latn,vie_Latn,0.026804059925403502,0.040678057792880654
13,128,devtest,spa_Latn,ind_Latn,0.015547214501682264,0.03507294040873131
13,128,devtest,rus_Cyrl,eng_Latn,0.005595216004471988,0.015205522594008496
13,128,devtest,rus_Cyrl,deu_Latn,-0.06519494707109603,0.06365570594796303
13,128,devtest,rus_Cyrl,fra_Latn,0.002031334383748615,0.051442329210557546
13,128,devtest,rus_Cyrl,spa_Latn,-0.033042628915880064,0.0200245945251665
13,128,devtest,rus_Cyrl,hin_Deva,0.08556689719827612,-0.0643489661884704
13,128,devtest,rus_Cyrl,arb_Arab,0.0544399457127919,0.05745149109072308
13,128,devtest,rus_Cyrl,zho_Hans,0.02772951527644088,-0.004455676963713858
13,128,devtest,rus_Cyrl,jpn_Jpan,0.02964683271362656,-0.022598774773317704
13,128,devtest,rus_Cyrl,tur_Latn,-0.018132846203014353,0.048731902587495234
13,128,devtest,rus_Cyrl,vie_Latn,-0.04102864394371408,0.031248510097352862
13,128,devtest,rus_Cyrl,ind_Latn,-0.014730978984418561,0.056811520193572655
13,128,devtest,hin_Deva,eng_Latn,0.05695056459006713,-0.030044958870863833
13,128,devtest,hin_Deva,deu_Latn,-0.03859467010941964,-0.011362854788240817
13,128,devtest,hin_Deva,fra_Latn,0.004691426555773953,-0.06124260069056413
13,128,devtest,hin_Deva,spa_Latn,-0.02389276584505881,-0.08844199255320005
13,128,devtest,hin_Deva,rus_Cyrl,0.0674416182990834,-0.06658058982533767
13,128,devtest,hin_Deva,arb_Arab,-0.0010392805203138953,-0.006114458348208815
13,128,devtest,hin_Deva,zho_Hans,0.10518626244971732,-0.004057804226847058
13,128,devtest,hin_Deva,jpn_Jpan,0.07892519732107506,-0.05994327562876069
13,128,devtest,hin_Deva,tur_Latn,-0.02831894916425503,-0.02771258258375812
13,128,devtest,hin_Deva,vie_Latn,0.003050943431543987,-0.04468852937794512
13,128,devtest,hin_Deva,ind_Latn,0.0015727520648048771,-0.0046365070661222195
13,128,devtest,arb_Arab,eng_Latn,0.053268607940949696,0.030097189647827063
13,128,devtest,arb_Arab,deu_Latn,-0.035714357727722953,0.03569958945603464
13,128,devtest,arb_Arab,fra_Latn,0.026425622092416435,0.07654350184089011
13,128,devtest,arb_Arab,spa_Latn,0.0442278163312228,0.03538903007428625
13,128,devtest,arb_Arab,rus_Cyrl,0.04470568306866516,0.013202497013383531
13,128,devtest,arb_Arab,hin_Deva,0.10070750565986152,-0.06271721069730743
13,128,devtest,arb_Arab,zho_Hans,0.05897892912649452,-0.02945690386673932
13,128,devtest,arb_Arab,jpn_Jpan,0.06645630152172054,-0.05723118470489288
13,128,devtest,arb_Arab,tur_Latn,0.004827092924594644,0.01655793067051807
13,128,devtest,arb_Arab,vie_Latn,-0.012785551975178564,-0.020920980432390976
13,128,devtest,arb_Arab,ind_Latn,0.028478411102380724,0.08184126529404674
13,128,devtest,zho_Hans,eng_Latn,0.03509701882841091,0.04052545547525133
13,128,devtest,zho_Hans,deu_Latn,0.12525911806474013,0.04152951842397185
13,128,devtest,zho_Hans,fra_Latn,0.10902383474878363,0.028400161905196442
13,128,devtest,zho_Hans,spa_Latn,0.14606647612798093,-0.05623312308543226
13,128,devtest,zho_Hans,rus_Cyrl,0.14131352578595005,-0.03875666101574954
13,128,devtest,zho_Hans,hin_Deva,0.15848380014687385,-0.04168104733485381
13,128,devtest,zho_Hans,arb_Arab,0.1333009248538177,-0.026351856219967048
13,128,devtest,zho_Hans,jpn_Jpan,0.08806981038989875,-0.08720696183201081
13,128,devtest,zho_Hans,tur_Latn,0.13368930271767615,-0.011833439901903093
13,128,devtest,zho_Hans,vie_Latn,0.12686926064072288,0.0005304649824562164
13,128,devtest,zho_Hans,ind_Latn,0.0783562739828178,0.03901630466648198
13,128,devtest,jpn_Jpan,eng_Latn,-0.09707735550302302,0.04075352231405682
13,128,devtest,jpn_Jpan,deu_Latn,0.05084253916724699,0.0818976799563478
13,128,devtest,jpn_Jpan,fra_Latn,0.05992845880872647,0.014093002218435485
13,128,devtest,jpn_Jpan,spa_Latn,0.08628799345676766,0.00802472553099124
13,128,devtest,jpn_Jpan,rus_Cyrl,0.08552240171236415,0.01075919298143227
13,128,devtest,jpn_Jpan,hin_Deva,0.08976341509695449,-0.016807110428455344
13,128,devtest,jpn_Jpan,arb_Arab,0.08570784238278367,0.029590413834612805
13,128,devtest,jpn_Jpan,zho_Hans,-0.023627487139803456,-0.0073998066386922415
13,128,devtest,jpn_Jpan,tur_Latn,0.055811921401117334,-0.007362332694918204
13,128,devtest,jpn_Jpan,vie_Latn,0.003208598133194838,0.026898994004313066
13,128,devtest,jpn_Jpan,ind_Latn,0.028550025545265093,0.057313680726351214
13,128,devtest,tur_Latn,eng_Latn,0.024306733336791404,-0.005629618063780508
13,128,devtest,tur_Latn,deu_Latn,0.06724707462960104,0.003520378649369585
13,128,devtest,tur_Latn,fra_Latn,0.10125495520007204,0.018530942777381626
13,128,devtest,tur_Latn,spa_Latn,0.10186702776985215,-0.03205997093430629
13,128,devtest,tur_Latn,rus_Cyrl,-0.0009037869845121567,-0.030079367871185467
13,128,devtest,tur_Latn,hin_Deva,0.07070857950248155,-0.10455047407422263
13,128,devtest,tur_Latn,arb_Arab,0.0601672183835308,-0.0028497234606509833
13,128,devtest,tur_Latn,zho_Hans,0.12407040855978456,-0.045105761907632796
13,128,devtest,tur_Latn,jpn_Jpan,0.08189955390872342,-0.12440873305723965
13,128,devtest,tur_Latn,vie_Latn,0.025981603228098296,-0.04167697270929673
13,128,devtest,tur_Latn,ind_Latn,0.09473407120139932,-0.000532628133541026
13,128,devtest,vie_Latn,eng_Latn,0.05296281306636409,0.016214519085326708
13,128,devtest,vie_Latn,deu_Latn,-0.00821641073548198,0.10611987874248509
13,128,devtest,vie_Latn,fra_Latn,0.1015624912841252,0.08580414009578148
13,128,devtest,vie_Latn,spa_Latn,0.062058543867123256,0.027140400854165105
13,128,devtest,vie_Latn,rus_Cyrl,-0.005949102786257721,0.008077628998215684
13,128,devtest,vie_Latn,hin_Deva,0.06292022525184086,-0.0761471558066828
13,128,devtest,vie_Latn,arb_Arab,0.006336768884873554,0.007453040695555868
13,128,devtest,vie_Latn,zho_Hans,0.05967724051907136,0.021036364138645847
13,128,devtest,vie_Latn,jpn_Jpan,0.009143841734144058,-0.026968631680394126
13,128,devtest,vie_Latn,tur_Latn,0.036793750601306706,-0.009184509075780141
13,128,devtest,vie_Latn,ind_Latn,0.0483423276310893,0.10488685330968692
13,128,devtest,ind_Latn,eng_Latn,0.021291803848173075,0.06444292063144809
13,128,devtest,ind_Latn,deu_Latn,0.007072827681552275,0.09819988223935511
13,128,devtest,ind_Latn,fra_Latn,0.0950489180942771,0.09457203340220897
13,128,devtest,ind_Latn,spa_Latn,0.03189173467368095,0.02637831079285601
13,128,devtest,ind_Latn,rus_Cyrl,0.00553169410423023,0.034564395589001005
13,128,devtest,ind_Latn,hin_Deva,0.04240257017146421,-0.01145198476673592
13,128,devtest,ind_Latn,arb_Arab,0.05245315430582593,0.09084058941888888
13,128,devtest,ind_Latn,zho_Hans,0.012694444750441793,0.06887674008027227
13,128,devtest,ind_Latn,jpn_Jpan,0.02625196528132913,-0.0020967716555779278
13,128,devtest,ind_Latn,tur_Latn,0.05221577814600788,0.03845337870490488
13,128,devtest,ind_Latn,vie_Latn,0.030120745002867867,0.10260722816008627
13,256,devtest,eng_Latn,deu_Latn,0.12673887663369066,0.12100999118205985
13,256,devtest,eng_Latn,fra_Latn,0.1481663665595158,0.12488245866122734
13,256,devtest,eng_Latn,spa_Latn,0.047150681867967566,0.04127147616801119
13,256,devtest,eng_Latn,rus_Cyrl,0.04863280117207779,0.021886889616188485
13,256,devtest,eng_Latn,hin_Deva,0.14144193644877318,0.009866459012563951
13,256,devtest,eng_Latn,arb_Arab,0.11055466227549138,0.08300439672011932
13,256,devtest,eng_Latn,zho_Hans,-0.017845131833798718,0.07276559640022791
13,256,devtest,eng_Latn,jpn_Jpan,-0.0316180732706946,-0.006649135824231042
13,256,devtest,eng_Latn,tur_Latn,0.11587038438571015,0.06061009883892519
13,256,devtest,eng_Latn,vie_Latn,0.13575091085091168,0.049877749585528534
13,256,devtest,eng_Latn,ind_Latn,0.08042746719899631,0.09930787104745187
13,256,devtest,deu_Latn,eng_Latn,0.039012817294950534,0.07847786721822354
13,256,devtest,deu_Latn,fra_Latn,0.058368450215554264,0.09339372680093727
13,256,devtest,deu_Latn,spa_Latn,0.03492605470713963,0.027706902513898263
13,256,devtest,deu_Latn,rus_Cyrl,-0.043985741043929466,0.012036482338240976
13,256,devtest,deu_Latn,hin_Deva,0.04443201800130427,-0.04238931666962146
13,256,devtest,deu_Latn,arb_Arab,-0.006621693173223642,0.03490140180330836
13,256,devtest,deu_Latn,zho_Hans,0.06506180970909844,0.043572393391888016
13,256,devtest,deu_Latn,jpn_Jpan,0.045915485595163195,-0.0043645761971749025
13,256,devtest,deu_Latn,tur_Latn,0.044564604540585806,0.024188469582684634
13,256,devtest,deu_Latn,vie_Latn,-0.024890406376370827,0.07874482853835153
13,256,devtest,deu_Latn,ind_Latn,0.036701344212742466,0.07130901423601137
13,256,devtest,fra_Latn,eng_Latn,0.09696490328251887,0.14355859166800594
13,256,devtest,fra_Latn,deu_Latn,0.025794841202263514,0.13359188326132895
13,256,devtest,fra_Latn,spa_Latn,0.10446204452571199,0.07828416723760694
13,256,devtest,fra_Latn,rus_Cyrl,0.0010573820375384595,0.057118933976753564
13,256,devtest,fra_Latn,hin_Deva,0.018636446780215657,-0.04301861627119208
13,256,devtest,fra_Latn,arb_Arab,0.05148529906537025,0.1317533988094581
13,256,devtest,fra_Latn,zho_Hans,0.05631018693269577,0.07772481356527679
13,256,devtest,fra_Latn,jpn_Jpan,0.03843608272410127,-0.0006465266328172926
13,256,devtest,fra_Latn,tur_Latn,0.061347959470118035,0.08948576192652555
13,256,devtest,fra_Latn,vie_Latn,0.10671475146669802,0.10424544675445398
13,256,devtest,fra_Latn,ind_Latn,0.11005253707410127,0.12071746114326813
13,256,devtest,spa_Latn,eng_Latn,-0.013890430751307041,0.005508675657331557
13,256,devtest,spa_Latn,deu_Latn,-0.005417119425537601,0.04788820094500702
13,256,devtest,spa_Latn,fra_Latn,0.09896906170751654,0.060368589009535595
13,256,devtest,spa_Latn,rus_Cyrl,-0.019103364508777147,-0.011684236796595613
13,256,devtest,spa_Latn,hin_Deva,0.033281264100888185,-0.09465072090260152
13,256,devtest,spa_Latn,arb_Arab,0.0821617483413285,0.043981102248583905
13,256,devtest,spa_Latn,zho_Hans,0.07317508275377156,-0.0416215193695606
13,256,devtest,spa_Latn,jpn_Jpan,0.04469968283888037,-0.05969662389193523
13,256,devtest,spa_Latn,tur_Latn,0.02922261445397977,0.01968327665104981
13,256,devtest,spa_Latn,vie_Latn,0.020613294010154593,0.02122255189421697
13,256,devtest,spa_Latn,ind_Latn,0.014079945568573643,0.02177087424841354
13,256,devtest,rus_Cyrl,eng_Latn,0.008990373258025224,0.015813113813165667
13,256,devtest,rus_Cyrl,deu_Latn,-0.0739501003716788,0.04591726120047426
13,256,devtest,rus_Cyrl,fra_Latn,-0.0035794932738978796,0.043823683132313454
13,256,devtest,rus_Cyrl,spa_Latn,-0.05361148395128434,0.011732810994802119
13,256,devtest,rus_Cyrl,hin_Deva,0.09528309752637322,-0.06672133160954868
13,256,devtest,rus_Cyrl,arb_Arab,0.05247750482031734,0.054460054127219173
13,256,devtest,rus_Cyrl,zho_Hans,0.02169372292340746,-0.0024411658483142864
13,256,devtest,rus_Cyrl,jpn_Jpan,0.023567735218837288,-0.03839916658417611
13,256,devtest,rus_Cyrl,tur_Latn,-0.027439719912279746,0.048536582843971936
13,256,devtest,rus_Cyrl,vie_Latn,-0.04219755160071558,0.029847412888056413
13,256,devtest,rus_Cyrl,ind_Latn,-0.01870398816833106,0.05871345144432012
13,256,devtest,hin_Deva,eng_Latn,0.04188475013531066,-0.028437415031430106
13,256,devtest,hin_Deva,deu_Latn,-0.04336814269541221,-0.00904778278759989
13,256,devtest,hin_Deva,fra_Latn,0.004204723766369598,-0.054591228321533146
13,256,devtest,hin_Deva,spa_Latn,-0.022210476921905857,-0.08299794104776684
13,256,devtest,hin_Deva,rus_Cyrl,0.06654086847553546,-0.06845571893997507
13,256,devtest,hin_Deva,arb_Arab,-0.016443780603554132,-0.002880524478340646
13,256,devtest,hin_Deva,zho_Hans,0.09800268294986919,-0.006278142802983993
13,256,devtest,hin_Deva,jpn_Jpan,0.0837038648309468,-0.062394105359586303
13,256,devtest,hin_Deva,tur_Latn,-0.03926963444707855,-0.028399340178743526
13,256,devtest,hin_Deva,vie_Latn,-0.0007322430962467203,-0.03828589261152255
13,256,devtest,hin_Deva,ind_Latn,-0.00432687439543204,-0.0034186052205057446
13,256,devtest,arb_Arab,eng_Latn,0.04710337260901482,0.020749033697691207
13,256,devtest,arb_Arab,deu_Latn,-0.030767004034984904,0.02582506542860696
13,256,devtest,arb_Arab,fra_Latn,0.008045080777696202,0.0690381679338139
13,256,devtest,arb_Arab,spa_Latn,0.0389983807672735,0.017127817640876602
13,256,devtest,arb_Arab,rus_Cyrl,0.03643111285128901,0.0015225411521730368
13,256,devtest,arb_Arab,hin_Deva,0.10162106382114812,-0.06964953685632547
13,256,devtest,arb_Arab,zho_Hans,0.06845846239517792,-0.04471357077546944
13,256,devtest,arb_Arab,jpn_Jpan,0.06790101858009429,-0.08293279748816358
13,256,devtest,arb_Arab,tur_Latn,-0.002508185410113041,0.012150325731883188
13,256,devtest,arb_Arab,vie_Latn,-0.0063127484725138735,-0.027283243707201033
13,256,devtest,arb_Arab,ind_Latn,0.02988355761749893,0.06631406368212159
13,256,devtest,zho_Hans,eng_Latn,0.03327400877804084,0.03063465231856954
13,256,devtest,zho_Hans,deu_Latn,0.13365313831436032,0.03985711891949033
13,256,devtest,zho_Hans,fra_Latn,0.12962993016292473,0.02796927640091385
13,256,devtest,zho_Hans,spa_Latn,0.16145823582101174,-0.05568408601016716
13,256,devtest,zho_Hans,rus_Cyrl,0.15361282151580113,-0.0332954190644309
13,256,devtest,zho_Hans,hin_Deva,0.15905944775616412,-0.0430447776364786
13,256,devtest,zho_Hans,arb_Arab,0.1449210083035652,-0.020663094935898674
13,256,devtest,zho_Hans,jpn_Jpan,0.09787881577274121,-0.1017659048192976
13,256,devtest,zho_Hans,tur_Latn,0.1374312162813503,-0.0001904931664797253
13,256,devtest,zho_Hans,vie_Latn,0.13160407597633986,0.006762994288446378
13,256,devtest,zho_Hans,ind_Latn,0.08444027778380102,0.04085465082235605
13,256,devtest,jpn_Jpan,eng_Latn,-0.0943372714235594,0.04487543116438476
13,256,devtest,jpn_Jpan,deu_Latn,0.05666997709256752,0.09070624817751118
13,256,devtest,jpn_Jpan,fra_Latn,0.06131468384792651,0.016339191739988438
13,256,devtest,jpn_Jpan,spa_Latn,0.08011274575420507,0.002915154569022219
13,256,devtest,jpn_Jpan,rus_Cyrl,0.09010530699527303,0.010959093656351362
13,256,devtest,jpn_Jpan,hin_Deva,0.10432182394015631,-0.009851612788816725
13,256,devtest,jpn_Jpan,arb_Arab,0.0926552243720273,0.033321849189735506
13,256,devtest,jpn_Jpan,zho_Hans,-0.02191265419543853,-0.013834865159392648
13,256,devtest,jpn_Jpan,tur_Latn,0.06205806659533184,0.003446975808126728
13,256,devtest,jpn_Jpan,vie_Latn,-0.003952955613032544,0.025336482725760293
13,256,devtest,jpn_Jpan,ind_Latn,0.033340915390761776,0.05487923760781344
13,256,devtest,tur_Latn,eng_Latn,0.029097325302783448,-0.015694286626992123
13,256,devtest,tur_Latn,deu_Latn,0.05358339963771811,-0.0142059426622682
13,256,devtest,tur_Latn,fra_Latn,0.10401411969197523,0.0004360998304006825
13,256,devtest,tur_Latn,spa_Latn,0.08758089845006199,-0.04309438230790484
13,256,devtest,tur_Latn,rus_Cyrl,-0.01025127324315814,-0.045670777832159344
13,256,devtest,tur_Latn,hin_Deva,0.0830888456035522,-0.12360440078322117
13,256,devtest,tur_Latn,arb_Arab,0.06506466905393699,-0.01561116370385808
13,256,devtest,tur_Latn,zho_Hans,0.12688101934860083,-0.059042940669962005
13,256,devtest,tur_Latn,jpn_Jpan,0.0874388308565584,-0.14735914502156966
13,256,devtest,tur_Latn,vie_Latn,0.016280114744886453,-0.05043503422611832
13,256,devtest,tur_Latn,ind_Latn,0.08997119048148668,-0.012430708917397719
13,256,devtest,vie_Latn,eng_Latn,0.05647625963907997,0.009348023346393928
13,256,devtest,vie_Latn,deu_Latn,-0.004638729487020969,0.0917661153359739
13,256,devtest,vie_Latn,fra_Latn,0.09495972643947244,0.0682381234069811
13,256,devtest,vie_Latn,spa_Latn,0.06403694456961628,0.00677258304189042
13,256,devtest,vie_Latn,rus_Cyrl,0.0005896728205882474,0.002623634416615587
13,256,devtest,vie_Latn,hin_Deva,0.07339113480140734,-0.07276112003802307
13,256,devtest,vie_Latn,arb_Arab,0.019466885541179806,0.006745106158013815
13,256,devtest,vie_Latn,zho_Hans,0.059768288091566084,0.01793181232847448
13,256,devtest,vie_Latn,jpn_Jpan,0.0004484348377105824,-0.04417254197517101
13,256,devtest,vie_Latn,tur_Latn,0.029466008403828996,-0.0004127610343532391
13,256,devtest,vie_Latn,ind_Latn,0.045698563391196406,0.10294820824909288
13,256,devtest,ind_Latn,eng_Latn,0.011815427887154771,0.05423335475295903
13,256,devtest,ind_Latn,deu_Latn,0.011778007514098004,0.08202123160785485
13,256,devtest,ind_Latn,fra_Latn,0.09982735320245148,0.08325038855858659
13,256,devtest,ind_Latn,spa_Latn,0.0332101807804277,0.008200919665793843
13,256,devtest,ind_Latn,rus_Cyrl,0.006053228046048964,0.028544253357660133
13,256,devtest,ind_Latn,hin_Deva,0.054312529155629785,-0.01799747629761301
13,256,devtest,ind_Latn,arb_Arab,0.06416582544654206,0.07719120208667696
13,256,devtest,ind_Latn,zho_Hans,0.01866172624967251,0.05402834269869564
13,256,devtest,ind_Latn,jpn_Jpan,0.025052943084154265,-0.020213837977382895
13,256,devtest,ind_Latn,tur_Latn,0.04338722318169809,0.03843876600901625
13,256,devtest,ind_Latn,vie_Latn,0.026744266062222653,0.09825124587930649
14,64,devtest,eng_Latn,deu_Latn,0.08286668540156227,0.12652847132786976
14,64,devtest,eng_Latn,fra_Latn,0.13138366972501048,0.12593698579298848
14,64,devtest,eng_Latn,spa_Latn,0.032066503462616476,0.0295334129008035
14,64,devtest,eng_Latn,rus_Cyrl,0.03964017587310192,0.03708014968730692
14,64,devtest,eng_Latn,hin_Deva,0.09738970165552498,-0.012224834900426316
14,64,devtest,eng_Latn,arb_Arab,0.1075324985364687,0.07185967931058788
14,64,devtest,eng_Latn,zho_Hans,-0.013321214302502982,0.07558853594976465
14,64,devtest,eng_Latn,jpn_Jpan,-0.027985494109570616,0.028875212778651755
14,64,devtest,eng_Latn,tur_Latn,0.0762443765047689,0.022613539282092057
14,64,devtest,eng_Latn,vie_Latn,0.10495916158356304,0.030003168344084754
14,64,devtest,eng_Latn,ind_Latn,0.060647113362629075,0.11305674421955235
14,64,devtest,deu_Latn,eng_Latn,0.025609112305631537,0.09144776875277058
14,64,devtest,deu_Latn,fra_Latn,0.060409005763483556,0.10632653551684855
14,64,devtest,deu_Latn,spa_Latn,0.022004981357324302,0.04748922267891916
14,64,devtest,deu_Latn,rus_Cyrl,-0.05487322899839279,0.05260774670791832
14,64,devtest,deu_Latn,hin_Deva,0.026748639057554844,-0.03559614896818114
14,64,devtest,deu_Latn,arb_Arab,-0.0104833338555569,0.03733153548811228
14,64,devtest,deu_Latn,zho_Hans,0.053569723554976544,0.05881188122956725
14,64,devtest,deu_Latn,jpn_Jpan,0.05014391149618388,0.02544026987087616
14,64,devtest,deu_Latn,tur_Latn,0.0345728575028059,0.018421878362257477
14,64,devtest,deu_Latn,vie_Latn,-0.006615343331582009,0.07012576308190199
14,64,devtest,deu_Latn,ind_Latn,0.03719995547507568,0.09857433505106968
14,64,devtest,fra_Latn,eng_Latn,0.10554168030292752,0.1361387880510705
14,64,devtest,fra_Latn,deu_Latn,0.035029555242084884,0.12694787404420385
14,64,devtest,fra_Latn,spa_Latn,0.10509476679323532,0.09761479719268049
14,64,devtest,fra_Latn,rus_Cyrl,-0.0069904193198166995,0.08295822717893563
14,64,devtest,fra_Latn,hin_Deva,-0.0024874743226526437,-0.062345355195733324
14,64,devtest,fra_Latn,arb_Arab,0.028412546623871264,0.11602055011817812
14,64,devtest,fra_Latn,zho_Hans,0.051559836338270784,0.06632203484519604
14,64,devtest,fra_Latn,jpn_Jpan,0.034637539069690804,0.017710265194039575
14,64,devtest,fra_Latn,tur_Latn,0.09004597755375464,0.05638238288927726
14,64,devtest,fra_Latn,vie_Latn,0.11192577059239436,0.11061080987843395
14,64,devtest,fra_Latn,ind_Latn,0.11912264459304228,0.121152759161896
14,64,devtest,spa_Latn,eng_Latn,-0.004437681266351167,0.007527369687970654
14,64,devtest,spa_Latn,deu_Latn,3.0252789123570123e-05,0.06079465053407265
14,64,devtest,spa_Latn,fra_Latn,0.09968393005562037,0.0885918927956676
14,64,devtest,spa_Latn,rus_Cyrl,-0.02516193326011802,0.023171968159855137
14,64,devtest,spa_Latn,hin_Deva,0.004016882853632668,-0.12310653424999254
14,64,devtest,spa_Latn,arb_Arab,0.05246307680649453,0.07057400682206967
14,64,devtest,spa_Latn,zho_Hans,0.057000654612267554,-0.03621506538676785
14,64,devtest,spa_Latn,jpn_Jpan,0.06753995819806721,0.008271241747808245
14,64,devtest,spa_Latn,tur_Latn,0.04566895257677444,0.002825842912035008
14,64,devtest,spa_Latn,vie_Latn,0.03131891245955482,0.03416381944729204
14,64,devtest,spa_Latn,ind_Latn,0.00513994578497873,0.05437359751537746
14,64,devtest,rus_Cyrl,eng_Latn,0.010521014283690016,0.02451282378493399
14,64,devtest,rus_Cyrl,deu_Latn,-0.07139943191361357,0.07267674270539334
14,64,devtest,rus_Cyrl,fra_Latn,-0.013618723327518066,0.06863223427377847
14,64,devtest,rus_Cyrl,spa_Latn,-0.03958126429167652,0.032347364920617176
14,64,devtest,rus_Cyrl,hin_Deva,0.09160160377315674,-0.09109677120625499
14,64,devtest,rus_Cyrl,arb_Arab,0.041286867284862305,0.047934450993228
14,64,devtest,rus_Cyrl,zho_Hans,0.03639077816106935,-0.0061497960979921915
14,64,devtest,rus_Cyrl,jpn_Jpan,0.028245299131393453,0.005121047940538399
14,64,devtest,rus_Cyrl,tur_Latn,-0.002750601418212395,0.03468451265436033
14,64,devtest,rus_Cyrl,vie_Latn,-0.052720616165317355,0.039972227166483146
14,64,devtest,rus_Cyrl,ind_Latn,-0.02490454690801093,0.08110439546968769
14,64,devtest,hin_Deva,eng_Latn,0.06505292970290366,-0.028641694795034072
14,64,devtest,hin_Deva,deu_Latn,-0.03216373895023854,-0.011864456712814473
14,64,devtest,hin_Deva,fra_Latn,0.014213403768508527,-0.05458700797738735
14,64,devtest,hin_Deva,spa_Latn,-0.01482454120248093,-0.09306080024207444
14,64,devtest,hin_Deva,rus_Cyrl,0.08382690677952577,-0.07662040393102476
14,64,devtest,hin_Deva,arb_Arab,-0.0037217222275721645,-0.037833237804735104
14,64,devtest,hin_Deva,zho_Hans,0.1099488091569703,-0.01467044904955404
14,64,devtest,hin_Deva,jpn_Jpan,0.07574960589813894,-0.06172625249221719
14,64,devtest,hin_Deva,tur_Latn,-0.024489781197704678,-0.04330912446418619
14,64,devtest,hin_Deva,vie_Latn,-0.013848330610356646,-0.06799345820276942
14,64,devtest,hin_Deva,ind_Latn,0.001856791300749643,0.008394545966703377
14,64,devtest,arb_Arab,eng_Latn,0.05819367083486402,0.03679405946670688
14,64,devtest,arb_Arab,deu_Latn,-0.03408369525881698,0.04152183540072402
14,64,devtest,arb_Arab,fra_Latn,0.002196308812378018,0.08041313478149409
14,64,devtest,arb_Arab,spa_Latn,0.028360719628536295,0.0568522441808116
14,64,devtest,arb_Arab,rus_Cyrl,0.040199948886322286,0.021469744248411506
14,64,devtest,arb_Arab,hin_Deva,0.06439424318141362,-0.0906894025171678
14,64,devtest,arb_Arab,zho_Hans,0.08212894977371295,-0.02077236046920603
14,64,devtest,arb_Arab,jpn_Jpan,0.06808120584068485,-0.03209419211824634
14,64,devtest,arb_Arab,tur_Latn,0.019806128621172838,-0.009294604340409861
14,64,devtest,arb_Arab,vie_Latn,0.01050622384125333,-0.0204040041687005
14,64,devtest,arb_Arab,ind_Latn,0.015529951197753557,0.0872008620266319
14,64,devtest,zho_Hans,eng_Latn,0.026972088213771447,0.04203848854124814
14,64,devtest,zho_Hans,deu_Latn,0.1005028483771298,0.04918721944697433
14,64,devtest,zho_Hans,fra_Latn,0.09809431918288745,0.027879559488475984
14,64,devtest,zho_Hans,spa_Latn,0.12924549578991212,-0.05298718143581819
14,64,devtest,zho_Hans,rus_Cyrl,0.11966140486129463,-0.02831095840726855
14,64,devtest,zho_Hans,hin_Deva,0.12526623072645204,-0.047744078485286924
14,64,devtest,zho_Hans,arb_Arab,0.14379438705432043,-0.01998836934480601
14,64,devtest,zho_Hans,jpn_Jpan,0.046583022134103744,-0.06602425925361212
14,64,devtest,zho_Hans,tur_Latn,0.09636488771090833,-0.01714239911131027
14,64,devtest,zho_Hans,vie_Latn,0.10915066316679381,-0.013422998933715163
14,64,devtest,zho_Hans,ind_Latn,0.07529649627498908,0.04856348373571083
14,64,devtest,jpn_Jpan,eng_Latn,-0.07069458375830401,0.056169233989678324
14,64,devtest,jpn_Jpan,deu_Latn,0.05353476463272189,0.08232969348561824
14,64,devtest,jpn_Jpan,fra_Latn,0.06298816885573943,0.02391995110999342
14,64,devtest,jpn_Jpan,spa_Latn,0.08559907652506234,0.03890361583522003
14,64,devtest,jpn_Jpan,rus_Cyrl,0.06452979109278406,0.02584627494362418
14,64,devtest,jpn_Jpan,hin_Deva,0.06156168899249021,-0.0451020879333515
14,64,devtest,jpn_Jpan,arb_Arab,0.08768107322982788,0.028011811631131242
14,64,devtest,jpn_Jpan,zho_Hans,-0.030382346160387933,-0.01404659804307413
14,64,devtest,jpn_Jpan,tur_Latn,0.06477722702128291,-0.03814591935533414
14,64,devtest,jpn_Jpan,vie_Latn,-0.0022630757878109612,0.011512645582069577
14,64,devtest,jpn_Jpan,ind_Latn,0.04438635390899444,0.06422916611886736
14,64,devtest,tur_Latn,eng_Latn,0.028534086201290845,-0.00591065634369232
14,64,devtest,tur_Latn,deu_Latn,0.04652134145120691,0.02148675025183102
14,64,devtest,tur_Latn,fra_Latn,0.12564502184554927,0.031224026485065948
14,64,devtest,tur_Latn,spa_Latn,0.10268903870724819,-0.01989266803750886
14,64,devtest,tur_Latn,rus_Cyrl,0.005201932057361259,-0.005703079457893703
14,64,devtest,tur_Latn,hin_Deva,0.05150145612436927,-0.09914597252088113
14,64,devtest,tur_Latn,arb_Arab,0.07390748364418506,-0.011489022049678714
14,64,devtest,tur_Latn,zho_Hans,0.10473459385767331,-0.02301677019999764
14,64,devtest,tur_Latn,jpn_Jpan,0.09778509360053377,-0.10231439345209929
14,64,devtest,tur_Latn,vie_Latn,0.016702431097164225,-0.050192480525467084
14,64,devtest,tur_Latn,ind_Latn,0.0808219716056571,0.014975020114772416
14,64,devtest,vie_Latn,eng_Latn,0.04753984364393568,-0.00024368589596114262
14,64,devtest,vie_Latn,deu_Latn,6.117357114044346e-05,0.08076237702287181
14,64,devtest,vie_Latn,fra_Latn,0.1076786899312173,0.09256996760234198
14,64,devtest,vie_Latn,spa_Latn,0.05479440764345996,0.03000327254215326
14,64,devtest,vie_Latn,rus_Cyrl,-0.031745994808501904,0.029352028358834267
14,64,devtest,vie_Latn,hin_Deva,0.019043194944543027,-0.1099534477502549
14,64,devtest,vie_Latn,arb_Arab,0.017185444259384893,0.0002489063490109172
14,64,devtest,vie_Latn,zho_Hans,0.04750842880886378,0.006396671220993805
14,64,devtest,vie_Latn,jpn_Jpan,0.006961957948104738,-0.02009480019302659
14,64,devtest,vie_Latn,tur_Latn,0.02026981856447748,-0.0352271169351756
14,64,devtest,vie_Latn,ind_Latn,0.055231884996661686,0.10154142149389836
14,64,devtest,ind_Latn,eng_Latn,0.013454554862310005,0.08301285063803163
14,64,devtest,ind_Latn,deu_Latn,0.028153533971175346,0.10817066822290233
14,64,devtest,ind_Latn,fra_Latn,0.11313501815041865,0.10488524487994846
14,64,devtest,ind_Latn,spa_Latn,0.014234488786798468,0.05089654810111939
14,64,devtest,ind_Latn,rus_Cyrl,-0.015526876496531245,0.06538304969637482
14,64,devtest,ind_Latn,hin_Deva,0.021285178726906287,-0.010315207322632622
14,64,devtest,ind_Latn,arb_Arab,0.03203568813273665,0.08708479296227235
14,64,devtest,ind_Latn,zho_Hans,0.022734247364870206,0.06562133096633598
14,64,devtest,ind_Latn,jpn_Jpan,0.04608896149214378,0.024731238813657873
14,64,devtest,ind_Latn,tur_Latn,0.04684169462935685,0.025484275312799308
14,64,devtest,ind_Latn,vie_Latn,0.04065545262975769,0.09967009242778398
14,128,devtest,eng_Latn,deu_Latn,0.11039841750528431,0.12441080936429005
14,128,devtest,eng_Latn,fra_Latn,0.1403329539041781,0.13338788018009573
14,128,devtest,eng_Latn,spa_Latn,0.030830308462820033,0.058875433007461224
14,128,devtest,eng_Latn,rus_Cyrl,0.042059359945311535,0.03193303965443008
14,128,devtest,eng_Latn,hin_Deva,0.10590776238707245,-0.015817553040540736
14,128,devtest,eng_Latn,arb_Arab,0.11772479036673376,0.0811548014324917
14,128,devtest,eng_Latn,zho_Hans,0.005279221220435737,0.08176567542301146
14,128,devtest,eng_Latn,jpn_Jpan,-0.03439693354486493,0.016463410743793424
14,128,devtest,eng_Latn,tur_Latn,0.08829924826147448,0.04118908053994042
14,128,devtest,eng_Latn,vie_Latn,0.12106125757935118,0.04412667329387761
14,128,devtest,eng_Latn,ind_Latn,0.06951052527166275,0.12291594990003026
14,128,devtest,deu_Latn,eng_Latn,0.04129831602843113,0.08878658032583366
14,128,devtest,deu_Latn,fra_Latn,0.049963753217220123,0.1136998785063072
14,128,devtest,deu_Latn,spa_Latn,0.02179344922376631,0.041804520549644
14,128,devtest,deu_Latn,rus_Cyrl,-0.04687786418601427,0.034740804668183994
14,128,devtest,deu_Latn,hin_Deva,0.028312736234994727,-0.048825271597505986
14,128,devtest,deu_Latn,arb_Arab,-0.02007075632724866,0.035244111627945926
14,128,devtest,deu_Latn,zho_Hans,0.06363957678837849,0.05383739314281724
14,128,devtest,deu_Latn,jpn_Jpan,0.04963208591850722,0.00015832216957382996
14,128,devtest,deu_Latn,tur_Latn,0.0504194081687419,0.014885578571152731
14,128,devtest,deu_Latn,vie_Latn,-0.024116044842539368,0.08273195287571167
14,128,devtest,deu_Latn,ind_Latn,0.03346080528750542,0.09018498953707181
14,128,devtest,fra_Latn,eng_Latn,0.10676586396826593,0.13716724409566522
14,128,devtest,fra_Latn,deu_Latn,0.02230915294619937,0.13496939342698774
14,128,devtest,fra_Latn,spa_Latn,0.1033267413388804,0.10316728916872608
14,128,devtest,fra_Latn,rus_Cyrl,-0.006236176932360305,0.07371047288606633
14,128,devtest,fra_Latn,hin_Deva,-0.003104397548645419,-0.0696350994833008
14,128,devtest,fra_Latn,arb_Arab,0.04456686377768506,0.12700051432270917
14,128,devtest,fra_Latn,zho_Hans,0.06419831025664048,0.06070859093062193
14,128,devtest,fra_Latn,jpn_Jpan,0.02856968751283911,0.005201977206656726
14,128,devtest,fra_Latn,tur_Latn,0.07497077325013064,0.055913983441827936
14,128,devtest,fra_Latn,vie_Latn,0.10475250151122097,0.12163935697078114
14,128,devtest,fra_Latn,ind_Latn,0.10824578803094502,0.11940111118115553
14,128,devtest,spa_Latn,eng_Latn,-0.011576772520104642,0.028605305199125738
14,128,devtest,spa_Latn,deu_Latn,0.0024433947398516437,0.06509169983911758
14,128,devtest,spa_Latn,fra_Latn,0.09858703350532158,0.09474450833997908
14,128,devtest,spa_Latn,rus_Cyrl,-0.014152558555663679,0.021355145446718307
14,128,devtest,spa_Latn,hin_Deva,0.0017692362940009585,-0.12011664350604304
14,128,devtest,spa_Latn,arb_Arab,0.06518161303818402,0.06772468826685929
14,128,devtest,spa_Latn,zho_Hans,0.0657938501660749,-0.04372374619686351
14,128,devtest,spa_Latn,jpn_Jpan,0.06365351028426425,-0.008249171717546697
14,128,devtest,spa_Latn,tur_Latn,0.036647648088013345,0.013499124092126023
14,128,devtest,spa_Latn,vie_Latn,0.028755672830543574,0.04366996287799307
14,128,devtest,spa_Latn,ind_Latn,0.01813227579619073,0.04952211971881443
14,128,devtest,rus_Cyrl,eng_Latn,0.008930679699562079,0.020029100029331195
14,128,devtest,rus_Cyrl,deu_Latn,-0.06737363846231839,0.057806783625835724
14,128,devtest,rus_Cyrl,fra_Latn,-0.009063060403143931,0.06125018696879681
14,128,devtest,rus_Cyrl,spa_Latn,-0.028765271607546543,0.03295128867955823
14,128,devtest,rus_Cyrl,hin_Deva,0.09183065861621958,-0.0956654549686922
14,128,devtest,rus_Cyrl,arb_Arab,0.034986954364395355,0.054265689635232005
14,128,devtest,rus_Cyrl,zho_Hans,0.0383558502510221,-0.0018203039809242328
14,128,devtest,rus_Cyrl,jpn_Jpan,0.02696024932918196,-0.01220572864035358
14,128,devtest,rus_Cyrl,tur_Latn,-0.008702212769143283,0.02328346006141691
14,128,devtest,rus_Cyrl,vie_Latn,-0.05678514295705137,0.03231382179851201
14,128,devtest,rus_Cyrl,ind_Latn,-0.03329902426269382,0.0678504835879924
14,128,devtest,hin_Deva,eng_Latn,0.058123103712416795,-0.027795224201722552
14,128,devtest,hin_Deva,deu_Latn,-0.04899922367277316,-0.00725184249579476
14,128,devtest,hin_Deva,fra_Latn,0.00570273928399055,-0.0530894341986937
14,128,devtest,hin_Deva,spa_Latn,-0.029961508900651388,-0.09343188466240071
14,128,devtest,hin_Deva,rus_Cyrl,0.0752032203398186,-0.0732196757895096
14,128,devtest,hin_Deva,arb_Arab,-0.01795261679641505,-0.020394615348758274
14,128,devtest,hin_Deva,zho_Hans,0.10380442683585984,-0.01760092172812594
14,128,devtest,hin_Deva,jpn_Jpan,0.07500036406410471,-0.059930099485051604
14,128,devtest,hin_Deva,tur_Latn,-0.03875232513951468,-0.04008201737049678
14,128,devtest,hin_Deva,vie_Latn,-0.012970890503397564,-0.05824490512364218
14,128,devtest,hin_Deva,ind_Latn,-0.017559412781307005,0.0021920253307080545
14,128,devtest,arb_Arab,eng_Latn,0.06480090730333748,0.03610948306385118
14,128,devtest,arb_Arab,deu_Latn,-0.04128446200324731,0.038732433903302756
14,128,devtest,arb_Arab,fra_Latn,0.013188077473745785,0.09013742977497906
14,128,devtest,arb_Arab,spa_Latn,0.03885133164310279,0.047540766068142094
14,128,devtest,arb_Arab,rus_Cyrl,0.038585322344561745,0.019260321575243787
14,128,devtest,arb_Arab,hin_Deva,0.06824563594910885,-0.08629527782219931
14,128,devtest,arb_Arab,zho_Hans,0.08027936226600797,-0.024030608638404293
14,128,devtest,arb_Arab,jpn_Jpan,0.06151140220232594,-0.03463661565650915
14,128,devtest,arb_Arab,tur_Latn,0.006236519368977365,0.002536013152215289
14,128,devtest,arb_Arab,vie_Latn,-0.0009313192659050525,-0.018522234653590194
14,128,devtest,arb_Arab,ind_Latn,0.01791278250799319,0.09316906870452839
14,128,devtest,zho_Hans,eng_Latn,0.047161725458801804,0.047958480252677634
14,128,devtest,zho_Hans,deu_Latn,0.11521533981556442,0.05399699709194135
14,128,devtest,zho_Hans,fra_Latn,0.1099754668183699,0.036181442420443986
14,128,devtest,zho_Hans,spa_Latn,0.1410931996108207,-0.05410459643356725
14,128,devtest,zho_Hans,rus_Cyrl,0.12685141821254556,-0.023724887540542125
14,128,devtest,zho_Hans,hin_Deva,0.12520172248687764,-0.056847694090966044
14,128,devtest,zho_Hans,arb_Arab,0.14195679500589173,-0.0076536632712886
14,128,devtest,zho_Hans,jpn_Jpan,0.0585960808048632,-0.06918486901766831
14,128,devtest,zho_Hans,tur_Latn,0.11030945958393984,-0.005433698595213679
14,128,devtest,zho_Hans,vie_Latn,0.12762214133683739,-0.00022583843162723397
14,128,devtest,zho_Hans,ind_Latn,0.06155531959254837,0.0599331856556131
14,128,devtest,jpn_Jpan,eng_Latn,-0.08423139501280232,0.042815819980268656
14,128,devtest,jpn_Jpan,deu_Latn,0.05437353005895064,0.0710322551367731
14,128,devtest,jpn_Jpan,fra_Latn,0.05890016816648617,0.023281807770695398
14,128,devtest,jpn_Jpan,spa_Latn,0.08753909601520725,0.040950975888019055
14,128,devtest,jpn_Jpan,rus_Cyrl,0.06884069247905182,0.025336970542192517
14,128,devtest,jpn_Jpan,hin_Deva,0.0843123242297496,-0.034602965677239646
14,128,devtest,jpn_Jpan,arb_Arab,0.0838980439226948,0.04178517722575116
14,128,devtest,jpn_Jpan,zho_Hans,-0.029550471847317378,-0.0113676183490734
14,128,devtest,jpn_Jpan,tur_Latn,0.0717899768949419,-0.02632595076924709
14,128,devtest,jpn_Jpan,vie_Latn,-0.007024321140794061,0.018600826560753132
14,128,devtest,jpn_Jpan,ind_Latn,0.04504487706556144,0.06498982429542446
14,128,devtest,tur_Latn,eng_Latn,0.019920119002247848,-0.004355968859882777
14,128,devtest,tur_Latn,deu_Latn,0.06283601678524951,0.003639104050665213
14,128,devtest,tur_Latn,fra_Latn,0.11020045521468616,0.015584487067724273
14,128,devtest,tur_Latn,spa_Latn,0.08783861270976495,-0.021666858675793196
14,128,devtest,tur_Latn,rus_Cyrl,0.003548911562073816,-0.036029281880613565
14,128,devtest,tur_Latn,hin_Deva,0.0588104364829497,-0.11276296647582407
14,128,devtest,tur_Latn,arb_Arab,0.06319880265201307,-0.008727099347168211
14,128,devtest,tur_Latn,zho_Hans,0.11031909896105045,-0.031896396499258774
14,128,devtest,tur_Latn,jpn_Jpan,0.09545611896643273,-0.12032169802977469
14,128,devtest,tur_Latn,vie_Latn,0.021139369693854847,-0.03987920370171778
14,128,devtest,tur_Latn,ind_Latn,0.09545150770610883,0.011188178185929902
14,128,devtest,vie_Latn,eng_Latn,0.0632484007417331,0.01818220952034977
14,128,devtest,vie_Latn,deu_Latn,-0.009355636783156969,0.09960349784934669
14,128,devtest,vie_Latn,fra_Latn,0.10234344852907422,0.1011608288864375
14,128,devtest,vie_Latn,spa_Latn,0.055301760535880096,0.03650291524031736
14,128,devtest,vie_Latn,rus_Cyrl,-0.035719608545055986,0.018117447597593372
14,128,devtest,vie_Latn,hin_Deva,0.02874532623839522,-0.10598264051752312
14,128,devtest,vie_Latn,arb_Arab,0.007907827747345756,0.006057875218910149
14,128,devtest,vie_Latn,zho_Hans,0.06183677060632704,0.013744033886206238
14,128,devtest,vie_Latn,jpn_Jpan,-0.0008657315034516935,-0.026348788045632367
14,128,devtest,vie_Latn,tur_Latn,0.028523757306866196,-0.012855155078968788
14,128,devtest,vie_Latn,ind_Latn,0.05961133058261179,0.11354306955174495
14,128,devtest,ind_Latn,eng_Latn,0.024550698418532496,0.08404875053934628
14,128,devtest,ind_Latn,deu_Latn,0.02749766126099974,0.10205196176321123
14,128,devtest,ind_Latn,fra_Latn,0.1040226770901964,0.10059553276857061
14,128,devtest,ind_Latn,spa_Latn,0.02562256732331706,0.04258765905520606
14,128,devtest,ind_Latn,rus_Cyrl,-0.01866175962966476,0.04703352486963754
14,128,devtest,ind_Latn,hin_Deva,0.019635184763184294,-0.025922493181412234
14,128,devtest,ind_Latn,arb_Arab,0.03665808188877978,0.09436578197973006
14,128,devtest,ind_Latn,zho_Hans,0.013224662261135433,0.06955699746089601
14,128,devtest,ind_Latn,jpn_Jpan,0.03731228273500842,0.012280139153161996
14,128,devtest,ind_Latn,tur_Latn,0.05757521891971913,0.031239025902300422
14,128,devtest,ind_Latn,vie_Latn,0.03959357445338135,0.10556089906743234
14,256,devtest,eng_Latn,deu_Latn,0.11935189555573153,0.12275619109529187
14,256,devtest,eng_Latn,fra_Latn,0.15055582769318318,0.14385262813987681
14,256,devtest,eng_Latn,spa_Latn,0.036139509230292154,0.05815198248845173
14,256,devtest,eng_Latn,rus_Cyrl,0.04391869474222097,0.037007315627837135
14,256,devtest,eng_Latn,hin_Deva,0.12596321126037963,-0.0027913313489768624
14,256,devtest,eng_Latn,arb_Arab,0.11523107239313532,0.08438453841294695
14,256,devtest,eng_Latn,zho_Hans,-0.014249104731152139,0.08300102920500317
14,256,devtest,eng_Latn,jpn_Jpan,-0.024367040644935795,0.009133755423689242
14,256,devtest,eng_Latn,tur_Latn,0.09830171380651237,0.04895535608856414
14,256,devtest,eng_Latn,vie_Latn,0.1259317375543823,0.045204591914483006
14,256,devtest,eng_Latn,ind_Latn,0.06627540151891068,0.12087864535568413
14,256,devtest,deu_Latn,eng_Latn,0.03878245537159087,0.07673546535522653
14,256,devtest,deu_Latn,fra_Latn,0.05490452771548576,0.10858519782762831
14,256,devtest,deu_Latn,spa_Latn,0.03344841015303506,0.031841611166555525
14,256,devtest,deu_Latn,rus_Cyrl,-0.062419222355919804,0.030632926577092223
14,256,devtest,deu_Latn,hin_Deva,0.03923498328224613,-0.057231712060096425
14,256,devtest,deu_Latn,arb_Arab,-0.006685437062074616,0.030712746110482022
14,256,devtest,deu_Latn,zho_Hans,0.06965415630934128,0.039862665427389664
14,256,devtest,deu_Latn,jpn_Jpan,0.0479397394281456,-0.008337139152857666
14,256,devtest,deu_Latn,tur_Latn,0.047369618020141877,0.0093599639625229
14,256,devtest,deu_Latn,vie_Latn,-0.01657633561836405,0.08450469967240382
14,256,devtest,deu_Latn,ind_Latn,0.03299211301707181,0.08544892973456976
14,256,devtest,fra_Latn,eng_Latn,0.1105221572875972,0.14207754201337905
14,256,devtest,fra_Latn,deu_Latn,0.018391311076679965,0.13722296096722056
14,256,devtest,fra_Latn,spa_Latn,0.10134466822393343,0.09380036857943912
14,256,devtest,fra_Latn,rus_Cyrl,0.000829451264012219,0.07014803653025851
14,256,devtest,fra_Latn,hin_Deva,0.0019632348874387695,-0.06759042668840629
14,256,devtest,fra_Latn,arb_Arab,0.050078113956055124,0.11767498517049206
14,256,devtest,fra_Latn,zho_Hans,0.05870037096672463,0.06057924925877913
14,256,devtest,fra_Latn,jpn_Jpan,0.03715872931017849,-0.005449573788571745
14,256,devtest,fra_Latn,tur_Latn,0.07742035636643192,0.05674298764774494
14,256,devtest,fra_Latn,vie_Latn,0.09901150555090218,0.09932613232077865
14,256,devtest,fra_Latn,ind_Latn,0.11083230003055149,0.11371565716850747
14,256,devtest,spa_Latn,eng_Latn,-0.009963727066897679,0.019655108382990522
14,256,devtest,spa_Latn,deu_Latn,0.006167475445914455,0.059423706234611406
14,256,devtest,spa_Latn,fra_Latn,0.0955247049788358,0.08248513063814189
14,256,devtest,spa_Latn,rus_Cyrl,-0.026740768975905514,0.0057101141067355315
14,256,devtest,spa_Latn,hin_Deva,0.022346846338491225,-0.11868436370420846
14,256,devtest,spa_Latn,arb_Arab,0.07062511720152852,0.04255689166250387
14,256,devtest,spa_Latn,zho_Hans,0.07101358886155601,-0.047312846874316764
14,256,devtest,spa_Latn,jpn_Jpan,0.05429574946187424,-0.030716283045591375
14,256,devtest,spa_Latn,tur_Latn,0.024511784204652116,0.007654911860599165
14,256,devtest,spa_Latn,vie_Latn,0.025879003814652336,0.021665354078398653
14,256,devtest,spa_Latn,ind_Latn,0.008485159152045915,0.04294418553904637
14,256,devtest,rus_Cyrl,eng_Latn,2.176779942017548e-06,0.015237273149026965
14,256,devtest,rus_Cyrl,deu_Latn,-0.08155753218264296,0.06043471101532152
14,256,devtest,rus_Cyrl,fra_Latn,-0.0067893914520987045,0.05601730549472286
14,256,devtest,rus_Cyrl,spa_Latn,-0.046326026697288844,0.022941234861766996
14,256,devtest,rus_Cyrl,hin_Deva,0.09793934098876654,-0.09699018796588033
14,256,devtest,rus_Cyrl,arb_Arab,0.039631486586317204,0.044268435158123925
14,256,devtest,rus_Cyrl,zho_Hans,0.02930239039931093,-0.01164461207664277
14,256,devtest,rus_Cyrl,jpn_Jpan,0.01569309939133079,-0.025542041261791368
14,256,devtest,rus_Cyrl,tur_Latn,-0.017390837847139563,0.027258350289668883
14,256,devtest,rus_Cyrl,vie_Latn,-0.052534008204245655,0.025893055644310433
14,256,devtest,rus_Cyrl,ind_Latn,-0.03821027111853279,0.06421246133851276
14,256,devtest,hin_Deva,eng_Latn,0.04937234862302103,-0.02873372663208027
14,256,devtest,hin_Deva,deu_Latn,-0.04753234345563628,-0.005164072978471031
14,256,devtest,hin_Deva,fra_Latn,-0.006762350629725471,-0.05005158532660213
14,256,devtest,hin_Deva,spa_Latn,-0.024340209902109364,-0.09045314371388592
14,256,devtest,hin_Deva,rus_Cyrl,0.07832684710108041,-0.0721427241260065
14,256,devtest,hin_Deva,arb_Arab,-0.012241312330915723,-0.013902982816042535
14,256,devtest,hin_Deva,zho_Hans,0.10941116716491114,-0.010775027852356388
14,256,devtest,hin_Deva,jpn_Jpan,0.08150794259492841,-0.06002638600197132
14,256,devtest,hin_Deva,tur_Latn,-0.04354163780894045,-0.03628889272297256
14,256,devtest,hin_Deva,vie_Latn,-0.011641846648236226,-0.04841518106443619
14,256,devtest,hin_Deva,ind_Latn,-0.022109656039442715,0.008604492112288295
14,256,devtest,arb_Arab,eng_Latn,0.05328652557598862,0.022787107505435247
14,256,devtest,arb_Arab,deu_Latn,-0.03899579007025599,0.03532552366534863
14,256,devtest,arb_Arab,fra_Latn,0.007496802552363828,0.07129931157636586
14,256,devtest,arb_Arab,spa_Latn,0.03473108431667198,0.01607348518985931
14,256,devtest,arb_Arab,rus_Cyrl,0.04050841599317952,0.0033296700848810794
14,256,devtest,arb_Arab,hin_Deva,0.08541839749497011,-0.09401317394477739
14,256,devtest,arb_Arab,zho_Hans,0.0758691089296189,-0.037811111713555036
14,256,devtest,arb_Arab,jpn_Jpan,0.05456501338412019,-0.06177070236957707
14,256,devtest,arb_Arab,tur_Latn,-0.0032501804666089516,-0.014435595270280334
14,256,devtest,arb_Arab,vie_Latn,-0.004395943881885457,-0.031581689382645585
14,256,devtest,arb_Arab,ind_Latn,0.012069091884086062,0.07913534154602421
14,256,devtest,zho_Hans,eng_Latn,0.026568507532300722,0.04894696361404871
14,256,devtest,zho_Hans,deu_Latn,0.1250405663929984,0.055510736364196026
14,256,devtest,zho_Hans,fra_Latn,0.11239375786001438,0.04198433648549602
14,256,devtest,zho_Hans,spa_Latn,0.1494875142775523,-0.043580438077122065
14,256,devtest,zho_Hans,rus_Cyrl,0.13406589140859573,-0.024993793558185387
14,256,devtest,zho_Hans,hin_Deva,0.1362487831177842,-0.04014433965282706
14,256,devtest,zho_Hans,arb_Arab,0.1473065035346551,0.0004295242189539239
14,256,devtest,zho_Hans,jpn_Jpan,0.07227730529745786,-0.0744084819513918
14,256,devtest,zho_Hans,tur_Latn,0.11273455897190567,0.009158302598032292
14,256,devtest,zho_Hans,vie_Latn,0.12813998417476452,0.007304593129899139
14,256,devtest,zho_Hans,ind_Latn,0.07795101104810997,0.0581103906880921
14,256,devtest,jpn_Jpan,eng_Latn,-0.08232506859017161,0.04849878336216806
14,256,devtest,jpn_Jpan,deu_Latn,0.05502921611753438,0.08298965481202394
14,256,devtest,jpn_Jpan,fra_Latn,0.0681053691644797,0.020584553157784846
14,256,devtest,jpn_Jpan,spa_Latn,0.08601382773368822,0.02803995028881701
14,256,devtest,jpn_Jpan,rus_Cyrl,0.07105556894634812,0.021716387674004283
14,256,devtest,jpn_Jpan,hin_Deva,0.09998267201500548,-0.025479338623341403
14,256,devtest,jpn_Jpan,arb_Arab,0.08779657417282122,0.03870800178579038
14,256,devtest,jpn_Jpan,zho_Hans,-0.023417435879817657,-0.014569856755012808
14,256,devtest,jpn_Jpan,tur_Latn,0.07436285962121827,-0.01543285577443523
14,256,devtest,jpn_Jpan,vie_Latn,-0.008815680835875986,0.01645339469882877
14,256,devtest,jpn_Jpan,ind_Latn,0.048327210751371905,0.06644968425701342
14,256,devtest,tur_Latn,eng_Latn,0.021838666845672716,-0.010705346216710331
14,256,devtest,tur_Latn,deu_Latn,0.05897848563068114,-0.006766768923242238
14,256,devtest,tur_Latn,fra_Latn,0.10931004616592316,0.0036063312701465453
14,256,devtest,tur_Latn,spa_Latn,0.08038972404068626,-0.03673295306950644
14,256,devtest,tur_Latn,rus_Cyrl,-0.010723554061521664,-0.04591447448462181
14,256,devtest,tur_Latn,hin_Deva,0.07297423553214544,-0.1244142313692777
14,256,devtest,tur_Latn,arb_Arab,0.06020106990696875,-0.022503576441453295
14,256,devtest,tur_Latn,zho_Hans,0.11462379583375873,-0.03754835572877895
14,256,devtest,tur_Latn,jpn_Jpan,0.09437451385492272,-0.1291655556070305
14,256,devtest,tur_Latn,vie_Latn,0.02198642244989169,-0.045945923630320434
14,256,devtest,tur_Latn,ind_Latn,0.08452334899634621,0.00956613420529762
14,256,devtest,vie_Latn,eng_Latn,0.05415675051037647,0.006436032335854098
14,256,devtest,vie_Latn,deu_Latn,-0.0022176664315790573,0.10360517724295162
14,256,devtest,vie_Latn,fra_Latn,0.10176324666424225,0.07864403725427636
14,256,devtest,vie_Latn,spa_Latn,0.06066743102961405,0.018316854341889597
14,256,devtest,vie_Latn,rus_Cyrl,-0.021591717454427856,0.009775284673411556
14,256,devtest,vie_Latn,hin_Deva,0.048653572565248215,-0.09818879069762906
14,256,devtest,vie_Latn,arb_Arab,0.010504023851690381,0.002851243302052695
14,256,devtest,vie_Latn,zho_Hans,0.05926566519819853,0.007973527884462131
14,256,devtest,vie_Latn,jpn_Jpan,-0.0032964195895787986,-0.042201080143742804
14,256,devtest,vie_Latn,tur_Latn,0.02761818909551471,-0.006027831440542636
14,256,devtest,vie_Latn,ind_Latn,0.06057716125147517,0.11163785379811968
14,256,devtest,ind_Latn,eng_Latn,0.01178750614986294,0.07023924723217666
14,256,devtest,ind_Latn,deu_Latn,0.02379288867259883,0.09755851644365099
14,256,devtest,ind_Latn,fra_Latn,0.10434195895657032,0.08773119017217665
14,256,devtest,ind_Latn,spa_Latn,0.018141001130742837,0.03188851238861657
14,256,devtest,ind_Latn,rus_Cyrl,-0.01667238348151459,0.03918788149639908
14,256,devtest,ind_Latn,hin_Deva,0.03243051437731173,-0.02622367746995643
14,256,devtest,ind_Latn,arb_Arab,0.04294894853793343,0.08463865827330512
14,256,devtest,ind_Latn,zho_Hans,0.026534275571567362,0.0518346814165268
14,256,devtest,ind_Latn,jpn_Jpan,0.04026463984310826,-6.181534548423095e-05
14,256,devtest,ind_Latn,tur_Latn,0.049054126817540934,0.039143157003739416
14,256,devtest,ind_Latn,vie_Latn,0.03731506749596254,0.10156048673599188
15,64,devtest,eng_Latn,deu_Latn,0.07483639183370218,0.10022063950688744
15,64,devtest,eng_Latn,fra_Latn,0.11373424418616415,0.10713153949909855
15,64,devtest,eng_Latn,spa_Latn,0.01357483137782836,0.007525302736114463
15,64,devtest,eng_Latn,rus_Cyrl,0.02086932770979938,0.011858571764208169
15,64,devtest,eng_Latn,hin_Deva,0.10129487909231207,-0.05055506164758664
15,64,devtest,eng_Latn,arb_Arab,0.09594934087882503,0.03550917602452359
15,64,devtest,eng_Latn,zho_Hans,-0.04214599681409355,0.05760849833273748
15,64,devtest,eng_Latn,jpn_Jpan,-0.04340909895884946,0.003407194606055349
15,64,devtest,eng_Latn,tur_Latn,0.06179643761515698,-0.011849583837975054
15,64,devtest,eng_Latn,vie_Latn,0.1018115056905791,0.006624856553917867
15,64,devtest,eng_Latn,ind_Latn,0.05007597141252514,0.09274831225082117
15,64,devtest,deu_Latn,eng_Latn,0.012014152095279916,0.07939133303800801
15,64,devtest,deu_Latn,fra_Latn,0.061175039936188724,0.10984459036976538
15,64,devtest,deu_Latn,spa_Latn,0.01619341188167525,0.04557429026586879
15,64,devtest,deu_Latn,rus_Cyrl,-0.055857622160654125,0.04042101603769462
15,64,devtest,deu_Latn,hin_Deva,0.027273788948578924,-0.05189501586262654
15,64,devtest,deu_Latn,arb_Arab,-0.012223049902155595,0.02686788287996885
15,64,devtest,deu_Latn,zho_Hans,0.042198170520657094,0.06918848853036642
15,64,devtest,deu_Latn,jpn_Jpan,0.05895973132531799,0.0115024130468482
15,64,devtest,deu_Latn,tur_Latn,0.03810725056722042,0.0016648130014320411
15,64,devtest,deu_Latn,vie_Latn,-0.01931104783554762,0.07937144281537364
15,64,devtest,deu_Latn,ind_Latn,0.045832780355518375,0.09167668129009936
15,64,devtest,fra_Latn,eng_Latn,0.09577283290217418,0.12597274307354364
15,64,devtest,fra_Latn,deu_Latn,0.03567245858179,0.11901756842274652
15,64,devtest,fra_Latn,spa_Latn,0.10261436279233077,0.09247030772592367
15,64,devtest,fra_Latn,rus_Cyrl,-0.010100243551428039,0.06847508456615534
15,64,devtest,fra_Latn,hin_Deva,-0.0317038308169077,-0.09618055470868137
15,64,devtest,fra_Latn,arb_Arab,0.0431481629671462,0.11321660856851534
15,64,devtest,fra_Latn,zho_Hans,0.050879907272065886,0.06371104457978301
15,64,devtest,fra_Latn,jpn_Jpan,0.03465315379347646,0.026809077731538067
15,64,devtest,fra_Latn,tur_Latn,0.07489753651819273,0.039157603277825956
15,64,devtest,fra_Latn,vie_Latn,0.10605647066729479,0.10882887364121888
15,64,devtest,fra_Latn,ind_Latn,0.10996038063825914,0.12201450878457923
15,64,devtest,spa_Latn,eng_Latn,-0.015402122456275183,-0.013111381977102578
15,64,devtest,spa_Latn,deu_Latn,-0.006078830431276779,0.058730974039814844
15,64,devtest,spa_Latn,fra_Latn,0.09371589310088117,0.08342025603968875
15,64,devtest,spa_Latn,rus_Cyrl,-0.024627869949986756,0.004049820222269342
15,64,devtest,spa_Latn,hin_Deva,-0.021459843058206945,-0.1513144352032672
15,64,devtest,spa_Latn,arb_Arab,0.06574930707596663,0.054026784435603145
15,64,devtest,spa_Latn,zho_Hans,0.05329346087339797,-0.03818726001217705
15,64,devtest,spa_Latn,jpn_Jpan,0.06206125214756844,-0.005752404015484265
15,64,devtest,spa_Latn,tur_Latn,0.030608852596506468,-0.019802234950537578
15,64,devtest,spa_Latn,vie_Latn,0.023266409101907814,0.024951852708890585
15,64,devtest,spa_Latn,ind_Latn,0.005710120633035988,0.05378137252577039
15,64,devtest,rus_Cyrl,eng_Latn,-0.00784990266904201,0.005148435867504704
15,64,devtest,rus_Cyrl,deu_Latn,-0.06378738585016266,0.05452813135895344
15,64,devtest,rus_Cyrl,fra_Latn,-0.008685134495857021,0.05517713582296218
15,64,devtest,rus_Cyrl,spa_Latn,-0.03857221733791198,0.010328402975929641
15,64,devtest,rus_Cyrl,hin_Deva,0.09797691806181981,-0.11981244868050006
15,64,devtest,rus_Cyrl,arb_Arab,0.03965447195390276,0.02844037907948839
15,64,devtest,rus_Cyrl,zho_Hans,0.030075842533080932,-0.02116352910602142
15,64,devtest,rus_Cyrl,jpn_Jpan,0.031911154435391546,-0.009091115407935713
15,64,devtest,rus_Cyrl,tur_Latn,-0.002044134108759189,0.015515284066330372
15,64,devtest,rus_Cyrl,vie_Latn,-0.06210438453574561,0.02068458805356864
15,64,devtest,rus_Cyrl,ind_Latn,-0.02619910990651586,0.0672439651424241
15,64,devtest,hin_Deva,eng_Latn,0.06471993810950998,-0.04506177351718147
15,64,devtest,hin_Deva,deu_Latn,-0.025398792013137897,-0.02561631774040554
15,64,devtest,hin_Deva,fra_Latn,0.015914987856957042,-0.0720207517704359
15,64,devtest,hin_Deva,spa_Latn,-0.005378637651403618,-0.10137763206433668
15,64,devtest,hin_Deva,rus_Cyrl,0.09425103346032532,-0.08592398526457296
15,64,devtest,hin_Deva,arb_Arab,0.01389045946984399,-0.025948317210348164
15,64,devtest,hin_Deva,zho_Hans,0.12839151975772223,-0.009416918924819427
15,64,devtest,hin_Deva,jpn_Jpan,0.10533095394569661,-0.0742683870418149
15,64,devtest,hin_Deva,tur_Latn,-0.0087952307994928,-0.04869955821714655
15,64,devtest,hin_Deva,vie_Latn,-0.0006797241663323405,-0.06875937508918396
15,64,devtest,hin_Deva,ind_Latn,0.008022649547686136,-0.006902837064652758
15,64,devtest,arb_Arab,eng_Latn,0.04850060078886768,0.0036173471040884006
15,64,devtest,arb_Arab,deu_Latn,-0.02832052400222873,0.02236837122609403
15,64,devtest,arb_Arab,fra_Latn,0.02547064102738461,0.08051552850753708
15,64,devtest,arb_Arab,spa_Latn,0.0424354810679324,0.03915758729925084
15,64,devtest,arb_Arab,rus_Cyrl,0.05058666016350097,0.0071516140405228175
15,64,devtest,arb_Arab,hin_Deva,0.07122443438166644,-0.09191483218565052
15,64,devtest,arb_Arab,zho_Hans,0.06343103341612118,-0.02835930355529992
15,64,devtest,arb_Arab,jpn_Jpan,0.07322114833143295,-0.02693177663400188
15,64,devtest,arb_Arab,tur_Latn,0.0381314166468415,-0.020728669447247116
15,64,devtest,arb_Arab,vie_Latn,0.0030675149209755293,-0.024804809916961233
15,64,devtest,arb_Arab,ind_Latn,0.006675026375328729,0.09904024817524207
15,64,devtest,zho_Hans,eng_Latn,0.005632090829937811,0.012991503050942928
15,64,devtest,zho_Hans,deu_Latn,0.09408276927353859,0.04063801859845293
15,64,devtest,zho_Hans,fra_Latn,0.08326701295593711,0.013611119760377387
15,64,devtest,zho_Hans,spa_Latn,0.1240973524366967,-0.06556051200452043
15,64,devtest,zho_Hans,rus_Cyrl,0.10557372106597078,-0.054225047376486084
15,64,devtest,zho_Hans,hin_Deva,0.1308488361860081,-0.06117791207445871
15,64,devtest,zho_Hans,arb_Arab,0.12298279782688713,-0.04046354592768399
15,64,devtest,zho_Hans,jpn_Jpan,0.03780029398885085,-0.07703231961683955
15,64,devtest,zho_Hans,tur_Latn,0.06627232709275994,-0.045624317632383775
15,64,devtest,zho_Hans,vie_Latn,0.12059877084572602,-0.033266934300620964
15,64,devtest,zho_Hans,ind_Latn,0.07696969732907619,0.03388118763583978
15,64,devtest,jpn_Jpan,eng_Latn,-0.07708265790219247,0.031291935017039786
15,64,devtest,jpn_Jpan,deu_Latn,0.058722501640628366,0.061416722071042346
15,64,devtest,jpn_Jpan,fra_Latn,0.04644968681121728,0.02943840915548947
15,64,devtest,jpn_Jpan,spa_Latn,0.07707555389915964,0.02905516589122849
15,64,devtest,jpn_Jpan,rus_Cyrl,0.051942566907160495,0.02389714494125983
15,64,devtest,jpn_Jpan,hin_Deva,0.08055327105025648,-0.07116542533911105
15,64,devtest,jpn_Jpan,arb_Arab,0.0871586615962409,0.029310934826864567
15,64,devtest,jpn_Jpan,zho_Hans,-0.03603664611120586,-0.01560194021446528
15,64,devtest,jpn_Jpan,tur_Latn,0.04920369157285628,-0.05108302379630448
15,64,devtest,jpn_Jpan,vie_Latn,-0.013746142294098908,0.009111153152986157
15,64,devtest,jpn_Jpan,ind_Latn,0.05162485179333835,0.06544579424618793
15,64,devtest,tur_Latn,eng_Latn,0.01202877394838282,-0.044877663817249405
15,64,devtest,tur_Latn,deu_Latn,0.05995787022530045,-0.011470684722661202
15,64,devtest,tur_Latn,fra_Latn,0.1123718267564481,0.013621748355952135
15,64,devtest,tur_Latn,spa_Latn,0.08741032015178303,-0.04872594937543035
15,64,devtest,tur_Latn,rus_Cyrl,0.01300366358193484,-0.029390002708284003
15,64,devtest,tur_Latn,hin_Deva,0.03617397598505356,-0.11679832369898395
15,64,devtest,tur_Latn,arb_Arab,0.07252967084661151,-0.02114127035064074
15,64,devtest,tur_Latn,zho_Hans,0.07431002182899206,-0.04189553924584892
15,64,devtest,tur_Latn,jpn_Jpan,0.0951546422889261,-0.1246018955295897
15,64,devtest,tur_Latn,vie_Latn,0.017527014427844767,-0.06294583773551236
15,64,devtest,tur_Latn,ind_Latn,0.07995728550093008,0.0017047585551809247
15,64,devtest,vie_Latn,eng_Latn,0.043443478825365825,-0.02077919242883841
15,64,devtest,vie_Latn,deu_Latn,-0.010869167420405603,0.09068882722113253
15,64,devtest,vie_Latn,fra_Latn,0.09528327984734095,0.08920599152428829
15,64,devtest,vie_Latn,spa_Latn,0.045052686742554776,0.014641541790696204
15,64,devtest,vie_Latn,rus_Cyrl,-0.04016828699258311,0.004362881874270987
15,64,devtest,vie_Latn,hin_Deva,0.011010120106233704,-0.12328672921677684
15,64,devtest,vie_Latn,arb_Arab,0.0201200624424196,-0.009446925754223035
15,64,devtest,vie_Latn,zho_Hans,0.06252098497972525,0.0014719158447931582
15,64,devtest,vie_Latn,jpn_Jpan,0.004157646537844131,-0.02580256535276009
15,64,devtest,vie_Latn,tur_Latn,0.005872312815348244,-0.041337687006485796
15,64,devtest,vie_Latn,ind_Latn,0.05860590904893596,0.103680549762271
15,64,devtest,ind_Latn,eng_Latn,0.003211931863971004,0.06501440828827273
15,64,devtest,ind_Latn,deu_Latn,0.0462913857508041,0.09812920411193293
15,64,devtest,ind_Latn,fra_Latn,0.10806319484143244,0.1066190031872406
15,64,devtest,ind_Latn,spa_Latn,0.019026220191795278,0.054495797617591095
15,64,devtest,ind_Latn,rus_Cyrl,-0.020000380589130593,0.05914925216334771
15,64,devtest,ind_Latn,hin_Deva,0.014741233420153817,-0.03879316738972
15,64,devtest,ind_Latn,arb_Arab,0.022835777442967817,0.10888122354520602
15,64,devtest,ind_Latn,zho_Hans,0.027300230217830956,0.06749110372324521
15,64,devtest,ind_Latn,jpn_Jpan,0.055300128322197,0.035825075659453066
15,64,devtest,ind_Latn,tur_Latn,0.05389149503761974,0.01855947852135715
15,64,devtest,ind_Latn,vie_Latn,0.04552475266266912,0.10508370642126368
15,128,devtest,eng_Latn,deu_Latn,0.10539791787119664,0.09815898141514198
15,128,devtest,eng_Latn,fra_Latn,0.13164391064569514,0.10547919533305569
15,128,devtest,eng_Latn,spa_Latn,0.018393143528137833,0.027678505987978785
15,128,devtest,eng_Latn,rus_Cyrl,0.03607810707032446,0.0016685889326909043
15,128,devtest,eng_Latn,hin_Deva,0.10433890970189992,-0.05457635562922928
15,128,devtest,eng_Latn,arb_Arab,0.10191584966537019,0.04844923905241033
15,128,devtest,eng_Latn,zho_Hans,-0.02030068968617947,0.052227577774790736
15,128,devtest,eng_Latn,jpn_Jpan,-0.04307321421106071,-0.003059532557775282
15,128,devtest,eng_Latn,tur_Latn,0.08507732677781729,0.003663971223006333
15,128,devtest,eng_Latn,vie_Latn,0.1114665756918489,0.0152266093965589
15,128,devtest,eng_Latn,ind_Latn,0.06148412865967513,0.0912091972817513
15,128,devtest,deu_Latn,eng_Latn,0.03509174948454606,0.07563693143214616
15,128,devtest,deu_Latn,fra_Latn,0.054048130045023776,0.10401848287932314
15,128,devtest,deu_Latn,spa_Latn,0.02692402696874193,0.029720320275127825
15,128,devtest,deu_Latn,rus_Cyrl,-0.060401398743363525,0.03406448454280294
15,128,devtest,deu_Latn,hin_Deva,0.019446900276999374,-0.07012081592486766
15,128,devtest,deu_Latn,arb_Arab,-0.02115896467063208,0.024544038741081325
15,128,devtest,deu_Latn,zho_Hans,0.05264810833207972,0.05429177835467048
15,128,devtest,deu_Latn,jpn_Jpan,0.0555826980120223,0.0017485492710454847
15,128,devtest,deu_Latn,tur_Latn,0.04868344851158177,0.0018132154109220119
15,128,devtest,deu_Latn,vie_Latn,-0.023688507235037376,0.07565898871602743
15,128,devtest,deu_Latn,ind_Latn,0.034210302959946336,0.07971237611194311
15,128,devtest,fra_Latn,eng_Latn,0.10528098781631003,0.11820945881764842
15,128,devtest,fra_Latn,deu_Latn,0.02568726312813664,0.12016423916653204
15,128,devtest,fra_Latn,spa_Latn,0.09539647468468697,0.0939768493896786
15,128,devtest,fra_Latn,rus_Cyrl,-0.0065811095837399235,0.07378005667386188
15,128,devtest,fra_Latn,hin_Deva,-0.030483814569554925,-0.09032375330537175
15,128,devtest,fra_Latn,arb_Arab,0.044058852873625216,0.1196335734738333
15,128,devtest,fra_Latn,zho_Hans,0.06668735203729445,0.06875532819033656
15,128,devtest,fra_Latn,jpn_Jpan,0.030594240376117566,0.01871644545789813
15,128,devtest,fra_Latn,tur_Latn,0.0710664662713792,0.037194650354576704
15,128,devtest,fra_Latn,vie_Latn,0.10798978405781655,0.11258678925930335
15,128,devtest,fra_Latn,ind_Latn,0.11591988419769066,0.11567279902283216
15,128,devtest,spa_Latn,eng_Latn,-0.013970421882821056,-0.0015283111502035203
15,128,devtest,spa_Latn,deu_Latn,0.006494836679265179,0.0453337129830378
15,128,devtest,spa_Latn,fra_Latn,0.08632609839538012,0.08269988891206001
15,128,devtest,spa_Latn,rus_Cyrl,-0.024785552351646492,0.008286179260535547
15,128,devtest,spa_Latn,hin_Deva,-0.019857444521744348,-0.1447007672599266
15,128,devtest,spa_Latn,arb_Arab,0.07212260730396745,0.05398558586924213
15,128,devtest,spa_Latn,zho_Hans,0.06238754559344749,-0.036178914130317236
15,128,devtest,spa_Latn,jpn_Jpan,0.0685235297559261,-0.024595016569982916
15,128,devtest,spa_Latn,tur_Latn,0.036664885861487306,-0.010667248408838969
15,128,devtest,spa_Latn,vie_Latn,0.022987455905483144,0.03001053273329581
15,128,devtest,spa_Latn,ind_Latn,0.006728998850117206,0.05001276120562905
15,128,devtest,rus_Cyrl,eng_Latn,-0.000542510296772666,-0.00427192601605401
15,128,devtest,rus_Cyrl,deu_Latn,-0.07007009877248069,0.04864009537580287
15,128,devtest,rus_Cyrl,fra_Latn,-0.005726735356632268,0.06035941722171096
15,128,devtest,rus_Cyrl,spa_Latn,-0.034915487356564856,0.017241750341194417
15,128,devtest,rus_Cyrl,hin_Deva,0.09931563095849959,-0.11501195025958058
15,128,devtest,rus_Cyrl,arb_Arab,0.032243532052874065,0.03420389532042145
15,128,devtest,rus_Cyrl,zho_Hans,0.02588170570871502,-0.01591554794048859
15,128,devtest,rus_Cyrl,jpn_Jpan,0.016052056586059172,-0.03488099759675381
15,128,devtest,rus_Cyrl,tur_Latn,-0.0023523842269658835,0.016887177014266234
15,128,devtest,rus_Cyrl,vie_Latn,-0.06717065694911906,0.010365107559465524
15,128,devtest,rus_Cyrl,ind_Latn,-0.028406257434632418,0.052835119681095645
15,128,devtest,hin_Deva,eng_Latn,0.04897564170492478,-0.048459176514175556
15,128,devtest,hin_Deva,deu_Latn,-0.04596876151129751,-0.02864207544646936
15,128,devtest,hin_Deva,fra_Latn,0.0048690482964784025,-0.06088896016588613
15,128,devtest,hin_Deva,spa_Latn,-0.022283200330427907,-0.10016303327343476
15,128,devtest,hin_Deva,rus_Cyrl,0.0981943683804189,-0.07679040444492202
15,128,devtest,hin_Deva,arb_Arab,-0.0031946226839227143,-0.011750772535210653
15,128,devtest,hin_Deva,zho_Hans,0.11752397415876062,-0.0205893912404897
15,128,devtest,hin_Deva,jpn_Jpan,0.09622806464453683,-0.06622571008228614
15,128,devtest,hin_Deva,tur_Latn,-0.019103110393085584,-0.03791232836035386
15,128,devtest,hin_Deva,vie_Latn,-0.0015324794499718788,-0.05728050982049419
15,128,devtest,hin_Deva,ind_Latn,-0.007551041600576147,-0.007810905523655163
15,128,devtest,arb_Arab,eng_Latn,0.04967228096835978,0.006187872441675345
15,128,devtest,arb_Arab,deu_Latn,-0.03432190981892356,0.018401013621568162
15,128,devtest,arb_Arab,fra_Latn,0.018696716500154097,0.0819707572200519
15,128,devtest,arb_Arab,spa_Latn,0.047064792695115744,0.031345346785234804
15,128,devtest,arb_Arab,rus_Cyrl,0.04368557855978189,0.0018996622246010152
15,128,devtest,arb_Arab,hin_Deva,0.07581480276328047,-0.09148728011356583
15,128,devtest,arb_Arab,zho_Hans,0.07560875767522038,-0.039253666498622164
15,128,devtest,arb_Arab,jpn_Jpan,0.06898532059064028,-0.03770599257092901
15,128,devtest,arb_Arab,tur_Latn,0.02322655092918645,-0.019934395194951143
15,128,devtest,arb_Arab,vie_Latn,-0.0076844014388895475,-0.02236241636729161
15,128,devtest,arb_Arab,ind_Latn,0.01095503388900792,0.08484910871671439
15,128,devtest,zho_Hans,eng_Latn,0.0279456805700187,0.010211786234945902
15,128,devtest,zho_Hans,deu_Latn,0.10713242469524029,0.03667519502558368
15,128,devtest,zho_Hans,fra_Latn,0.10260568205715165,0.02699424763285528
15,128,devtest,zho_Hans,spa_Latn,0.13075350199433342,-0.0533901139376478
15,128,devtest,zho_Hans,rus_Cyrl,0.10578372837250152,-0.04466567824692322
15,128,devtest,zho_Hans,hin_Deva,0.12514958561120618,-0.07862806403392411
15,128,devtest,zho_Hans,arb_Arab,0.1301103005764418,-0.03493385293924898
15,128,devtest,zho_Hans,jpn_Jpan,0.04210872709382587,-0.08596689727746382
15,128,devtest,zho_Hans,tur_Latn,0.09041427732804687,-0.028584975428353896
15,128,devtest,zho_Hans,vie_Latn,0.11812244128863782,-0.013952358057061477
15,128,devtest,zho_Hans,ind_Latn,0.05143413208981342,0.05027493659481118
15,128,devtest,jpn_Jpan,eng_Latn,-0.0800822784977649,0.03061021702592136
15,128,devtest,jpn_Jpan,deu_Latn,0.057917981985094916,0.06546634178449147
15,128,devtest,jpn_Jpan,fra_Latn,0.04574642211580779,0.035695303193057096
15,128,devtest,jpn_Jpan,spa_Latn,0.09205176678572553,0.024126833184062068
15,128,devtest,jpn_Jpan,rus_Cyrl,0.05049943238843143,0.013217650543323162
15,128,devtest,jpn_Jpan,hin_Deva,0.08852059578794833,-0.05495098556717827
15,128,devtest,jpn_Jpan,arb_Arab,0.08580949479165971,0.04082026745533391
15,128,devtest,jpn_Jpan,zho_Hans,-0.03824379085718399,-0.01786968798259113
15,128,devtest,jpn_Jpan,tur_Latn,0.06319811465615521,-0.038011491704695595
15,128,devtest,jpn_Jpan,vie_Latn,-0.012728917620401545,0.008759294146821342
15,128,devtest,jpn_Jpan,ind_Latn,0.050897040271236205,0.05818137086806398
15,128,devtest,tur_Latn,eng_Latn,0.022829712012299802,-0.047696493802259675
15,128,devtest,tur_Latn,deu_Latn,0.07073459790652595,-0.025170890870335444
15,128,devtest,tur_Latn,fra_Latn,0.10780172498925457,-0.007347494191385695
15,128,devtest,tur_Latn,spa_Latn,0.0859185763444506,-0.05225459979665985
15,128,devtest,tur_Latn,rus_Cyrl,0.01263626329736728,-0.04710928455633432
15,128,devtest,tur_Latn,hin_Deva,0.04589415645169472,-0.12333497635443996
15,128,devtest,tur_Latn,arb_Arab,0.06272426184158174,-0.027963598238085457
15,128,devtest,tur_Latn,zho_Hans,0.09537790233602073,-0.04343782060158318
15,128,devtest,tur_Latn,jpn_Jpan,0.10323190153470617,-0.1340258031913975
15,128,devtest,tur_Latn,vie_Latn,0.03521659504744246,-0.05511949638299857
15,128,devtest,tur_Latn,ind_Latn,0.08473750707299957,-0.009022372864865222
15,128,devtest,vie_Latn,eng_Latn,0.04678309030153335,-0.012292483808223167
15,128,devtest,vie_Latn,deu_Latn,-0.008595685718620284,0.08561763462146613
15,128,devtest,vie_Latn,fra_Latn,0.10237050925428452,0.0881574892745543
15,128,devtest,vie_Latn,spa_Latn,0.04839871247320734,0.01869446533606728
15,128,devtest,vie_Latn,rus_Cyrl,-0.04582820359408515,-0.007915407151818698
15,128,devtest,vie_Latn,hin_Deva,0.019718085192612745,-0.11615118003989927
15,128,devtest,vie_Latn,arb_Arab,0.011158109695986447,0.0023003747382340602
15,128,devtest,vie_Latn,zho_Hans,0.05818064351339149,0.0118571487528014
15,128,devtest,vie_Latn,jpn_Jpan,0.0051571598563807265,-0.04214732921385117
15,128,devtest,vie_Latn,tur_Latn,0.025158733618083937,-0.024004566238599503
15,128,devtest,vie_Latn,ind_Latn,0.07181833558787212,0.095992880518332
15,128,devtest,ind_Latn,eng_Latn,0.01169105660740349,0.06129382430166909
15,128,devtest,ind_Latn,deu_Latn,0.03885860949300725,0.09063874103090479
15,128,devtest,ind_Latn,fra_Latn,0.11075071645546883,0.09988720012216813
15,128,devtest,ind_Latn,spa_Latn,0.0171422542927178,0.050700531193901555
15,128,devtest,ind_Latn,rus_Cyrl,-0.019320376935429904,0.041595272597701585
15,128,devtest,ind_Latn,hin_Deva,0.015045094732241478,-0.04480694201207945
15,128,devtest,ind_Latn,arb_Arab,0.030295641600419834,0.09888375062542651
15,128,devtest,ind_Latn,zho_Hans,0.010800842210886038,0.07842841197234623
15,128,devtest,ind_Latn,jpn_Jpan,0.05117228899806081,0.01277239819126228
15,128,devtest,ind_Latn,tur_Latn,0.054659975599963495,0.021160364704557375
15,128,devtest,ind_Latn,vie_Latn,0.05025316873631159,0.09926008261467131
15,256,devtest,eng_Latn,deu_Latn,0.11282440511298696,0.0931771032386633
15,256,devtest,eng_Latn,fra_Latn,0.13900688422791407,0.12036304178012634
15,256,devtest,eng_Latn,spa_Latn,0.024595649034328582,0.02767464420397856
15,256,devtest,eng_Latn,rus_Cyrl,0.03563314083004928,0.0069236589581697355
15,256,devtest,eng_Latn,hin_Deva,0.1252746330424897,-0.04147003670211059
15,256,devtest,eng_Latn,arb_Arab,0.10042109050086442,0.05942949369723
15,256,devtest,eng_Latn,zho_Hans,-0.026173653764779606,0.06074493442410606
15,256,devtest,eng_Latn,jpn_Jpan,-0.04099000396444239,-0.015616705697072072
15,256,devtest,eng_Latn,tur_Latn,0.08420758894827869,0.011174978487884114
15,256,devtest,eng_Latn,vie_Latn,0.11821514279399764,0.017230793225211993
15,256,devtest,eng_Latn,ind_Latn,0.06492884201540797,0.0945634298143219
15,256,devtest,deu_Latn,eng_Latn,0.031445320142193645,0.06259476272834089
15,256,devtest,deu_Latn,fra_Latn,0.059715159321557215,0.0943729185420154
15,256,devtest,deu_Latn,spa_Latn,0.0220516430276682,0.022189725635044184
15,256,devtest,deu_Latn,rus_Cyrl,-0.06562327359773004,0.01968146043773939
15,256,devtest,deu_Latn,hin_Deva,0.029335931282442843,-0.07656887612979713
15,256,devtest,deu_Latn,arb_Arab,-0.0156672983793178,0.025327196835487484
15,256,devtest,deu_Latn,zho_Hans,0.05635192552977498,0.04710612104988135
15,256,devtest,deu_Latn,jpn_Jpan,0.05662814708715245,-0.01749157757113729
15,256,devtest,deu_Latn,tur_Latn,0.04019887635234993,0.004816903800183848
15,256,devtest,deu_Latn,vie_Latn,-0.017663611026833736,0.07471744331748839
15,256,devtest,deu_Latn,ind_Latn,0.02895200104839563,0.08028693116137824
15,256,devtest,fra_Latn,eng_Latn,0.1064104236860459,0.12813869286750892
15,256,devtest,fra_Latn,deu_Latn,0.020659008703938015,0.11446467882906194
15,256,devtest,fra_Latn,spa_Latn,0.09826699557159031,0.08225056624854271
15,256,devtest,fra_Latn,rus_Cyrl,-0.004719291874183527,0.06155789795318269
15,256,devtest,fra_Latn,hin_Deva,-0.020382873382303983,-0.09741401251944685
15,256,devtest,fra_Latn,arb_Arab,0.04924556175883476,0.11860647512698362
15,256,devtest,fra_Latn,zho_Hans,0.06266235328595432,0.06414468018302068
15,256,devtest,fra_Latn,jpn_Jpan,0.04797691332727151,0.004546841490986809
15,256,devtest,fra_Latn,tur_Latn,0.0738061708331659,0.0333770776205023
15,256,devtest,fra_Latn,vie_Latn,0.10838209509781972,0.09984438545373653
15,256,devtest,fra_Latn,ind_Latn,0.11236886789695065,0.10658685967041692
15,256,devtest,spa_Latn,eng_Latn,-0.009015562665283567,-0.0076466912868619705
15,256,devtest,spa_Latn,deu_Latn,-0.004829149955162591,0.04143825301292023
15,256,devtest,spa_Latn,fra_Latn,0.08918474378402277,0.07121794611986511
15,256,devtest,spa_Latn,rus_Cyrl,-0.03771636031072959,-0.01093708573259725
15,256,devtest,spa_Latn,hin_Deva,-0.010387394390747796,-0.14505048913406376
15,256,devtest,spa_Latn,arb_Arab,0.061960648373866736,0.0359549198258075
15,256,devtest,spa_Latn,zho_Hans,0.07357113519616507,-0.051577751404739504
15,256,devtest,spa_Latn,jpn_Jpan,0.058156330063177865,-0.0463504910041062
15,256,devtest,spa_Latn,tur_Latn,0.017738458362718205,-0.014871174081085934
15,256,devtest,spa_Latn,vie_Latn,0.01704602434696631,0.018267416724532214
15,256,devtest,spa_Latn,ind_Latn,0.003494858355012595,0.03814314054157287
15,256,devtest,rus_Cyrl,eng_Latn,-0.003951886091649293,-0.0038529622736476875
15,256,devtest,rus_Cyrl,deu_Latn,-0.07514425386248151,0.0435917525790776
15,256,devtest,rus_Cyrl,fra_Latn,-0.007175928993867179,0.04718969710048339
15,256,devtest,rus_Cyrl,spa_Latn,-0.04960254927777677,0.003177823635869194
15,256,devtest,rus_Cyrl,hin_Deva,0.10595863340892248,-0.117718382755559
15,256,devtest,rus_Cyrl,arb_Arab,0.03523695063315523,0.030024665057916733
15,256,devtest,rus_Cyrl,zho_Hans,0.027405145893184893,-0.022805535838158912
15,256,devtest,rus_Cyrl,jpn_Jpan,0.009614598180490732,-0.04695424157015257
15,256,devtest,rus_Cyrl,tur_Latn,-0.005943396210863738,0.013820974883494765
15,256,devtest,rus_Cyrl,vie_Latn,-0.06530006178930368,0.018775528712377552
15,256,devtest,rus_Cyrl,ind_Latn,-0.03625665081360135,0.062183587027375156
15,256,devtest,hin_Deva,eng_Latn,0.0515642576817327,-0.04123968790899042
15,256,devtest,hin_Deva,deu_Latn,-0.046572962053958444,-0.023328761943396698
15,256,devtest,hin_Deva,fra_Latn,0.003145118209753401,-0.06359652224208455
15,256,devtest,hin_Deva,spa_Latn,-0.018159090683876486,-0.10194770957580075
15,256,devtest,hin_Deva,rus_Cyrl,0.0993434421009215,-0.0758472882429264
15,256,devtest,hin_Deva,arb_Arab,-0.0011755101354831306,-0.012520300267730463
15,256,devtest,hin_Deva,zho_Hans,0.11895848503707897,-0.01861146647982662
15,256,devtest,hin_Deva,jpn_Jpan,0.09671370791697334,-0.07124032346506529
15,256,devtest,hin_Deva,tur_Latn,-0.024485393050398492,-0.03769200229166836
15,256,devtest,hin_Deva,vie_Latn,-0.0023055300789529974,-0.04792857779872339
15,256,devtest,hin_Deva,ind_Latn,-0.014023673105949559,-0.005393314725680457
15,256,devtest,arb_Arab,eng_Latn,0.04400428750754876,0.0012525131219163301
15,256,devtest,arb_Arab,deu_Latn,-0.03927231464966564,0.017080716712900266
15,256,devtest,arb_Arab,fra_Latn,0.02048001170645063,0.07237630993027
15,256,devtest,arb_Arab,spa_Latn,0.028157993677259026,0.006026957725902363
15,256,devtest,arb_Arab,rus_Cyrl,0.04723779053229285,-0.01347594004093762
15,256,devtest,arb_Arab,hin_Deva,0.09405288721905158,-0.10965573675757466
15,256,devtest,arb_Arab,zho_Hans,0.07191151629079415,-0.05072469818595243
15,256,devtest,arb_Arab,jpn_Jpan,0.059581876448948724,-0.0650451683476655
15,256,devtest,arb_Arab,tur_Latn,0.011544984777965487,-0.02766030904497815
15,256,devtest,arb_Arab,vie_Latn,-0.005333405750228114,-0.03093049289451522
15,256,devtest,arb_Arab,ind_Latn,0.013144960288142956,0.07163969307628906
15,256,devtest,zho_Hans,eng_Latn,0.03102522145617426,0.018646889414379753
15,256,devtest,zho_Hans,deu_Latn,0.11362927563849048,0.0417450853640719
15,256,devtest,zho_Hans,fra_Latn,0.10366141715679852,0.03196508912710306
15,256,devtest,zho_Hans,spa_Latn,0.1472543208370259,-0.05991860588430341
15,256,devtest,zho_Hans,rus_Cyrl,0.11960766267448483,-0.05110951195935016
15,256,devtest,zho_Hans,hin_Deva,0.12546521459171742,-0.07055193835188706
15,256,devtest,zho_Hans,arb_Arab,0.13246332106831968,-0.026622864997195364
15,256,devtest,zho_Hans,jpn_Jpan,0.06019821447193177,-0.08295550216690065
15,256,devtest,zho_Hans,tur_Latn,0.09658011820256658,-0.01834521801522066
15,256,devtest,zho_Hans,vie_Latn,0.12464970179533162,-0.011647608715909098
15,256,devtest,zho_Hans,ind_Latn,0.06576842039495248,0.046055446438507265
15,256,devtest,jpn_Jpan,eng_Latn,-0.0848750231105791,0.02672785089918479
15,256,devtest,jpn_Jpan,deu_Latn,0.06371949961346227,0.06421667274042568
15,256,devtest,jpn_Jpan,fra_Latn,0.06511134285545275,0.026695718028178012
15,256,devtest,jpn_Jpan,spa_Latn,0.0836732817410076,0.01671272147300645
15,256,devtest,jpn_Jpan,rus_Cyrl,0.047743292191852256,0.007833856647911813
15,256,devtest,jpn_Jpan,hin_Deva,0.09811738943212325,-0.04663202277238175
15,256,devtest,jpn_Jpan,arb_Arab,0.08368545271333565,0.03729227702777484
15,256,devtest,jpn_Jpan,zho_Hans,-0.022467866169026098,-0.015375188596841506
15,256,devtest,jpn_Jpan,tur_Latn,0.062064672162092,-0.030140853025120377
15,256,devtest,jpn_Jpan,vie_Latn,-0.009812791338985409,0.005415018281336201
15,256,devtest,jpn_Jpan,ind_Latn,0.05079299193355259,0.05303875907894675
15,256,devtest,tur_Latn,eng_Latn,0.009899272680496403,-0.05205301268452748
15,256,devtest,tur_Latn,deu_Latn,0.061767594069318865,-0.02607042958886604
15,256,devtest,tur_Latn,fra_Latn,0.11068422641401736,-0.018982940573083536
15,256,devtest,tur_Latn,spa_Latn,0.06838188372250562,-0.06445052053909743
15,256,devtest,tur_Latn,rus_Cyrl,0.0069116132826255805,-0.06202844306226028
15,256,devtest,tur_Latn,hin_Deva,0.057370811554443665,-0.1404578108948218
15,256,devtest,tur_Latn,arb_Arab,0.053137373770474,-0.03789316692496276
15,256,devtest,tur_Latn,zho_Hans,0.10244360628398168,-0.05149109840615853
15,256,devtest,tur_Latn,jpn_Jpan,0.10184061054878694,-0.14482756211005438
15,256,devtest,tur_Latn,vie_Latn,0.04024267133797306,-0.0630498472171259
15,256,devtest,tur_Latn,ind_Latn,0.0773905962044937,-0.014064905056774145
15,256,devtest,vie_Latn,eng_Latn,0.04579730109281919,-0.021852594970270173
15,256,devtest,vie_Latn,deu_Latn,-0.00029513961158682435,0.08899365502217003
15,256,devtest,vie_Latn,fra_Latn,0.11092888913976072,0.07264267581688888
15,256,devtest,vie_Latn,spa_Latn,0.04852537411800694,0.007499042167728925
15,256,devtest,vie_Latn,rus_Cyrl,-0.03765603230589346,-0.004751814829984875
15,256,devtest,vie_Latn,hin_Deva,0.030679756122870543,-0.11483857912097521
15,256,devtest,vie_Latn,arb_Arab,0.017020913987307342,-0.00021093238308324215
15,256,devtest,vie_Latn,zho_Hans,0.0600937309152318,0.000865059736179691
15,256,devtest,vie_Latn,jpn_Jpan,0.005362719268696111,-0.05691693145366939
15,256,devtest,vie_Latn,tur_Latn,0.02646201239512101,-0.023419363099606166
15,256,devtest,vie_Latn,ind_Latn,0.07105265627607822,0.09395351303694242
15,256,devtest,ind_Latn,eng_Latn,0.009037594224998703,0.05057615681665493
15,256,devtest,ind_Latn,deu_Latn,0.03474337288703562,0.087070491388837
15,256,devtest,ind_Latn,fra_Latn,0.10636999693319076,0.08303067557885702
15,256,devtest,ind_Latn,spa_Latn,0.017437711374465623,0.03620250542234233
15,256,devtest,ind_Latn,rus_Cyrl,-0.021948353317524528,0.04276919582501918
15,256,devtest,ind_Latn,hin_Deva,0.02387249509903494,-0.05205258208416817
15,256,devtest,ind_Latn,arb_Arab,0.03588702964580469,0.0896831293488128
15,256,devtest,ind_Latn,zho_Hans,0.020525803755058157,0.05981192575655626
15,256,devtest,ind_Latn,jpn_Jpan,0.04786099059861631,-0.006815846720999457
15,256,devtest,ind_Latn,tur_Latn,0.04812477873054764,0.019045009079203264
15,256,devtest,ind_Latn,vie_Latn,0.04940476163124774,0.09250308986217334
16,64,devtest,eng_Latn,deu_Latn,0.097362303939245,0.10077347582508904
16,64,devtest,eng_Latn,fra_Latn,0.11779327772762929,0.1019852527932648
16,64,devtest,eng_Latn,spa_Latn,0.031113354450433242,0.0033585014874706184
16,64,devtest,eng_Latn,rus_Cyrl,0.03824862877000871,0.006424832495864665
16,64,devtest,eng_Latn,hin_Deva,0.09104266884492239,-0.07101762303625994
16,64,devtest,eng_Latn,arb_Arab,0.11873165146074663,0.04204180308802274
16,64,devtest,eng_Latn,zho_Hans,-0.035819899269405805,0.06018727737991338
16,64,devtest,eng_Latn,jpn_Jpan,-0.02563287672696068,0.023596935501413424
16,64,devtest,eng_Latn,tur_Latn,0.06910715853682994,-0.02509986047137057
16,64,devtest,eng_Latn,vie_Latn,0.10412984538212595,-0.013851654353075343
16,64,devtest,eng_Latn,ind_Latn,0.07581546544010884,0.08675069383325264
16,64,devtest,deu_Latn,eng_Latn,0.027990719161292876,0.07878813781592817
16,64,devtest,deu_Latn,fra_Latn,0.06251260036050157,0.09640902043306075
16,64,devtest,deu_Latn,spa_Latn,0.027389711480975347,0.03721422100322747
16,64,devtest,deu_Latn,rus_Cyrl,-0.05903321209101534,0.03916185836309331
16,64,devtest,deu_Latn,hin_Deva,0.013585481157761677,-0.06513389334217652
16,64,devtest,deu_Latn,arb_Arab,-0.018676884168071672,0.024512161719467098
16,64,devtest,deu_Latn,zho_Hans,0.04384831640297085,0.060397626680051573
16,64,devtest,deu_Latn,jpn_Jpan,0.0476699952368247,0.01647744956297411
16,64,devtest,deu_Latn,tur_Latn,0.0373986164361699,-0.004379743985172799
16,64,devtest,deu_Latn,vie_Latn,-0.010165645267349177,0.05292096290042755
16,64,devtest,deu_Latn,ind_Latn,0.05225719915127256,0.0758870903605075
16,64,devtest,fra_Latn,eng_Latn,0.09860565652090995,0.11282857285532254
16,64,devtest,fra_Latn,deu_Latn,0.03467078216221109,0.10831564393911015
16,64,devtest,fra_Latn,spa_Latn,0.1038448400911312,0.09508576869739077
16,64,devtest,fra_Latn,rus_Cyrl,-0.004961591705643073,0.06757085427271581
16,64,devtest,fra_Latn,hin_Deva,-0.03339275410270577,-0.10456890841718154
16,64,devtest,fra_Latn,arb_Arab,0.06098453673922328,0.09229227175498012
16,64,devtest,fra_Latn,zho_Hans,0.052748007257941355,0.05601053591826677
16,64,devtest,fra_Latn,jpn_Jpan,0.04071192136752516,0.022211461746247496
16,64,devtest,fra_Latn,tur_Latn,0.06860820985090817,0.035132650675911065
16,64,devtest,fra_Latn,vie_Latn,0.11444453704110834,0.09408927747953656
16,64,devtest,fra_Latn,ind_Latn,0.10833283174167728,0.10955002065313975
16,64,devtest,spa_Latn,eng_Latn,0.007077226505156909,-0.017516334292134728
16,64,devtest,spa_Latn,deu_Latn,0.003999551892308189,0.051772035579803685
16,64,devtest,spa_Latn,fra_Latn,0.09701990608521074,0.0891689217730385
16,64,devtest,spa_Latn,rus_Cyrl,-0.021295362358130093,0.00031139592666689373
16,64,devtest,spa_Latn,hin_Deva,-0.028306402884302848,-0.15539041530803213
16,64,devtest,spa_Latn,arb_Arab,0.06754519162118469,0.05614906061216201
16,64,devtest,spa_Latn,zho_Hans,0.06366640849373535,-0.03908574379377355
16,64,devtest,spa_Latn,jpn_Jpan,0.07985712946470844,0.002401302662979889
16,64,devtest,spa_Latn,tur_Latn,0.02077666714770993,-0.01204510822755186
16,64,devtest,spa_Latn,vie_Latn,0.03503132948981372,0.01381292471213829
16,64,devtest,spa_Latn,ind_Latn,0.020536102570360766,0.043440240258227965
16,64,devtest,rus_Cyrl,eng_Latn,0.007621306039280029,-0.0073681667284282585
16,64,devtest,rus_Cyrl,deu_Latn,-0.059512399606477584,0.05112557284973553
16,64,devtest,rus_Cyrl,fra_Latn,-0.004583034763982781,0.05444664210394291
16,64,devtest,rus_Cyrl,spa_Latn,-0.028624065474019265,-0.0016393126098177525
16,64,devtest,rus_Cyrl,hin_Deva,0.09754817703111193,-0.11914403085880534
16,64,devtest,rus_Cyrl,arb_Arab,0.04022548754033233,0.03019837846736732
16,64,devtest,rus_Cyrl,zho_Hans,0.021939513969749823,-0.029195317624534638
16,64,devtest,rus_Cyrl,jpn_Jpan,0.04183957164810789,-0.006928907774671152
16,64,devtest,rus_Cyrl,tur_Latn,0.011052663340871374,0.003854057956056019
16,64,devtest,rus_Cyrl,vie_Latn,-0.057271293919977394,0.010735120422601777
16,64,devtest,rus_Cyrl,ind_Latn,-0.028406599014093214,0.05818102381415244
16,64,devtest,hin_Deva,eng_Latn,0.06714818899367882,-0.050807641192059744
16,64,devtest,hin_Deva,deu_Latn,-0.02600197366786854,-0.014262731507185752
16,64,devtest,hin_Deva,fra_Latn,0.014539551139208195,-0.061499132775322214
16,64,devtest,hin_Deva,spa_Latn,-0.0003666621399580013,-0.09757253024742418
16,64,devtest,hin_Deva,rus_Cyrl,0.1070703323874524,-0.06550311713182433
16,64,devtest,hin_Deva,arb_Arab,0.026049757311634163,-0.015916448388337435
16,64,devtest,hin_Deva,zho_Hans,0.11464537718644983,-0.011242533972942087
16,64,devtest,hin_Deva,jpn_Jpan,0.11001603458312731,-0.06247840831686501
16,64,devtest,hin_Deva,tur_Latn,-0.001968182481737335,-0.03985406111213953
16,64,devtest,hin_Deva,vie_Latn,0.0019638096870894604,-0.06092718890026619
16,64,devtest,hin_Deva,ind_Latn,0.017585267159827497,-0.0015609595788322762
16,64,devtest,arb_Arab,eng_Latn,0.07054284646765485,0.010881835207470675
16,64,devtest,arb_Arab,deu_Latn,-0.04324066989687639,0.02712160799298078
16,64,devtest,arb_Arab,fra_Latn,0.04102671489726333,0.06739564195616184
16,64,devtest,arb_Arab,spa_Latn,0.04763136346912354,0.044066631537629915
16,64,devtest,arb_Arab,rus_Cyrl,0.04607313874705165,0.01680534959912564
16,64,devtest,arb_Arab,hin_Deva,0.06729648626674198,-0.09460867133409916
16,64,devtest,arb_Arab,zho_Hans,0.061286900246369284,-0.031181187097812115
16,64,devtest,arb_Arab,jpn_Jpan,0.07769706750610698,-0.017266792401184707
16,64,devtest,arb_Arab,tur_Latn,0.04306774109062614,-0.01459795624709668
16,64,devtest,arb_Arab,vie_Latn,0.01469420502553163,-0.01728829208122683
16,64,devtest,arb_Arab,ind_Latn,-0.009504726850850645,0.09308463957615874
16,64,devtest,zho_Hans,eng_Latn,0.0013416804991664396,-0.005520246564265072
16,64,devtest,zho_Hans,deu_Latn,0.10682982982944614,0.020314189395441294
16,64,devtest,zho_Hans,fra_Latn,0.08791884139678789,-0.0015769820067114255
16,64,devtest,zho_Hans,spa_Latn,0.13421878718853464,-0.07883497662269623
16,64,devtest,zho_Hans,rus_Cyrl,0.0994245450300041,-0.06605481161627341
16,64,devtest,zho_Hans,hin_Deva,0.12004542832250778,-0.09332781833129751
16,64,devtest,zho_Hans,arb_Arab,0.13607181226418152,-0.06292093266373035
16,64,devtest,zho_Hans,jpn_Jpan,0.03472769150618289,-0.07912409228880421
16,64,devtest,zho_Hans,tur_Latn,0.07404470448711614,-0.04984400585983456
16,64,devtest,zho_Hans,vie_Latn,0.11442058489099471,-0.04213894665760551
16,64,devtest,zho_Hans,ind_Latn,0.07131991994239946,0.020633335233954966
16,64,devtest,jpn_Jpan,eng_Latn,-0.05965413042663257,0.03909592812200237
16,64,devtest,jpn_Jpan,deu_Latn,0.05367105808012343,0.06432603812414722
16,64,devtest,jpn_Jpan,fra_Latn,0.061111287162233616,0.03320940826812231
16,64,devtest,jpn_Jpan,spa_Latn,0.09779138648268983,0.026260551204169917
16,64,devtest,jpn_Jpan,rus_Cyrl,0.06260297187544131,0.027023007218260873
16,64,devtest,jpn_Jpan,hin_Deva,0.09225983884074665,-0.07636067158289034
16,64,devtest,jpn_Jpan,arb_Arab,0.09115643002500634,0.027583112729328296
16,64,devtest,jpn_Jpan,zho_Hans,-0.036504614127899404,-0.020463621345489937
16,64,devtest,jpn_Jpan,tur_Latn,0.054990133319080585,-0.051230663329648075
16,64,devtest,jpn_Jpan,vie_Latn,-0.0119985948986252,-0.005324364246411254
16,64,devtest,jpn_Jpan,ind_Latn,0.0415012444987184,0.07301408683588033
16,64,devtest,tur_Latn,eng_Latn,0.022286816233443876,-0.053099242106489614
16,64,devtest,tur_Latn,deu_Latn,0.05894657132942817,-0.011263819880719714
16,64,devtest,tur_Latn,fra_Latn,0.09916704539369513,0.01774846298849327
16,64,devtest,tur_Latn,spa_Latn,0.07639106281817744,-0.04053974602366003
16,64,devtest,tur_Latn,rus_Cyrl,0.009257357082771858,-0.023928008846613957
16,64,devtest,tur_Latn,hin_Deva,0.018876032453659302,-0.11858435542556349
16,64,devtest,tur_Latn,arb_Arab,0.07672725975291779,-0.012575310393992043
16,64,devtest,tur_Latn,zho_Hans,0.0694012573240211,-0.027993787742825817
16,64,devtest,tur_Latn,jpn_Jpan,0.10054174539400347,-0.10749356466039342
16,64,devtest,tur_Latn,vie_Latn,0.02453115289925572,-0.05498357467600822
16,64,devtest,tur_Latn,ind_Latn,0.07664941518068732,-0.0021406325787018676
16,64,devtest,vie_Latn,eng_Latn,0.05315927271938864,-0.038934044931117136
16,64,devtest,vie_Latn,deu_Latn,0.010113549886588084,0.06906412399534134
16,64,devtest,vie_Latn,fra_Latn,0.11260436719940627,0.0763409531003635
16,64,devtest,vie_Latn,spa_Latn,0.055871662674594015,0.004339336349056491
16,64,devtest,vie_Latn,rus_Cyrl,-0.03391687398335696,-0.0008171129455721442
16,64,devtest,vie_Latn,hin_Deva,0.007624611639679593,-0.12967223561232336
16,64,devtest,vie_Latn,arb_Arab,0.040275243665599335,-0.006401337264144695
16,64,devtest,vie_Latn,zho_Hans,0.0497283871126706,0.0019276050659699374
16,64,devtest,vie_Latn,jpn_Jpan,-0.0008565834350783642,-0.03509450550884795
16,64,devtest,vie_Latn,tur_Latn,0.019406543358080328,-0.036882451138042255
16,64,devtest,vie_Latn,ind_Latn,0.07368251913158758,0.09174814564473374
16,64,devtest,ind_Latn,eng_Latn,0.034582909734957416,0.05357269934305956
16,64,devtest,ind_Latn,deu_Latn,0.046557130324878196,0.0832148860638996
16,64,devtest,ind_Latn,fra_Latn,0.10901467124732565,0.09692319965638704
16,64,devtest,ind_Latn,spa_Latn,0.034079935097891104,0.038214572050603614
16,64,devtest,ind_Latn,rus_Cyrl,-0.01927750002887584,0.051810032760529784
16,64,devtest,ind_Latn,hin_Deva,0.024299184971147057,-0.04780726434520614
16,64,devtest,ind_Latn,arb_Arab,0.018239327828429575,0.09308549643078388
16,64,devtest,ind_Latn,zho_Hans,0.015563681781870375,0.06381511775735674
16,64,devtest,ind_Latn,jpn_Jpan,0.052911891288410166,0.03982249694866659
16,64,devtest,ind_Latn,tur_Latn,0.04775800957504629,0.008796136606053901
16,64,devtest,ind_Latn,vie_Latn,0.05264886766428739,0.08763731933456087
16,128,devtest,eng_Latn,deu_Latn,0.11179455861949338,0.08649705079940899
16,128,devtest,eng_Latn,fra_Latn,0.13227966916469105,0.10216442131723828
16,128,devtest,eng_Latn,spa_Latn,0.029605443176012883,0.0024971962802374176
16,128,devtest,eng_Latn,rus_Cyrl,0.05151238578064083,0.009940505913985227
16,128,devtest,eng_Latn,hin_Deva,0.09391462292248601,-0.06806093310632122
16,128,devtest,eng_Latn,arb_Arab,0.1061081478622193,0.04608055490694413
16,128,devtest,eng_Latn,zho_Hans,-0.021776343081314247,0.052810589628184135
16,128,devtest,eng_Latn,jpn_Jpan,-0.032395258670932396,-0.00136417708074602
16,128,devtest,eng_Latn,tur_Latn,0.08230781554859622,-0.011407765330355719
16,128,devtest,eng_Latn,vie_Latn,0.11335698822345419,-0.0003188004505880211
16,128,devtest,eng_Latn,ind_Latn,0.07287356913787124,0.09455693951815954
16,128,devtest,deu_Latn,eng_Latn,0.031061883412582505,0.06503170407951189
16,128,devtest,deu_Latn,fra_Latn,0.0595532739780813,0.10524148833863332
16,128,devtest,deu_Latn,spa_Latn,0.025911962609918113,0.02720412991930788
16,128,devtest,deu_Latn,rus_Cyrl,-0.06127817619016222,0.03391001568700643
16,128,devtest,deu_Latn,hin_Deva,0.019177219222596475,-0.07864762046735087
16,128,devtest,deu_Latn,arb_Arab,-0.022013885433873705,0.01458986847566837
16,128,devtest,deu_Latn,zho_Hans,0.04861702808302455,0.05684599734938107
16,128,devtest,deu_Latn,jpn_Jpan,0.05343640477639018,0.004553241615879737
16,128,devtest,deu_Latn,tur_Latn,0.04608336514424405,0.0003862353194828704
16,128,devtest,deu_Latn,vie_Latn,-0.012999939674918479,0.0639554382038255
16,128,devtest,deu_Latn,ind_Latn,0.040133794449915695,0.07512603570401011
16,128,devtest,fra_Latn,eng_Latn,0.1118348305078534,0.11050396170832395
16,128,devtest,fra_Latn,deu_Latn,0.029915679579815644,0.11972501783977607
16,128,devtest,fra_Latn,spa_Latn,0.09820041943607791,0.08083839772692172
16,128,devtest,fra_Latn,rus_Cyrl,-0.0025828989512263405,0.06576695000840897
16,128,devtest,fra_Latn,hin_Deva,-0.037489366076895736,-0.10736259098653894
16,128,devtest,fra_Latn,arb_Arab,0.05445971379326527,0.10224545024758212
16,128,devtest,fra_Latn,zho_Hans,0.07274627922479675,0.0597013366167681
16,128,devtest,fra_Latn,jpn_Jpan,0.03456401033699604,0.023229944837973266
16,128,devtest,fra_Latn,tur_Latn,0.06710670341323008,0.026265418686416506
16,128,devtest,fra_Latn,vie_Latn,0.110118862168393,0.09371598353713892
16,128,devtest,fra_Latn,ind_Latn,0.11501409806794914,0.11009140617217775
16,128,devtest,spa_Latn,eng_Latn,0.0007382376143354214,-0.017810866246970005
16,128,devtest,spa_Latn,deu_Latn,0.004010303936212968,0.043300101412246834
16,128,devtest,spa_Latn,fra_Latn,0.08901166783458797,0.07386372127481836
16,128,devtest,spa_Latn,rus_Cyrl,-0.026956587247061414,-0.0014580538496926808
16,128,devtest,spa_Latn,hin_Deva,-0.026538266530408496,-0.1561227650658844
16,128,devtest,spa_Latn,arb_Arab,0.06854579383379092,0.05060508602306901
16,128,devtest,spa_Latn,zho_Hans,0.06612149133980552,-0.036270728131725605
16,128,devtest,spa_Latn,jpn_Jpan,0.08273425429737656,-0.0243298867258598
16,128,devtest,spa_Latn,tur_Latn,0.02878977723253908,-0.015332298832825891
16,128,devtest,spa_Latn,vie_Latn,0.032623218244219834,0.013729745153809031
16,128,devtest,spa_Latn,ind_Latn,0.020407324275000485,0.046510949871762894
16,128,devtest,rus_Cyrl,eng_Latn,0.015019266351477356,-0.002220697735957851
16,128,devtest,rus_Cyrl,deu_Latn,-0.06308790106823446,0.0509911992451841
16,128,devtest,rus_Cyrl,fra_Latn,-0.0011499009395659124,0.05476872258340398
16,128,devtest,rus_Cyrl,spa_Latn,-0.032425828297690425,0.0011935763142374126
16,128,devtest,rus_Cyrl,hin_Deva,0.10209958205169786,-0.1254609523892
16,128,devtest,rus_Cyrl,arb_Arab,0.03622477720141143,0.02865647149767679
16,128,devtest,rus_Cyrl,zho_Hans,0.03426865939422455,-0.02703394691656705
16,128,devtest,rus_Cyrl,jpn_Jpan,0.027877339832244618,-0.03679212216970982
16,128,devtest,rus_Cyrl,tur_Latn,0.011841727833790413,-0.0006204182255442859
16,128,devtest,rus_Cyrl,vie_Latn,-0.059468490641244064,0.003680861168664128
16,128,devtest,rus_Cyrl,ind_Latn,-0.03222450212125077,0.057133282623168774
16,128,devtest,hin_Deva,eng_Latn,0.051144151041444215,-0.04164430495138811
16,128,devtest,hin_Deva,deu_Latn,-0.029051783121747735,-0.013394306689546673
16,128,devtest,hin_Deva,fra_Latn,0.005527097421889873,-0.058540665739893465
16,128,devtest,hin_Deva,spa_Latn,-0.012711631516750043,-0.10068124503194156
16,128,devtest,hin_Deva,rus_Cyrl,0.10959047980757038,-0.07164485679433098
16,128,devtest,hin_Deva,arb_Arab,0.010229546178092736,-0.0084301507213538
16,128,devtest,hin_Deva,zho_Hans,0.11729757298912263,-0.015082343512582882
16,128,devtest,hin_Deva,jpn_Jpan,0.10299033850852815,-0.05844787362451737
16,128,devtest,hin_Deva,tur_Latn,-0.009839853001091645,-0.030733767183802486
16,128,devtest,hin_Deva,vie_Latn,0.00838735762853201,-0.05136356740858888
16,128,devtest,hin_Deva,ind_Latn,0.004358633714859584,0.00053305421886178
16,128,devtest,arb_Arab,eng_Latn,0.053047315017084457,0.010908224747763439
16,128,devtest,arb_Arab,deu_Latn,-0.04679633412308929,0.017764729512147737
16,128,devtest,arb_Arab,fra_Latn,0.02980510696632308,0.07463432722361563
16,128,devtest,arb_Arab,spa_Latn,0.047230277241240216,0.035913970210873336
16,128,devtest,arb_Arab,rus_Cyrl,0.04509782965101711,0.008049776920107388
16,128,devtest,arb_Arab,hin_Deva,0.06552463290126574,-0.09973410904819961
16,128,devtest,arb_Arab,zho_Hans,0.07717570529177356,-0.02451267131086497
16,128,devtest,arb_Arab,jpn_Jpan,0.06880901230908759,-0.026713701606867604
16,128,devtest,arb_Arab,tur_Latn,0.03403425913733328,-0.015412204303772072
16,128,devtest,arb_Arab,vie_Latn,0.003013736755053843,-0.011004732586386403
16,128,devtest,arb_Arab,ind_Latn,0.005463844306663349,0.09110296062093623
16,128,devtest,zho_Hans,eng_Latn,0.01886138009459332,-0.01155304584669985
16,128,devtest,zho_Hans,deu_Latn,0.11865791508093086,0.022926056176324792
16,128,devtest,zho_Hans,fra_Latn,0.10960707686664897,0.012951229173843422
16,128,devtest,zho_Hans,spa_Latn,0.13841430203358285,-0.07148607000750946
16,128,devtest,zho_Hans,rus_Cyrl,0.11894040968698637,-0.06408525113860537
16,128,devtest,zho_Hans,hin_Deva,0.12412064937599147,-0.10039507814781871
16,128,devtest,zho_Hans,arb_Arab,0.1456259582158537,-0.049353286895823925
16,128,devtest,zho_Hans,jpn_Jpan,0.04516136825178442,-0.08477247948405835
16,128,devtest,zho_Hans,tur_Latn,0.09357771826618858,-0.042392979884035197
16,128,devtest,zho_Hans,vie_Latn,0.11636007128377898,-0.04031631714934037
16,128,devtest,zho_Hans,ind_Latn,0.05505156243322444,0.03828230131360153
16,128,devtest,jpn_Jpan,eng_Latn,-0.07503781860488978,0.022551494467761616
16,128,devtest,jpn_Jpan,deu_Latn,0.06281666046129185,0.06342897565642078
16,128,devtest,jpn_Jpan,fra_Latn,0.05538565106460414,0.04146050675425806
16,128,devtest,jpn_Jpan,spa_Latn,0.10680948540780502,0.008833616456479648
16,128,devtest,jpn_Jpan,rus_Cyrl,0.060904199428269606,0.004467891243297106
16,128,devtest,jpn_Jpan,hin_Deva,0.096744436552314,-0.06597688841604259
16,128,devtest,jpn_Jpan,arb_Arab,0.08120278454915798,0.03239231927058797
16,128,devtest,jpn_Jpan,zho_Hans,-0.031184405849835114,-0.02220547604395014
16,128,devtest,jpn_Jpan,tur_Latn,0.05927206315990423,-0.04144720092180009
16,128,devtest,jpn_Jpan,vie_Latn,-0.008520290866084525,-0.0007517951042964668
16,128,devtest,jpn_Jpan,ind_Latn,0.05203863093548087,0.06173824564759017
16,128,devtest,tur_Latn,eng_Latn,0.023234911169381856,-0.05208739197844636
16,128,devtest,tur_Latn,deu_Latn,0.06948417913992685,-0.01285581826411425
16,128,devtest,tur_Latn,fra_Latn,0.09929137819325515,-0.0072154762369924345
16,128,devtest,tur_Latn,spa_Latn,0.08165017053017856,-0.0547902983966868
16,128,devtest,tur_Latn,rus_Cyrl,0.01043321630650578,-0.04340813260099543
16,128,devtest,tur_Latn,hin_Deva,0.029662856906005817,-0.12453049623967052
16,128,devtest,tur_Latn,arb_Arab,0.06624886138796418,-0.019888108074367535
16,128,devtest,tur_Latn,zho_Hans,0.08817619922427328,-0.03578325723390506
16,128,devtest,tur_Latn,jpn_Jpan,0.09361808093778992,-0.12238679304828082
16,128,devtest,tur_Latn,vie_Latn,0.04842833915436293,-0.05335681196168946
16,128,devtest,tur_Latn,ind_Latn,0.07888774574339479,-0.003634815470308686
16,128,devtest,vie_Latn,eng_Latn,0.054912496378215915,-0.02739817807983055
16,128,devtest,vie_Latn,deu_Latn,0.008537887520560937,0.08348397569422907
16,128,devtest,vie_Latn,fra_Latn,0.10911466262490233,0.07316066262974269
16,128,devtest,vie_Latn,spa_Latn,0.05453751805103617,0.00632134537246577
16,128,devtest,vie_Latn,rus_Cyrl,-0.034886993393811475,-0.007981847476916906
16,128,devtest,vie_Latn,hin_Deva,0.018230876689723143,-0.12359834102575752
16,128,devtest,vie_Latn,arb_Arab,0.031425299335151424,0.007596848492426965
16,128,devtest,vie_Latn,zho_Hans,0.04404488119701406,0.0059084083697002535
16,128,devtest,vie_Latn,jpn_Jpan,0.00325689761823934,-0.03878217015102446
16,128,devtest,vie_Latn,tur_Latn,0.0401604301147867,-0.028252692105052435
16,128,devtest,vie_Latn,ind_Latn,0.07107496449516601,0.09722564238381322
16,128,devtest,ind_Latn,eng_Latn,0.030430895874996453,0.05475193578504518
16,128,devtest,ind_Latn,deu_Latn,0.03459088272801175,0.07983397861754397
16,128,devtest,ind_Latn,fra_Latn,0.11199874249808552,0.09350797415202457
16,128,devtest,ind_Latn,spa_Latn,0.03011618988596561,0.04006121956101547
16,128,devtest,ind_Latn,rus_Cyrl,-0.021450194347310617,0.04403731958009811
16,128,devtest,ind_Latn,hin_Deva,0.018279161397141527,-0.05483059828216565
16,128,devtest,ind_Latn,arb_Arab,0.03581689187963862,0.09248821086146451
16,128,devtest,ind_Latn,zho_Hans,0.008036621673544854,0.07459819365108271
16,128,devtest,ind_Latn,jpn_Jpan,0.06367339687625014,0.01842822150844021
16,128,devtest,ind_Latn,tur_Latn,0.04676051396555354,0.017156098134630357
16,128,devtest,ind_Latn,vie_Latn,0.04394862748106078,0.09116101955888331
16,256,devtest,eng_Latn,deu_Latn,0.12717517543568493,0.08913388770304036
16,256,devtest,eng_Latn,fra_Latn,0.1316306068185966,0.11004318144111809
16,256,devtest,eng_Latn,spa_Latn,0.036265172362711866,0.01081821179339246
16,256,devtest,eng_Latn,rus_Cyrl,0.04708656953900914,0.010138518447206698
16,256,devtest,eng_Latn,hin_Deva,0.11413852496027498,-0.0644482509417583
16,256,devtest,eng_Latn,arb_Arab,0.11508576876733823,0.04649178708507365
16,256,devtest,eng_Latn,zho_Hans,-0.019703466486088256,0.05705293711292904
16,256,devtest,eng_Latn,jpn_Jpan,-0.033994455400881585,-0.00825179029946151
16,256,devtest,eng_Latn,tur_Latn,0.08599512093097772,0.003912060267200336
16,256,devtest,eng_Latn,vie_Latn,0.10813025253402284,0.007926836389831564
16,256,devtest,eng_Latn,ind_Latn,0.07437338268026872,0.09324636866212618
16,256,devtest,deu_Latn,eng_Latn,0.03510364070091612,0.061124546745905346
16,256,devtest,deu_Latn,fra_Latn,0.05890826875770941,0.08787804136411664
16,256,devtest,deu_Latn,spa_Latn,0.024364774179060116,0.024714629202845177
16,256,devtest,deu_Latn,rus_Cyrl,-0.07479451436628058,0.018948484556471204
16,256,devtest,deu_Latn,hin_Deva,0.01999485936373559,-0.08282127198581914
16,256,devtest,deu_Latn,arb_Arab,-0.015819033151252982,0.014278375668928363
16,256,devtest,deu_Latn,zho_Hans,0.05654641110262049,0.04239853115483419
16,256,devtest,deu_Latn,jpn_Jpan,0.04310039281136047,-0.008718650075341287
16,256,devtest,deu_Latn,tur_Latn,0.03349459184200405,0.004331992138979483
16,256,devtest,deu_Latn,vie_Latn,-0.005169247816638716,0.05253371387614449
16,256,devtest,deu_Latn,ind_Latn,0.03502637864068254,0.07841694816294667
16,256,devtest,fra_Latn,eng_Latn,0.10507606372239932,0.11127039261592304
16,256,devtest,fra_Latn,deu_Latn,0.02369640576688214,0.10178030965145893
16,256,devtest,fra_Latn,spa_Latn,0.09658339176063173,0.07868727756105806
16,256,devtest,fra_Latn,rus_Cyrl,-0.003638532618299104,0.053599953475109444
16,256,devtest,fra_Latn,hin_Deva,-0.023030115803514783,-0.1049744724900676
16,256,devtest,fra_Latn,arb_Arab,0.055942217030895885,0.10158318527404044
16,256,devtest,fra_Latn,zho_Hans,0.07540545687403724,0.059771171761181206
16,256,devtest,fra_Latn,jpn_Jpan,0.04976979278592154,0.002422227067026182
16,256,devtest,fra_Latn,tur_Latn,0.0651311065269363,0.02795374670651072
16,256,devtest,fra_Latn,vie_Latn,0.1059394333202417,0.08768730692038154
16,256,devtest,fra_Latn,ind_Latn,0.10721707647189156,0.0996490822000786
16,256,devtest,spa_Latn,eng_Latn,0.0009246886805249223,-0.024356653814933026
16,256,devtest,spa_Latn,deu_Latn,-0.00382802871049065,0.04054107586484334
16,256,devtest,spa_Latn,fra_Latn,0.08609020996394508,0.06941029792678588
16,256,devtest,spa_Latn,rus_Cyrl,-0.02628851683597613,-0.009282558224938411
16,256,devtest,spa_Latn,hin_Deva,-0.014749942106619196,-0.1530525950054645
16,256,devtest,spa_Latn,arb_Arab,0.06535278338341607,0.04031898623252142
16,256,devtest,spa_Latn,zho_Hans,0.06822992698734855,-0.04737768638760799
16,256,devtest,spa_Latn,jpn_Jpan,0.06512374973737992,-0.040104325062906884
16,256,devtest,spa_Latn,tur_Latn,0.02114304807380904,-0.016666707926972873
16,256,devtest,spa_Latn,vie_Latn,0.025775829979202403,0.0039516108780638
16,256,devtest,spa_Latn,ind_Latn,0.013510633411192073,0.04010922074770487
16,256,devtest,rus_Cyrl,eng_Latn,0.003894647199929274,-0.005809216792889924
16,256,devtest,rus_Cyrl,deu_Latn,-0.07508294856815001,0.03727663316489925
16,256,devtest,rus_Cyrl,fra_Latn,-0.004563536380775944,0.04036702061817508
16,256,devtest,rus_Cyrl,spa_Latn,-0.03658599916205447,-0.0017879820777253709
16,256,devtest,rus_Cyrl,hin_Deva,0.10397104301875197,-0.12843458644209751
16,256,devtest,rus_Cyrl,arb_Arab,0.03259911626839911,0.026049340353847258
16,256,devtest,rus_Cyrl,zho_Hans,0.03050150751502385,-0.029827718211785453
16,256,devtest,rus_Cyrl,jpn_Jpan,0.015683194130776294,-0.04900971354416064
16,256,devtest,rus_Cyrl,tur_Latn,0.004055928702074336,0.002329901639869785
16,256,devtest,rus_Cyrl,vie_Latn,-0.05026738202100922,-0.0038173660471205206
16,256,devtest,rus_Cyrl,ind_Latn,-0.03287944889518289,0.05077528318283964
16,256,devtest,hin_Deva,eng_Latn,0.0487580451294573,-0.03979927995277515
16,256,devtest,hin_Deva,deu_Latn,-0.03558004123481523,-0.005322923622582298
16,256,devtest,hin_Deva,fra_Latn,0.013225357508445609,-0.046377738117729606
16,256,devtest,hin_Deva,spa_Latn,-0.007775470824441885,-0.09424061731138164
16,256,devtest,hin_Deva,rus_Cyrl,0.10948866683826088,-0.06048790224368414
16,256,devtest,hin_Deva,arb_Arab,0.011400772363413312,0.002265123440946433
16,256,devtest,hin_Deva,zho_Hans,0.11293679167956004,-0.013471313275932468
16,256,devtest,hin_Deva,jpn_Jpan,0.10981731154896396,-0.05691723249783515
16,256,devtest,hin_Deva,tur_Latn,-0.017639559062447022,-0.02966304547668568
16,256,devtest,hin_Deva,vie_Latn,0.007403947612833648,-0.04140829203029239
16,256,devtest,hin_Deva,ind_Latn,-0.003658336669071826,0.009051408493009774
16,256,devtest,arb_Arab,eng_Latn,0.05716980680252825,-0.00465201624990655
16,256,devtest,arb_Arab,deu_Latn,-0.04840288275938269,0.012116794022736457
16,256,devtest,arb_Arab,fra_Latn,0.023625633473504496,0.06895313123540162
16,256,devtest,arb_Arab,spa_Latn,0.04014619422459524,0.019425251409718527
16,256,devtest,arb_Arab,rus_Cyrl,0.038121052657924336,-0.0010097783043736973
16,256,devtest,arb_Arab,hin_Deva,0.08029396790344516,-0.10815276814615167
16,256,devtest,arb_Arab,zho_Hans,0.07294679042452064,-0.036047247477103785
16,256,devtest,arb_Arab,jpn_Jpan,0.061180455816144085,-0.05160419825926748
16,256,devtest,arb_Arab,tur_Latn,0.01700143698199338,-0.0222144947022437
16,256,devtest,arb_Arab,vie_Latn,0.0014462210336672354,-0.029950881523438153
16,256,devtest,arb_Arab,ind_Latn,0.0038839091979519917,0.08032275679063124
16,256,devtest,zho_Hans,eng_Latn,0.02688080017694219,-0.004574343240730726
16,256,devtest,zho_Hans,deu_Latn,0.12794771293031254,0.020290063822981465
16,256,devtest,zho_Hans,fra_Latn,0.11579801146664384,0.019635914967853652
16,256,devtest,zho_Hans,spa_Latn,0.14440594700875956,-0.07416520581087076
16,256,devtest,zho_Hans,rus_Cyrl,0.12573074049024918,-0.0610383690782727
16,256,devtest,zho_Hans,hin_Deva,0.11970490030776793,-0.09726074816156938
16,256,devtest,zho_Hans,arb_Arab,0.1460675671123763,-0.03976517247932175
16,256,devtest,zho_Hans,jpn_Jpan,0.056634845916681185,-0.08818933409268588
16,256,devtest,zho_Hans,tur_Latn,0.09464279127979537,-0.028510456020847952
16,256,devtest,zho_Hans,vie_Latn,0.11480719116626638,-0.03581368730185526
16,256,devtest,zho_Hans,ind_Latn,0.07108166449509147,0.03311087115810808
16,256,devtest,jpn_Jpan,eng_Latn,-0.0828669743055668,0.02427751289560759
16,256,devtest,jpn_Jpan,deu_Latn,0.05844595464565865,0.06223869932640856
16,256,devtest,jpn_Jpan,fra_Latn,0.07057767727188534,0.027608234692396174
16,256,devtest,jpn_Jpan,spa_Latn,0.0895432048404837,0.007060973858011786
16,256,devtest,jpn_Jpan,rus_Cyrl,0.056422633470905106,0.006540042835135391
16,256,devtest,jpn_Jpan,hin_Deva,0.11633009181889414,-0.05971583363709687
16,256,devtest,jpn_Jpan,arb_Arab,0.08295274831020745,0.03007604139390935
16,256,devtest,jpn_Jpan,zho_Hans,-0.024854379164270832,-0.022598562745393586
16,256,devtest,jpn_Jpan,tur_Latn,0.061849461523404904,-0.040982791480321086
16,256,devtest,jpn_Jpan,vie_Latn,-0.011393068041227802,-0.005726679882693
16,256,devtest,jpn_Jpan,ind_Latn,0.056743628218220266,0.0572006912833925
16,256,devtest,tur_Latn,eng_Latn,0.016925569173842667,-0.049561411280352706
16,256,devtest,tur_Latn,deu_Latn,0.05620379421129593,-0.016456288940670832
16,256,devtest,tur_Latn,fra_Latn,0.09969462314799843,-0.009762983333779323
16,256,devtest,tur_Latn,spa_Latn,0.07683419934699792,-0.061930679571926696
16,256,devtest,tur_Latn,rus_Cyrl,0.00011521458948297319,-0.05148606902402372
16,256,devtest,tur_Latn,hin_Deva,0.03416331878460187,-0.1413674707606201
16,256,devtest,tur_Latn,arb_Arab,0.053216580661555685,-0.02950726647266313
16,256,devtest,tur_Latn,zho_Hans,0.08745142227504032,-0.04027487095372875
16,256,devtest,tur_Latn,jpn_Jpan,0.09719617924586528,-0.1371582843879107
16,256,devtest,tur_Latn,vie_Latn,0.039713241654461856,-0.060492001349866896
16,256,devtest,tur_Latn,ind_Latn,0.07287129800552856,-0.012826264868744185
16,256,devtest,vie_Latn,eng_Latn,0.038638180498585875,-0.026100222186257467
16,256,devtest,vie_Latn,deu_Latn,0.019961782711744976,0.0757871704762742
16,256,devtest,vie_Latn,fra_Latn,0.10683959902305977,0.07033027045933347
16,256,devtest,vie_Latn,spa_Latn,0.05144410350730841,-0.006836407880132344
16,256,devtest,vie_Latn,rus_Cyrl,-0.021236459523698622,-0.023779603724061554
16,256,devtest,vie_Latn,hin_Deva,0.027250701868087156,-0.12169226741010622
16,256,devtest,vie_Latn,arb_Arab,0.03202143861224864,-0.003893671799264122
16,256,devtest,vie_Latn,zho_Hans,0.04266764699731728,-0.00228891413347919
16,256,devtest,vie_Latn,jpn_Jpan,0.004929818777470112,-0.054552741614126245
16,256,devtest,vie_Latn,tur_Latn,0.03044314182178426,-0.023538917555232085
16,256,devtest,vie_Latn,ind_Latn,0.07254614898874782,0.08713949824697732
16,256,devtest,ind_Latn,eng_Latn,0.02468434992736916,0.0432686102039576
16,256,devtest,ind_Latn,deu_Latn,0.0325785742976047,0.0815073272844088
16,256,devtest,ind_Latn,fra_Latn,0.10412793090338682,0.07924155010988597
16,256,devtest,ind_Latn,spa_Latn,0.02624111074791599,0.03280905136866901
16,256,devtest,ind_Latn,rus_Cyrl,-0.018477775668905714,0.033873761657897294
16,256,devtest,ind_Latn,hin_Deva,0.024620778473429132,-0.05711083978180857
16,256,devtest,ind_Latn,arb_Arab,0.03893326324967768,0.08332356011043268
16,256,devtest,ind_Latn,zho_Hans,0.01857588366012852,0.05847874426418997
16,256,devtest,ind_Latn,jpn_Jpan,0.05993312197841898,0.0015068134552554463
16,256,devtest,ind_Latn,tur_Latn,0.03983293327287614,0.016493773640829046
16,256,devtest,ind_Latn,vie_Latn,0.04493893176582972,0.08012643607675843
17,64,devtest,eng_Latn,deu_Latn,0.10670962208630286,0.1024278219776832
17,64,devtest,eng_Latn,fra_Latn,0.10980863679924205,0.1001064381307524
17,64,devtest,eng_Latn,spa_Latn,0.02712121400265246,-0.01046508725372628
17,64,devtest,eng_Latn,rus_Cyrl,0.03365488206088206,0.0001509367194258586
17,64,devtest,eng_Latn,hin_Deva,0.079199792722324,-0.08781365618363098
17,64,devtest,eng_Latn,arb_Arab,0.10947855053516653,0.04155918367167255
17,64,devtest,eng_Latn,zho_Hans,-0.0417513457287146,0.03519710858382042
17,64,devtest,eng_Latn,jpn_Jpan,-0.026876563253752987,0.014288402416035332
17,64,devtest,eng_Latn,tur_Latn,0.07567194412030902,-0.03160082399751172
17,64,devtest,eng_Latn,vie_Latn,0.09064424923848788,-0.024919018519013018
17,64,devtest,eng_Latn,ind_Latn,0.06595857692943675,0.09308962887826529
17,64,devtest,deu_Latn,eng_Latn,0.040383607076888664,0.08933883767296284
17,64,devtest,deu_Latn,fra_Latn,0.07229334593960055,0.11228994128401941
17,64,devtest,deu_Latn,spa_Latn,0.03418137868410827,0.054776553703707216
17,64,devtest,deu_Latn,rus_Cyrl,-0.05670248194878349,0.03426873126382707
17,64,devtest,deu_Latn,hin_Deva,0.009031503661978644,-0.05723718288114258
17,64,devtest,deu_Latn,arb_Arab,-0.012845128887202883,0.030341522967382763
17,64,devtest,deu_Latn,zho_Hans,0.049940183010838704,0.06569433329564235
17,64,devtest,deu_Latn,jpn_Jpan,0.047720920735458736,0.02094043144713235
17,64,devtest,deu_Latn,tur_Latn,0.03723488773318888,0.003515781781537687
17,64,devtest,deu_Latn,vie_Latn,-0.010018686270921211,0.07333749777218301
17,64,devtest,deu_Latn,ind_Latn,0.04146036317566996,0.08665228738045391
17,64,devtest,fra_Latn,eng_Latn,0.09926655799947459,0.11087983001364156
17,64,devtest,fra_Latn,deu_Latn,0.04387849022013206,0.12213075691302747
17,64,devtest,fra_Latn,spa_Latn,0.10997856465394899,0.07500075210701761
17,64,devtest,fra_Latn,rus_Cyrl,-0.007114976242232108,0.059533310202463406
17,64,devtest,fra_Latn,hin_Deva,-0.04235779493767062,-0.10004951033785801
17,64,devtest,fra_Latn,arb_Arab,0.06273105001999223,0.09504360958447852
17,64,devtest,fra_Latn,zho_Hans,0.05801280003645123,0.055497610619892515
17,64,devtest,fra_Latn,jpn_Jpan,0.0338902729279443,0.024314868989748068
17,64,devtest,fra_Latn,tur_Latn,0.07250529100615904,0.032336501949192714
17,64,devtest,fra_Latn,vie_Latn,0.10592988073927012,0.09133809264620116
17,64,devtest,fra_Latn,ind_Latn,0.11308603326431509,0.11051839620329805
17,64,devtest,spa_Latn,eng_Latn,0.007872384782808953,-0.026671715161019197
17,64,devtest,spa_Latn,deu_Latn,0.015118931242133333,0.06861840278337394
17,64,devtest,spa_Latn,fra_Latn,0.105799531179218,0.07291183507090475
17,64,devtest,spa_Latn,rus_Cyrl,-0.02979469100950437,-0.005503838766103866
17,64,devtest,spa_Latn,hin_Deva,-0.032046228192556744,-0.149996938556236
17,64,devtest,spa_Latn,arb_Arab,0.05909162425227467,0.05168873684677492
17,64,devtest,spa_Latn,zho_Hans,0.06288648413778535,-0.042834265490824454
17,64,devtest,spa_Latn,jpn_Jpan,0.08293308176227471,0.0017805280604868093
17,64,devtest,spa_Latn,tur_Latn,0.02390864657518217,-0.013915058357417822
17,64,devtest,spa_Latn,vie_Latn,0.04367978173358999,0.007611621447447197
17,64,devtest,spa_Latn,ind_Latn,0.011286917922520985,0.045609238519151524
17,64,devtest,rus_Cyrl,eng_Latn,0.008498363098045695,-0.007026304032918527
17,64,devtest,rus_Cyrl,deu_Latn,-0.05162060363065552,0.05353588563138509
17,64,devtest,rus_Cyrl,fra_Latn,-0.0034178732133321827,0.04815742326789191
17,64,devtest,rus_Cyrl,spa_Latn,-0.03899240848946557,-0.004722216811030229
17,64,devtest,rus_Cyrl,hin_Deva,0.09000763192067082,-0.11108143301442905
17,64,devtest,rus_Cyrl,arb_Arab,0.04115325108507907,0.022644540160169636
17,64,devtest,rus_Cyrl,zho_Hans,0.021636576620919112,-0.032510450315729626
17,64,devtest,rus_Cyrl,jpn_Jpan,0.04155994921091174,-0.012809558595521466
17,64,devtest,rus_Cyrl,tur_Latn,-0.00014166050902260547,0.009338196585161723
17,64,devtest,rus_Cyrl,vie_Latn,-0.053798842452518564,0.0015907467310286077
17,64,devtest,rus_Cyrl,ind_Latn,-0.034162733981999024,0.04861875642896196
17,64,devtest,hin_Deva,eng_Latn,0.056019484896939614,-0.05671934795632755
17,64,devtest,hin_Deva,deu_Latn,-0.029457902588143087,-0.0101159996741527
17,64,devtest,hin_Deva,fra_Latn,0.009435840915233059,-0.053697360589297714
17,64,devtest,hin_Deva,spa_Latn,-0.011785453001195212,-0.09414178349795535
17,64,devtest,hin_Deva,rus_Cyrl,0.10577774128110004,-0.0653418178190981
17,64,devtest,hin_Deva,arb_Arab,0.028563388226000415,-0.011402747128450692
17,64,devtest,hin_Deva,zho_Hans,0.11348252108171392,-0.014927949665468187
17,64,devtest,hin_Deva,jpn_Jpan,0.09429686717054891,-0.07044694244066596
17,64,devtest,hin_Deva,tur_Latn,-0.0029098163712292695,-0.05154068655074872
17,64,devtest,hin_Deva,vie_Latn,0.009477096478637051,-0.06500259039140198
17,64,devtest,hin_Deva,ind_Latn,0.0031367567122464624,-0.00527271364737286
17,64,devtest,arb_Arab,eng_Latn,0.06710952076555154,0.01675656489436884
17,64,devtest,arb_Arab,deu_Latn,-0.029137904767712892,0.028509051595561108
17,64,devtest,arb_Arab,fra_Latn,0.04238338492705254,0.06960498662399332
17,64,devtest,arb_Arab,spa_Latn,0.04271700918403084,0.03782654244249649
17,64,devtest,arb_Arab,rus_Cyrl,0.045488314570775346,0.003317274803773474
17,64,devtest,arb_Arab,hin_Deva,0.05942537622469421,-0.09209762715235566
17,64,devtest,arb_Arab,zho_Hans,0.0541626711766664,-0.031472074625106705
17,64,devtest,arb_Arab,jpn_Jpan,0.08134466254960884,-0.026365992737575374
17,64,devtest,arb_Arab,tur_Latn,0.04684207305765098,-0.027870641889356198
17,64,devtest,arb_Arab,vie_Latn,0.011032768185360493,-0.02357896699063123
17,64,devtest,arb_Arab,ind_Latn,0.002031198740273981,0.09252820513004968
17,64,devtest,zho_Hans,eng_Latn,-0.01015106870788317,-0.02633761200850431
17,64,devtest,zho_Hans,deu_Latn,0.11695515029727781,0.02114322442583923
17,64,devtest,zho_Hans,fra_Latn,0.09836616691854287,0.0033511432136613846
17,64,devtest,zho_Hans,spa_Latn,0.13995646466392533,-0.08519927099841343
17,64,devtest,zho_Hans,rus_Cyrl,0.10026089225345432,-0.07423222653752506
17,64,devtest,zho_Hans,hin_Deva,0.11842967146334084,-0.09892776635785255
17,64,devtest,zho_Hans,arb_Arab,0.13112793466942751,-0.06406485035468708
17,64,devtest,zho_Hans,jpn_Jpan,0.033092124935925,-0.07802515983085606
17,64,devtest,zho_Hans,tur_Latn,0.08039142090152618,-0.053884658764598206
17,64,devtest,zho_Hans,vie_Latn,0.12135248519418615,-0.04743231208737606
17,64,devtest,zho_Hans,ind_Latn,0.08896844543613447,0.006440606291477332
17,64,devtest,jpn_Jpan,eng_Latn,-0.06395338456984616,0.033734786767708
17,64,devtest,jpn_Jpan,deu_Latn,0.05402461281239777,0.07105355504395743
17,64,devtest,jpn_Jpan,fra_Latn,0.051154784626691346,0.04247527873414247
17,64,devtest,jpn_Jpan,spa_Latn,0.103627365971337,0.028213858885090978
17,64,devtest,jpn_Jpan,rus_Cyrl,0.07101405484732048,0.017440361246706327
17,64,devtest,jpn_Jpan,hin_Deva,0.079559725115684,-0.08506094287110548
17,64,devtest,jpn_Jpan,arb_Arab,0.0913533142640226,0.02190364979112465
17,64,devtest,jpn_Jpan,zho_Hans,-0.03740979767959962,-0.01734824726697392
17,64,devtest,jpn_Jpan,tur_Latn,0.04451188660402897,-0.053330819914913515
17,64,devtest,jpn_Jpan,vie_Latn,-0.0229010775086248,-0.003666370381066923
17,64,devtest,jpn_Jpan,ind_Latn,0.048958888139975475,0.06370655810249337
17,64,devtest,tur_Latn,eng_Latn,0.03500377804042443,-0.0526734553039665
17,64,devtest,tur_Latn,deu_Latn,0.06406649490353308,-0.0052458946221082365
17,64,devtest,tur_Latn,fra_Latn,0.10298690056028383,0.01270444849496994
17,64,devtest,tur_Latn,spa_Latn,0.0764090214755648,-0.04385180283306605
17,64,devtest,tur_Latn,rus_Cyrl,0.008035634335703227,-0.02180033380191472
17,64,devtest,tur_Latn,hin_Deva,0.014527505833705512,-0.12853331226696935
17,64,devtest,tur_Latn,arb_Arab,0.07586794517000718,-0.02513056014097693
17,64,devtest,tur_Latn,zho_Hans,0.07052339081858994,-0.03332491576672606
17,64,devtest,tur_Latn,jpn_Jpan,0.09024635304014332,-0.10507684659110143
17,64,devtest,tur_Latn,vie_Latn,0.03880158857682604,-0.05318026505758017
17,64,devtest,tur_Latn,ind_Latn,0.07225677178670739,-0.0011327386693315785
17,64,devtest,vie_Latn,eng_Latn,0.04233914805615864,-0.049363923992780646
17,64,devtest,vie_Latn,deu_Latn,0.007600842267680141,0.08542079977571769
17,64,devtest,vie_Latn,fra_Latn,0.09862974900427905,0.07945119559404575
17,64,devtest,vie_Latn,spa_Latn,0.06388495135971983,-0.006202168831747058
17,64,devtest,vie_Latn,rus_Cyrl,-0.03043784023471247,-0.015288905336240867
17,64,devtest,vie_Latn,hin_Deva,0.010013806133879794,-0.13801938656980006
17,64,devtest,vie_Latn,arb_Arab,0.033474091720664394,-0.011409176455544748
17,64,devtest,vie_Latn,zho_Hans,0.05245958271741618,-0.010707848486347503
17,64,devtest,vie_Latn,jpn_Jpan,-0.014668476023131403,-0.03363877817589204
17,64,devtest,vie_Latn,tur_Latn,0.021328990569729513,-0.03710038183144036
17,64,devtest,vie_Latn,ind_Latn,0.0709754836178324,0.09061016548691568
17,64,devtest,ind_Latn,eng_Latn,0.03243909576619804,0.06715302745576385
17,64,devtest,ind_Latn,deu_Latn,0.035597173017592985,0.09042327926893365
17,64,devtest,ind_Latn,fra_Latn,0.10850689600243921,0.10051824822136612
17,64,devtest,ind_Latn,spa_Latn,0.01900207643261659,0.04076305237433545
17,64,devtest,ind_Latn,rus_Cyrl,-0.023738458313143748,0.041343331405324625
17,64,devtest,ind_Latn,hin_Deva,0.007122012908732216,-0.053940325892418116
17,64,devtest,ind_Latn,arb_Arab,0.018471887152648865,0.09468732825693796
17,64,devtest,ind_Latn,zho_Hans,0.03155411609194652,0.046927152495702444
17,64,devtest,ind_Latn,jpn_Jpan,0.05532524303891588,0.03166354293602619
17,64,devtest,ind_Latn,tur_Latn,0.037694102724965046,0.011882333346132028
17,64,devtest,ind_Latn,vie_Latn,0.04843539916543561,0.08873874378676747
17,128,devtest,eng_Latn,deu_Latn,0.11469163035316605,0.08561834375578274
17,128,devtest,eng_Latn,fra_Latn,0.12729337392665582,0.10390838772498862
17,128,devtest,eng_Latn,spa_Latn,0.03101025232543266,0.007303866767790076
17,128,devtest,eng_Latn,rus_Cyrl,0.045315880631653344,0.0037933286637479432
17,128,devtest,eng_Latn,hin_Deva,0.09636192588130472,-0.07528717198652653
17,128,devtest,eng_Latn,arb_Arab,0.09683675879153804,0.03571288729595862
17,128,devtest,eng_Latn,zho_Hans,-0.02684291598911315,0.03511647632832489
17,128,devtest,eng_Latn,jpn_Jpan,-0.03300122789343785,0.0004010674595967912
17,128,devtest,eng_Latn,tur_Latn,0.0880108234814284,-0.020157961449281926
17,128,devtest,eng_Latn,vie_Latn,0.0999124905589928,-0.004392599160020622
17,128,devtest,eng_Latn,ind_Latn,0.06217728593267705,0.09097698826463735
17,128,devtest,deu_Latn,eng_Latn,0.04003402615707891,0.07120208828372351
17,128,devtest,deu_Latn,fra_Latn,0.05841486529936939,0.10887974503938654
17,128,devtest,deu_Latn,spa_Latn,0.027106180604307004,0.031659643892215525
17,128,devtest,deu_Latn,rus_Cyrl,-0.06452165410629462,0.03984380006408916
17,128,devtest,deu_Latn,hin_Deva,0.01705606817030605,-0.07140942874499369
17,128,devtest,deu_Latn,arb_Arab,-0.02210681487619405,0.017550575674604982
17,128,devtest,deu_Latn,zho_Hans,0.05572851688713869,0.05351414405196595
17,128,devtest,deu_Latn,jpn_Jpan,0.05061882824555311,0.004807126783002958
17,128,devtest,deu_Latn,tur_Latn,0.04045836532899255,-0.0003213117982399206
17,128,devtest,deu_Latn,vie_Latn,-0.010912303267401812,0.06766151795276379
17,128,devtest,deu_Latn,ind_Latn,0.031244124722572174,0.08223693652852125
17,128,devtest,fra_Latn,eng_Latn,0.11356637744528117,0.11103984037029685
17,128,devtest,fra_Latn,deu_Latn,0.027537688225448026,0.12253053429462839
17,128,devtest,fra_Latn,spa_Latn,0.09901862612915391,0.08431845556990736
17,128,devtest,fra_Latn,rus_Cyrl,-0.004396885413141737,0.062129389330241966
17,128,devtest,fra_Latn,hin_Deva,-0.035543620117123614,-0.10029579549650078
17,128,devtest,fra_Latn,arb_Arab,0.0497648973042187,0.10186033034164636
17,128,devtest,fra_Latn,zho_Hans,0.0734759209324837,0.05439154397888568
17,128,devtest,fra_Latn,jpn_Jpan,0.028356095228856792,0.016022705111583057
17,128,devtest,fra_Latn,tur_Latn,0.07181700815804054,0.027142174683231
17,128,devtest,fra_Latn,vie_Latn,0.10587379050842435,0.0976082634372955
17,128,devtest,fra_Latn,ind_Latn,0.11166078731520047,0.11027362031212581
17,128,devtest,spa_Latn,eng_Latn,0.010193117571636752,-0.012359856809491788
17,128,devtest,spa_Latn,deu_Latn,0.006810924768037224,0.04875168893659372
17,128,devtest,spa_Latn,fra_Latn,0.09284548163847312,0.08018072005284303
17,128,devtest,spa_Latn,rus_Cyrl,-0.03620466560421312,0.0035257283607144046
17,128,devtest,spa_Latn,hin_Deva,-0.028011532098355506,-0.14774892086108807
17,128,devtest,spa_Latn,arb_Arab,0.055481396579806955,0.04338158089616452
17,128,devtest,spa_Latn,zho_Hans,0.06024726920987621,-0.03572835506930078
17,128,devtest,spa_Latn,jpn_Jpan,0.08465732803468226,-0.02952992049549847
17,128,devtest,spa_Latn,tur_Latn,0.027941476719644646,-0.012035514909683008
17,128,devtest,spa_Latn,vie_Latn,0.032199557679125,0.00871631684708332
17,128,devtest,spa_Latn,ind_Latn,0.013649277645554866,0.04868779876700689
17,128,devtest,rus_Cyrl,eng_Latn,0.012602056433417287,-0.0039307001843393264
17,128,devtest,rus_Cyrl,deu_Latn,-0.05736640745997941,0.05752259011010022
17,128,devtest,rus_Cyrl,fra_Latn,6.573178234276334e-05,0.05039785449781862
17,128,devtest,rus_Cyrl,spa_Latn,-0.042246731962865186,0.005888032305196103
17,128,devtest,rus_Cyrl,hin_Deva,0.09779097204634131,-0.10892440350736142
17,128,devtest,rus_Cyrl,arb_Arab,0.0390205853078733,0.018786122467499448
17,128,devtest,rus_Cyrl,zho_Hans,0.02691557269189552,-0.022459681092387586
17,128,devtest,rus_Cyrl,jpn_Jpan,0.02462806702049717,-0.030010598300315997
17,128,devtest,rus_Cyrl,tur_Latn,0.006587506033591598,0.00201404488771634
17,128,devtest,rus_Cyrl,vie_Latn,-0.05557928872700141,0.007135428072156271
17,128,devtest,rus_Cyrl,ind_Latn,-0.04203230212663188,0.056243629218545504
17,128,devtest,hin_Deva,eng_Latn,0.055716046886374056,-0.04317676211242408
17,128,devtest,hin_Deva,deu_Latn,-0.03211229668803092,-0.006703347819397013
17,128,devtest,hin_Deva,fra_Latn,0.006526965062388176,-0.0517939506441997
17,128,devtest,hin_Deva,spa_Latn,-0.016298298848896685,-0.09240453260559334
17,128,devtest,hin_Deva,rus_Cyrl,0.11084911203077213,-0.05671522235630193
17,128,devtest,hin_Deva,arb_Arab,0.012726290224047948,-0.009603031540658937
17,128,devtest,hin_Deva,zho_Hans,0.1105265524301505,-0.016221085697652182
17,128,devtest,hin_Deva,jpn_Jpan,0.09788875402817744,-0.06566219674238814
17,128,devtest,hin_Deva,tur_Latn,-0.009836611098068604,-0.037315795732010514
17,128,devtest,hin_Deva,vie_Latn,0.008904309004696511,-0.05232812481054881
17,128,devtest,hin_Deva,ind_Latn,-0.005253486985219242,-0.004675202227768147
17,128,devtest,arb_Arab,eng_Latn,0.054902152069845826,0.005633275235742087
17,128,devtest,arb_Arab,deu_Latn,-0.03779614281927915,0.021247152280598487
17,128,devtest,arb_Arab,fra_Latn,0.023800655920962206,0.07399293931532959
17,128,devtest,arb_Arab,spa_Latn,0.03667729813824767,0.027497597033065965
17,128,devtest,arb_Arab,rus_Cyrl,0.04579651534843637,-0.0050906626349891656
17,128,devtest,arb_Arab,hin_Deva,0.05597766471211398,-0.10069461771996362
17,128,devtest,arb_Arab,zho_Hans,0.07045095912693458,-0.032357911877392884
17,128,devtest,arb_Arab,jpn_Jpan,0.08045604055772108,-0.02989902007472658
17,128,devtest,arb_Arab,tur_Latn,0.036301749620918276,-0.021717106446636582
17,128,devtest,arb_Arab,vie_Latn,0.0019441365662249586,-0.011174321458158542
17,128,devtest,arb_Arab,ind_Latn,0.00793711245919405,0.08842256303536186
17,128,devtest,zho_Hans,eng_Latn,0.011978491438034002,-0.026340530194399022
17,128,devtest,zho_Hans,deu_Latn,0.12662410064820137,0.014093045497714373
17,128,devtest,zho_Hans,fra_Latn,0.11230125399945506,0.01021023741811603
17,128,devtest,zho_Hans,spa_Latn,0.14084255761224299,-0.07434672055157916
17,128,devtest,zho_Hans,rus_Cyrl,0.11298831921232157,-0.06488571870971871
17,128,devtest,zho_Hans,hin_Deva,0.11959604735715161,-0.10392805676402486
17,128,devtest,zho_Hans,arb_Arab,0.139571881181411,-0.06027797614338513
17,128,devtest,zho_Hans,jpn_Jpan,0.031573657470915645,-0.08939481039874742
17,128,devtest,zho_Hans,tur_Latn,0.0894800740559323,-0.03974639744908052
17,128,devtest,zho_Hans,vie_Latn,0.11098638299956057,-0.04133083577066658
17,128,devtest,zho_Hans,ind_Latn,0.0645325545675933,0.025074397980829218
17,128,devtest,jpn_Jpan,eng_Latn,-0.07447259391184773,0.028400550763195587
17,128,devtest,jpn_Jpan,deu_Latn,0.059867277438651396,0.06068065656416973
17,128,devtest,jpn_Jpan,fra_Latn,0.04856079515117186,0.03843307318922167
17,128,devtest,jpn_Jpan,spa_Latn,0.10904227794922382,0.004367058026236289
17,128,devtest,jpn_Jpan,rus_Cyrl,0.06668433867624728,0.007022877534130483
17,128,devtest,jpn_Jpan,hin_Deva,0.09343405131904024,-0.07500388721421092
17,128,devtest,jpn_Jpan,arb_Arab,0.09082440678792741,0.028995676392358425
17,128,devtest,jpn_Jpan,zho_Hans,-0.04138021400214788,-0.02578655246041858
17,128,devtest,jpn_Jpan,tur_Latn,0.05110339120672466,-0.04479728846709379
17,128,devtest,jpn_Jpan,vie_Latn,-0.01073348073167738,-0.0008128525479239085
17,128,devtest,jpn_Jpan,ind_Latn,0.05357153181250293,0.05557238928176249
17,128,devtest,tur_Latn,eng_Latn,0.030706595592076488,-0.05939914639721127
17,128,devtest,tur_Latn,deu_Latn,0.06778493366713628,-0.01620954019130624
17,128,devtest,tur_Latn,fra_Latn,0.10602172327082596,-0.00620134120935753
17,128,devtest,tur_Latn,spa_Latn,0.07601081632649395,-0.047553329821322585
17,128,devtest,tur_Latn,rus_Cyrl,0.020759323165243884,-0.038120112663885215
17,128,devtest,tur_Latn,hin_Deva,0.029124284188078328,-0.1296678253701355
17,128,devtest,tur_Latn,arb_Arab,0.06324511329610065,-0.02784519699942938
17,128,devtest,tur_Latn,zho_Hans,0.07893865387735678,-0.037395663604301126
17,128,devtest,tur_Latn,jpn_Jpan,0.08750668698977117,-0.12332742263074163
17,128,devtest,tur_Latn,vie_Latn,0.05392497660961851,-0.051025859029828986
17,128,devtest,tur_Latn,ind_Latn,0.07442352139608767,0.0001289089883740528
17,128,devtest,vie_Latn,eng_Latn,0.04522144013256127,-0.030131905549758812
17,128,devtest,vie_Latn,deu_Latn,0.007770948333710557,0.08133460958020115
17,128,devtest,vie_Latn,fra_Latn,0.10392129028791822,0.08173632629920362
17,128,devtest,vie_Latn,spa_Latn,0.04949170323660967,-0.0039944830594119
17,128,devtest,vie_Latn,rus_Cyrl,-0.030930266653052083,-0.012017269327845281
17,128,devtest,vie_Latn,hin_Deva,0.01482182385721205,-0.12806467853734535
17,128,devtest,vie_Latn,arb_Arab,0.02650222058564454,0.007399301657327376
17,128,devtest,vie_Latn,zho_Hans,0.03615053505008067,-0.0033489872023274064
17,128,devtest,vie_Latn,jpn_Jpan,-0.0021842808115497985,-0.039708621039685525
17,128,devtest,vie_Latn,tur_Latn,0.033775957983316555,-0.026222564815532052
17,128,devtest,vie_Latn,ind_Latn,0.06990155680301283,0.09417848636742242
17,128,devtest,ind_Latn,eng_Latn,0.029639644901668413,0.05756277246898017
17,128,devtest,ind_Latn,deu_Latn,0.026596078757468573,0.08595736298737246
17,128,devtest,ind_Latn,fra_Latn,0.10661283111029451,0.095976888036815
17,128,devtest,ind_Latn,spa_Latn,0.020248647089376716,0.04389374176040713
17,128,devtest,ind_Latn,rus_Cyrl,-0.028601866676023463,0.0444746575784012
17,128,devtest,ind_Latn,hin_Deva,0.008611042174127479,-0.058723068713055014
17,128,devtest,ind_Latn,arb_Arab,0.026934563883426108,0.09119591776864953
17,128,devtest,ind_Latn,zho_Hans,0.011516731661952943,0.05873090973609224
17,128,devtest,ind_Latn,jpn_Jpan,0.06020886281011244,0.017339137828156968
17,128,devtest,ind_Latn,tur_Latn,0.039175544173080994,0.02195522241320908
17,128,devtest,ind_Latn,vie_Latn,0.042492965524560326,0.09053105023237328
17,256,devtest,eng_Latn,deu_Latn,0.12744547193086572,0.08788898989285468
17,256,devtest,eng_Latn,fra_Latn,0.12245186925247369,0.10363210830937788
17,256,devtest,eng_Latn,spa_Latn,0.0265434391654882,0.0017822046314292976
17,256,devtest,eng_Latn,rus_Cyrl,0.042544666086214315,0.0037558405449032
17,256,devtest,eng_Latn,hin_Deva,0.10873464766791154,-0.06674311269174608
17,256,devtest,eng_Latn,arb_Arab,0.10434865925827572,0.0332421130311457
17,256,devtest,eng_Latn,zho_Hans,-0.029205738075077786,0.04564780391874168
17,256,devtest,eng_Latn,jpn_Jpan,-0.032358670801337516,-0.016745699797800166
17,256,devtest,eng_Latn,tur_Latn,0.08727547662846573,-0.0024915203482443536
17,256,devtest,eng_Latn,vie_Latn,0.10401080015315456,-0.010591462058558118
17,256,devtest,eng_Latn,ind_Latn,0.059655703536900494,0.08908350659894403
17,256,devtest,deu_Latn,eng_Latn,0.04293492717884409,0.0677182051217346
17,256,devtest,deu_Latn,fra_Latn,0.06692942754225294,0.09896276259070139
17,256,devtest,deu_Latn,spa_Latn,0.030610866346643437,0.04006808450774832
17,256,devtest,deu_Latn,rus_Cyrl,-0.07614137819314733,0.029520688289078667
17,256,devtest,deu_Latn,hin_Deva,0.021417655310479598,-0.07645814555397745
17,256,devtest,deu_Latn,arb_Arab,-0.019048445617189654,0.015188312371999328
17,256,devtest,deu_Latn,zho_Hans,0.061185396439675556,0.04783357348977143
17,256,devtest,deu_Latn,jpn_Jpan,0.04498504732384901,-0.0035475490425541578
17,256,devtest,deu_Latn,tur_Latn,0.027923855602830717,0.0021171702699175625
17,256,devtest,deu_Latn,vie_Latn,-0.004743690273619976,0.06263961827624794
17,256,devtest,deu_Latn,ind_Latn,0.03346760900639105,0.08260226509967082
17,256,devtest,fra_Latn,eng_Latn,0.10700297660815918,0.10614015500039027
17,256,devtest,fra_Latn,deu_Latn,0.030947494536228096,0.10867018786357083
17,256,devtest,fra_Latn,spa_Latn,0.10100031708851348,0.07581819872828571
17,256,devtest,fra_Latn,rus_Cyrl,-0.008636689581761172,0.05409909948131479
17,256,devtest,fra_Latn,hin_Deva,-0.030583051642729935,-0.10500840891994781
17,256,devtest,fra_Latn,arb_Arab,0.052139511320511873,0.09570087239929008
17,256,devtest,fra_Latn,zho_Hans,0.08582824738069951,0.05726855276364453
17,256,devtest,fra_Latn,jpn_Jpan,0.0397665329239822,-0.002232682463946264
17,256,devtest,fra_Latn,tur_Latn,0.061574588623530456,0.02996940723212791
17,256,devtest,fra_Latn,vie_Latn,0.09900755702403154,0.08901759320892681
17,256,devtest,fra_Latn,ind_Latn,0.10871368086054563,0.10567247187108553
17,256,devtest,spa_Latn,eng_Latn,-0.0022048478297544815,-0.02507027328561813
17,256,devtest,spa_Latn,deu_Latn,0.004049317006665526,0.05677040871192418
17,256,devtest,spa_Latn,fra_Latn,0.0952988857681049,0.07176713884929839
17,256,devtest,spa_Latn,rus_Cyrl,-0.04116315392128013,-0.005978198522462867
17,256,devtest,spa_Latn,hin_Deva,-0.013692170230205055,-0.14736197420834668
17,256,devtest,spa_Latn,arb_Arab,0.04896557502285147,0.0386431031225918
17,256,devtest,spa_Latn,zho_Hans,0.07267806623204486,-0.04309353669760135
17,256,devtest,spa_Latn,jpn_Jpan,0.06490170653319742,-0.0392388058672222
17,256,devtest,spa_Latn,tur_Latn,0.011316432008767058,-0.009573216481014692
17,256,devtest,spa_Latn,vie_Latn,0.032062411335599186,0.003273292493333929
17,256,devtest,spa_Latn,ind_Latn,0.004501160973787791,0.04734174498559022
17,256,devtest,rus_Cyrl,eng_Latn,0.004724098776080018,-0.01059873938419026
17,256,devtest,rus_Cyrl,deu_Latn,-0.06544450460364486,0.04654841187894836
17,256,devtest,rus_Cyrl,fra_Latn,-0.0036899416571579855,0.043043735655464946
17,256,devtest,rus_Cyrl,spa_Latn,-0.05000514958275977,-0.0023117381462533747
17,256,devtest,rus_Cyrl,hin_Deva,0.09549347934917846,-0.11519068092076057
17,256,devtest,rus_Cyrl,arb_Arab,0.03383234782166321,0.022080974607223528
17,256,devtest,rus_Cyrl,zho_Hans,0.03388662267036615,-0.02733164936274884
17,256,devtest,rus_Cyrl,jpn_Jpan,0.02093204438000026,-0.04713056151497014
17,256,devtest,rus_Cyrl,tur_Latn,-0.0030288509332986047,0.004204993177723874
17,256,devtest,rus_Cyrl,vie_Latn,-0.05352925838218208,-0.0015366554137235741
17,256,devtest,rus_Cyrl,ind_Latn,-0.0452885038631735,0.052711624091450394
17,256,devtest,hin_Deva,eng_Latn,0.046222046687286994,-0.033486088134776826
17,256,devtest,hin_Deva,deu_Latn,-0.03360874781169002,9.957473226844168e-07
17,256,devtest,hin_Deva,fra_Latn,0.003998324316485765,-0.0400366855117264
17,256,devtest,hin_Deva,spa_Latn,-0.009895362235270494,-0.0884475212722618
17,256,devtest,hin_Deva,rus_Cyrl,0.10715147246693392,-0.053196011990457745
17,256,devtest,hin_Deva,arb_Arab,0.014822832277114785,-0.0003986174958822452
17,256,devtest,hin_Deva,zho_Hans,0.10896384712868436,-0.012315290141684818
17,256,devtest,hin_Deva,jpn_Jpan,0.09754966805270482,-0.06561765430636957
17,256,devtest,hin_Deva,tur_Latn,-0.019191162794836344,-0.03111438512777738
17,256,devtest,hin_Deva,vie_Latn,0.01172119237722724,-0.042069319406895456
17,256,devtest,hin_Deva,ind_Latn,-0.01023347100160238,0.004335091208687261
17,256,devtest,arb_Arab,eng_Latn,0.056128771944497675,-0.00984271955727674
17,256,devtest,arb_Arab,deu_Latn,-0.043400741744192624,0.012015633979390023
17,256,devtest,arb_Arab,fra_Latn,0.017130980622607758,0.06278597321074084
17,256,devtest,arb_Arab,spa_Latn,0.024343164087209702,0.014641568688682797
17,256,devtest,arb_Arab,rus_Cyrl,0.04022650074923094,-0.00581988263834719
17,256,devtest,arb_Arab,hin_Deva,0.06816789383190217,-0.11202123067241622
17,256,devtest,arb_Arab,zho_Hans,0.06568359772587452,-0.04337045361455358
17,256,devtest,arb_Arab,jpn_Jpan,0.07139097385899766,-0.055694137166755524
17,256,devtest,arb_Arab,tur_Latn,0.02219666450028149,-0.0188868357345986
17,256,devtest,arb_Arab,vie_Latn,-0.0016184744269999868,-0.030552409059945787
17,256,devtest,arb_Arab,ind_Latn,0.011467414761750092,0.07889972389278001
17,256,devtest,zho_Hans,eng_Latn,0.01689260104758115,-0.01395719677008863
17,256,devtest,zho_Hans,deu_Latn,0.13736849357678982,0.015589085735889458
17,256,devtest,zho_Hans,fra_Latn,0.12686440323873077,0.01638976763745638
17,256,devtest,zho_Hans,spa_Latn,0.15465893610341674,-0.07546792479011709
17,256,devtest,zho_Hans,rus_Cyrl,0.12783020567775685,-0.06576565465454445
17,256,devtest,zho_Hans,hin_Deva,0.11939891022332524,-0.09770799186268297
17,256,devtest,zho_Hans,arb_Arab,0.14069443501786397,-0.05483292816601802
17,256,devtest,zho_Hans,jpn_Jpan,0.04548316356326116,-0.09354593866814205
17,256,devtest,zho_Hans,tur_Latn,0.09497544531546895,-0.03271565259442667
17,256,devtest,zho_Hans,vie_Latn,0.11764812205025385,-0.035744597161758665
17,256,devtest,zho_Hans,ind_Latn,0.07567128474305547,0.025889011607514497
17,256,devtest,jpn_Jpan,eng_Latn,-0.08152264219128924,0.017104698337337618
17,256,devtest,jpn_Jpan,deu_Latn,0.06233175661720412,0.06427754450561617
17,256,devtest,jpn_Jpan,fra_Latn,0.05996644479417611,0.029967789706875237
17,256,devtest,jpn_Jpan,spa_Latn,0.09066603030782035,0.00973649606802943
17,256,devtest,jpn_Jpan,rus_Cyrl,0.0704864477572241,0.0037487223966284665
17,256,devtest,jpn_Jpan,hin_Deva,0.10534912598532253,-0.06905240062882133
17,256,devtest,jpn_Jpan,arb_Arab,0.08880597136128962,0.021897605499614094
17,256,devtest,jpn_Jpan,zho_Hans,-0.031943613530726916,-0.024773859031795995
17,256,devtest,jpn_Jpan,tur_Latn,0.05436463651361685,-0.042100616292675384
17,256,devtest,jpn_Jpan,vie_Latn,-0.012525957880680859,-0.007504883846846033
17,256,devtest,jpn_Jpan,ind_Latn,0.06361216166215714,0.050878151514470345
17,256,devtest,tur_Latn,eng_Latn,0.019482714408675234,-0.05200942775279604
17,256,devtest,tur_Latn,deu_Latn,0.055716857938550225,-0.016667420648597345
17,256,devtest,tur_Latn,fra_Latn,0.09576868501812674,-0.005124540640418735
17,256,devtest,tur_Latn,spa_Latn,0.06510944814194669,-0.05035628077267357
17,256,devtest,tur_Latn,rus_Cyrl,0.004788228256051587,-0.0466808165959741
17,256,devtest,tur_Latn,hin_Deva,0.03123363996824394,-0.14321360615121484
17,256,devtest,tur_Latn,arb_Arab,0.05175508296665117,-0.025759046027415224
17,256,devtest,tur_Latn,zho_Hans,0.08294514952711525,-0.04025419009570597
17,256,devtest,tur_Latn,jpn_Jpan,0.09227933344347032,-0.13609860411237337
17,256,devtest,tur_Latn,vie_Latn,0.045715727765278054,-0.058203937493419344
17,256,devtest,tur_Latn,ind_Latn,0.06473301896580551,-0.002940996101058041
17,256,devtest,vie_Latn,eng_Latn,0.03881206769876992,-0.043921313278224225
17,256,devtest,vie_Latn,deu_Latn,0.018426839040193578,0.07819878813474197
17,256,devtest,vie_Latn,fra_Latn,0.09951695172811854,0.07217574719963979
17,256,devtest,vie_Latn,spa_Latn,0.05333560452571505,-0.012197688502827876
17,256,devtest,vie_Latn,rus_Cyrl,-0.02615561766311432,-0.025207810186082473
17,256,devtest,vie_Latn,hin_Deva,0.023026615681755975,-0.12815533229792256
17,256,devtest,vie_Latn,arb_Arab,0.02678836396498347,-0.006049005556491914
17,256,devtest,vie_Latn,zho_Hans,0.04077268574474137,-0.007899325317171595
17,256,devtest,vie_Latn,jpn_Jpan,-0.004344579788161414,-0.05756271842286076
17,256,devtest,vie_Latn,tur_Latn,0.02121584447858337,-0.02322012690195702
17,256,devtest,vie_Latn,ind_Latn,0.06872198294077698,0.08574750977869171
17,256,devtest,ind_Latn,eng_Latn,0.020521724302022357,0.05082092956496635
17,256,devtest,ind_Latn,deu_Latn,0.0329028192732971,0.08325423724608247
17,256,devtest,ind_Latn,fra_Latn,0.10350357047153871,0.0893965392945285
17,256,devtest,ind_Latn,spa_Latn,0.013813901027983551,0.03903382858463694
17,256,devtest,ind_Latn,rus_Cyrl,-0.02567039121705554,0.03966809645016197
17,256,devtest,ind_Latn,hin_Deva,0.013507992300873498,-0.05843051036569163
17,256,devtest,ind_Latn,arb_Arab,0.03612509507994836,0.08184764538726923
17,256,devtest,ind_Latn,zho_Hans,0.018898175459595972,0.05407854536221369
17,256,devtest,ind_Latn,jpn_Jpan,0.06600615342817506,-0.0019793126568719167
17,256,devtest,ind_Latn,tur_Latn,0.027634364627322165,0.023182480445883637
17,256,devtest,ind_Latn,vie_Latn,0.04005646565707981,0.08117706813027488
18,64,devtest,eng_Latn,deu_Latn,0.11208235037069669,0.11991157884290467
18,64,devtest,eng_Latn,fra_Latn,0.10617620311224664,0.11968902954650837
18,64,devtest,eng_Latn,spa_Latn,0.021888559717114068,0.008115072999080408
18,64,devtest,eng_Latn,rus_Cyrl,0.022182122851320075,0.025123854068584403
18,64,devtest,eng_Latn,hin_Deva,0.08366034016135443,-0.08645239896504518
18,64,devtest,eng_Latn,arb_Arab,0.1008698939705761,0.047034046399307944
18,64,devtest,eng_Latn,zho_Hans,-0.05729780147908341,0.04786693375033383
18,64,devtest,eng_Latn,jpn_Jpan,-0.023914937308204466,0.026025723749903806
18,64,devtest,eng_Latn,tur_Latn,0.07816436007500477,-0.03011596040805409
18,64,devtest,eng_Latn,vie_Latn,0.10163403491811798,-0.003768459635974495
18,64,devtest,eng_Latn,ind_Latn,0.06913294789115823,0.09999775305416463
18,64,devtest,deu_Latn,eng_Latn,0.039476968405589556,0.1108407869440577
18,64,devtest,deu_Latn,fra_Latn,0.05715982830002323,0.12890273750307307
18,64,devtest,deu_Latn,spa_Latn,0.0252848584789333,0.06928776272782665
18,64,devtest,deu_Latn,rus_Cyrl,-0.055215893693415785,0.06249079505959581
18,64,devtest,deu_Latn,hin_Deva,0.007104607122588558,-0.06350503597758067
18,64,devtest,deu_Latn,arb_Arab,-0.02133888338906377,0.037380132603882316
18,64,devtest,deu_Latn,zho_Hans,0.04319787175315505,0.0886599329468653
18,64,devtest,deu_Latn,jpn_Jpan,0.05517854778946115,0.0390042869811781
18,64,devtest,deu_Latn,tur_Latn,0.03636749269133351,-0.0008061713538895156
18,64,devtest,deu_Latn,vie_Latn,-0.007906872233924847,0.0813466693185297
18,64,devtest,deu_Latn,ind_Latn,0.04691417791119791,0.10418241982970074
18,64,devtest,fra_Latn,eng_Latn,0.1044237825217066,0.1256375359374843
18,64,devtest,fra_Latn,deu_Latn,0.03483346077745381,0.13138398339163526
18,64,devtest,fra_Latn,spa_Latn,0.10470095546042912,0.08093227558888275
18,64,devtest,fra_Latn,rus_Cyrl,-0.005927670595451418,0.0742972716543338
18,64,devtest,fra_Latn,hin_Deva,-0.04866779540850279,-0.09532493058882886
18,64,devtest,fra_Latn,arb_Arab,0.0609034868139186,0.1002053800206669
18,64,devtest,fra_Latn,zho_Hans,0.06193771931494864,0.06502636190802066
18,64,devtest,fra_Latn,jpn_Jpan,0.04300646363172922,0.03255065986323397
18,64,devtest,fra_Latn,tur_Latn,0.06555965344377687,0.021094631524939428
18,64,devtest,fra_Latn,vie_Latn,0.10224553432608822,0.09569766564197595
18,64,devtest,fra_Latn,ind_Latn,0.10857092376491359,0.11460368550568323
18,64,devtest,spa_Latn,eng_Latn,0.009082423603103308,-0.008134995635879138
18,64,devtest,spa_Latn,deu_Latn,0.007465467744506551,0.08345143327884935
18,64,devtest,spa_Latn,fra_Latn,0.0984293885352867,0.08566957308601623
18,64,devtest,spa_Latn,rus_Cyrl,-0.044609715960950376,0.012715630868358783
18,64,devtest,spa_Latn,hin_Deva,-0.033389185592821634,-0.14716379712884758
18,64,devtest,spa_Latn,arb_Arab,0.05162921557423512,0.05752980891076704
18,64,devtest,spa_Latn,zho_Hans,0.05776414335920226,-0.02530250987557513
18,64,devtest,spa_Latn,jpn_Jpan,0.08875318075893761,0.009230257511880577
18,64,devtest,spa_Latn,tur_Latn,0.016556915284657556,-0.011399235351985773
18,64,devtest,spa_Latn,vie_Latn,0.034549479136261024,0.018100507593393204
18,64,devtest,spa_Latn,ind_Latn,0.004339548323918558,0.057290936071550315
18,64,devtest,rus_Cyrl,eng_Latn,-0.001163083627423429,0.0069571637834600075
18,64,devtest,rus_Cyrl,deu_Latn,-0.05361668178230812,0.07020322627700154
18,64,devtest,rus_Cyrl,fra_Latn,0.00017516124771557585,0.06239079024568895
18,64,devtest,rus_Cyrl,spa_Latn,-0.05378365111150604,0.007516205849775558
18,64,devtest,rus_Cyrl,hin_Deva,0.11583885062713589,-0.11435076317658353
18,64,devtest,rus_Cyrl,arb_Arab,0.03710960963768288,0.01101984490529828
18,64,devtest,rus_Cyrl,zho_Hans,0.03916154306542808,-0.02966173549242361
18,64,devtest,rus_Cyrl,jpn_Jpan,0.03433944845402708,-0.01605181345733986
18,64,devtest,rus_Cyrl,tur_Latn,-0.004693380729821772,-0.0038332968747424884
18,64,devtest,rus_Cyrl,vie_Latn,-0.0701360238311652,0.00023243113730548953
18,64,devtest,rus_Cyrl,ind_Latn,-0.048425992263380915,0.062121268967887014
18,64,devtest,hin_Deva,eng_Latn,0.06002374933151053,-0.049548622272664725
18,64,devtest,hin_Deva,deu_Latn,-0.025936307498588662,-0.008292913689347179
18,64,devtest,hin_Deva,fra_Latn,-0.0026916739074211737,-0.03908359402007874
18,64,devtest,hin_Deva,spa_Latn,-0.007142877901657201,-0.08379120513228683
18,64,devtest,hin_Deva,rus_Cyrl,0.12110193333971542,-0.04674353002984281
18,64,devtest,hin_Deva,arb_Arab,0.017076242164715056,-0.018855525148333056
18,64,devtest,hin_Deva,zho_Hans,0.10716091043373177,-0.005200604685073486
18,64,devtest,hin_Deva,jpn_Jpan,0.09778013281775981,-0.0690445677829761
18,64,devtest,hin_Deva,tur_Latn,-0.00689927328581875,-0.05244176100586175
18,64,devtest,hin_Deva,vie_Latn,0.0068994139069366,-0.06598288295660663
18,64,devtest,hin_Deva,ind_Latn,0.00039292171494462663,0.007369153129197623
18,64,devtest,arb_Arab,eng_Latn,0.05892701445390144,0.022209797230926184
18,64,devtest,arb_Arab,deu_Latn,-0.04071693296558912,0.035697638392416034
18,64,devtest,arb_Arab,fra_Latn,0.04042182504469836,0.08281826417360444
18,64,devtest,arb_Arab,spa_Latn,0.032477452413156194,0.04501197536979585
18,64,devtest,arb_Arab,rus_Cyrl,0.039423998773177774,-0.0003337462727744618
18,64,devtest,arb_Arab,hin_Deva,0.04518759260086019,-0.115896229240404
18,64,devtest,arb_Arab,zho_Hans,0.06614930174860752,-0.02651878405574749
18,64,devtest,arb_Arab,jpn_Jpan,0.07720030923985852,-0.023271274957310965
18,64,devtest,arb_Arab,tur_Latn,0.041414510729107165,-0.026647671899992755
18,64,devtest,arb_Arab,vie_Latn,0.008069845399764571,-0.01663026965837642
18,64,devtest,arb_Arab,ind_Latn,0.007001965402889041,0.090858224413404
18,64,devtest,zho_Hans,eng_Latn,-0.02533757255561098,-0.018977397127161327
18,64,devtest,zho_Hans,deu_Latn,0.11905198080613326,0.0333807603926293
18,64,devtest,zho_Hans,fra_Latn,0.09524741219565482,0.013733264681757201
18,64,devtest,zho_Hans,spa_Latn,0.13887809998379494,-0.07775751401492133
18,64,devtest,zho_Hans,rus_Cyrl,0.11059498852848032,-0.0665017647695754
18,64,devtest,zho_Hans,hin_Deva,0.11770673689082235,-0.09666227155077872
18,64,devtest,zho_Hans,arb_Arab,0.14178248454095466,-0.06296008821843982
18,64,devtest,zho_Hans,jpn_Jpan,0.042652262155598225,-0.07637098582122476
18,64,devtest,zho_Hans,tur_Latn,0.08723594601277097,-0.06916144994786674
18,64,devtest,zho_Hans,vie_Latn,0.12461549310290004,-0.04379877170350777
18,64,devtest,zho_Hans,ind_Latn,0.08416141673067554,0.020083896580374256
18,64,devtest,jpn_Jpan,eng_Latn,-0.06499814771259582,0.04770271039718616
18,64,devtest,jpn_Jpan,deu_Latn,0.06552608688816301,0.09526575992100185
18,64,devtest,jpn_Jpan,fra_Latn,0.05642555577281183,0.05915910597269649
18,64,devtest,jpn_Jpan,spa_Latn,0.1038700428151228,0.04078690385559986
18,64,devtest,jpn_Jpan,rus_Cyrl,0.05686142898755528,0.029040239388114605
18,64,devtest,jpn_Jpan,hin_Deva,0.0905225015422774,-0.08748306953489443
18,64,devtest,jpn_Jpan,arb_Arab,0.08782209438117784,0.03576816608070839
18,64,devtest,jpn_Jpan,zho_Hans,-0.03686707311245004,-0.006424920585799497
18,64,devtest,jpn_Jpan,tur_Latn,0.06429604535008485,-0.048980997183617786
18,64,devtest,jpn_Jpan,vie_Latn,-0.013492561312740238,0.005572044640720183
18,64,devtest,jpn_Jpan,ind_Latn,0.06620078379854274,0.08361582943526229
18,64,devtest,tur_Latn,eng_Latn,0.033136053768265186,-0.054650542610349254
18,64,devtest,tur_Latn,deu_Latn,0.05519218265717481,-0.0049063806167354606
18,64,devtest,tur_Latn,fra_Latn,0.09332772309669109,0.013915721766039694
18,64,devtest,tur_Latn,spa_Latn,0.05739832370722706,-0.03154800502855831
18,64,devtest,tur_Latn,rus_Cyrl,0.0006229148771423539,-0.02324929633000834
18,64,devtest,tur_Latn,hin_Deva,0.012182104778787388,-0.1381103176241413
18,64,devtest,tur_Latn,arb_Arab,0.06727953519624104,-0.018181123594068406
18,64,devtest,tur_Latn,zho_Hans,0.07279654699198093,-0.048054260552921765
18,64,devtest,tur_Latn,jpn_Jpan,0.09783576715518022,-0.1134326849069898
18,64,devtest,tur_Latn,vie_Latn,0.032030382955288865,-0.047821486982705455
18,64,devtest,tur_Latn,ind_Latn,0.07325244667400775,0.0019302711321840648
18,64,devtest,vie_Latn,eng_Latn,0.05436439507719633,-0.029185659586290328
18,64,devtest,vie_Latn,deu_Latn,0.003670622696266949,0.09579391740808987
18,64,devtest,vie_Latn,fra_Latn,0.09326305254863414,0.08849821689987786
18,64,devtest,vie_Latn,spa_Latn,0.05241759417882351,0.0033979547227447706
18,64,devtest,vie_Latn,rus_Cyrl,-0.04207214669742293,-0.012430373454462363
18,64,devtest,vie_Latn,hin_Deva,0.004914004999442536,-0.15234496749209672
18,64,devtest,vie_Latn,arb_Arab,0.02999013614376112,-0.0038366384804116253
18,64,devtest,vie_Latn,zho_Hans,0.05388836442048251,-0.0014360709560528565
18,64,devtest,vie_Latn,jpn_Jpan,-0.006265512028893171,-0.03473243359441851
18,64,devtest,vie_Latn,tur_Latn,0.016958811814261128,-0.03553727535148513
18,64,devtest,vie_Latn,ind_Latn,0.06918998077547348,0.09180189075325311
18,64,devtest,ind_Latn,eng_Latn,0.032434499071317326,0.07011636583543229
18,64,devtest,ind_Latn,deu_Latn,0.0423261552226632,0.1035710088694555
18,64,devtest,ind_Latn,fra_Latn,0.10318946502220694,0.10727989635654414
18,64,devtest,ind_Latn,spa_Latn,0.00904448957301884,0.052465233366428755
18,64,devtest,ind_Latn,rus_Cyrl,-0.038577804828871916,0.06304746562701503
18,64,devtest,ind_Latn,hin_Deva,0.010738181352738378,-0.049702476250183085
18,64,devtest,ind_Latn,arb_Arab,0.017569550953274938,0.08978506031185718
18,64,devtest,ind_Latn,zho_Hans,0.02250536466860563,0.06684515622429694
18,64,devtest,ind_Latn,jpn_Jpan,0.07282790796222524,0.04062038791409782
18,64,devtest,ind_Latn,tur_Latn,0.04657851897194899,0.006409525576393245
18,64,devtest,ind_Latn,vie_Latn,0.042159963390941184,0.08645332322042354
18,128,devtest,eng_Latn,deu_Latn,0.11065728013857083,0.10305804356942314
18,128,devtest,eng_Latn,fra_Latn,0.11138549345813506,0.110306219778259
18,128,devtest,eng_Latn,spa_Latn,0.029472543384811048,0.020363823909075648
18,128,devtest,eng_Latn,rus_Cyrl,0.03366027769627025,0.02308446566540523
18,128,devtest,eng_Latn,hin_Deva,0.09384603892723331,-0.08682267991726729
18,128,devtest,eng_Latn,arb_Arab,0.09564495528429302,0.037467884360935205
18,128,devtest,eng_Latn,zho_Hans,-0.03390064984333713,0.0460529396037394
18,128,devtest,eng_Latn,jpn_Jpan,-0.028665640606303784,0.00885771938835358
18,128,devtest,eng_Latn,tur_Latn,0.08573211662039595,-0.0177036110348468
18,128,devtest,eng_Latn,vie_Latn,0.09702736143989027,0.002275773882341349
18,128,devtest,eng_Latn,ind_Latn,0.06878865312887697,0.10136541072568515
18,128,devtest,deu_Latn,eng_Latn,0.03243744936467901,0.09495025425531603
18,128,devtest,deu_Latn,fra_Latn,0.05004857539321907,0.12619500590565053
18,128,devtest,deu_Latn,spa_Latn,0.02494441182866023,0.05059365615987851
18,128,devtest,deu_Latn,rus_Cyrl,-0.06585778994086784,0.0599113197466499
18,128,devtest,deu_Latn,hin_Deva,0.017389835015378996,-0.07501629185227317
18,128,devtest,deu_Latn,arb_Arab,-0.023310584347775967,0.035528202701431276
18,128,devtest,deu_Latn,zho_Hans,0.055344576638715115,0.07029186727350954
18,128,devtest,deu_Latn,jpn_Jpan,0.05733463706234757,0.026752955534293615
18,128,devtest,deu_Latn,tur_Latn,0.03545926100819782,0.0007802169981081579
18,128,devtest,deu_Latn,vie_Latn,-0.0067048457200223005,0.08163093871456029
18,128,devtest,deu_Latn,ind_Latn,0.033050260204347974,0.09158900521197999
18,128,devtest,fra_Latn,eng_Latn,0.10582172065297551,0.112673900616004
18,128,devtest,fra_Latn,deu_Latn,0.02515099983316993,0.13247601272130463
18,128,devtest,fra_Latn,spa_Latn,0.10099342670746811,0.08751875564737843
18,128,devtest,fra_Latn,rus_Cyrl,-0.013956940383731433,0.06848324773620207
18,128,devtest,fra_Latn,hin_Deva,-0.03816098211249666,-0.10581235583988202
18,128,devtest,fra_Latn,arb_Arab,0.04901733781386833,0.10442818620994637
18,128,devtest,fra_Latn,zho_Hans,0.07656003253826116,0.07036403765446664
18,128,devtest,fra_Latn,jpn_Jpan,0.04459878334004228,0.02274992033720775
18,128,devtest,fra_Latn,tur_Latn,0.06293157859119745,0.03135204389538668
18,128,devtest,fra_Latn,vie_Latn,0.10597037309677654,0.09876063052761783
18,128,devtest,fra_Latn,ind_Latn,0.10799743002625935,0.12496152853443021
18,128,devtest,spa_Latn,eng_Latn,0.009478361467717545,0.003539449516494362
18,128,devtest,spa_Latn,deu_Latn,0.005883209238295164,0.06732331842848926
18,128,devtest,spa_Latn,fra_Latn,0.09215360631821064,0.0883723639168617
18,128,devtest,spa_Latn,rus_Cyrl,-0.04677250114375505,0.004571816272173415
18,128,devtest,spa_Latn,hin_Deva,-0.024142394357673895,-0.1555630618628587
18,128,devtest,spa_Latn,arb_Arab,0.049839601620089886,0.05425250232581073
18,128,devtest,spa_Latn,zho_Hans,0.06006969053043433,-0.024003670034993433
18,128,devtest,spa_Latn,jpn_Jpan,0.08681578389470189,-0.024516161949793443
18,128,devtest,spa_Latn,tur_Latn,0.017938469818600637,-0.011129134532109255
18,128,devtest,spa_Latn,vie_Latn,0.032158047303715305,0.015438095919854284
18,128,devtest,spa_Latn,ind_Latn,0.0021710566182322,0.05781745542037365
18,128,devtest,rus_Cyrl,eng_Latn,0.003003672643874751,0.0062382661419414275
18,128,devtest,rus_Cyrl,deu_Latn,-0.06501309804900213,0.06786702450404923
18,128,devtest,rus_Cyrl,fra_Latn,-0.005987809908026424,0.05709331551756434
18,128,devtest,rus_Cyrl,spa_Latn,-0.058840064964574605,0.0037561460620756447
18,128,devtest,rus_Cyrl,hin_Deva,0.11790836262580691,-0.12054171122894636
18,128,devtest,rus_Cyrl,arb_Arab,0.03862996722351696,0.013532138543371776
18,128,devtest,rus_Cyrl,zho_Hans,0.034823200259025654,-0.022788421710758806
18,128,devtest,rus_Cyrl,jpn_Jpan,0.02302589257309886,-0.023054734503215994
18,128,devtest,rus_Cyrl,tur_Latn,-0.006323637355663104,-0.004558186297247914
18,128,devtest,rus_Cyrl,vie_Latn,-0.06246440423591335,0.0003417253572911421
18,128,devtest,rus_Cyrl,ind_Latn,-0.04940334952193216,0.07061277615386967
18,128,devtest,hin_Deva,eng_Latn,0.05521574322690471,-0.03989280541842788
18,128,devtest,hin_Deva,deu_Latn,-0.028053846074526035,-0.005606167422057051
18,128,devtest,hin_Deva,fra_Latn,-0.0027564367785919146,-0.04099019382748723
18,128,devtest,hin_Deva,spa_Latn,-0.010078629624506482,-0.08593927748096153
18,128,devtest,hin_Deva,rus_Cyrl,0.12245092189571877,-0.041798683139196956
18,128,devtest,hin_Deva,arb_Arab,0.01600554408016848,-0.0146193885655224
18,128,devtest,hin_Deva,zho_Hans,0.10615928729860792,-0.005399054821383231
18,128,devtest,hin_Deva,jpn_Jpan,0.09625963849102287,-0.06546966388630944
18,128,devtest,hin_Deva,tur_Latn,-0.010769028720395044,-0.0370262306128894
18,128,devtest,hin_Deva,vie_Latn,0.012804476354442674,-0.05232218504693988
18,128,devtest,hin_Deva,ind_Latn,-0.009986742887369338,0.005663381944528835
18,128,devtest,arb_Arab,eng_Latn,0.05244591929394597,0.00943611915453866
18,128,devtest,arb_Arab,deu_Latn,-0.04622027695207256,0.03445006926172089
18,128,devtest,arb_Arab,fra_Latn,0.021717315616516537,0.08365776998900297
18,128,devtest,arb_Arab,spa_Latn,0.0286166963887673,0.04054382989795095
18,128,devtest,arb_Arab,rus_Cyrl,0.04294283853945117,-0.0024036250596569824
18,128,devtest,arb_Arab,hin_Deva,0.06082820780751927,-0.1232801501475709
18,128,devtest,arb_Arab,zho_Hans,0.063543664526266,-0.0269828841985111
18,128,devtest,arb_Arab,jpn_Jpan,0.07791612561036958,-0.029532014631100355
18,128,devtest,arb_Arab,tur_Latn,0.04028580239947321,-0.02518884312320522
18,128,devtest,arb_Arab,vie_Latn,-0.004205471101303751,-0.005304700771357598
18,128,devtest,arb_Arab,ind_Latn,0.002742592774352317,0.08995161432440181
18,128,devtest,zho_Hans,eng_Latn,0.004059665398298743,-0.013378869068260347
18,128,devtest,zho_Hans,deu_Latn,0.13661903461631206,0.025459513399295277
18,128,devtest,zho_Hans,fra_Latn,0.1088436546462046,0.029175492961341826
18,128,devtest,zho_Hans,spa_Latn,0.13954137146138695,-0.06683836975775795
18,128,devtest,zho_Hans,rus_Cyrl,0.11518358337981671,-0.0560578802651709
18,128,devtest,zho_Hans,hin_Deva,0.12330005802402574,-0.10617645587832694
18,128,devtest,zho_Hans,arb_Arab,0.1342047468165368,-0.053466988116344996
18,128,devtest,zho_Hans,jpn_Jpan,0.033635914724578796,-0.0854115457196338
18,128,devtest,zho_Hans,tur_Latn,0.09538864749152655,-0.04748812495940504
18,128,devtest,zho_Hans,vie_Latn,0.11643927404586332,-0.035143444043842856
18,128,devtest,zho_Hans,ind_Latn,0.07222845155759272,0.034974321540601254
18,128,devtest,jpn_Jpan,eng_Latn,-0.07302730938143165,0.040901180402175906
18,128,devtest,jpn_Jpan,deu_Latn,0.07000472280219727,0.08202733785833002
18,128,devtest,jpn_Jpan,fra_Latn,0.059185587021949676,0.06065301086017392
18,128,devtest,jpn_Jpan,spa_Latn,0.10662501580660388,0.015525999966492706
18,128,devtest,jpn_Jpan,rus_Cyrl,0.05955311841513786,0.02297958648536237
18,128,devtest,jpn_Jpan,hin_Deva,0.10153378498385182,-0.0792696967440676
18,128,devtest,jpn_Jpan,arb_Arab,0.09223070458526339,0.037823815728526104
18,128,devtest,jpn_Jpan,zho_Hans,-0.043364802839481645,-0.01601326192854789
18,128,devtest,jpn_Jpan,tur_Latn,0.06133154688017075,-0.04008413040800528
18,128,devtest,jpn_Jpan,vie_Latn,-0.0098039906656136,0.0005787719957428835
18,128,devtest,jpn_Jpan,ind_Latn,0.07368542117263678,0.07547088931942585
18,128,devtest,tur_Latn,eng_Latn,0.027541807930588167,-0.05537100245822354
18,128,devtest,tur_Latn,deu_Latn,0.05368760747406624,-0.008916070951934401
18,128,devtest,tur_Latn,fra_Latn,0.09582990766051044,0.007280677579025364
18,128,devtest,tur_Latn,spa_Latn,0.05871501402538419,-0.0385160828042238
18,128,devtest,tur_Latn,rus_Cyrl,0.002322105733272303,-0.03742463380832702
18,128,devtest,tur_Latn,hin_Deva,0.02290826229256798,-0.14017206996009812
18,128,devtest,tur_Latn,arb_Arab,0.0641299656026105,-0.024680599539131032
18,128,devtest,tur_Latn,zho_Hans,0.08222676409279527,-0.04009158019133087
18,128,devtest,tur_Latn,jpn_Jpan,0.08562084688861427,-0.12388848296315187
18,128,devtest,tur_Latn,vie_Latn,0.046965956466422355,-0.0380199032290351
18,128,devtest,tur_Latn,ind_Latn,0.0653882194705705,0.007935139658958597
18,128,devtest,vie_Latn,eng_Latn,0.04340655471553849,-0.02317376814267182
18,128,devtest,vie_Latn,deu_Latn,0.009626627713575251,0.09432420989300734
18,128,devtest,vie_Latn,fra_Latn,0.10376341289900945,0.09147406616365056
18,128,devtest,vie_Latn,spa_Latn,0.04288905250293025,0.002371737705036196
18,128,devtest,vie_Latn,rus_Cyrl,-0.03428565540471918,-0.01349188443800033
18,128,devtest,vie_Latn,hin_Deva,0.01713573079811237,-0.13995082286027663
18,128,devtest,vie_Latn,arb_Arab,0.020882636719400185,0.01274998919669283
18,128,devtest,vie_Latn,zho_Hans,0.042956924361240226,0.0036063513033442285
18,128,devtest,vie_Latn,jpn_Jpan,-0.0069109545719650825,-0.043278246694504155
18,128,devtest,vie_Latn,tur_Latn,0.03062519569458222,-0.018316969989038392
18,128,devtest,vie_Latn,ind_Latn,0.07019658922451733,0.10753528349621447
18,128,devtest,ind_Latn,eng_Latn,0.031255545252313,0.06914816533913704
18,128,devtest,ind_Latn,deu_Latn,0.028298693484999887,0.09173699622550928
18,128,devtest,ind_Latn,fra_Latn,0.10266893402033629,0.1125129326857143
18,128,devtest,ind_Latn,spa_Latn,0.007826190875619286,0.05616987896914931
18,128,devtest,ind_Latn,rus_Cyrl,-0.036303846674015705,0.065340184319893
18,128,devtest,ind_Latn,hin_Deva,0.011896065005560747,-0.059412437722401804
18,128,devtest,ind_Latn,arb_Arab,0.016196885275880993,0.08998447006763009
18,128,devtest,ind_Latn,zho_Hans,0.012229987016834086,0.07547757108749154
18,128,devtest,ind_Latn,jpn_Jpan,0.07688521418498154,0.027288496292386433
18,128,devtest,ind_Latn,tur_Latn,0.03553347886569559,0.02250884906021605
18,128,devtest,ind_Latn,vie_Latn,0.03865104206471763,0.09975434308157845
18,256,devtest,eng_Latn,deu_Latn,0.131447717266071,0.10677815850837685
18,256,devtest,eng_Latn,fra_Latn,0.113997292920662,0.11966092302803354
18,256,devtest,eng_Latn,spa_Latn,0.02666962912666725,0.01804224905924098
18,256,devtest,eng_Latn,rus_Cyrl,0.035957417359017974,0.019381936409818227
18,256,devtest,eng_Latn,hin_Deva,0.10472908067582126,-0.07461919001169469
18,256,devtest,eng_Latn,arb_Arab,0.09951280824027409,0.04906065656295815
18,256,devtest,eng_Latn,zho_Hans,-0.03211409941488262,0.05676873823107187
18,256,devtest,eng_Latn,jpn_Jpan,-0.02502106039238389,-0.0029272696332176876
18,256,devtest,eng_Latn,tur_Latn,0.0930641823999407,-0.0038012626000185246
18,256,devtest,eng_Latn,vie_Latn,0.09852686355006704,0.007038118327221073
18,256,devtest,eng_Latn,ind_Latn,0.061135196677495306,0.10003603480102073
18,256,devtest,deu_Latn,eng_Latn,0.04274245041611034,0.09408289769173832
18,256,devtest,deu_Latn,fra_Latn,0.06145389522828605,0.12624470307653138
18,256,devtest,deu_Latn,spa_Latn,0.02180026406257941,0.0521124008504788
18,256,devtest,deu_Latn,rus_Cyrl,-0.07210517517350687,0.04961442269294095
18,256,devtest,deu_Latn,hin_Deva,0.01971177640405852,-0.08396772450794611
18,256,devtest,deu_Latn,arb_Arab,-0.0195715623595367,0.028527305908882878
18,256,devtest,deu_Latn,zho_Hans,0.05551401772182646,0.06520519845914213
18,256,devtest,deu_Latn,jpn_Jpan,0.0576008264269107,0.007284012456248302
18,256,devtest,deu_Latn,tur_Latn,0.025593028887428388,0.005461368459598882
18,256,devtest,deu_Latn,vie_Latn,-0.004056619477256289,0.07435919440328106
18,256,devtest,deu_Latn,ind_Latn,0.033756196704723705,0.09859022720865272
18,256,devtest,fra_Latn,eng_Latn,0.10826221452636163,0.11874391320970282
18,256,devtest,fra_Latn,deu_Latn,0.02760351820148271,0.12987703131701173
18,256,devtest,fra_Latn,spa_Latn,0.09982870912087977,0.08224029555306824
18,256,devtest,fra_Latn,rus_Cyrl,-0.011396996031500078,0.06426966251633282
18,256,devtest,fra_Latn,hin_Deva,-0.0258178427688125,-0.11088163435116088
18,256,devtest,fra_Latn,arb_Arab,0.05095492836335864,0.09898916649451187
18,256,devtest,fra_Latn,zho_Hans,0.08407556269942242,0.06540108170711742
18,256,devtest,fra_Latn,jpn_Jpan,0.05286561296725081,0.0011932758804971398
18,256,devtest,fra_Latn,tur_Latn,0.060661095153055324,0.030853672209640037
18,256,devtest,fra_Latn,vie_Latn,0.10707865858759943,0.09133661604211167
18,256,devtest,fra_Latn,ind_Latn,0.1062232275605012,0.11807969537300171
18,256,devtest,spa_Latn,eng_Latn,0.0008092552889596096,-0.00770161894025039
18,256,devtest,spa_Latn,deu_Latn,-0.000493077039085268,0.0657607791827011
18,256,devtest,spa_Latn,fra_Latn,0.09084966829308862,0.0804295904675366
18,256,devtest,spa_Latn,rus_Cyrl,-0.04518494960612841,0.0037995733637141453
18,256,devtest,spa_Latn,hin_Deva,-0.016269127279437794,-0.15361496704564984
18,256,devtest,spa_Latn,arb_Arab,0.04499376642526125,0.048886904328845744
18,256,devtest,spa_Latn,zho_Hans,0.06776625061085578,-0.03405362669211701
18,256,devtest,spa_Latn,jpn_Jpan,0.0770410313422139,-0.03423204697172342
18,256,devtest,spa_Latn,tur_Latn,0.008417168297284481,-0.003932756633617999
18,256,devtest,spa_Latn,vie_Latn,0.033375546035536136,0.012507364024225195
18,256,devtest,spa_Latn,ind_Latn,-0.0010372668451751053,0.058088331252195737
18,256,devtest,rus_Cyrl,eng_Latn,0.001634894890547376,-0.001073503402600093
18,256,devtest,rus_Cyrl,deu_Latn,-0.0660970652746507,0.05870446993577639
18,256,devtest,rus_Cyrl,fra_Latn,-0.002208741882261178,0.05296773621817767
18,256,devtest,rus_Cyrl,spa_Latn,-0.05904466362658059,0.003673656768148789
18,256,devtest,rus_Cyrl,hin_Deva,0.12103457132738328,-0.13324408131452717
18,256,devtest,rus_Cyrl,arb_Arab,0.03039754070655776,0.01544443920732725
18,256,devtest,rus_Cyrl,zho_Hans,0.03469604380194389,-0.022864752108472938
18,256,devtest,rus_Cyrl,jpn_Jpan,0.0169048062677884,-0.04244657629891599
18,256,devtest,rus_Cyrl,tur_Latn,-0.01634361880120131,-0.0036988998469643843
18,256,devtest,rus_Cyrl,vie_Latn,-0.058603224596519246,0.0006888407389778675
18,256,devtest,rus_Cyrl,ind_Latn,-0.047828037154061025,0.06666705414355056
18,256,devtest,hin_Deva,eng_Latn,0.05021317555291823,-0.02725076762835355
18,256,devtest,hin_Deva,deu_Latn,-0.03391467470189504,-0.0007916654353630735
18,256,devtest,hin_Deva,fra_Latn,-0.0013968159331983444,-0.032650156980771464
18,256,devtest,hin_Deva,spa_Latn,-0.005964593113668192,-0.07830643793977377
18,256,devtest,hin_Deva,rus_Cyrl,0.12214791441140498,-0.04119326363496282
18,256,devtest,hin_Deva,arb_Arab,0.011825937049681327,-0.007678876433965307
18,256,devtest,hin_Deva,zho_Hans,0.10332284674742079,-0.002305295988179736
18,256,devtest,hin_Deva,jpn_Jpan,0.0995248917647797,-0.05902529851546201
18,256,devtest,hin_Deva,tur_Latn,-0.013794633131559686,-0.03068739554550907
18,256,devtest,hin_Deva,vie_Latn,0.00772050847323688,-0.04354924103520088
18,256,devtest,hin_Deva,ind_Latn,-0.015243882831130099,0.014952177496678539
18,256,devtest,arb_Arab,eng_Latn,0.05077291584342614,0.007573161194906713
18,256,devtest,arb_Arab,deu_Latn,-0.04851334900818166,0.021215894736156923
18,256,devtest,arb_Arab,fra_Latn,0.013205973417678691,0.07580680080855985
18,256,devtest,arb_Arab,spa_Latn,0.015175235697630568,0.02984681551388545
18,256,devtest,arb_Arab,rus_Cyrl,0.035719157012180563,-0.006940014260419189
18,256,devtest,arb_Arab,hin_Deva,0.06869221459706779,-0.134422619242511
18,256,devtest,arb_Arab,zho_Hans,0.057445496073942934,-0.03367695558030461
18,256,devtest,arb_Arab,jpn_Jpan,0.0727168173717792,-0.0485725344817248
18,256,devtest,arb_Arab,tur_Latn,0.02752673073600931,-0.02307636146646133
18,256,devtest,arb_Arab,vie_Latn,-0.005515046746567366,-0.021317628671056906
18,256,devtest,arb_Arab,ind_Latn,0.018983648515651912,0.08632392921336329
18,256,devtest,zho_Hans,eng_Latn,0.011067620518408011,-0.0034088058982597023
18,256,devtest,zho_Hans,deu_Latn,0.14159393782349758,0.023763121484860903
18,256,devtest,zho_Hans,fra_Latn,0.11991520467653778,0.03006599816172614
18,256,devtest,zho_Hans,spa_Latn,0.15075508240038726,-0.07193254149853008
18,256,devtest,zho_Hans,rus_Cyrl,0.12553904477877167,-0.05416739430454757
18,256,devtest,zho_Hans,hin_Deva,0.12284721516086243,-0.10115256264810099
18,256,devtest,zho_Hans,arb_Arab,0.12946989241539777,-0.04843972869189662
18,256,devtest,zho_Hans,jpn_Jpan,0.041984136702564,-0.08565025326847996
18,256,devtest,zho_Hans,tur_Latn,0.09637877072971382,-0.03305412505827602
18,256,devtest,zho_Hans,vie_Latn,0.1194063758966563,-0.0309171805465824
18,256,devtest,zho_Hans,ind_Latn,0.08454053553708686,0.024403595213228775
18,256,devtest,jpn_Jpan,eng_Latn,-0.0772974090133668,0.03448566430329501
18,256,devtest,jpn_Jpan,deu_Latn,0.07377715243242261,0.07244949503336301
18,256,devtest,jpn_Jpan,fra_Latn,0.07221645903373192,0.04671030577653041
18,256,devtest,jpn_Jpan,spa_Latn,0.09315821965687861,0.01970818385676055
18,256,devtest,jpn_Jpan,rus_Cyrl,0.06671254348596177,0.016363891943809935
18,256,devtest,jpn_Jpan,hin_Deva,0.11076005774488644,-0.0700710468894981
18,256,devtest,jpn_Jpan,arb_Arab,0.09348571062108048,0.03918702925665586
18,256,devtest,jpn_Jpan,zho_Hans,-0.041563304737431916,-0.009190428798985892
18,256,devtest,jpn_Jpan,tur_Latn,0.06703533509735499,-0.0383045474708622
18,256,devtest,jpn_Jpan,vie_Latn,-0.009632805988698503,0.004184229673945753
18,256,devtest,jpn_Jpan,ind_Latn,0.07831818303681125,0.0753035731342378
18,256,devtest,tur_Latn,eng_Latn,0.026860966593454855,-0.052174069716617394
18,256,devtest,tur_Latn,deu_Latn,0.043266233262561266,-0.01182122773712688
18,256,devtest,tur_Latn,fra_Latn,0.08812713927946081,0.0012045400832892278
18,256,devtest,tur_Latn,spa_Latn,0.05787967014538237,-0.03739483989632493
18,256,devtest,tur_Latn,rus_Cyrl,-0.009469677059391052,-0.041802113013818316
18,256,devtest,tur_Latn,hin_Deva,0.03629116499022389,-0.15334161193508497
18,256,devtest,tur_Latn,arb_Arab,0.05379518291927172,-0.025918946463112363
18,256,devtest,tur_Latn,zho_Hans,0.08089772267116646,-0.034407279620009106
18,256,devtest,tur_Latn,jpn_Jpan,0.09550812405513251,-0.13841258067510814
18,256,devtest,tur_Latn,vie_Latn,0.043227966948870995,-0.05164282370604091
18,256,devtest,tur_Latn,ind_Latn,0.06794266305671919,0.006938934748399376
18,256,devtest,vie_Latn,eng_Latn,0.03677255771898443,-0.02854061294432288
18,256,devtest,vie_Latn,deu_Latn,0.019483880832489177,0.09081812032221742
18,256,devtest,vie_Latn,fra_Latn,0.10717218425192274,0.08261687898591492
18,256,devtest,vie_Latn,spa_Latn,0.046765276306109875,-0.00015163609745956456
18,256,devtest,vie_Latn,rus_Cyrl,-0.027217680600209668,-0.018372648846314975
18,256,devtest,vie_Latn,hin_Deva,0.020258424628395204,-0.1422211267171129
18,256,devtest,vie_Latn,arb_Arab,0.023989433032966807,0.003117813711140657
18,256,devtest,vie_Latn,zho_Hans,0.04359610992947125,-0.0013306611604776777
18,256,devtest,vie_Latn,jpn_Jpan,-0.0044968430173271175,-0.052506616707312145
18,256,devtest,vie_Latn,tur_Latn,0.021361186517785784,-0.01954348870208204
18,256,devtest,vie_Latn,ind_Latn,0.06963811369979099,0.10697102064784579
18,256,devtest,ind_Latn,eng_Latn,0.01890863175618526,0.06017067305051756
18,256,devtest,ind_Latn,deu_Latn,0.033542826290071326,0.09123581720711516
18,256,devtest,ind_Latn,fra_Latn,0.10077676251563321,0.10393871904745812
18,256,devtest,ind_Latn,spa_Latn,0.003947794119230707,0.05417182579214597
18,256,devtest,ind_Latn,rus_Cyrl,-0.025683614394826196,0.05648824091786116
18,256,devtest,ind_Latn,hin_Deva,0.01772723467538011,-0.06038847165084216
18,256,devtest,ind_Latn,arb_Arab,0.0367869862330031,0.08605074311645244
18,256,devtest,ind_Latn,zho_Hans,0.021905114934704976,0.058277713600751686
18,256,devtest,ind_Latn,jpn_Jpan,0.07764920988861733,0.012178705711850417
18,256,devtest,ind_Latn,tur_Latn,0.036015485076448146,0.024215981310054
18,256,devtest,ind_Latn,vie_Latn,0.035184288078129795,0.09841224961977996
19,64,devtest,eng_Latn,deu_Latn,0.10533048413785762,0.11649303256643724
19,64,devtest,eng_Latn,fra_Latn,0.08922926623025654,0.12267606191746311
19,64,devtest,eng_Latn,spa_Latn,0.012160909827670142,0.024093983025544836
19,64,devtest,eng_Latn,rus_Cyrl,0.0273339646753149,0.055191895995931446
19,64,devtest,eng_Latn,hin_Deva,0.07845239679600434,-0.06592597626955572
19,64,devtest,eng_Latn,arb_Arab,0.10621862933138984,0.051019104362004
19,64,devtest,eng_Latn,zho_Hans,-0.03583419115220504,0.05721198982429357
19,64,devtest,eng_Latn,jpn_Jpan,-0.014014555046045419,0.035469970499772796
19,64,devtest,eng_Latn,tur_Latn,0.07650394780729045,-0.027339875846924436
19,64,devtest,eng_Latn,vie_Latn,0.09927502283697631,0.0058107811910839795
19,64,devtest,eng_Latn,ind_Latn,0.053605399423408584,0.10464408717893454
19,64,devtest,deu_Latn,eng_Latn,0.04378813642663823,0.08552213877970966
19,64,devtest,deu_Latn,fra_Latn,0.05188587386939662,0.11371090752663895
19,64,devtest,deu_Latn,spa_Latn,0.017396558067610274,0.03586561842139738
19,64,devtest,deu_Latn,rus_Cyrl,-0.04243654485080554,0.061666374495695564
19,64,devtest,deu_Latn,hin_Deva,0.014957847941092381,-0.05831330206476203
19,64,devtest,deu_Latn,arb_Arab,-0.016897648068312506,0.027504155410376697
19,64,devtest,deu_Latn,zho_Hans,0.03842818168226336,0.06520600322385822
19,64,devtest,deu_Latn,jpn_Jpan,0.030727303004767826,0.04193256973608668
19,64,devtest,deu_Latn,tur_Latn,0.02645611040344314,-0.002445539476075724
19,64,devtest,deu_Latn,vie_Latn,-0.01632419582817227,0.06474879298198166
19,64,devtest,deu_Latn,ind_Latn,0.02255679481585677,0.09826239139251511
19,64,devtest,fra_Latn,eng_Latn,0.08290967626103173,0.1083521214500959
19,64,devtest,fra_Latn,deu_Latn,0.030467779358594023,0.1288244227744495
19,64,devtest,fra_Latn,spa_Latn,0.09274840832903969,0.07051746037231495
19,64,devtest,fra_Latn,rus_Cyrl,-0.011394344529270644,0.07225399545474155
19,64,devtest,fra_Latn,hin_Deva,-0.039200386428865155,-0.07768612669977434
19,64,devtest,fra_Latn,arb_Arab,0.07737693189706978,0.08657141165859462
19,64,devtest,fra_Latn,zho_Hans,0.0683045788886662,0.037423670802978544
19,64,devtest,fra_Latn,jpn_Jpan,0.0322231333918663,0.038169896885052214
19,64,devtest,fra_Latn,tur_Latn,0.06290263476773651,0.02008460704186529
19,64,devtest,fra_Latn,vie_Latn,0.10559988895750995,0.0977870047541006
19,64,devtest,fra_Latn,ind_Latn,0.0982609543510398,0.1291638301960595
19,64,devtest,spa_Latn,eng_Latn,0.00034151240124568883,0.01732174553881636
19,64,devtest,spa_Latn,deu_Latn,-0.0008683274229400596,0.08179476510052504
19,64,devtest,spa_Latn,fra_Latn,0.08107094952797372,0.08780262979647943
19,64,devtest,spa_Latn,rus_Cyrl,-0.028319474505905173,0.031043799021453985
19,64,devtest,spa_Latn,hin_Deva,-0.025983479897270075,-0.1197815220816166
19,64,devtest,spa_Latn,arb_Arab,0.04599578140261517,0.05914282889063088
19,64,devtest,spa_Latn,zho_Hans,0.05878098015887662,-0.014164784839298993
19,64,devtest,spa_Latn,jpn_Jpan,0.06973150082866289,0.028983067757218255
19,64,devtest,spa_Latn,tur_Latn,-0.022859379307327177,0.014862330469516431
19,64,devtest,spa_Latn,vie_Latn,0.01518855952061456,0.033901149900285706
19,64,devtest,spa_Latn,ind_Latn,-0.008495528809765108,0.07798710711374264
19,64,devtest,rus_Cyrl,eng_Latn,0.014824461914591856,0.033127147690799254
19,64,devtest,rus_Cyrl,deu_Latn,-0.05160221030549817,0.08711032625416855
19,64,devtest,rus_Cyrl,fra_Latn,-0.009072595390418771,0.0696476689432873
19,64,devtest,rus_Cyrl,spa_Latn,-0.04849408590689207,0.014681942201525968
19,64,devtest,rus_Cyrl,hin_Deva,0.12509908955824933,-0.07881759906265971
19,64,devtest,rus_Cyrl,arb_Arab,0.04298735025380828,0.002469092522882018
19,64,devtest,rus_Cyrl,zho_Hans,0.03749304587000205,-0.027605405925667157
19,64,devtest,rus_Cyrl,jpn_Jpan,0.048443561114817034,-0.0027236930119623835
19,64,devtest,rus_Cyrl,tur_Latn,-0.011933026465826314,0.0060418451890648945
19,64,devtest,rus_Cyrl,vie_Latn,-0.05209518945853506,-0.008080228484619404
19,64,devtest,rus_Cyrl,ind_Latn,-0.0743685296789764,0.07382457622390697
19,64,devtest,hin_Deva,eng_Latn,0.053440820459579604,-0.05799854244042698
19,64,devtest,hin_Deva,deu_Latn,-0.029002471261576172,0.007682914248087808
19,64,devtest,hin_Deva,fra_Latn,-0.02848853690997617,-0.029663479057794737
19,64,devtest,hin_Deva,spa_Latn,-0.004142125507665941,-0.09117718013082438
19,64,devtest,hin_Deva,rus_Cyrl,0.11859150003584813,-0.029225673226714557
19,64,devtest,hin_Deva,arb_Arab,-0.0019750457529836853,-0.04383726078366863
19,64,devtest,hin_Deva,zho_Hans,0.10202015428560689,-0.016809703194053977
19,64,devtest,hin_Deva,jpn_Jpan,0.08370008453726228,-0.05193863978530654
19,64,devtest,hin_Deva,tur_Latn,0.00033897569573400755,-0.05803656574197244
19,64,devtest,hin_Deva,vie_Latn,-0.00725220310325299,-0.061900117548014146
19,64,devtest,hin_Deva,ind_Latn,-0.024032993708551744,0.010311855333081056
19,64,devtest,arb_Arab,eng_Latn,0.059287231283430365,0.027627214364269178
19,64,devtest,arb_Arab,deu_Latn,-0.04205133398704792,0.04914031040788071
19,64,devtest,arb_Arab,fra_Latn,0.0531943761851977,0.07504892165512446
19,64,devtest,arb_Arab,spa_Latn,0.033690745200526624,0.03954958158432752
19,64,devtest,arb_Arab,rus_Cyrl,0.048122738763866996,-0.003487005049561266
19,64,devtest,arb_Arab,hin_Deva,0.04869390739383979,-0.1129142600684268
19,64,devtest,arb_Arab,zho_Hans,0.060616564047537354,-0.02287119778399902
19,64,devtest,arb_Arab,jpn_Jpan,0.0657115780730959,-0.023789781378186492
19,64,devtest,arb_Arab,tur_Latn,0.05572773611297602,-0.02203661784260508
19,64,devtest,arb_Arab,vie_Latn,-0.0017058429598801855,-0.01249896964482117
19,64,devtest,arb_Arab,ind_Latn,0.010632014563254976,0.07939218950947423
19,64,devtest,zho_Hans,eng_Latn,-0.014213201037397925,-0.008671493607059605
19,64,devtest,zho_Hans,deu_Latn,0.11928073900478234,0.0369290027638832
19,64,devtest,zho_Hans,fra_Latn,0.10334643341419275,0.0011980357397468537
19,64,devtest,zho_Hans,spa_Latn,0.13374724325563053,-0.07839560337645596
19,64,devtest,zho_Hans,rus_Cyrl,0.09483363189246406,-0.06484084333709414
19,64,devtest,zho_Hans,hin_Deva,0.12972179161945827,-0.10248379202889253
19,64,devtest,zho_Hans,arb_Arab,0.138483825869006,-0.0589065185358771
19,64,devtest,zho_Hans,jpn_Jpan,0.05831676699011429,-0.07507646243419464
19,64,devtest,zho_Hans,tur_Latn,0.11148990986267375,-0.06500494486812106
19,64,devtest,zho_Hans,vie_Latn,0.12573821765791687,-0.053328440364463485
19,64,devtest,zho_Hans,ind_Latn,0.09579119453816566,0.018264326486983055
19,64,devtest,jpn_Jpan,eng_Latn,-0.04972932923505085,0.043264155629153145
19,64,devtest,jpn_Jpan,deu_Latn,0.04465905118337754,0.09570683995058506
19,64,devtest,jpn_Jpan,fra_Latn,0.07148387547986837,0.06386908585598562
19,64,devtest,jpn_Jpan,spa_Latn,0.10020683073450294,0.0348709315046095
19,64,devtest,jpn_Jpan,rus_Cyrl,0.07624782432287733,0.022848882197915272
19,64,devtest,jpn_Jpan,hin_Deva,0.09747886714648471,-0.07001560909806141
19,64,devtest,jpn_Jpan,arb_Arab,0.08589717129695751,0.01815531483233922
19,64,devtest,jpn_Jpan,zho_Hans,-0.017881827077257283,-0.02034986341006271
19,64,devtest,jpn_Jpan,tur_Latn,0.07376134779654973,-0.04727189054306665
19,64,devtest,jpn_Jpan,vie_Latn,-0.013259824031472696,0.010056507185345646
19,64,devtest,jpn_Jpan,ind_Latn,0.07497434203186265,0.08119426813218787
19,64,devtest,tur_Latn,eng_Latn,0.03006234213173993,-0.06343902028727337
19,64,devtest,tur_Latn,deu_Latn,0.05107475143826625,-0.002950720198085472
19,64,devtest,tur_Latn,fra_Latn,0.08849657687569468,0.012750967122499204
19,64,devtest,tur_Latn,spa_Latn,0.024441391130773017,-0.021193208145818324
19,64,devtest,tur_Latn,rus_Cyrl,0.0002380364334044483,-0.020233792690330734
19,64,devtest,tur_Latn,hin_Deva,0.01949817680023071,-0.13438796027563454
19,64,devtest,tur_Latn,arb_Arab,0.08473290477949433,-0.027689129218369676
19,64,devtest,tur_Latn,zho_Hans,0.07813766506008565,-0.052334161804850975
19,64,devtest,tur_Latn,jpn_Jpan,0.07455414317189511,-0.10572033286901236
19,64,devtest,tur_Latn,vie_Latn,0.03184238316653086,-0.031642046448142246
19,64,devtest,tur_Latn,ind_Latn,0.07590170311139417,0.0334344445115863
19,64,devtest,vie_Latn,eng_Latn,0.06606937841751151,-0.02042940472730515
19,64,devtest,vie_Latn,deu_Latn,-0.009510510275384297,0.09062123652716991
19,64,devtest,vie_Latn,fra_Latn,0.10481574162706865,0.08936444619664402
19,64,devtest,vie_Latn,spa_Latn,0.04240680267714558,0.008379401134836194
19,64,devtest,vie_Latn,rus_Cyrl,-0.030799906224082275,-0.01578068879521109
19,64,devtest,vie_Latn,hin_Deva,-0.002716563648491234,-0.12300478149038105
19,64,devtest,vie_Latn,arb_Arab,0.02067290245125023,-0.0052058607734436985
19,64,devtest,vie_Latn,zho_Hans,0.06735393393277454,-0.013852107007386415
19,64,devtest,vie_Latn,jpn_Jpan,-0.012450202610682987,-0.007865305716572861
19,64,devtest,vie_Latn,tur_Latn,0.020232817251039675,-0.010265165563398147
19,64,devtest,vie_Latn,ind_Latn,0.07067870845717777,0.09116693076816892
19,64,devtest,ind_Latn,eng_Latn,0.03568567073113408,0.07105452338187329
19,64,devtest,ind_Latn,deu_Latn,0.02319061189604483,0.11217928984107106
19,64,devtest,ind_Latn,fra_Latn,0.09687910576851462,0.12592384822749242
19,64,devtest,ind_Latn,spa_Latn,0.011409431578209481,0.05863608668264695
19,64,devtest,ind_Latn,rus_Cyrl,-0.061140303479679574,0.07225291522677506
19,64,devtest,ind_Latn,hin_Deva,0.005730339909252553,-0.036626643583106855
19,64,devtest,ind_Latn,arb_Arab,0.022039811644782845,0.07459684891623186
19,64,devtest,ind_Latn,zho_Hans,0.04169906256335482,0.055765623499435264
19,64,devtest,ind_Latn,jpn_Jpan,0.07715272239169246,0.051644801906310406
19,64,devtest,ind_Latn,tur_Latn,0.042291565032149606,0.04525543811408125
19,64,devtest,ind_Latn,vie_Latn,0.0526099831588647,0.08898634876964454
19,128,devtest,eng_Latn,deu_Latn,0.10818912329034266,0.12221980913496819
19,128,devtest,eng_Latn,fra_Latn,0.10928718235432508,0.1201976006706924
19,128,devtest,eng_Latn,spa_Latn,0.03076020550186591,0.016862384305566948
19,128,devtest,eng_Latn,rus_Cyrl,0.03501145595219408,0.04242702073400617
19,128,devtest,eng_Latn,hin_Deva,0.0933101609746241,-0.06198687238607909
19,128,devtest,eng_Latn,arb_Arab,0.10970308542207595,0.0508588796717754
19,128,devtest,eng_Latn,zho_Hans,-0.027975868627363978,0.04997069101816007
19,128,devtest,eng_Latn,jpn_Jpan,-0.02738634458807509,0.03844409724419888
19,128,devtest,eng_Latn,tur_Latn,0.09290904864447824,-0.013959076006707226
19,128,devtest,eng_Latn,vie_Latn,0.10181748603009803,0.01798996929368031
19,128,devtest,eng_Latn,ind_Latn,0.06782516504044023,0.11090677137608049
19,128,devtest,deu_Latn,eng_Latn,0.03799584619834448,0.09496342584721336
19,128,devtest,deu_Latn,fra_Latn,0.053272373950446664,0.1343727900064265
19,128,devtest,deu_Latn,spa_Latn,0.030263610647564755,0.04060197571655675
19,128,devtest,deu_Latn,rus_Cyrl,-0.04813680247647412,0.05636602184836626
19,128,devtest,deu_Latn,hin_Deva,0.023956504045591163,-0.0679724563408043
19,128,devtest,deu_Latn,arb_Arab,-0.011276010245589005,0.04369970871760653
19,128,devtest,deu_Latn,zho_Hans,0.046539528029837726,0.06342311936630471
19,128,devtest,deu_Latn,jpn_Jpan,0.036543717493367205,0.045135910194289454
19,128,devtest,deu_Latn,tur_Latn,0.033875079560951545,0.00863324200064489
19,128,devtest,deu_Latn,vie_Latn,-0.020087644179000524,0.07546444655216959
19,128,devtest,deu_Latn,ind_Latn,0.027148644958164596,0.09361361977211854
19,128,devtest,fra_Latn,eng_Latn,0.10170335250579546,0.10985552519478484
19,128,devtest,fra_Latn,deu_Latn,0.024768602309438132,0.1497479333008475
19,128,devtest,fra_Latn,spa_Latn,0.08899639319156467,0.07269635889042585
19,128,devtest,fra_Latn,rus_Cyrl,-0.02301181470793995,0.06263845850911405
19,128,devtest,fra_Latn,hin_Deva,-0.029575519209040422,-0.08798508635854844
19,128,devtest,fra_Latn,arb_Arab,0.05482411133942936,0.0945277040700778
19,128,devtest,fra_Latn,zho_Hans,0.08348444714585013,0.03769950283333248
19,128,devtest,fra_Latn,jpn_Jpan,0.03341391095403406,0.02306309533382958
19,128,devtest,fra_Latn,tur_Latn,0.0662805682961014,0.0230000715613342
19,128,devtest,fra_Latn,vie_Latn,0.10178073713297572,0.09615421356473369
19,128,devtest,fra_Latn,ind_Latn,0.09694918426455618,0.14134881678540664
19,128,devtest,spa_Latn,eng_Latn,0.01619688705968948,0.0108945963755737
19,128,devtest,spa_Latn,deu_Latn,0.00768455004782859,0.0856947003615804
19,128,devtest,spa_Latn,fra_Latn,0.07426958757351187,0.08878479544646496
19,128,devtest,spa_Latn,rus_Cyrl,-0.03015455794674308,0.02818393086454515
19,128,devtest,spa_Latn,hin_Deva,-0.026008743784771287,-0.12659707800384754
19,128,devtest,spa_Latn,arb_Arab,0.04621765494823952,0.06188876312887826
19,128,devtest,spa_Latn,zho_Hans,0.0624650054203671,-0.01932607146872831
19,128,devtest,spa_Latn,jpn_Jpan,0.07733148281955936,0.02591355613761809
19,128,devtest,spa_Latn,tur_Latn,-0.024305994895983098,0.016548201213962936
19,128,devtest,spa_Latn,vie_Latn,0.007377597916449773,0.04215458035021009
19,128,devtest,spa_Latn,ind_Latn,-0.010652052853527641,0.0858103336887083
19,128,devtest,rus_Cyrl,eng_Latn,0.015233945483950483,0.02986235229055984
19,128,devtest,rus_Cyrl,deu_Latn,-0.054642041632895995,0.08220414968895406
19,128,devtest,rus_Cyrl,fra_Latn,-0.014951624235364296,0.06267137171600462
19,128,devtest,rus_Cyrl,spa_Latn,-0.04929377541706073,0.012317096651202477
19,128,devtest,rus_Cyrl,hin_Deva,0.11961795446027094,-0.0864331878935824
19,128,devtest,rus_Cyrl,arb_Arab,0.04942159151517006,0.007477156617206912
19,128,devtest,rus_Cyrl,zho_Hans,0.042196792705799395,-0.03501735155054621
19,128,devtest,rus_Cyrl,jpn_Jpan,0.02898197032108334,0.0013473553281161984
19,128,devtest,rus_Cyrl,tur_Latn,-0.011958557662229507,0.004339534942544043
19,128,devtest,rus_Cyrl,vie_Latn,-0.045414729814980376,0.002563087804566348
19,128,devtest,rus_Cyrl,ind_Latn,-0.06529142603507175,0.08852653772330911
19,128,devtest,hin_Deva,eng_Latn,0.04636502118975647,-0.04218239913003397
19,128,devtest,hin_Deva,deu_Latn,-0.026414507496915936,0.008429666847814918
19,128,devtest,hin_Deva,fra_Latn,-0.03183545222022744,-0.030212830082051445
19,128,devtest,hin_Deva,spa_Latn,-0.015685377486544888,-0.09292907778677403
19,128,devtest,hin_Deva,rus_Cyrl,0.11254674936579767,-0.025757095399421222
19,128,devtest,hin_Deva,arb_Arab,-0.0024583448007819354,-0.031046273445210323
19,128,devtest,hin_Deva,zho_Hans,0.10880231891360717,-0.01336831650312443
19,128,devtest,hin_Deva,jpn_Jpan,0.08490793757696594,-0.054033112660254456
19,128,devtest,hin_Deva,tur_Latn,-0.00554307525814312,-0.036844391267221964
19,128,devtest,hin_Deva,vie_Latn,-6.90295106149763e-05,-0.051751846166373724
19,128,devtest,hin_Deva,ind_Latn,-0.025074463188138888,0.013163313604782938
19,128,devtest,arb_Arab,eng_Latn,0.061157658704902494,0.02193905837985769
19,128,devtest,arb_Arab,deu_Latn,-0.03800590710964787,0.05975630808445074
19,128,devtest,arb_Arab,fra_Latn,0.024199623729573214,0.08202618623357308
19,128,devtest,arb_Arab,spa_Latn,0.03535667275901352,0.04083063352082788
19,128,devtest,arb_Arab,rus_Cyrl,0.052051146515783256,-0.0057064898425631845
19,128,devtest,arb_Arab,hin_Deva,0.05967680357538326,-0.110725137651167
19,128,devtest,arb_Arab,zho_Hans,0.0625250404605311,-0.02862404211727608
19,128,devtest,arb_Arab,jpn_Jpan,0.06669295976967735,-0.02070283896525798
19,128,devtest,arb_Arab,tur_Latn,0.046764741982131784,-0.01699230591543951
19,128,devtest,arb_Arab,vie_Latn,-0.006948360193927382,0.0006581961107567718
19,128,devtest,arb_Arab,ind_Latn,0.009917824050634605,0.08311961713052803
19,128,devtest,zho_Hans,eng_Latn,-0.0014815948773592616,-0.009407108054582003
19,128,devtest,zho_Hans,deu_Latn,0.12743515770640715,0.03437873811666244
19,128,devtest,zho_Hans,fra_Latn,0.11330617906192185,0.004657422848280353
19,128,devtest,zho_Hans,spa_Latn,0.1376422741801678,-0.07990386459709453
19,128,devtest,zho_Hans,rus_Cyrl,0.10574639888628483,-0.07642541701686983
19,128,devtest,zho_Hans,hin_Deva,0.14727440661226937,-0.10313549512100503
19,128,devtest,zho_Hans,arb_Arab,0.14230888373504505,-0.05836817163374721
19,128,devtest,zho_Hans,jpn_Jpan,0.04700959124331559,-0.0751864570014405
19,128,devtest,zho_Hans,tur_Latn,0.1173602557865196,-0.04235244609707621
19,128,devtest,zho_Hans,vie_Latn,0.12294297229528914,-0.03977936175818154
19,128,devtest,zho_Hans,ind_Latn,0.08950095863256874,0.03180827974428412
19,128,devtest,jpn_Jpan,eng_Latn,-0.07319046696510133,0.04873966353697519
19,128,devtest,jpn_Jpan,deu_Latn,0.05262910014592965,0.09553074952465117
19,128,devtest,jpn_Jpan,fra_Latn,0.07472518412764542,0.048705940247914165
19,128,devtest,jpn_Jpan,spa_Latn,0.11449821983840938,0.035257429146312046
19,128,devtest,jpn_Jpan,rus_Cyrl,0.0783299899819029,0.026378175856125393
19,128,devtest,jpn_Jpan,hin_Deva,0.11230374906518216,-0.07447198893060318
19,128,devtest,jpn_Jpan,arb_Arab,0.09796283980563351,0.023476421916492102
19,128,devtest,jpn_Jpan,zho_Hans,-0.03271592227827108,-0.01725386778278218
19,128,devtest,jpn_Jpan,tur_Latn,0.07904050980413097,-0.04298442135767541
19,128,devtest,jpn_Jpan,vie_Latn,-0.02198229878844118,0.016548836758206578
19,128,devtest,jpn_Jpan,ind_Latn,0.08236714084520409,0.08464100773168724
19,128,devtest,tur_Latn,eng_Latn,0.028751419347307787,-0.058174124961859294
19,128,devtest,tur_Latn,deu_Latn,0.05996042360099939,-0.0005180392150256736
19,128,devtest,tur_Latn,fra_Latn,0.09547109457238838,0.0035161308697848827
19,128,devtest,tur_Latn,spa_Latn,0.025914331031208545,-0.028339454155699828
19,128,devtest,tur_Latn,rus_Cyrl,0.0020807230342168243,-0.0342575094328658
19,128,devtest,tur_Latn,hin_Deva,0.02129321271497504,-0.1262785333267844
19,128,devtest,tur_Latn,arb_Arab,0.07475699919267487,-0.021892470659579357
19,128,devtest,tur_Latn,zho_Hans,0.08306138362576329,-0.03427890429387832
19,128,devtest,tur_Latn,jpn_Jpan,0.07243016688922008,-0.113363308626528
19,128,devtest,tur_Latn,vie_Latn,0.03672877395591279,-0.03980215621041174
19,128,devtest,tur_Latn,ind_Latn,0.06461178932892413,0.020478975390010725
19,128,devtest,vie_Latn,eng_Latn,0.06238531559507449,-0.008747257439708478
19,128,devtest,vie_Latn,deu_Latn,-0.00848370207173419,0.09886069207519751
19,128,devtest,vie_Latn,fra_Latn,0.10297548494093396,0.08928256434377665
19,128,devtest,vie_Latn,spa_Latn,0.028601169708011038,0.01468751142201341
19,128,devtest,vie_Latn,rus_Cyrl,-0.02432353782144159,-0.00891139255157647
19,128,devtest,vie_Latn,hin_Deva,0.006778015983622605,-0.12056842476844251
19,128,devtest,vie_Latn,arb_Arab,0.01439551595790612,0.010973926173159123
19,128,devtest,vie_Latn,zho_Hans,0.06022341595824408,-0.0005811897555548729
19,128,devtest,vie_Latn,jpn_Jpan,-0.022892230515919453,-0.006252974667262061
19,128,devtest,vie_Latn,tur_Latn,0.020845507126781987,-0.008734399576863085
19,128,devtest,vie_Latn,ind_Latn,0.06896325099102549,0.10936797259095553
19,128,devtest,ind_Latn,eng_Latn,0.04225518716248168,0.07840537144416783
19,128,devtest,ind_Latn,deu_Latn,0.027881906351664824,0.10297968165954019
19,128,devtest,ind_Latn,fra_Latn,0.09405839274371694,0.13779125548113239
19,128,devtest,ind_Latn,spa_Latn,0.006557665008003126,0.06675668787504288
19,128,devtest,ind_Latn,rus_Cyrl,-0.04805329433475308,0.08224475690553307
19,128,devtest,ind_Latn,hin_Deva,0.012411462141906962,-0.043713971583027776
19,128,devtest,ind_Latn,arb_Arab,0.02216879125654457,0.08187257522521477
19,128,devtest,ind_Latn,zho_Hans,0.028718109197015267,0.06629627917357186
19,128,devtest,ind_Latn,jpn_Jpan,0.07566367095322014,0.0508127176814964
19,128,devtest,ind_Latn,tur_Latn,0.030908757638977997,0.041080358279743816
19,128,devtest,ind_Latn,vie_Latn,0.04680764027040267,0.10444982909645023
19,256,devtest,eng_Latn,deu_Latn,0.11788801387543389,0.1246423398961469
19,256,devtest,eng_Latn,fra_Latn,0.12405690246771507,0.13357855865771942
19,256,devtest,eng_Latn,spa_Latn,0.03963218706758524,0.029856372680887762
19,256,devtest,eng_Latn,rus_Cyrl,0.04695556341612643,0.05587781293911375
19,256,devtest,eng_Latn,hin_Deva,0.09821888661577138,-0.056277969124583216
19,256,devtest,eng_Latn,arb_Arab,0.11102104760549815,0.06256742888942679
19,256,devtest,eng_Latn,zho_Hans,-0.036696846991890776,0.06195176080227853
19,256,devtest,eng_Latn,jpn_Jpan,-0.025855373814324567,0.030051735611112178
19,256,devtest,eng_Latn,tur_Latn,0.10699701956077601,0.00379088744092411
19,256,devtest,eng_Latn,vie_Latn,0.09759200275059576,0.015707745523903794
19,256,devtest,eng_Latn,ind_Latn,0.06607871045017961,0.11607978637622929
19,256,devtest,deu_Latn,eng_Latn,0.03905863379268791,0.09076924939417017
19,256,devtest,deu_Latn,fra_Latn,0.04854851006280951,0.13395885147850983
19,256,devtest,deu_Latn,spa_Latn,0.03018247527263871,0.04436185695034722
19,256,devtest,deu_Latn,rus_Cyrl,-0.05576868361856402,0.04957165601967597
19,256,devtest,deu_Latn,hin_Deva,0.030770832312494983,-0.06790500603814967
19,256,devtest,deu_Latn,arb_Arab,-0.014667729358214891,0.03518372128787
19,256,devtest,deu_Latn,zho_Hans,0.045842948488969776,0.06634242363775444
19,256,devtest,deu_Latn,jpn_Jpan,0.038341736241262345,0.03423442210825982
19,256,devtest,deu_Latn,tur_Latn,0.023664946526317617,0.016511422407123177
19,256,devtest,deu_Latn,vie_Latn,-0.02264108786137091,0.07301039690992364
19,256,devtest,deu_Latn,ind_Latn,0.02520689254020128,0.09839004970752646
19,256,devtest,fra_Latn,eng_Latn,0.11362647045019099,0.11974064740517808
19,256,devtest,fra_Latn,deu_Latn,0.01784470050691565,0.14708802307242258
19,256,devtest,fra_Latn,spa_Latn,0.0907906947376708,0.06747255811740913
19,256,devtest,fra_Latn,rus_Cyrl,-0.016372725222829343,0.05824831144746085
19,256,devtest,fra_Latn,hin_Deva,-0.028548274826094063,-0.09735823334819202
19,256,devtest,fra_Latn,arb_Arab,0.06096802453213928,0.0957969265838869
19,256,devtest,fra_Latn,zho_Hans,0.0840902153948447,0.03921864012707497
19,256,devtest,fra_Latn,jpn_Jpan,0.05011442253502831,0.021090549651873815
19,256,devtest,fra_Latn,tur_Latn,0.05797559584736816,0.029050926313271917
19,256,devtest,fra_Latn,vie_Latn,0.10367985118592427,0.08443043784070488
19,256,devtest,fra_Latn,ind_Latn,0.10256757699536667,0.13750548386902564
19,256,devtest,spa_Latn,eng_Latn,0.023875780954645688,0.01653649489624114
19,256,devtest,spa_Latn,deu_Latn,0.006608419256152658,0.09026687295337056
19,256,devtest,spa_Latn,fra_Latn,0.07438609870577668,0.08606457222324425
19,256,devtest,spa_Latn,rus_Cyrl,-0.04321052996662156,0.026137521315384275
19,256,devtest,spa_Latn,hin_Deva,-0.0258267210646033,-0.12595494767830756
19,256,devtest,spa_Latn,arb_Arab,0.038978399410124494,0.05757815180412209
19,256,devtest,spa_Latn,zho_Hans,0.0654350486796267,-0.018630113517906055
19,256,devtest,spa_Latn,jpn_Jpan,0.06889200580143487,0.011857384290902346
19,256,devtest,spa_Latn,tur_Latn,-0.024846265645836856,0.029833012745861764
19,256,devtest,spa_Latn,vie_Latn,0.006497207432795641,0.03472614846252457
19,256,devtest,spa_Latn,ind_Latn,-0.01492476870449666,0.08011154897221032
19,256,devtest,rus_Cyrl,eng_Latn,0.02630480511810076,0.04192276356043062
19,256,devtest,rus_Cyrl,deu_Latn,-0.06418482525381447,0.08056172908366317
19,256,devtest,rus_Cyrl,fra_Latn,-0.009359964970472505,0.059924667627158
19,256,devtest,rus_Cyrl,spa_Latn,-0.06273899492961438,0.012422031972119395
19,256,devtest,rus_Cyrl,hin_Deva,0.12527341105320847,-0.0892566495190835
19,256,devtest,rus_Cyrl,arb_Arab,0.03460819950880043,0.011295221619863084
19,256,devtest,rus_Cyrl,zho_Hans,0.04363791465755913,-0.013452711530990745
19,256,devtest,rus_Cyrl,jpn_Jpan,0.02381589933583875,-0.004913140354317953
19,256,devtest,rus_Cyrl,tur_Latn,-0.029136073968809344,0.016258109303088256
19,256,devtest,rus_Cyrl,vie_Latn,-0.05101271392384901,0.00597202185319407
19,256,devtest,rus_Cyrl,ind_Latn,-0.0688177244933885,0.08454794299450491
19,256,devtest,hin_Deva,eng_Latn,0.04305240321967659,-0.03111895888856925
19,256,devtest,hin_Deva,deu_Latn,-0.0291022007068891,0.01951711066290419
19,256,devtest,hin_Deva,fra_Latn,-0.03836919634064198,-0.027134937148977033
19,256,devtest,hin_Deva,spa_Latn,-0.015367836356084545,-0.0838318108239089
19,256,devtest,hin_Deva,rus_Cyrl,0.11984059760501835,-0.01981899163258414
19,256,devtest,hin_Deva,arb_Arab,-0.011104490896697935,-0.024660913824729142
19,256,devtest,hin_Deva,zho_Hans,0.1006918391487184,-0.008541437672057058
19,256,devtest,hin_Deva,jpn_Jpan,0.09015761347040058,-0.04465134325880385
19,256,devtest,hin_Deva,tur_Latn,-0.015293868551901844,-0.03237619735134725
19,256,devtest,hin_Deva,vie_Latn,-0.00800330137528577,-0.03824427953080035
19,256,devtest,hin_Deva,ind_Latn,-0.03828257711745811,0.02177661691336464
19,256,devtest,arb_Arab,eng_Latn,0.05532176629372026,0.022819796260260376
19,256,devtest,arb_Arab,deu_Latn,-0.044906469664732086,0.051023717856012216
19,256,devtest,arb_Arab,fra_Latn,0.02464961032108192,0.07977201898137969
19,256,devtest,arb_Arab,spa_Latn,0.024366547151320223,0.03220687802851068
19,256,devtest,arb_Arab,rus_Cyrl,0.03868202879160999,-0.006931694774687463
19,256,devtest,arb_Arab,hin_Deva,0.06456143880931192,-0.11894675448508815
19,256,devtest,arb_Arab,zho_Hans,0.05040183417440717,-0.03520685915346898
19,256,devtest,arb_Arab,jpn_Jpan,0.05135702824554916,-0.030746025633829163
19,256,devtest,arb_Arab,tur_Latn,0.03413547212394904,-0.011089890404591561
19,256,devtest,arb_Arab,vie_Latn,-0.006796520387960317,-0.005212588285016798
19,256,devtest,arb_Arab,ind_Latn,0.0272097593732428,0.08089336986496337
19,256,devtest,zho_Hans,eng_Latn,-0.009119989905200741,-0.0016522895916986022
19,256,devtest,zho_Hans,deu_Latn,0.13362071826292451,0.03981211578180608
19,256,devtest,zho_Hans,fra_Latn,0.12079574425312305,0.013241552778270153
19,256,devtest,zho_Hans,spa_Latn,0.1458959255673642,-0.07580331975086783
19,256,devtest,zho_Hans,rus_Cyrl,0.11724553638436382,-0.05794193362943616
19,256,devtest,zho_Hans,hin_Deva,0.1426405927169536,-0.09904191903989566
19,256,devtest,zho_Hans,arb_Arab,0.14066214222257292,-0.05641539617526211
19,256,devtest,zho_Hans,jpn_Jpan,0.05266884100057973,-0.07801254386275265
19,256,devtest,zho_Hans,tur_Latn,0.12272790095727937,-0.026794929056318695
19,256,devtest,zho_Hans,vie_Latn,0.12784892372110238,-0.027587241912168995
19,256,devtest,zho_Hans,ind_Latn,0.10658631120811167,0.030219635442313254
19,256,devtest,jpn_Jpan,eng_Latn,-0.08304246292756513,0.04130913197214299
19,256,devtest,jpn_Jpan,deu_Latn,0.05929208446868851,0.09509361220688979
19,256,devtest,jpn_Jpan,fra_Latn,0.08873845211520565,0.05649415134880768
19,256,devtest,jpn_Jpan,spa_Latn,0.10574314192362494,0.02678663078699934
19,256,devtest,jpn_Jpan,rus_Cyrl,0.08217630512342564,0.024363971607175933
19,256,devtest,jpn_Jpan,hin_Deva,0.12227933045219337,-0.06564276804271589
19,256,devtest,jpn_Jpan,arb_Arab,0.09197930042744171,0.026321204769064188
19,256,devtest,jpn_Jpan,zho_Hans,-0.03405327893057488,-0.013781992731342903
19,256,devtest,jpn_Jpan,tur_Latn,0.09109786906724,-0.03675215260194921
19,256,devtest,jpn_Jpan,vie_Latn,-0.016026721000069726,0.014318196326225927
19,256,devtest,jpn_Jpan,ind_Latn,0.08577607285062994,0.08691617950487789
19,256,devtest,tur_Latn,eng_Latn,0.034541815571318295,-0.05090384223092546
19,256,devtest,tur_Latn,deu_Latn,0.04973179161997517,0.0029425048889501287
19,256,devtest,tur_Latn,fra_Latn,0.08395335192956652,0.005733572817340783
19,256,devtest,tur_Latn,spa_Latn,0.03401653388797005,-0.019328868109503905
19,256,devtest,tur_Latn,rus_Cyrl,-0.015939120125125442,-0.03124974054071604
19,256,devtest,tur_Latn,hin_Deva,0.022073897697598155,-0.13991515273164176
19,256,devtest,tur_Latn,arb_Arab,0.06327954956451334,-0.016122241207163546
19,256,devtest,tur_Latn,zho_Hans,0.08711686352160737,-0.02725191117382659
19,256,devtest,tur_Latn,jpn_Jpan,0.08410306595690835,-0.11893379609923112
19,256,devtest,tur_Latn,vie_Latn,0.03370804022272527,-0.03653324212593627
19,256,devtest,tur_Latn,ind_Latn,0.06180251934900234,0.03449207321335929
19,256,devtest,vie_Latn,eng_Latn,0.04894022713354082,-0.015691192356778898
19,256,devtest,vie_Latn,deu_Latn,-0.005987784473298261,0.10180725726226882
19,256,devtest,vie_Latn,fra_Latn,0.10290181191391191,0.07837364129469791
19,256,devtest,vie_Latn,spa_Latn,0.02604438531869042,0.009436934240176352
19,256,devtest,vie_Latn,rus_Cyrl,-0.025664841156945256,-0.00881959999716447
19,256,devtest,vie_Latn,hin_Deva,0.007693681674160243,-0.11871624321851783
19,256,devtest,vie_Latn,arb_Arab,0.02147514601371853,0.012730622995133436
19,256,devtest,vie_Latn,zho_Hans,0.05777481692015185,0.006951789334811062
19,256,devtest,vie_Latn,jpn_Jpan,-0.022184783754993123,-0.013540834213484667
19,256,devtest,vie_Latn,tur_Latn,0.013289625865618361,0.0012263218679351095
19,256,devtest,vie_Latn,ind_Latn,0.06510353538032457,0.10985853348613542
19,256,devtest,ind_Latn,eng_Latn,0.03964292135535549,0.07868546738327917
19,256,devtest,ind_Latn,deu_Latn,0.028876517406358982,0.10700922650448677
19,256,devtest,ind_Latn,fra_Latn,0.10132162962581275,0.13352269255328425
19,256,devtest,ind_Latn,spa_Latn,-0.001199507699444636,0.061279541911417205
19,256,devtest,ind_Latn,rus_Cyrl,-0.04515265944845779,0.0760954627538037
19,256,devtest,ind_Latn,hin_Deva,0.008883121010156588,-0.040441619484703525
19,256,devtest,ind_Latn,arb_Arab,0.042260754275113756,0.08605840849161266
19,256,devtest,ind_Latn,zho_Hans,0.04204756217256504,0.06235089173886113
19,256,devtest,ind_Latn,jpn_Jpan,0.07507478931980002,0.04816008845169902
19,256,devtest,ind_Latn,tur_Latn,0.023882423743516006,0.06178909561464752
19,256,devtest,ind_Latn,vie_Latn,0.03918195799358155,0.10568169384758404
20,64,devtest,eng_Latn,deu_Latn,0.09070625057443141,0.09957111501959334
20,64,devtest,eng_Latn,fra_Latn,0.06490082739686534,0.10272394517574408
20,64,devtest,eng_Latn,spa_Latn,0.01010071412297965,-0.0005645615560139913
20,64,devtest,eng_Latn,rus_Cyrl,0.00442788302471494,0.024362518139632312
20,64,devtest,eng_Latn,hin_Deva,0.05100823929530193,-0.08183770602150814
20,64,devtest,eng_Latn,arb_Arab,0.0779427834249732,0.04895680636896269
20,64,devtest,eng_Latn,zho_Hans,-0.02492844996528175,0.03570182736247516
20,64,devtest,eng_Latn,jpn_Jpan,-0.03827331412248398,0.009800153519063519
20,64,devtest,eng_Latn,tur_Latn,0.07328088584709389,-0.03749273326243857
20,64,devtest,eng_Latn,vie_Latn,0.07365591671391514,-0.008263573780522046
20,64,devtest,eng_Latn,ind_Latn,0.05199061640539872,0.09009134943049694
20,64,devtest,deu_Latn,eng_Latn,0.04483289036032309,0.0624457587331454
20,64,devtest,deu_Latn,fra_Latn,0.050887266311397304,0.09061271735031824
20,64,devtest,deu_Latn,spa_Latn,0.007275462858788069,0.011660014483534301
20,64,devtest,deu_Latn,rus_Cyrl,-0.06447150522920525,-0.0036598946724538694
20,64,devtest,deu_Latn,hin_Deva,0.027868593723564532,-0.09407454246550707
20,64,devtest,deu_Latn,arb_Arab,0.003151171329339755,-0.0008033692608528112
20,64,devtest,deu_Latn,zho_Hans,0.053587554583266236,0.018783150576627942
20,64,devtest,deu_Latn,jpn_Jpan,0.04304082340987734,0.002267742469351355
20,64,devtest,deu_Latn,tur_Latn,0.03692625351180112,-0.01549703725637425
20,64,devtest,deu_Latn,vie_Latn,-0.04085510470758838,0.030426094526047404
20,64,devtest,deu_Latn,ind_Latn,0.041840792393360034,0.02613965237230964
20,64,devtest,fra_Latn,eng_Latn,0.06939500839700509,0.10151980022596047
20,64,devtest,fra_Latn,deu_Latn,0.030727584547678415,0.1222918616630392
20,64,devtest,fra_Latn,spa_Latn,0.06607448103089118,0.06572734463684224
20,64,devtest,fra_Latn,rus_Cyrl,-0.043892568443912476,0.03608096844832354
20,64,devtest,fra_Latn,hin_Deva,-0.018223827343128454,-0.09419882814409862
20,64,devtest,fra_Latn,arb_Arab,0.06799770878866004,0.06912795784092692
20,64,devtest,fra_Latn,zho_Hans,0.08430122926108197,0.007922039264291771
20,64,devtest,fra_Latn,jpn_Jpan,0.05871086931261308,0.009765353698297076
20,64,devtest,fra_Latn,tur_Latn,0.0724306936423921,0.009887677571455155
20,64,devtest,fra_Latn,vie_Latn,0.11383898239157461,0.06306236008178627
20,64,devtest,fra_Latn,ind_Latn,0.09154400317216083,0.10066454406549753
20,64,devtest,spa_Latn,eng_Latn,0.005158678264804072,0.0007397950710823891
20,64,devtest,spa_Latn,deu_Latn,-0.010056293445019146,0.06312383393959362
20,64,devtest,spa_Latn,fra_Latn,0.05441077983097127,0.07237373515574945
20,64,devtest,spa_Latn,rus_Cyrl,-0.028069516897722902,-0.005072385253238121
20,64,devtest,spa_Latn,hin_Deva,-0.014078359201634544,-0.13649796599196717
20,64,devtest,spa_Latn,arb_Arab,0.04411892922529871,0.02758926028988539
20,64,devtest,spa_Latn,zho_Hans,0.06523787617967335,-0.04627184238023014
20,64,devtest,spa_Latn,jpn_Jpan,0.04676618482253287,0.007292254711720052
20,64,devtest,spa_Latn,tur_Latn,-0.014845597654394561,-0.00017610714721462526
20,64,devtest,spa_Latn,vie_Latn,-0.01389783579183673,0.0015366709829912073
20,64,devtest,spa_Latn,ind_Latn,-0.02543457602433078,0.045466410238410054
20,64,devtest,rus_Cyrl,eng_Latn,-0.008485649776894975,0.003110060656726742
20,64,devtest,rus_Cyrl,deu_Latn,-0.07400352033114586,0.029983602751496752
20,64,devtest,rus_Cyrl,fra_Latn,-0.05276649800353379,0.027959511621576533
20,64,devtest,rus_Cyrl,spa_Latn,-0.05476418590063519,-0.02012005237737495
20,64,devtest,rus_Cyrl,hin_Deva,0.13096165713032007,-0.09604205807779838
20,64,devtest,rus_Cyrl,arb_Arab,0.03804580308046603,-0.01883040621583764
20,64,devtest,rus_Cyrl,zho_Hans,0.05569242089210934,-0.06426950012046631
20,64,devtest,rus_Cyrl,jpn_Jpan,0.043824612493385505,-0.04527386125875625
20,64,devtest,rus_Cyrl,tur_Latn,-0.021880912675806937,-0.02368774535678922
20,64,devtest,rus_Cyrl,vie_Latn,-0.07282080143923904,-0.030473871742847006
20,64,devtest,rus_Cyrl,ind_Latn,-0.11068052215470982,0.027663614187394266
20,64,devtest,hin_Deva,eng_Latn,0.0264750489171541,-0.0814770526056141
20,64,devtest,hin_Deva,deu_Latn,-0.015848564401059147,-0.025959931615932342
20,64,devtest,hin_Deva,fra_Latn,-0.021912752209384465,-0.06073274375102985
20,64,devtest,hin_Deva,spa_Latn,0.0007737441842545583,-0.1287200424419769
20,64,devtest,hin_Deva,rus_Cyrl,0.12754815873056088,-0.054905821336383866
20,64,devtest,hin_Deva,arb_Arab,0.011826903833028823,-0.06658669212821618
20,64,devtest,hin_Deva,zho_Hans,0.09899839799745337,-0.04957428441873569
20,64,devtest,hin_Deva,jpn_Jpan,0.10011375500106778,-0.09030562656189267
20,64,devtest,hin_Deva,tur_Latn,-0.0021460008625510413,-0.10111404042654905
20,64,devtest,hin_Deva,vie_Latn,-0.014135835859071135,-0.10673987353901232
20,64,devtest,hin_Deva,ind_Latn,-0.03242286689992132,-0.035697896022159614
20,64,devtest,arb_Arab,eng_Latn,0.044603940675551,0.030174088698763545
20,64,devtest,arb_Arab,deu_Latn,-0.014058045983161236,0.0324052966943682
20,64,devtest,arb_Arab,fra_Latn,0.054924724640518355,0.05676004511670842
20,64,devtest,arb_Arab,spa_Latn,0.03670066944562518,0.007928767150489938
20,64,devtest,arb_Arab,rus_Cyrl,0.04137376586977203,-0.022669249669635894
20,64,devtest,arb_Arab,hin_Deva,0.060251686530710724,-0.1129032489511925
20,64,devtest,arb_Arab,zho_Hans,0.06208279473943301,-0.03512176254795077
20,64,devtest,arb_Arab,jpn_Jpan,0.07783162176255351,-0.04106779971925527
20,64,devtest,arb_Arab,tur_Latn,0.06174904038348253,-0.04330125683020843
20,64,devtest,arb_Arab,vie_Latn,-0.0019807721818942913,-0.005450986515692796
20,64,devtest,arb_Arab,ind_Latn,0.03374869624933648,0.046988541308027196
20,64,devtest,zho_Hans,eng_Latn,-0.004088052480037959,-0.031408863248580325
20,64,devtest,zho_Hans,deu_Latn,0.1258787636656919,-0.007490165220201868
20,64,devtest,zho_Hans,fra_Latn,0.11414245371981935,-0.044837347038320485
20,64,devtest,zho_Hans,spa_Latn,0.1416459924198319,-0.1102116939928773
20,64,devtest,zho_Hans,rus_Cyrl,0.10117902509287585,-0.10757155989706076
20,64,devtest,zho_Hans,hin_Deva,0.1247712256530383,-0.13692258171413865
20,64,devtest,zho_Hans,arb_Arab,0.11792491705449387,-0.0721158241074753
20,64,devtest,zho_Hans,jpn_Jpan,0.048003992885241015,-0.11132551424707939
20,64,devtest,zho_Hans,tur_Latn,0.11442655044147207,-0.09201763664335154
20,64,devtest,zho_Hans,vie_Latn,0.14195103890253105,-0.08610780065018372
20,64,devtest,zho_Hans,ind_Latn,0.1077064041661897,-0.016113370180723452
20,64,devtest,jpn_Jpan,eng_Latn,-0.0632228313356822,0.00428451049510449
20,64,devtest,jpn_Jpan,deu_Latn,0.0600868893092956,0.05333459705565336
20,64,devtest,jpn_Jpan,fra_Latn,0.0898674713315738,0.022380268123717826
20,64,devtest,jpn_Jpan,spa_Latn,0.06658381131776193,0.008736026626970561
20,64,devtest,jpn_Jpan,rus_Cyrl,0.07169728046983381,-0.028727553001654187
20,64,devtest,jpn_Jpan,hin_Deva,0.10248689948909895,-0.10693416778850336
20,64,devtest,jpn_Jpan,arb_Arab,0.09725082136086699,-0.020393254290982057
20,64,devtest,jpn_Jpan,zho_Hans,-0.00466696697985253,-0.06024624428879975
20,64,devtest,jpn_Jpan,tur_Latn,0.08307024130597773,-0.07191249502017412
20,64,devtest,jpn_Jpan,vie_Latn,-0.007726701724614909,-0.040694554592468374
20,64,devtest,jpn_Jpan,ind_Latn,0.09513828113860814,0.05597089186160936
20,64,devtest,tur_Latn,eng_Latn,0.04386755591536249,-0.07700928836485929
20,64,devtest,tur_Latn,deu_Latn,0.05187500601616491,-0.017076414516502363
20,64,devtest,tur_Latn,fra_Latn,0.08563788361297858,-0.00816395255214328
20,64,devtest,tur_Latn,spa_Latn,0.009041940840570221,-0.04369304123825641
20,64,devtest,tur_Latn,rus_Cyrl,-0.0075627745786457515,-0.05115218382591089
20,64,devtest,tur_Latn,hin_Deva,0.022604174617254186,-0.1724123679015765
20,64,devtest,tur_Latn,arb_Arab,0.07871940482805646,-0.06195035797662382
20,64,devtest,tur_Latn,zho_Hans,0.08077687440821985,-0.07533858254511665
20,64,devtest,tur_Latn,jpn_Jpan,0.07708008642815278,-0.13134640127022265
20,64,devtest,tur_Latn,vie_Latn,0.01786872222324653,-0.0692094259308997
20,64,devtest,tur_Latn,ind_Latn,0.0459835800996542,0.0019056368076562013
20,64,devtest,vie_Latn,eng_Latn,0.04936779535732537,-0.038958095947639285
20,64,devtest,vie_Latn,deu_Latn,-0.03132047472687529,0.049963658003994986
20,64,devtest,vie_Latn,fra_Latn,0.10568193378783837,0.04950675362800114
20,64,devtest,vie_Latn,spa_Latn,0.00780558899211734,-0.02247696702507009
20,64,devtest,vie_Latn,rus_Cyrl,-0.05202908876673396,-0.03619048971474903
20,64,devtest,vie_Latn,hin_Deva,-0.0032085291669054663,-0.1501180134889677
20,64,devtest,vie_Latn,arb_Arab,0.014466870840878077,-0.0035648342757452793
20,64,devtest,vie_Latn,zho_Hans,0.08584110097682211,-0.0489342192944168
20,64,devtest,vie_Latn,jpn_Jpan,-0.005846808413395908,-0.05794087972054837
20,64,devtest,vie_Latn,tur_Latn,0.003662498964286537,-0.043772278887990804
20,64,devtest,vie_Latn,ind_Latn,0.07411712122070961,0.07760550505858309
20,64,devtest,ind_Latn,eng_Latn,0.04225072362123101,0.06622174232818524
20,64,devtest,ind_Latn,deu_Latn,0.05527181407671335,0.05123468341079781
20,64,devtest,ind_Latn,fra_Latn,0.09867516614739817,0.09704956790957697
20,64,devtest,ind_Latn,spa_Latn,-0.011532084190785335,0.03505484805456361
20,64,devtest,ind_Latn,rus_Cyrl,-0.09199585933272428,0.027262408389877636
20,64,devtest,ind_Latn,hin_Deva,-0.0019129229743131612,-0.06370459026951997
20,64,devtest,ind_Latn,arb_Arab,0.045425053697680684,0.04538157414368045
20,64,devtest,ind_Latn,zho_Hans,0.06267654144899175,0.02886037705034077
20,64,devtest,ind_Latn,jpn_Jpan,0.09964761752548978,0.0381799120532172
20,64,devtest,ind_Latn,tur_Latn,0.01920125636132934,0.021819487605321285
20,64,devtest,ind_Latn,vie_Latn,0.0579827553213989,0.0856217996051184
20,128,devtest,eng_Latn,deu_Latn,0.09459214840457877,0.10581431641558199
20,128,devtest,eng_Latn,fra_Latn,0.07614934057342632,0.09714409565346382
20,128,devtest,eng_Latn,spa_Latn,0.03106783297203021,-0.009335257788402905
20,128,devtest,eng_Latn,rus_Cyrl,0.0024567566834428423,0.01834649430347842
20,128,devtest,eng_Latn,hin_Deva,0.066835679393634,-0.0917398094965929
20,128,devtest,eng_Latn,arb_Arab,0.08327190490936953,0.04210654372855667
20,128,devtest,eng_Latn,zho_Hans,-0.01834665431727992,0.03609325799586021
20,128,devtest,eng_Latn,jpn_Jpan,-0.039443025997744116,-0.001699512576479111
20,128,devtest,eng_Latn,tur_Latn,0.07996084798260958,-0.03604084206753602
20,128,devtest,eng_Latn,vie_Latn,0.08859968520604022,-0.00037092063612783737
20,128,devtest,eng_Latn,ind_Latn,0.047687311075264124,0.08664294681132402
20,128,devtest,deu_Latn,eng_Latn,0.042450779835808694,0.07386510625924925
20,128,devtest,deu_Latn,fra_Latn,0.04390124032795511,0.10992670880776322
20,128,devtest,deu_Latn,spa_Latn,0.018652219621459326,0.009960168142449419
20,128,devtest,deu_Latn,rus_Cyrl,-0.06493939737879341,0.008126227814204929
20,128,devtest,deu_Latn,hin_Deva,0.03986398448339203,-0.100745343241601
20,128,devtest,deu_Latn,arb_Arab,0.0009383725719517024,0.005078780705384426
20,128,devtest,deu_Latn,zho_Hans,0.0627563966943178,0.020736314542560644
20,128,devtest,deu_Latn,jpn_Jpan,0.04298257983140321,0.003519145306580735
20,128,devtest,deu_Latn,tur_Latn,0.040707061806082294,-0.01622805503176771
20,128,devtest,deu_Latn,vie_Latn,-0.04069430262876435,0.031817989807267376
20,128,devtest,deu_Latn,ind_Latn,0.03464576413022281,0.03728445485251302
20,128,devtest,fra_Latn,eng_Latn,0.07331861847307038,0.092842731023054
20,128,devtest,fra_Latn,deu_Latn,0.02230746796748303,0.13747328788643595
20,128,devtest,fra_Latn,spa_Latn,0.07444723780952303,0.0587580235360996
20,128,devtest,fra_Latn,rus_Cyrl,-0.03499102389382303,0.02583845951673048
20,128,devtest,fra_Latn,hin_Deva,-0.00729338070120316,-0.09667036935544096
20,128,devtest,fra_Latn,arb_Arab,0.061558880166621636,0.07011256099671273
20,128,devtest,fra_Latn,zho_Hans,0.08758873023690106,0.0161945106116454
20,128,devtest,fra_Latn,jpn_Jpan,0.05373092456812438,0.005605521539833564
20,128,devtest,fra_Latn,tur_Latn,0.07528921899735058,0.007958714799073901
20,128,devtest,fra_Latn,vie_Latn,0.10438403795242043,0.07359900236277633
20,128,devtest,fra_Latn,ind_Latn,0.09106241110161958,0.10699015312114107
20,128,devtest,spa_Latn,eng_Latn,0.021702102861597544,-0.008669907722829981
20,128,devtest,spa_Latn,deu_Latn,-0.0001618886093578987,0.0613651082856534
20,128,devtest,spa_Latn,fra_Latn,0.06214274854309138,0.06609043166952948
20,128,devtest,spa_Latn,rus_Cyrl,-0.03283244360638715,0.0016024564303442567
20,128,devtest,spa_Latn,hin_Deva,-0.004537849223072174,-0.149806461158781
20,128,devtest,spa_Latn,arb_Arab,0.045356736955053635,0.026451100682833642
20,128,devtest,spa_Latn,zho_Hans,0.0625784742251223,-0.04228109452748988
20,128,devtest,spa_Latn,jpn_Jpan,0.047822651350593284,-0.017867571123122025
20,128,devtest,spa_Latn,tur_Latn,-0.007031138572445064,-0.008500385959367677
20,128,devtest,spa_Latn,vie_Latn,-0.017570548755908785,0.004575234664927972
20,128,devtest,spa_Latn,ind_Latn,-0.023040840994105218,0.054431846211467454
20,128,devtest,rus_Cyrl,eng_Latn,-0.013837361682587175,0.001486289566194471
20,128,devtest,rus_Cyrl,deu_Latn,-0.07483551000223877,0.04034840450179269
20,128,devtest,rus_Cyrl,fra_Latn,-0.04190968476356589,0.021003570214069962
20,128,devtest,rus_Cyrl,spa_Latn,-0.059098034925214836,-0.015430708545774587
20,128,devtest,rus_Cyrl,hin_Deva,0.14044928048222938,-0.1014061546607966
20,128,devtest,rus_Cyrl,arb_Arab,0.03775071612083556,-0.01970871696141101
20,128,devtest,rus_Cyrl,zho_Hans,0.0573392660592397,-0.07328350986417659
20,128,devtest,rus_Cyrl,jpn_Jpan,0.04387984691240972,-0.051621124533145116
20,128,devtest,rus_Cyrl,tur_Latn,-0.018249085513985616,-0.028790073458414167
20,128,devtest,rus_Cyrl,vie_Latn,-0.0698088259856663,-0.029178690668572822
20,128,devtest,rus_Cyrl,ind_Latn,-0.09800267888796345,0.03798346515436858
20,128,devtest,hin_Deva,eng_Latn,0.03770054172129856,-0.07593861405078146
20,128,devtest,hin_Deva,deu_Latn,-0.007957404741967893,-0.01929362907047636
20,128,devtest,hin_Deva,fra_Latn,-0.019833734947456126,-0.052282555343186356
20,128,devtest,hin_Deva,spa_Latn,0.005197170690447392,-0.12518913035511922
20,128,devtest,hin_Deva,rus_Cyrl,0.13605604535687701,-0.0518340395436853
20,128,devtest,hin_Deva,arb_Arab,0.006296758357308981,-0.0597678406847132
20,128,devtest,hin_Deva,zho_Hans,0.10427818581403552,-0.05526352024401021
20,128,devtest,hin_Deva,jpn_Jpan,0.0996360428195161,-0.08850246839716755
20,128,devtest,hin_Deva,tur_Latn,-0.0011862817854805803,-0.08476241659718566
20,128,devtest,hin_Deva,vie_Latn,-0.01293797354622239,-0.0947405958238338
20,128,devtest,hin_Deva,ind_Latn,-0.03691914941865052,-0.026200132702988446
20,128,devtest,arb_Arab,eng_Latn,0.04309125229756686,0.019977733090349916
20,128,devtest,arb_Arab,deu_Latn,-0.019224022108860376,0.035235942634575475
20,128,devtest,arb_Arab,fra_Latn,0.04467608056395176,0.05353398852883495
20,128,devtest,arb_Arab,spa_Latn,0.040479033493129035,0.005944850071583645
20,128,devtest,arb_Arab,rus_Cyrl,0.04065633870261109,-0.02576028309315575
20,128,devtest,arb_Arab,hin_Deva,0.05732288295437453,-0.11592201447497895
20,128,devtest,arb_Arab,zho_Hans,0.06427288076901762,-0.052129382723591695
20,128,devtest,arb_Arab,jpn_Jpan,0.06943988482819025,-0.05044570905307722
20,128,devtest,arb_Arab,tur_Latn,0.048297595932615706,-0.044640700151892206
20,128,devtest,arb_Arab,vie_Latn,-0.006676146222189653,0.0010334488324524964
20,128,devtest,arb_Arab,ind_Latn,0.02033961637914269,0.05052048449382064
20,128,devtest,zho_Hans,eng_Latn,0.005581924104293823,-0.031611659798108635
20,128,devtest,zho_Hans,deu_Latn,0.13933285343976054,-0.008147281664417362
20,128,devtest,zho_Hans,fra_Latn,0.11781220420991999,-0.0371495698875458
20,128,devtest,zho_Hans,spa_Latn,0.15064520291496614,-0.10650468165540489
20,128,devtest,zho_Hans,rus_Cyrl,0.11576761177381384,-0.11863739488035657
20,128,devtest,zho_Hans,hin_Deva,0.13895291317669162,-0.151160080752201
20,128,devtest,zho_Hans,arb_Arab,0.12636609048491684,-0.08510516844374572
20,128,devtest,zho_Hans,jpn_Jpan,0.04154608751594533,-0.11279403261962759
20,128,devtest,zho_Hans,tur_Latn,0.12035444315719725,-0.09248106271242139
20,128,devtest,zho_Hans,vie_Latn,0.1417907692390896,-0.08422349778464808
20,128,devtest,zho_Hans,ind_Latn,0.10702508795121378,-0.016281885775736256
20,128,devtest,jpn_Jpan,eng_Latn,-0.06780652721889657,-0.003101537789681487
20,128,devtest,jpn_Jpan,deu_Latn,0.0631095515538791,0.052448754816283305
20,128,devtest,jpn_Jpan,fra_Latn,0.0887816024809359,0.01916516577500339
20,128,devtest,jpn_Jpan,spa_Latn,0.07295043544869924,-0.018064151870105384
20,128,devtest,jpn_Jpan,rus_Cyrl,0.08268375434253973,-0.033969769884076906
20,128,devtest,jpn_Jpan,hin_Deva,0.11251077948286357,-0.11698482633182884
20,128,devtest,jpn_Jpan,arb_Arab,0.0964266367371755,-0.023558089326499696
20,128,devtest,jpn_Jpan,zho_Hans,-0.018904428142807846,-0.055340821239913095
20,128,devtest,jpn_Jpan,tur_Latn,0.09189946993517274,-0.07416773072155819
20,128,devtest,jpn_Jpan,vie_Latn,-0.009350153835629399,-0.03152729412996263
20,128,devtest,jpn_Jpan,ind_Latn,0.09939934193494761,0.05531505403065422
20,128,devtest,tur_Latn,eng_Latn,0.03667694975124953,-0.08545256620323081
20,128,devtest,tur_Latn,deu_Latn,0.05779599476362844,-0.01635593943169062
20,128,devtest,tur_Latn,fra_Latn,0.09087514659036594,-0.008442242208406722
20,128,devtest,tur_Latn,spa_Latn,0.013988294655285628,-0.05044262642306343
20,128,devtest,tur_Latn,rus_Cyrl,-0.0027157261512888524,-0.062059144683622704
20,128,devtest,tur_Latn,hin_Deva,0.0294755675370748,-0.17043669296310987
20,128,devtest,tur_Latn,arb_Arab,0.06892028327889355,-0.057322340659284945
20,128,devtest,tur_Latn,zho_Hans,0.08230259964881413,-0.07701123088856059
20,128,devtest,tur_Latn,jpn_Jpan,0.08118488750421422,-0.14128922127797974
20,128,devtest,tur_Latn,vie_Latn,0.027625449249958616,-0.07464158670432446
20,128,devtest,tur_Latn,ind_Latn,0.04494873941623439,-0.0033999702262412705
20,128,devtest,vie_Latn,eng_Latn,0.06327241472849443,-0.024734907234856093
20,128,devtest,vie_Latn,deu_Latn,-0.029809870795346076,0.05282531290670409
20,128,devtest,vie_Latn,fra_Latn,0.09900411798449903,0.057360961925096765
20,128,devtest,vie_Latn,spa_Latn,-0.0013700913349830445,-0.022031721618669786
20,128,devtest,vie_Latn,rus_Cyrl,-0.04952368845200897,-0.036889739978345805
20,128,devtest,vie_Latn,hin_Deva,-0.001304822161735218,-0.15324514850874352
20,128,devtest,vie_Latn,arb_Arab,0.010661844155600937,0.007709404045346607
20,128,devtest,vie_Latn,zho_Hans,0.08233215404765164,-0.04513469582697446
20,128,devtest,vie_Latn,jpn_Jpan,-0.010054618789459359,-0.051398944593259235
20,128,devtest,vie_Latn,tur_Latn,0.013295924946985963,-0.04765928661327128
20,128,devtest,vie_Latn,ind_Latn,0.07880514164302181,0.09072462641500229
20,128,devtest,ind_Latn,eng_Latn,0.03191735352937149,0.06037120062195749
20,128,devtest,ind_Latn,deu_Latn,0.050426477635123666,0.06145492126821784
20,128,devtest,ind_Latn,fra_Latn,0.09842736978975176,0.10213080833319954
20,128,devtest,ind_Latn,spa_Latn,-0.004495307414907779,0.04318436515909339
20,128,devtest,ind_Latn,rus_Cyrl,-0.07528022262830049,0.03455312924342651
20,128,devtest,ind_Latn,hin_Deva,-0.000774166698703443,-0.06850666909253528
20,128,devtest,ind_Latn,arb_Arab,0.03435291509854606,0.048448760538698704
20,128,devtest,ind_Latn,zho_Hans,0.05335082204824572,0.03135949817849603
20,128,devtest,ind_Latn,jpn_Jpan,0.10307905319709501,0.03229812721886178
20,128,devtest,ind_Latn,tur_Latn,0.02085349507080566,0.01991089815309171
20,128,devtest,ind_Latn,vie_Latn,0.060234426411838224,0.09865205597493155
20,256,devtest,eng_Latn,deu_Latn,0.10284977609338297,0.10996590375653867
20,256,devtest,eng_Latn,fra_Latn,0.09268261091240801,0.10670971822490688
20,256,devtest,eng_Latn,spa_Latn,0.0270205954989459,-0.008211438115871474
20,256,devtest,eng_Latn,rus_Cyrl,0.00784043136057089,0.020551768356254434
20,256,devtest,eng_Latn,hin_Deva,0.07881653421510999,-0.08074881916016287
20,256,devtest,eng_Latn,arb_Arab,0.08509937632050601,0.046606348259661826
20,256,devtest,eng_Latn,zho_Hans,-0.022828419753924543,0.03349995767404201
20,256,devtest,eng_Latn,jpn_Jpan,-0.043962015770442356,-0.007364666434830137
20,256,devtest,eng_Latn,tur_Latn,0.0863182520909916,-0.01527791968152627
20,256,devtest,eng_Latn,vie_Latn,0.0865529443994792,-0.0032651657714533205
20,256,devtest,eng_Latn,ind_Latn,0.053175764762844316,0.08660780889213623
20,256,devtest,deu_Latn,eng_Latn,0.047411877513414094,0.07454966428613488
20,256,devtest,deu_Latn,fra_Latn,0.04886981407988797,0.10007118781831277
20,256,devtest,deu_Latn,spa_Latn,0.022336806686448097,0.0076260404957113
20,256,devtest,deu_Latn,rus_Cyrl,-0.06975613854901265,0.0019004572944273635
20,256,devtest,deu_Latn,hin_Deva,0.04474603231445595,-0.1019058288539035
20,256,devtest,deu_Latn,arb_Arab,0.005376493068706432,0.0019185034352411027
20,256,devtest,deu_Latn,zho_Hans,0.06353722784385459,0.023438262864577453
20,256,devtest,deu_Latn,jpn_Jpan,0.04789557041619936,-0.0027217564463794465
20,256,devtest,deu_Latn,tur_Latn,0.02992001061267718,-0.009452185004959049
20,256,devtest,deu_Latn,vie_Latn,-0.039098793300606845,0.03002195144682306
20,256,devtest,deu_Latn,ind_Latn,0.03262957613245118,0.04391150772261565
20,256,devtest,fra_Latn,eng_Latn,0.08798092957681758,0.09919054572743903
20,256,devtest,fra_Latn,deu_Latn,0.02150063530668389,0.12909923353985023
20,256,devtest,fra_Latn,spa_Latn,0.08024863176721518,0.05255169815981696
20,256,devtest,fra_Latn,rus_Cyrl,-0.03096949972533145,0.025782955749894965
20,256,devtest,fra_Latn,hin_Deva,0.0026871120818662843,-0.10451314082437431
20,256,devtest,fra_Latn,arb_Arab,0.06036755800573564,0.06766252796674252
20,256,devtest,fra_Latn,zho_Hans,0.09514315285473829,0.010253949487742862
20,256,devtest,fra_Latn,jpn_Jpan,0.056758774094190924,-0.0018828884620255416
20,256,devtest,fra_Latn,tur_Latn,0.07396164762680403,0.008291611013502372
20,256,devtest,fra_Latn,vie_Latn,0.1054730208206821,0.0684446951746618
20,256,devtest,fra_Latn,ind_Latn,0.09015324350929124,0.10307420781499016
20,256,devtest,spa_Latn,eng_Latn,0.017384173824772857,-0.00907211223696371
20,256,devtest,spa_Latn,deu_Latn,0.004323305950994036,0.06134991661240536
20,256,devtest,spa_Latn,fra_Latn,0.06799158769598171,0.05874274486340671
20,256,devtest,spa_Latn,rus_Cyrl,-0.040086430377751586,-0.00383649322807206
20,256,devtest,spa_Latn,hin_Deva,0.0012655042492844373,-0.1500052287402113
20,256,devtest,spa_Latn,arb_Arab,0.04652586926401914,0.028186008439200938
20,256,devtest,spa_Latn,zho_Hans,0.06512191800828321,-0.05471174806020357
20,256,devtest,spa_Latn,jpn_Jpan,0.05222674077690269,-0.013497896188785469
20,256,devtest,spa_Latn,tur_Latn,-0.006985784567940671,0.0015336224161440904
20,256,devtest,spa_Latn,vie_Latn,-0.018880059258494765,0.006604799677208728
20,256,devtest,spa_Latn,ind_Latn,-0.03279249374663641,0.052404541478831966
20,256,devtest,rus_Cyrl,eng_Latn,-0.01164449325264711,0.004294036769083828
20,256,devtest,rus_Cyrl,deu_Latn,-0.08001353498416533,0.039503796055123344
20,256,devtest,rus_Cyrl,fra_Latn,-0.038543319007297606,0.021955413209966478
20,256,devtest,rus_Cyrl,spa_Latn,-0.06638911356232931,-0.020126716132099112
20,256,devtest,rus_Cyrl,hin_Deva,0.14577986993473707,-0.10745614093849963
20,256,devtest,rus_Cyrl,arb_Arab,0.036011152237229005,-0.0113688001474654
20,256,devtest,rus_Cyrl,zho_Hans,0.05810522103347953,-0.06977520059150938
20,256,devtest,rus_Cyrl,jpn_Jpan,0.040596429608113806,-0.04949420983646267
20,256,devtest,rus_Cyrl,tur_Latn,-0.026653833792790495,-0.02716401068565216
20,256,devtest,rus_Cyrl,vie_Latn,-0.07592020487035428,-0.02928079432606951
20,256,devtest,rus_Cyrl,ind_Latn,-0.09950324932624201,0.03780271162803402
20,256,devtest,hin_Deva,eng_Latn,0.04348929258995896,-0.05889388595116593
20,256,devtest,hin_Deva,deu_Latn,-0.008471364233166707,-0.009580993900440156
20,256,devtest,hin_Deva,fra_Latn,-0.013899095145600416,-0.049984557693515626
20,256,devtest,hin_Deva,spa_Latn,0.009040818766448015,-0.11791195244278838
20,256,devtest,hin_Deva,rus_Cyrl,0.13920211647374311,-0.04595195229217156
20,256,devtest,hin_Deva,arb_Arab,-0.0012190385426077894,-0.05251183283500789
20,256,devtest,hin_Deva,zho_Hans,0.10601261398281708,-0.04356017832743364
20,256,devtest,hin_Deva,jpn_Jpan,0.1137314843632711,-0.0757961393362157
20,256,devtest,hin_Deva,tur_Latn,-0.0048382681735967496,-0.072322637019323
20,256,devtest,hin_Deva,vie_Latn,-0.008165495253086826,-0.08017776592253371
20,256,devtest,hin_Deva,ind_Latn,-0.047687283873597816,-0.020537485989687774
20,256,devtest,arb_Arab,eng_Latn,0.04520415539786624,0.017886949678651218
20,256,devtest,arb_Arab,deu_Latn,-0.01803686310204807,0.02836652552979665
20,256,devtest,arb_Arab,fra_Latn,0.03987051880944139,0.049536100006808935
20,256,devtest,arb_Arab,spa_Latn,0.034020266787911084,0.0039107490166771655
20,256,devtest,arb_Arab,rus_Cyrl,0.04044306112433676,-0.023051963381741567
20,256,devtest,arb_Arab,hin_Deva,0.06183414298602734,-0.1222628143849699
20,256,devtest,arb_Arab,zho_Hans,0.06448289393538173,-0.057598892067016384
20,256,devtest,arb_Arab,jpn_Jpan,0.07293841707573974,-0.04887361430520665
20,256,devtest,arb_Arab,tur_Latn,0.04033203198980193,-0.04640474023861428
20,256,devtest,arb_Arab,vie_Latn,-0.01169223242519335,-0.006737550734087057
20,256,devtest,arb_Arab,ind_Latn,0.029691706451931914,0.054341338216808276
20,256,devtest,zho_Hans,eng_Latn,0.0028405496859561547,-0.03785612019873204
20,256,devtest,zho_Hans,deu_Latn,0.145097315578534,-0.006465549223813786
20,256,devtest,zho_Hans,fra_Latn,0.12912728655381836,-0.040299330591828886
20,256,devtest,zho_Hans,spa_Latn,0.15846764968719382,-0.11692822831472775
20,256,devtest,zho_Hans,rus_Cyrl,0.12340501160705188,-0.11758515394718357
20,256,devtest,zho_Hans,hin_Deva,0.14183189802049584,-0.14435308302990485
20,256,devtest,zho_Hans,arb_Arab,0.13142562121189202,-0.0853240354309824
20,256,devtest,zho_Hans,jpn_Jpan,0.04879534825642032,-0.12010197254611381
20,256,devtest,zho_Hans,tur_Latn,0.1272235964427534,-0.08117503100781039
20,256,devtest,zho_Hans,vie_Latn,0.13951736455712602,-0.07965304577164789
20,256,devtest,zho_Hans,ind_Latn,0.1200439780918507,-0.021427464830709803
20,256,devtest,jpn_Jpan,eng_Latn,-0.07906145377918847,-0.012297817610249449
20,256,devtest,jpn_Jpan,deu_Latn,0.07430978011521433,0.05128378479078389
20,256,devtest,jpn_Jpan,fra_Latn,0.09152321101925211,0.013360761062042934
20,256,devtest,jpn_Jpan,spa_Latn,0.0781885257035881,-0.01441247083211078
20,256,devtest,jpn_Jpan,rus_Cyrl,0.08654731540527337,-0.03033078211999062
20,256,devtest,jpn_Jpan,hin_Deva,0.12782092259224687,-0.10520359515312591
20,256,devtest,jpn_Jpan,arb_Arab,0.10413311439261261,-0.01254044012793997
20,256,devtest,jpn_Jpan,zho_Hans,-0.02032964241222005,-0.05621895399176124
20,256,devtest,jpn_Jpan,tur_Latn,0.1008443104558667,-0.07331135658510927
20,256,devtest,jpn_Jpan,vie_Latn,-0.0023794820629032295,-0.03126465333034995
20,256,devtest,jpn_Jpan,ind_Latn,0.10371534479252775,0.05428694041717762
20,256,devtest,tur_Latn,eng_Latn,0.03835133140926616,-0.07014643326820728
20,256,devtest,tur_Latn,deu_Latn,0.05030163443837424,-0.015628499571058007
20,256,devtest,tur_Latn,fra_Latn,0.08868782960155229,-0.017946469656835325
20,256,devtest,tur_Latn,spa_Latn,0.015382626351335069,-0.04989791470810229
20,256,devtest,tur_Latn,rus_Cyrl,-0.008924125759921225,-0.06896190316732391
20,256,devtest,tur_Latn,hin_Deva,0.03533612930519921,-0.1774379188058031
20,256,devtest,tur_Latn,arb_Arab,0.06548148492583256,-0.06008803519333799
20,256,devtest,tur_Latn,zho_Hans,0.08714972424501856,-0.07624730129934613
20,256,devtest,tur_Latn,jpn_Jpan,0.08777308063961209,-0.15070101139368006
20,256,devtest,tur_Latn,vie_Latn,0.022770565446608364,-0.07151436057106125
20,256,devtest,tur_Latn,ind_Latn,0.0452759084495913,0.004007699754531426
20,256,devtest,vie_Latn,eng_Latn,0.0581395118976522,-0.029566092937908267
20,256,devtest,vie_Latn,deu_Latn,-0.024716542819552018,0.05341848644988767
20,256,devtest,vie_Latn,fra_Latn,0.09959659994039288,0.05395910775799322
20,256,devtest,vie_Latn,spa_Latn,-0.002115529677660919,-0.020171781072173853
20,256,devtest,vie_Latn,rus_Cyrl,-0.05389494838916158,-0.03739333981092403
20,256,devtest,vie_Latn,hin_Deva,0.0066488374780990745,-0.14624823434077724
20,256,devtest,vie_Latn,arb_Arab,0.007807114540932402,0.00520285597266363
20,256,devtest,vie_Latn,zho_Hans,0.07419441615131767,-0.03818232750833622
20,256,devtest,vie_Latn,jpn_Jpan,-0.002786849021517594,-0.05175493739562639
20,256,devtest,vie_Latn,tur_Latn,0.008276796070733648,-0.03791690692077431
20,256,devtest,vie_Latn,ind_Latn,0.07659661058383686,0.09141959588514553
20,256,devtest,ind_Latn,eng_Latn,0.03560053345794027,0.05862754000335963
20,256,devtest,ind_Latn,deu_Latn,0.05032153244271247,0.06768424177628117
20,256,devtest,ind_Latn,fra_Latn,0.09996044618022651,0.09716091810033162
20,256,devtest,ind_Latn,spa_Latn,-0.01377868124690826,0.04149622403985055
20,256,devtest,ind_Latn,rus_Cyrl,-0.07541476440947925,0.03511688073382581
20,256,devtest,ind_Latn,hin_Deva,-0.00308604947949658,-0.06804424917457745
20,256,devtest,ind_Latn,arb_Arab,0.04660503447677458,0.055467858887446146
20,256,devtest,ind_Latn,zho_Hans,0.06310529125892078,0.026912692029221842
20,256,devtest,ind_Latn,jpn_Jpan,0.1036694227240598,0.029963762779919436
20,256,devtest,ind_Latn,tur_Latn,0.018171342911694317,0.03336305998690059
20,256,devtest,ind_Latn,vie_Latn,0.05435890005873314,0.09685028927861793
21,64,devtest,eng_Latn,deu_Latn,0.08983380349216906,0.0837508809984637
21,64,devtest,eng_Latn,fra_Latn,0.06529070247611847,0.10885713514078646
21,64,devtest,eng_Latn,spa_Latn,0.009930565801694503,0.011171504236710825
21,64,devtest,eng_Latn,rus_Cyrl,-0.0014823697725888808,0.028520092366450412
21,64,devtest,eng_Latn,hin_Deva,0.054027121861049354,-0.08685723020999497
21,64,devtest,eng_Latn,arb_Arab,0.08327815147744934,0.049193727469954394
21,64,devtest,eng_Latn,zho_Hans,-0.02892904220551811,0.03381703825767709
21,64,devtest,eng_Latn,jpn_Jpan,-0.050297188023134945,-0.009954319378466208
21,64,devtest,eng_Latn,tur_Latn,0.0777236382577922,-0.040880309552404584
21,64,devtest,eng_Latn,vie_Latn,0.07425058129736516,0.00027679512442812696
21,64,devtest,eng_Latn,ind_Latn,0.04793221547539031,0.09735343819803095
21,64,devtest,deu_Latn,eng_Latn,0.046120267948756004,0.045389236201676834
21,64,devtest,deu_Latn,fra_Latn,0.043248175003208135,0.10131331024619804
21,64,devtest,deu_Latn,spa_Latn,0.001341805285252011,0.019475331417316385
21,64,devtest,deu_Latn,rus_Cyrl,-0.054061166876935254,0.00395285344615106
21,64,devtest,deu_Latn,hin_Deva,0.026410877708664283,-0.10045796014366276
21,64,devtest,deu_Latn,arb_Arab,-0.0022478434221668846,0.009173009550675692
21,64,devtest,deu_Latn,zho_Hans,0.05229309140097281,0.009427934442393102
21,64,devtest,deu_Latn,jpn_Jpan,0.04391455814167108,-0.00784608336931552
21,64,devtest,deu_Latn,tur_Latn,0.035927883613515545,-0.01569834996197973
21,64,devtest,deu_Latn,vie_Latn,-0.047099672280188264,0.03156471214396493
21,64,devtest,deu_Latn,ind_Latn,0.036890580244147785,0.03164808840182615
21,64,devtest,fra_Latn,eng_Latn,0.06861541454978329,0.09983227775087403
21,64,devtest,fra_Latn,deu_Latn,0.023525371741716112,0.12130140353163792
21,64,devtest,fra_Latn,spa_Latn,0.0597558626466103,0.0790188867068824
21,64,devtest,fra_Latn,rus_Cyrl,-0.05187656585788208,0.035116585433759485
21,64,devtest,fra_Latn,hin_Deva,-0.03183215242255449,-0.09428565492256048
21,64,devtest,fra_Latn,arb_Arab,0.06311885529870914,0.06531121809726564
21,64,devtest,fra_Latn,zho_Hans,0.09241514053597158,0.0021818242966876204
21,64,devtest,fra_Latn,jpn_Jpan,0.07528324983980672,0.0013601717011692681
21,64,devtest,fra_Latn,tur_Latn,0.07638275011345849,0.008596833420887925
21,64,devtest,fra_Latn,vie_Latn,0.09746993002712821,0.07306925114880349
21,64,devtest,fra_Latn,ind_Latn,0.09530811530780273,0.11213604531932599
21,64,devtest,spa_Latn,eng_Latn,0.004841342093217681,0.005744846618580318
21,64,devtest,spa_Latn,deu_Latn,-0.0035336184097527943,0.060036317405749655
21,64,devtest,spa_Latn,fra_Latn,0.04775015535692034,0.08601109976360369
21,64,devtest,spa_Latn,rus_Cyrl,-0.03844600541888331,0.004470702044321607
21,64,devtest,spa_Latn,hin_Deva,-0.016676400365963392,-0.13756393776247938
21,64,devtest,spa_Latn,arb_Arab,0.03803424409721273,0.03216334906777867
21,64,devtest,spa_Latn,zho_Hans,0.06919306872762983,-0.05545855173025409
21,64,devtest,spa_Latn,jpn_Jpan,0.05482628410440216,-0.013088245857939183
21,64,devtest,spa_Latn,tur_Latn,-0.02420104501167679,-0.010217063007000754
21,64,devtest,spa_Latn,vie_Latn,-0.013327094182490416,0.0017467301975316188
21,64,devtest,spa_Latn,ind_Latn,-0.0341761974816093,0.05740479921696347
21,64,devtest,rus_Cyrl,eng_Latn,-0.00899989667027155,-0.0008550417518867855
21,64,devtest,rus_Cyrl,deu_Latn,-0.06307217092518991,0.025539796438496645
21,64,devtest,rus_Cyrl,fra_Latn,-0.05799380149481945,0.027560135763892775
21,64,devtest,rus_Cyrl,spa_Latn,-0.05874154313355631,-0.009903312161970806
21,64,devtest,rus_Cyrl,hin_Deva,0.13283417171427384,-0.10816305129950655
21,64,devtest,rus_Cyrl,arb_Arab,0.020492595786254154,-0.01615124233611795
21,64,devtest,rus_Cyrl,zho_Hans,0.06979832944280076,-0.0748824996928693
21,64,devtest,rus_Cyrl,jpn_Jpan,0.05671822242394539,-0.06602554059570745
21,64,devtest,rus_Cyrl,tur_Latn,-0.013877212598461993,-0.041374907160464894
21,64,devtest,rus_Cyrl,vie_Latn,-0.08180858509957034,-0.01963487607513264
21,64,devtest,rus_Cyrl,ind_Latn,-0.10372570380610113,0.03394708553595539
21,64,devtest,hin_Deva,eng_Latn,0.027341400185286236,-0.0916491091889246
21,64,devtest,hin_Deva,deu_Latn,-0.01829483906291367,-0.043667450985944836
21,64,devtest,hin_Deva,fra_Latn,-0.02974472357111948,-0.058285077298613805
21,64,devtest,hin_Deva,spa_Latn,0.005206100482434786,-0.12446206363411831
21,64,devtest,hin_Deva,rus_Cyrl,0.13014819541453626,-0.07248694549688402
21,64,devtest,hin_Deva,arb_Arab,0.014901552755912645,-0.06649019722702723
21,64,devtest,hin_Deva,zho_Hans,0.1081923302043299,-0.064280013235222
21,64,devtest,hin_Deva,jpn_Jpan,0.11762691201532638,-0.10893642381092468
21,64,devtest,hin_Deva,tur_Latn,-0.015818732651331907,-0.11558254154982996
21,64,devtest,hin_Deva,vie_Latn,-0.014946012138133928,-0.09412613712020368
21,64,devtest,hin_Deva,ind_Latn,-0.03787390889342801,-0.031379194101715864
21,64,devtest,arb_Arab,eng_Latn,0.04382933149833669,0.019235080013804712
21,64,devtest,arb_Arab,deu_Latn,-0.012890948063984593,0.03351826559340529
21,64,devtest,arb_Arab,fra_Latn,0.04939274156819045,0.05188137139068912
21,64,devtest,arb_Arab,spa_Latn,0.035565426120546396,0.01464046867075017
21,64,devtest,arb_Arab,rus_Cyrl,0.025459409494645105,-0.0186037711508034
21,64,devtest,arb_Arab,hin_Deva,0.059562150017316524,-0.1057393072410125
21,64,devtest,arb_Arab,zho_Hans,0.059542455193335314,-0.043509318908018964
21,64,devtest,arb_Arab,jpn_Jpan,0.07982125432245486,-0.031159631175509482
21,64,devtest,arb_Arab,tur_Latn,0.03422057857076585,-0.04987330426451627
21,64,devtest,arb_Arab,vie_Latn,-0.006236316203540023,0.008661485883265251
21,64,devtest,arb_Arab,ind_Latn,0.03324294470978401,0.059721939466826406
21,64,devtest,zho_Hans,eng_Latn,-0.01764579684244268,-0.0389926493837973
21,64,devtest,zho_Hans,deu_Latn,0.13939210687305437,-0.021868242169264928
21,64,devtest,zho_Hans,fra_Latn,0.134124805136532,-0.04298541303292074
21,64,devtest,zho_Hans,spa_Latn,0.1435445914177235,-0.11252321161164248
21,64,devtest,zho_Hans,rus_Cyrl,0.10545857164276207,-0.11113872648337803
21,64,devtest,zho_Hans,hin_Deva,0.13585347259644,-0.1499762344213868
21,64,devtest,zho_Hans,arb_Arab,0.12883196208088385,-0.07850136384495902
21,64,devtest,zho_Hans,jpn_Jpan,0.06283204990131518,-0.13442657349164486
21,64,devtest,zho_Hans,tur_Latn,0.14031822998892227,-0.10888903082679777
21,64,devtest,zho_Hans,vie_Latn,0.1548480633043768,-0.08525235783537338
21,64,devtest,zho_Hans,ind_Latn,0.11604715684857621,-0.010722804906847553
21,64,devtest,jpn_Jpan,eng_Latn,-0.06456479565903185,-0.018789365784305016
21,64,devtest,jpn_Jpan,deu_Latn,0.062910469676204,0.03132109955873339
21,64,devtest,jpn_Jpan,fra_Latn,0.10070465123622366,0.015667914714156735
21,64,devtest,jpn_Jpan,spa_Latn,0.06423350429355178,-0.011923756491038332
21,64,devtest,jpn_Jpan,rus_Cyrl,0.0709864868457071,-0.050102642462985986
21,64,devtest,jpn_Jpan,hin_Deva,0.11080550231674481,-0.11937568529391045
21,64,devtest,jpn_Jpan,arb_Arab,0.10798198792153331,-0.017264928165680492
21,64,devtest,jpn_Jpan,zho_Hans,0.018135569786657757,-0.08318692615086654
21,64,devtest,jpn_Jpan,tur_Latn,0.08119192726686134,-0.08397834036958689
21,64,devtest,jpn_Jpan,vie_Latn,-0.000697742860550571,-0.045138269717384945
21,64,devtest,jpn_Jpan,ind_Latn,0.08945902042597371,0.04846451035681342
21,64,devtest,tur_Latn,eng_Latn,0.05983381064294564,-0.0805011778475731
21,64,devtest,tur_Latn,deu_Latn,0.049876888207311766,-0.012978237370292437
21,64,devtest,tur_Latn,fra_Latn,0.08451421015941563,0.005506062860151291
21,64,devtest,tur_Latn,spa_Latn,-0.004020753497360585,-0.03999766277358269
21,64,devtest,tur_Latn,rus_Cyrl,-0.010035311742154,-0.0561529933662328
21,64,devtest,tur_Latn,hin_Deva,0.004816790566069114,-0.1810119216470805
21,64,devtest,tur_Latn,arb_Arab,0.05620943860195918,-0.05578116191336905
21,64,devtest,tur_Latn,zho_Hans,0.09737274971874534,-0.08930464040033993
21,64,devtest,tur_Latn,jpn_Jpan,0.07622298953658915,-0.12880879721778438
21,64,devtest,tur_Latn,vie_Latn,0.025707211075215907,-0.07101321608297508
21,64,devtest,tur_Latn,ind_Latn,0.04509483681939742,0.005235791463485062
21,64,devtest,vie_Latn,eng_Latn,0.04672688205720698,-0.04250477556727267
21,64,devtest,vie_Latn,deu_Latn,-0.034855457216377304,0.030295654821514428
21,64,devtest,vie_Latn,fra_Latn,0.09124449845266283,0.04914496934575341
21,64,devtest,vie_Latn,spa_Latn,0.006729677113995158,-0.02888566048666466
21,64,devtest,vie_Latn,rus_Cyrl,-0.06550912592339136,-0.03484774209193817
21,64,devtest,vie_Latn,hin_Deva,0.0011482668970340278,-0.15986064799228486
21,64,devtest,vie_Latn,arb_Arab,0.011307031621059494,-0.0007094977286993131
21,64,devtest,vie_Latn,zho_Hans,0.09581428082180765,-0.06603108483556287
21,64,devtest,vie_Latn,jpn_Jpan,0.003711047103724907,-0.07627490273733381
21,64,devtest,vie_Latn,tur_Latn,0.01390790849191316,-0.06670714827986818
21,64,devtest,vie_Latn,ind_Latn,0.07322963854579798,0.08269220196732134
21,64,devtest,ind_Latn,eng_Latn,0.033728300790880496,0.06579905672458934
21,64,devtest,ind_Latn,deu_Latn,0.05577095805575932,0.03462445504267518
21,64,devtest,ind_Latn,fra_Latn,0.0974585633881011,0.1011985073963929
21,64,devtest,ind_Latn,spa_Latn,-0.019372182312227915,0.045348204927996655
21,64,devtest,ind_Latn,rus_Cyrl,-0.0889539842341291,0.02531391534387692
21,64,devtest,ind_Latn,hin_Deva,-0.004809811724262716,-0.0794909657490486
21,64,devtest,ind_Latn,arb_Arab,0.041914801509391864,0.048896050232148845
21,64,devtest,ind_Latn,zho_Hans,0.06537347983298582,0.02730096521655827
21,64,devtest,ind_Latn,jpn_Jpan,0.0926215931551114,0.023318060235476182
21,64,devtest,ind_Latn,tur_Latn,0.02239793100021253,0.006657385614580165
21,64,devtest,ind_Latn,vie_Latn,0.0563773625437644,0.09539639232757914
21,128,devtest,eng_Latn,deu_Latn,0.09673538673890587,0.10644197895518187
21,128,devtest,eng_Latn,fra_Latn,0.08176606237886576,0.11316588744768404
21,128,devtest,eng_Latn,spa_Latn,0.02398796653374959,0.0075549927336453805
21,128,devtest,eng_Latn,rus_Cyrl,-0.0037010122033317707,0.02658293797138869
21,128,devtest,eng_Latn,hin_Deva,0.06553560541727768,-0.08840400420647254
21,128,devtest,eng_Latn,arb_Arab,0.08187806921227364,0.05053418063739656
21,128,devtest,eng_Latn,zho_Hans,-0.013144683947599213,0.02667038942142622
21,128,devtest,eng_Latn,jpn_Jpan,-0.04700835261184453,-0.008848108292674082
21,128,devtest,eng_Latn,tur_Latn,0.07776413964799317,-0.04006044618528253
21,128,devtest,eng_Latn,vie_Latn,0.08061422144559213,0.004825893798604654
21,128,devtest,eng_Latn,ind_Latn,0.04104528959771231,0.09733539998787503
21,128,devtest,deu_Latn,eng_Latn,0.04503515103526004,0.07221704773250147
21,128,devtest,deu_Latn,fra_Latn,0.04517382774135361,0.11044728435693502
21,128,devtest,deu_Latn,spa_Latn,0.011799971569981924,0.02375442166351399
21,128,devtest,deu_Latn,rus_Cyrl,-0.059228718605726885,0.012946801272271748
21,128,devtest,deu_Latn,hin_Deva,0.03073828579008543,-0.11017200788548233
21,128,devtest,deu_Latn,arb_Arab,-0.006067862413587368,0.014480973651922987
21,128,devtest,deu_Latn,zho_Hans,0.06520456793201912,0.007113807447763339
21,128,devtest,deu_Latn,jpn_Jpan,0.046603964062144294,0.004163492104670029
21,128,devtest,deu_Latn,tur_Latn,0.035351127573836356,-0.018015935564059518
21,128,devtest,deu_Latn,vie_Latn,-0.05085412349590841,0.03656844984297881
21,128,devtest,deu_Latn,ind_Latn,0.030100596185068978,0.04282627888668579
21,128,devtest,fra_Latn,eng_Latn,0.07855451388583413,0.10762484059610986
21,128,devtest,fra_Latn,deu_Latn,0.02499521168071912,0.1343000795254046
21,128,devtest,fra_Latn,spa_Latn,0.07525153056507632,0.07472898394677632
21,128,devtest,fra_Latn,rus_Cyrl,-0.038056392043295036,0.033966458458479495
21,128,devtest,fra_Latn,hin_Deva,-0.020364267154723507,-0.10014588933557991
21,128,devtest,fra_Latn,arb_Arab,0.05417321657890876,0.06906210187384905
21,128,devtest,fra_Latn,zho_Hans,0.09722509188083998,0.005511018825846428
21,128,devtest,fra_Latn,jpn_Jpan,0.07504886108276618,0.004367417049371312
21,128,devtest,fra_Latn,tur_Latn,0.07144142745384667,0.00654605379202337
21,128,devtest,fra_Latn,vie_Latn,0.10630900269815118,0.08379850655028033
21,128,devtest,fra_Latn,ind_Latn,0.09523513593375432,0.11749884257114906
21,128,devtest,spa_Latn,eng_Latn,0.011650644332952497,0.0069253135094897705
21,128,devtest,spa_Latn,deu_Latn,0.00503328245915122,0.06801104269746282
21,128,devtest,spa_Latn,fra_Latn,0.0634476824888351,0.08269998154516463
21,128,devtest,spa_Latn,rus_Cyrl,-0.03930989216633967,0.0035857658381162503
21,128,devtest,spa_Latn,hin_Deva,-0.010507913091481118,-0.14578282731344677
21,128,devtest,spa_Latn,arb_Arab,0.03583007632992525,0.04026976332482026
21,128,devtest,spa_Latn,zho_Hans,0.0783604913465895,-0.05956676800742203
21,128,devtest,spa_Latn,jpn_Jpan,0.049227070419688115,-0.023673662281999606
21,128,devtest,spa_Latn,tur_Latn,-0.008249704685554325,-0.005882579674358217
21,128,devtest,spa_Latn,vie_Latn,-0.01544581963800714,0.012024624999133428
21,128,devtest,spa_Latn,ind_Latn,-0.035776772388657986,0.06561213370785102
21,128,devtest,rus_Cyrl,eng_Latn,-0.017432018502102974,0.001599234465410415
21,128,devtest,rus_Cyrl,deu_Latn,-0.0712280966713389,0.03974230486109945
21,128,devtest,rus_Cyrl,fra_Latn,-0.042029992335246784,0.02816991877690177
21,128,devtest,rus_Cyrl,spa_Latn,-0.05964766279295787,-0.011778933359053155
21,128,devtest,rus_Cyrl,hin_Deva,0.13168991481572365,-0.11680785386654952
21,128,devtest,rus_Cyrl,arb_Arab,0.020189773700403448,-0.007590520465580578
21,128,devtest,rus_Cyrl,zho_Hans,0.07748618892272997,-0.08641195036622537
21,128,devtest,rus_Cyrl,jpn_Jpan,0.05441765490041258,-0.0675751386566857
21,128,devtest,rus_Cyrl,tur_Latn,-0.015349152649055777,-0.04449243883583362
21,128,devtest,rus_Cyrl,vie_Latn,-0.0766768256459399,-0.022175795876492203
21,128,devtest,rus_Cyrl,ind_Latn,-0.10352971245887256,0.041895845497594376
21,128,devtest,hin_Deva,eng_Latn,0.03567146971994047,-0.08099122384968027
21,128,devtest,hin_Deva,deu_Latn,-0.01662449387306139,-0.03209065525404237
21,128,devtest,hin_Deva,fra_Latn,-0.022273767442161668,-0.05688360463489993
21,128,devtest,hin_Deva,spa_Latn,0.009161244840646043,-0.12189341171391863
21,128,devtest,hin_Deva,rus_Cyrl,0.1300883823936171,-0.06724791927323322
21,128,devtest,hin_Deva,arb_Arab,0.004300553363995381,-0.055256298807964406
21,128,devtest,hin_Deva,zho_Hans,0.11543259422259876,-0.07057882368789518
21,128,devtest,hin_Deva,jpn_Jpan,0.11868348383823984,-0.10588080922650514
21,128,devtest,hin_Deva,tur_Latn,-0.007936039661699265,-0.10428597627018397
21,128,devtest,hin_Deva,vie_Latn,-0.018418108527387483,-0.09077989082063183
21,128,devtest,hin_Deva,ind_Latn,-0.03588154130728397,-0.02496976666182684
21,128,devtest,arb_Arab,eng_Latn,0.036033018245107164,0.023734768750525083
21,128,devtest,arb_Arab,deu_Latn,-0.01907038833642173,0.04135540446350203
21,128,devtest,arb_Arab,fra_Latn,0.03830970996142818,0.05751390054292456
21,128,devtest,arb_Arab,spa_Latn,0.03459496674923768,0.022900491747731413
21,128,devtest,arb_Arab,rus_Cyrl,0.02271788622608806,-0.01241539955779163
21,128,devtest,arb_Arab,hin_Deva,0.05004927975580995,-0.1062730685437915
21,128,devtest,arb_Arab,zho_Hans,0.06025664237610563,-0.05911945110886313
21,128,devtest,arb_Arab,jpn_Jpan,0.07375293898896225,-0.030568402201315834
21,128,devtest,arb_Arab,tur_Latn,0.027853145802099927,-0.040348034325820965
21,128,devtest,arb_Arab,vie_Latn,-0.012709768124181163,0.005015527776055023
21,128,devtest,arb_Arab,ind_Latn,0.018945343128417745,0.06707965750014387
21,128,devtest,zho_Hans,eng_Latn,0.00048541793955693516,-0.04090733831391341
21,128,devtest,zho_Hans,deu_Latn,0.15953231700851453,-0.018670923531616816
21,128,devtest,zho_Hans,fra_Latn,0.1422277514943415,-0.04036163914962808
21,128,devtest,zho_Hans,spa_Latn,0.16323703301229145,-0.1157602022935319
21,128,devtest,zho_Hans,rus_Cyrl,0.12310412946411556,-0.12816113466620488
21,128,devtest,zho_Hans,hin_Deva,0.14764301768096014,-0.16083500395879002
21,128,devtest,zho_Hans,arb_Arab,0.1337282167760207,-0.09423509976271761
21,128,devtest,zho_Hans,jpn_Jpan,0.05941740710934312,-0.12841887727182444
21,128,devtest,zho_Hans,tur_Latn,0.14272773848045636,-0.11720253890168385
21,128,devtest,zho_Hans,vie_Latn,0.1516826042986028,-0.09161152827388117
21,128,devtest,zho_Hans,ind_Latn,0.12240212520334999,-0.019113006827097018
21,128,devtest,jpn_Jpan,eng_Latn,-0.06456934598585173,-0.01677921713584359
21,128,devtest,jpn_Jpan,deu_Latn,0.07019480182057543,0.04413462928969844
21,128,devtest,jpn_Jpan,fra_Latn,0.10249014308362026,0.0168309864285441
21,128,devtest,jpn_Jpan,spa_Latn,0.06652581828524047,-0.024862838587262272
21,128,devtest,jpn_Jpan,rus_Cyrl,0.07567471439937454,-0.04884975479336883
21,128,devtest,jpn_Jpan,hin_Deva,0.11649589214220925,-0.13009249466714867
21,128,devtest,jpn_Jpan,arb_Arab,0.10887605785263695,-0.014491571006945328
21,128,devtest,jpn_Jpan,zho_Hans,0.005464516845648721,-0.07131732659457224
21,128,devtest,jpn_Jpan,tur_Latn,0.08936849000662642,-0.0873241494310901
21,128,devtest,jpn_Jpan,vie_Latn,-0.005480399325460614,-0.02835356341116187
21,128,devtest,jpn_Jpan,ind_Latn,0.10197121513738493,0.050858686946565694
21,128,devtest,tur_Latn,eng_Latn,0.0488023747444301,-0.0827814664411296
21,128,devtest,tur_Latn,deu_Latn,0.051268605342520694,-0.011093787876494265
21,128,devtest,tur_Latn,fra_Latn,0.08503284248318338,0.0034520584801313184
21,128,devtest,tur_Latn,spa_Latn,0.014072327508921225,-0.03707339716766088
21,128,devtest,tur_Latn,rus_Cyrl,-0.009173758335365491,-0.06390520197083893
21,128,devtest,tur_Latn,hin_Deva,0.018158315648146184,-0.18270255863510831
21,128,devtest,tur_Latn,arb_Arab,0.05440398349172221,-0.04482341704065001
21,128,devtest,tur_Latn,zho_Hans,0.0996885912539599,-0.10443638767118216
21,128,devtest,tur_Latn,jpn_Jpan,0.0829510632189273,-0.13823091011643246
21,128,devtest,tur_Latn,vie_Latn,0.02951366257546201,-0.06744891275489233
21,128,devtest,tur_Latn,ind_Latn,0.04495426301321522,0.00035673735945533034
21,128,devtest,vie_Latn,eng_Latn,0.05211315328983556,-0.03179332475897814
21,128,devtest,vie_Latn,deu_Latn,-0.03490612255056716,0.03790837187841128
21,128,devtest,vie_Latn,fra_Latn,0.09854575306903067,0.05839438814111324
21,128,devtest,vie_Latn,spa_Latn,0.005721061833329347,-0.01933232581353712
21,128,devtest,vie_Latn,rus_Cyrl,-0.05880706690331628,-0.03955333932735534
21,128,devtest,vie_Latn,hin_Deva,-0.00189000414944854,-0.16489083082264894
21,128,devtest,vie_Latn,arb_Arab,0.005158599211113097,-0.0013881716436161989
21,128,devtest,vie_Latn,zho_Hans,0.09187293463088156,-0.06942770503735184
21,128,devtest,vie_Latn,jpn_Jpan,-0.0011173902324686264,-0.06333621325806385
21,128,devtest,vie_Latn,tur_Latn,0.014256812756193532,-0.06230620692400865
21,128,devtest,vie_Latn,ind_Latn,0.07689031713402782,0.09236639676596066
21,128,devtest,ind_Latn,eng_Latn,0.017077236728531783,0.06361071528819319
21,128,devtest,ind_Latn,deu_Latn,0.050824787605085076,0.04918568929671308
21,128,devtest,ind_Latn,fra_Latn,0.0992329395591291,0.1050682174494181
21,128,devtest,ind_Latn,spa_Latn,-0.019584606863908217,0.05267172357562718
21,128,devtest,ind_Latn,rus_Cyrl,-0.08803412232515771,0.02948682269165182
21,128,devtest,ind_Latn,hin_Deva,-0.00284996762636949,-0.08093432306670861
21,128,devtest,ind_Latn,arb_Arab,0.030830087441534045,0.055116455858198056
21,128,devtest,ind_Latn,zho_Hans,0.06436710438101537,0.019012613079501264
21,128,devtest,ind_Latn,jpn_Jpan,0.10296865381186862,0.021387368471306015
21,128,devtest,ind_Latn,tur_Latn,0.02477319350065255,0.003992751256090856
21,128,devtest,ind_Latn,vie_Latn,0.0567822454300373,0.1011511832573874
21,256,devtest,eng_Latn,deu_Latn,0.10630107717490159,0.10945806507008478
21,256,devtest,eng_Latn,fra_Latn,0.09920140514039413,0.12611911286138613
21,256,devtest,eng_Latn,spa_Latn,0.02248435093998229,0.006612306363133207
21,256,devtest,eng_Latn,rus_Cyrl,0.00977458138937047,0.03836512660788741
21,256,devtest,eng_Latn,hin_Deva,0.07785528439247943,-0.08364513871434233
21,256,devtest,eng_Latn,arb_Arab,0.08726437660908176,0.059719911803992894
21,256,devtest,eng_Latn,zho_Hans,-0.011991573122580897,0.031560556804642904
21,256,devtest,eng_Latn,jpn_Jpan,-0.05053569809266647,-0.008880508167510414
21,256,devtest,eng_Latn,tur_Latn,0.08512321214355956,-0.02855140146986063
21,256,devtest,eng_Latn,vie_Latn,0.09116813392749622,0.0056070828441531296
21,256,devtest,eng_Latn,ind_Latn,0.05255551199693673,0.09811697986311578
21,256,devtest,deu_Latn,eng_Latn,0.052199689948376655,0.07427344876690943
21,256,devtest,deu_Latn,fra_Latn,0.04352108944251177,0.10708705739024625
21,256,devtest,deu_Latn,spa_Latn,0.01629704722569875,0.023875949259988587
21,256,devtest,deu_Latn,rus_Cyrl,-0.06405845147303554,0.009672300055560232
21,256,devtest,deu_Latn,hin_Deva,0.038578628413653566,-0.10954708960206853
21,256,devtest,deu_Latn,arb_Arab,-0.0020385654611953883,0.011328216950446007
21,256,devtest,deu_Latn,zho_Hans,0.06412783434159171,0.015690972422750055
21,256,devtest,deu_Latn,jpn_Jpan,0.05263741983005165,-0.002298832575787817
21,256,devtest,deu_Latn,tur_Latn,0.02623878976062224,-0.0157156663746815
21,256,devtest,deu_Latn,vie_Latn,-0.046647441763267954,0.04141027556787066
21,256,devtest,deu_Latn,ind_Latn,0.026719535855647725,0.05073747019493353
21,256,devtest,fra_Latn,eng_Latn,0.09027255721434133,0.1168021643438817
21,256,devtest,fra_Latn,deu_Latn,0.021226898644089127,0.13213888943840735
21,256,devtest,fra_Latn,spa_Latn,0.07822351403656119,0.06672703531230766
21,256,devtest,fra_Latn,rus_Cyrl,-0.03920439987974081,0.034852127671656706
21,256,devtest,fra_Latn,hin_Deva,-0.013088375381186998,-0.10265754986781442
21,256,devtest,fra_Latn,arb_Arab,0.05476276374256328,0.07514294371273715
21,256,devtest,fra_Latn,zho_Hans,0.10494470033766726,0.006172223670196821
21,256,devtest,fra_Latn,jpn_Jpan,0.08097503377207665,0.0007702670262428507
21,256,devtest,fra_Latn,tur_Latn,0.0711462371369937,0.006594908501642269
21,256,devtest,fra_Latn,vie_Latn,0.10167621117385149,0.07924093587188039
21,256,devtest,fra_Latn,ind_Latn,0.09633812965638018,0.12201538300486747
21,256,devtest,spa_Latn,eng_Latn,0.007598202254872086,0.00340494711153322
21,256,devtest,spa_Latn,deu_Latn,0.011175501892404047,0.06648209689090863
21,256,devtest,spa_Latn,fra_Latn,0.06167391891043314,0.07346505155081984
21,256,devtest,spa_Latn,rus_Cyrl,-0.04757775993359463,0.0022849441785180087
21,256,devtest,spa_Latn,hin_Deva,-0.0031747223947471946,-0.1512581291073567
21,256,devtest,spa_Latn,arb_Arab,0.037406947599131136,0.04028131930268094
21,256,devtest,spa_Latn,zho_Hans,0.07915441404794246,-0.06369992077746839
21,256,devtest,spa_Latn,jpn_Jpan,0.05448209484849383,-0.018223250619210138
21,256,devtest,spa_Latn,tur_Latn,-0.003109302425220047,0.00010779600808695863
21,256,devtest,spa_Latn,vie_Latn,-0.026698523993277535,0.021674084834573257
21,256,devtest,spa_Latn,ind_Latn,-0.03749619596349107,0.064178240823256
21,256,devtest,rus_Cyrl,eng_Latn,-0.008009473375270278,0.012272556389671407
21,256,devtest,rus_Cyrl,deu_Latn,-0.07885502760698987,0.03684228394870506
21,256,devtest,rus_Cyrl,fra_Latn,-0.046323295482255285,0.028336343235173773
21,256,devtest,rus_Cyrl,spa_Latn,-0.06960857424118672,-0.01438431962013437
21,256,devtest,rus_Cyrl,hin_Deva,0.1389987915685241,-0.11513708430037367
21,256,devtest,rus_Cyrl,arb_Arab,0.02231978776517743,-0.005261301829461635
21,256,devtest,rus_Cyrl,zho_Hans,0.07952061697497737,-0.0837146457796472
21,256,devtest,rus_Cyrl,jpn_Jpan,0.059823715544791954,-0.06809612901614201
21,256,devtest,rus_Cyrl,tur_Latn,-0.019464955190858415,-0.04262914626164851
21,256,devtest,rus_Cyrl,vie_Latn,-0.0834680493932107,-0.015985231901321208
21,256,devtest,rus_Cyrl,ind_Latn,-0.10475259008646846,0.04578058682038202
21,256,devtest,hin_Deva,eng_Latn,0.03757117170847574,-0.0716943062661135
21,256,devtest,hin_Deva,deu_Latn,-0.012422628994232465,-0.022027621232536414
21,256,devtest,hin_Deva,fra_Latn,-0.020611659354295375,-0.053516563130212254
21,256,devtest,hin_Deva,spa_Latn,0.013503495766971328,-0.11762449957621995
21,256,devtest,hin_Deva,rus_Cyrl,0.135008148091815,-0.05709066500323759
21,256,devtest,hin_Deva,arb_Arab,0.00883819442387895,-0.052539401152710184
21,256,devtest,hin_Deva,zho_Hans,0.12617658248895364,-0.060671276327241036
21,256,devtest,hin_Deva,jpn_Jpan,0.12691417312853018,-0.09899501986241885
21,256,devtest,hin_Deva,tur_Latn,-0.01436567698173044,-0.08989072033637727
21,256,devtest,hin_Deva,vie_Latn,-0.010900387267110349,-0.0782935177540614
21,256,devtest,hin_Deva,ind_Latn,-0.042659574040707075,-0.017243806396524564
21,256,devtest,arb_Arab,eng_Latn,0.03878542750197356,0.027517846567838657
21,256,devtest,arb_Arab,deu_Latn,-0.016260712878107035,0.03946089853181904
21,256,devtest,arb_Arab,fra_Latn,0.03486276357386698,0.06131562802085984
21,256,devtest,arb_Arab,spa_Latn,0.029362885146396133,0.021848446176100378
21,256,devtest,arb_Arab,rus_Cyrl,0.02563027125354116,-0.011871628244036037
21,256,devtest,arb_Arab,hin_Deva,0.060849621769210195,-0.1169737787939377
21,256,devtest,arb_Arab,zho_Hans,0.059236686768076564,-0.05730822735185541
21,256,devtest,arb_Arab,jpn_Jpan,0.07025851151176775,-0.034994844140432295
21,256,devtest,arb_Arab,tur_Latn,0.023655319524071246,-0.04123589598327442
21,256,devtest,arb_Arab,vie_Latn,-0.018315648371226827,0.007155623314297963
21,256,devtest,arb_Arab,ind_Latn,0.020165881531087115,0.07337521738220121
21,256,devtest,zho_Hans,eng_Latn,0.00233702933564508,-0.044365915493821795
21,256,devtest,zho_Hans,deu_Latn,0.16703006756830682,-0.017783505426420473
21,256,devtest,zho_Hans,fra_Latn,0.14985382237711198,-0.04016379413595831
21,256,devtest,zho_Hans,spa_Latn,0.1702221900006957,-0.11744253262454647
21,256,devtest,zho_Hans,rus_Cyrl,0.13447787045607584,-0.12787981106522434
21,256,devtest,zho_Hans,hin_Deva,0.15758257204815848,-0.15312814639847522
21,256,devtest,zho_Hans,arb_Arab,0.13962335397505263,-0.08490235042851178
21,256,devtest,zho_Hans,jpn_Jpan,0.07177327027005101,-0.13747329794473537
21,256,devtest,zho_Hans,tur_Latn,0.14826864349433214,-0.10874745495299284
21,256,devtest,zho_Hans,vie_Latn,0.1598872891096903,-0.08199425951423564
21,256,devtest,zho_Hans,ind_Latn,0.1323727697671517,-0.021651764379476076
21,256,devtest,jpn_Jpan,eng_Latn,-0.069391216163845,-0.01523971814919105
21,256,devtest,jpn_Jpan,deu_Latn,0.08267521960507596,0.044769475368111336
21,256,devtest,jpn_Jpan,fra_Latn,0.10968689227389627,0.019376600727337875
21,256,devtest,jpn_Jpan,spa_Latn,0.07255181367888784,-0.014565681537989934
21,256,devtest,jpn_Jpan,rus_Cyrl,0.08701971702216835,-0.04686609028202937
21,256,devtest,jpn_Jpan,hin_Deva,0.12885026240674993,-0.12067586823330037
21,256,devtest,jpn_Jpan,arb_Arab,0.10781919817140367,-0.008838126312083106
21,256,devtest,jpn_Jpan,zho_Hans,0.013468602806805226,-0.07468777018882759
21,256,devtest,jpn_Jpan,tur_Latn,0.09649864644811708,-0.08411684397949155
21,256,devtest,jpn_Jpan,vie_Latn,0.0018540008037724626,-0.02190141387421735
21,256,devtest,jpn_Jpan,ind_Latn,0.10452644940578583,0.05284560711153598
21,256,devtest,tur_Latn,eng_Latn,0.050791470035108977,-0.07841309023418248
21,256,devtest,tur_Latn,deu_Latn,0.043426453245194084,-0.01166766108820863
21,256,devtest,tur_Latn,fra_Latn,0.08242860474226404,-0.0027506490510802143
21,256,devtest,tur_Latn,spa_Latn,0.017034515993822007,-0.03598944488160465
21,256,devtest,tur_Latn,rus_Cyrl,-0.014241521350403854,-0.06915429343311587
21,256,devtest,tur_Latn,hin_Deva,0.0205949531167127,-0.1807019321659245
21,256,devtest,tur_Latn,arb_Arab,0.05503179696018266,-0.04912100394895966
21,256,devtest,tur_Latn,zho_Hans,0.10623680249176722,-0.10035006550323719
21,256,devtest,tur_Latn,jpn_Jpan,0.08966345374582875,-0.14225774495367807
21,256,devtest,tur_Latn,vie_Latn,0.02259398274282914,-0.05923899539060104
21,256,devtest,tur_Latn,ind_Latn,0.0423650566636777,0.009057711967759105
21,256,devtest,vie_Latn,eng_Latn,0.06050183863630912,-0.03635490632520944
21,256,devtest,vie_Latn,deu_Latn,-0.026150815844218123,0.043655523259651365
21,256,devtest,vie_Latn,fra_Latn,0.09384304598682777,0.05313469924573066
21,256,devtest,vie_Latn,spa_Latn,-0.0056515826122287,-0.01295042674158185
21,256,devtest,vie_Latn,rus_Cyrl,-0.06520729620116032,-0.03435356756863669
21,256,devtest,vie_Latn,hin_Deva,0.00793624016671785,-0.16051709225738164
21,256,devtest,vie_Latn,arb_Arab,0.003943018147303297,0.0036052138296115226
21,256,devtest,vie_Latn,zho_Hans,0.09261919821150288,-0.05918723545565173
21,256,devtest,vie_Latn,jpn_Jpan,0.0039321871818584105,-0.06073315484188681
21,256,devtest,vie_Latn,tur_Latn,0.009470205668438965,-0.05107410923966853
21,256,devtest,vie_Latn,ind_Latn,0.08003233686575523,0.09254991057666179
21,256,devtest,ind_Latn,eng_Latn,0.02658963943040994,0.061748729796561735
21,256,devtest,ind_Latn,deu_Latn,0.04776100640129716,0.05664006646946612
21,256,devtest,ind_Latn,fra_Latn,0.1026133830750316,0.10754316982268966
21,256,devtest,ind_Latn,spa_Latn,-0.018888548655644,0.048600098613108565
21,256,devtest,ind_Latn,rus_Cyrl,-0.086880654801893,0.03268230219222636
21,256,devtest,ind_Latn,hin_Deva,-0.0009465272924541263,-0.07759336868449683
21,256,devtest,ind_Latn,arb_Arab,0.03326676978059245,0.062329394407654864
21,256,devtest,ind_Latn,zho_Hans,0.07345935602136687,0.015785932557005004
21,256,devtest,ind_Latn,jpn_Jpan,0.10199673511693697,0.020712291866065564
21,256,devtest,ind_Latn,tur_Latn,0.02282759620812778,0.01631247547452466
21,256,devtest,ind_Latn,vie_Latn,0.058664965325784,0.10000604712045376
22,64,devtest,eng_Latn,deu_Latn,0.08817565615631473,0.07873069809583436
22,64,devtest,eng_Latn,fra_Latn,0.07655254263700532,0.12003629920756628
22,64,devtest,eng_Latn,spa_Latn,0.018214282269679014,0.023094232572414733
22,64,devtest,eng_Latn,rus_Cyrl,0.013064170605044213,0.044843664090687026
22,64,devtest,eng_Latn,hin_Deva,0.04337393809604445,-0.06892453411454245
22,64,devtest,eng_Latn,arb_Arab,0.10833570645910863,0.05009109342401236
22,64,devtest,eng_Latn,zho_Hans,-0.004830517703201657,0.021833293649143905
22,64,devtest,eng_Latn,jpn_Jpan,-0.06008401473749283,-0.0019492975130604333
22,64,devtest,eng_Latn,tur_Latn,0.07104826118531812,-0.030477643549029574
22,64,devtest,eng_Latn,vie_Latn,0.07006958294415846,0.019947863310803646
22,64,devtest,eng_Latn,ind_Latn,0.05589688655717728,0.10152894766181601
22,64,devtest,deu_Latn,eng_Latn,0.042222768367096666,0.03897697525254442
22,64,devtest,deu_Latn,fra_Latn,0.04148288475835855,0.1018837103355143
22,64,devtest,deu_Latn,spa_Latn,0.0068828887711026515,0.020124132813101506
22,64,devtest,deu_Latn,rus_Cyrl,-0.07094271933937286,0.007146504710791882
22,64,devtest,deu_Latn,hin_Deva,0.03140886456575026,-0.09363673205110006
22,64,devtest,deu_Latn,arb_Arab,-0.0010353837074273545,-0.0020398225394776116
22,64,devtest,deu_Latn,zho_Hans,0.05669068033150989,0.0010240659960523378
22,64,devtest,deu_Latn,jpn_Jpan,0.04284826064446485,-0.008562209523009888
22,64,devtest,deu_Latn,tur_Latn,0.029195413541032604,-0.009694452676613452
22,64,devtest,deu_Latn,vie_Latn,-0.053029971197187685,0.0295643414048219
22,64,devtest,deu_Latn,ind_Latn,0.03358891207612301,0.02521684196582782
22,64,devtest,fra_Latn,eng_Latn,0.07108838064518666,0.10530876348919195
22,64,devtest,fra_Latn,deu_Latn,0.022767200803020547,0.12184408343756911
22,64,devtest,fra_Latn,spa_Latn,0.05226196528496231,0.07744538026486252
22,64,devtest,fra_Latn,rus_Cyrl,-0.058204057516584855,0.03778938678101277
22,64,devtest,fra_Latn,hin_Deva,-0.03417772386703272,-0.07860502124647106
22,64,devtest,fra_Latn,arb_Arab,0.06857252697096054,0.0682270366322306
22,64,devtest,fra_Latn,zho_Hans,0.0998203557578711,0.009273883696334976
22,64,devtest,fra_Latn,jpn_Jpan,0.07908549008342096,0.012618150792845588
22,64,devtest,fra_Latn,tur_Latn,0.06866873770257066,0.014169654998405732
22,64,devtest,fra_Latn,vie_Latn,0.09139185608596459,0.07303271318843822
22,64,devtest,fra_Latn,ind_Latn,0.09704754776870839,0.1134413604213763
22,64,devtest,spa_Latn,eng_Latn,4.370941904398967e-05,0.013399747815055946
22,64,devtest,spa_Latn,deu_Latn,0.009490042292730743,0.06136193563438056
22,64,devtest,spa_Latn,fra_Latn,0.039652110543260725,0.08408904968632157
22,64,devtest,spa_Latn,rus_Cyrl,-0.03640729591373665,0.01810199997038517
22,64,devtest,spa_Latn,hin_Deva,-0.019343859329336015,-0.12114441790653495
22,64,devtest,spa_Latn,arb_Arab,0.02857799010869166,0.03638304101561896
22,64,devtest,spa_Latn,zho_Hans,0.08087344907230953,-0.04716870502925038
22,64,devtest,spa_Latn,jpn_Jpan,0.030199844185614284,-0.01451439708676832
22,64,devtest,spa_Latn,tur_Latn,-0.013281411332591442,-0.011022461700646653
22,64,devtest,spa_Latn,vie_Latn,-0.012801145568199154,0.019625147733326836
22,64,devtest,spa_Latn,ind_Latn,-0.04986225886311508,0.07077720845028526
22,64,devtest,rus_Cyrl,eng_Latn,0.0014369815950744723,0.0025774514649299254
22,64,devtest,rus_Cyrl,deu_Latn,-0.0825051386945896,0.01714460141531926
22,64,devtest,rus_Cyrl,fra_Latn,-0.06978655449663407,0.023405030104762605
22,64,devtest,rus_Cyrl,spa_Latn,-0.05702969013666338,-0.00667771329291616
22,64,devtest,rus_Cyrl,hin_Deva,0.12398440340213575,-0.10584279466867477
22,64,devtest,rus_Cyrl,arb_Arab,0.011741209461193275,-0.021501574820821413
22,64,devtest,rus_Cyrl,zho_Hans,0.08700778415199287,-0.07881002982173209
22,64,devtest,rus_Cyrl,jpn_Jpan,0.04430882979513828,-0.07459640361286164
22,64,devtest,rus_Cyrl,tur_Latn,-0.016772091328593645,-0.05001465488596528
22,64,devtest,rus_Cyrl,vie_Latn,-0.07810566116396528,-0.014897054471512556
22,64,devtest,rus_Cyrl,ind_Latn,-0.10446331280954703,0.03137148083204902
22,64,devtest,hin_Deva,eng_Latn,0.024490223347442535,-0.06661203809763631
22,64,devtest,hin_Deva,deu_Latn,-0.00851627056086697,-0.027318854617651416
22,64,devtest,hin_Deva,fra_Latn,-0.02736772300108606,-0.029100859132602266
22,64,devtest,hin_Deva,spa_Latn,0.014956754046587997,-0.09490445464683302
22,64,devtest,hin_Deva,rus_Cyrl,0.13643383648465135,-0.0540472823996357
22,64,devtest,hin_Deva,arb_Arab,0.02307770899514352,-0.04675422847073165
22,64,devtest,hin_Deva,zho_Hans,0.1131621913302672,-0.05373450649212015
22,64,devtest,hin_Deva,jpn_Jpan,0.12769041272881057,-0.08249108051395054
22,64,devtest,hin_Deva,tur_Latn,-0.01905326613410635,-0.09912776542944134
22,64,devtest,hin_Deva,vie_Latn,-0.01267869027538848,-0.08414734004644608
22,64,devtest,hin_Deva,ind_Latn,-0.04099862415755028,-0.016121131468010703
22,64,devtest,arb_Arab,eng_Latn,0.055571281663729204,0.026348873304826295
22,64,devtest,arb_Arab,deu_Latn,-0.012085372365654582,0.02657469649210719
22,64,devtest,arb_Arab,fra_Latn,0.05659517292245504,0.06527677615017587
22,64,devtest,arb_Arab,spa_Latn,0.03068620567352386,0.02360202528948205
22,64,devtest,arb_Arab,rus_Cyrl,0.01946706047767435,-0.009863592704603978
22,64,devtest,arb_Arab,hin_Deva,0.05727432380036977,-0.08925086546881546
22,64,devtest,arb_Arab,zho_Hans,0.05954513564586665,-0.033995370195468916
22,64,devtest,arb_Arab,jpn_Jpan,0.06478998475938624,-0.016581477429540796
22,64,devtest,arb_Arab,tur_Latn,0.017822413136956976,-0.038587601102904226
22,64,devtest,arb_Arab,vie_Latn,-0.008392971761545933,0.026181176572541678
22,64,devtest,arb_Arab,ind_Latn,0.03068942978169927,0.07817606384536606
22,64,devtest,zho_Hans,eng_Latn,0.002416312798740065,-0.046387147159351765
22,64,devtest,zho_Hans,deu_Latn,0.13875313660572894,-0.02283480512099976
22,64,devtest,zho_Hans,fra_Latn,0.14477793416265936,-0.031765142458863416
22,64,devtest,zho_Hans,spa_Latn,0.15488250438413284,-0.10166334290917824
22,64,devtest,zho_Hans,rus_Cyrl,0.12331623250172732,-0.106737570405228
22,64,devtest,zho_Hans,hin_Deva,0.12392960819265166,-0.14669188148136603
22,64,devtest,zho_Hans,arb_Arab,0.13692123782952614,-0.07285249623902593
22,64,devtest,zho_Hans,jpn_Jpan,0.05283334825201308,-0.1341399437913568
22,64,devtest,zho_Hans,tur_Latn,0.13395823265493764,-0.10917873653053348
22,64,devtest,zho_Hans,vie_Latn,0.16389090449943075,-0.09182338424608216
22,64,devtest,zho_Hans,ind_Latn,0.13324945486999798,-0.019089072123950487
22,64,devtest,jpn_Jpan,eng_Latn,-0.07942163009356268,-0.019145469407791042
22,64,devtest,jpn_Jpan,deu_Latn,0.07577747197580144,0.020585824756419725
22,64,devtest,jpn_Jpan,fra_Latn,0.10837090164857971,0.02160315204083172
22,64,devtest,jpn_Jpan,spa_Latn,0.050882647893180095,-0.020019300650088136
22,64,devtest,jpn_Jpan,rus_Cyrl,0.056635275274193896,-0.055920285897218355
22,64,devtest,jpn_Jpan,hin_Deva,0.10827352212707433,-0.11111149774383862
22,64,devtest,jpn_Jpan,arb_Arab,0.10474955942550275,-0.018028309446451188
22,64,devtest,jpn_Jpan,zho_Hans,0.014043249283597391,-0.08446691714691933
22,64,devtest,jpn_Jpan,tur_Latn,0.0776502029955555,-0.08828856252019675
22,64,devtest,jpn_Jpan,vie_Latn,-0.003557753269388031,-0.03835238850748228
22,64,devtest,jpn_Jpan,ind_Latn,0.09928891360237599,0.04956208156135253
22,64,devtest,tur_Latn,eng_Latn,0.05499715384535996,-0.06798161463725065
22,64,devtest,tur_Latn,deu_Latn,0.03794173276425987,0.0034230686310842717
22,64,devtest,tur_Latn,fra_Latn,0.09148184363804669,0.01875461429648127
22,64,devtest,tur_Latn,spa_Latn,0.0061859932717608455,-0.027682413199162707
22,64,devtest,tur_Latn,rus_Cyrl,-0.016191357924692482,-0.04508785228999108
22,64,devtest,tur_Latn,hin_Deva,-0.0010040115771227359,-0.1609560259870666
22,64,devtest,tur_Latn,arb_Arab,0.05277649348819967,-0.04225883266390938
22,64,devtest,tur_Latn,zho_Hans,0.09287157744603608,-0.09088259797307764
22,64,devtest,tur_Latn,jpn_Jpan,0.0744413622375791,-0.11477898885913751
22,64,devtest,tur_Latn,vie_Latn,0.02339670455582213,-0.0468946186309127
22,64,devtest,tur_Latn,ind_Latn,0.031140088570237104,0.014165179182285626
22,64,devtest,vie_Latn,eng_Latn,0.03969279282075683,-0.021758324712443104
22,64,devtest,vie_Latn,deu_Latn,-0.03560674694621532,0.03100076450528568
22,64,devtest,vie_Latn,fra_Latn,0.08782816584448112,0.05235347816827097
22,64,devtest,vie_Latn,spa_Latn,0.005478055348329883,-0.010895671066094396
22,64,devtest,vie_Latn,rus_Cyrl,-0.0607238075014174,-0.02328743815795849
22,64,devtest,vie_Latn,hin_Deva,-0.0062842732042423565,-0.15818551504963219
22,64,devtest,vie_Latn,arb_Arab,0.0070724396052777505,0.011411121760096007
22,64,devtest,vie_Latn,zho_Hans,0.1101712446831365,-0.07653764380455529
22,64,devtest,vie_Latn,jpn_Jpan,0.0004133247828904126,-0.06423237858939368
22,64,devtest,vie_Latn,tur_Latn,0.009696706276217684,-0.057321127708566684
22,64,devtest,vie_Latn,ind_Latn,0.0679486004666344,0.09720587659683862
22,64,devtest,ind_Latn,eng_Latn,0.036898769772312816,0.07722281748237754
22,64,devtest,ind_Latn,deu_Latn,0.04948107918196905,0.03747726232937579
22,64,devtest,ind_Latn,fra_Latn,0.09673213952985256,0.1128807536350734
22,64,devtest,ind_Latn,spa_Latn,-0.027220299404045193,0.06574789294397208
22,64,devtest,ind_Latn,rus_Cyrl,-0.09216980433102522,0.03790521442118001
22,64,devtest,ind_Latn,hin_Deva,-0.015476415930555206,-0.06242439060306688
22,64,devtest,ind_Latn,arb_Arab,0.04519870105047394,0.06543750719014106
22,64,devtest,ind_Latn,zho_Hans,0.0843917004187576,0.02033942008997005
22,64,devtest,ind_Latn,jpn_Jpan,0.10103957956807105,0.036070478586215274
22,64,devtest,ind_Latn,tur_Latn,0.008255849438352975,0.013602567232576935
22,64,devtest,ind_Latn,vie_Latn,0.053469784651461585,0.11481688594096251
22,128,devtest,eng_Latn,deu_Latn,0.1000304289007341,0.09002629634492125
22,128,devtest,eng_Latn,fra_Latn,0.08803863159800604,0.12082804853936675
22,128,devtest,eng_Latn,spa_Latn,0.03672368706314683,0.02815920835439882
22,128,devtest,eng_Latn,rus_Cyrl,0.00917061179508595,0.05279501278590961
22,128,devtest,eng_Latn,hin_Deva,0.05354556345156972,-0.07527532716432131
22,128,devtest,eng_Latn,arb_Arab,0.10716663721771105,0.05494550088936738
22,128,devtest,eng_Latn,zho_Hans,0.00038612106265315145,0.032077747353966714
22,128,devtest,eng_Latn,jpn_Jpan,-0.04895855250121203,0.00647555086795538
22,128,devtest,eng_Latn,tur_Latn,0.06887435659226854,-0.03781051882737954
22,128,devtest,eng_Latn,vie_Latn,0.07922950364083754,0.015445485850292805
22,128,devtest,eng_Latn,ind_Latn,0.05727355614893522,0.09166325168517574
22,128,devtest,deu_Latn,eng_Latn,0.046641246800333894,0.05472249884649025
22,128,devtest,deu_Latn,fra_Latn,0.03548341670848712,0.11750039206995717
22,128,devtest,deu_Latn,spa_Latn,0.010570179769588206,0.028140154676948134
22,128,devtest,deu_Latn,rus_Cyrl,-0.06949987095544484,0.008290191401214893
22,128,devtest,deu_Latn,hin_Deva,0.031149256552421588,-0.10492254957409108
22,128,devtest,deu_Latn,arb_Arab,0.0030467089327422857,0.01422453904996891
22,128,devtest,deu_Latn,zho_Hans,0.06907442789671987,-0.001960956867428006
22,128,devtest,deu_Latn,jpn_Jpan,0.043604193975541584,0.011124624831708833
22,128,devtest,deu_Latn,tur_Latn,0.03679223892239598,-0.013740095844603431
22,128,devtest,deu_Latn,vie_Latn,-0.04406138504108385,0.03766892857509666
22,128,devtest,deu_Latn,ind_Latn,0.03498901898600162,0.03629785002548197
22,128,devtest,fra_Latn,eng_Latn,0.07958241110305427,0.11177251723877082
22,128,devtest,fra_Latn,deu_Latn,0.017102788744287053,0.13816983565239738
22,128,devtest,fra_Latn,spa_Latn,0.059640202679062865,0.08747572178071446
22,128,devtest,fra_Latn,rus_Cyrl,-0.04469479260097049,0.05290504770380458
22,128,devtest,fra_Latn,hin_Deva,-0.030331890726868437,-0.08033609757767042
22,128,devtest,fra_Latn,arb_Arab,0.05573700711929512,0.08412735342932985
22,128,devtest,fra_Latn,zho_Hans,0.10336178082453036,0.008563831304860277
22,128,devtest,fra_Latn,jpn_Jpan,0.06927153486501866,0.016534149587329936
22,128,devtest,fra_Latn,tur_Latn,0.06679320225997606,0.010743128210546233
22,128,devtest,fra_Latn,vie_Latn,0.09570415691605351,0.08579266517303642
22,128,devtest,fra_Latn,ind_Latn,0.10215268774845582,0.122945472338031
22,128,devtest,spa_Latn,eng_Latn,0.014161139683028493,0.020647198955712393
22,128,devtest,spa_Latn,deu_Latn,0.017273028257858817,0.06875047307687013
22,128,devtest,spa_Latn,fra_Latn,0.04337886288031475,0.09482710233188385
22,128,devtest,spa_Latn,rus_Cyrl,-0.03780105157092273,0.02322861579747315
22,128,devtest,spa_Latn,hin_Deva,-0.02421774025497643,-0.13147705543411722
22,128,devtest,spa_Latn,arb_Arab,0.022025129797264377,0.04250349447622679
22,128,devtest,spa_Latn,zho_Hans,0.07693719307845276,-0.048357180479943924
22,128,devtest,spa_Latn,jpn_Jpan,0.03217417781210288,-0.012160349299705208
22,128,devtest,spa_Latn,tur_Latn,-0.008568091649776823,-0.007483650583665907
22,128,devtest,spa_Latn,vie_Latn,-0.01492869414953518,0.026481396662139795
22,128,devtest,spa_Latn,ind_Latn,-0.04880787440765494,0.07232854842316512
22,128,devtest,rus_Cyrl,eng_Latn,-0.012545958035443483,0.012677954933243253
22,128,devtest,rus_Cyrl,deu_Latn,-0.08371382968601243,0.017301698690610226
22,128,devtest,rus_Cyrl,fra_Latn,-0.05594242453308327,0.03435473008910677
22,128,devtest,rus_Cyrl,spa_Latn,-0.057986297864586825,-0.004592288067746504
22,128,devtest,rus_Cyrl,hin_Deva,0.12006453750902689,-0.11592170918201937
22,128,devtest,rus_Cyrl,arb_Arab,0.007077165730766812,-0.014086863557200036
22,128,devtest,rus_Cyrl,zho_Hans,0.08798594637146727,-0.0893809967267045
22,128,devtest,rus_Cyrl,jpn_Jpan,0.053909313992442656,-0.06306270551706852
22,128,devtest,rus_Cyrl,tur_Latn,-0.008122608295695322,-0.06171905316114621
22,128,devtest,rus_Cyrl,vie_Latn,-0.07902020458551712,-0.02309837039072843
22,128,devtest,rus_Cyrl,ind_Latn,-0.11149961233326265,0.033563659259126986
22,128,devtest,hin_Deva,eng_Latn,0.023549319476046777,-0.06502901755578877
22,128,devtest,hin_Deva,deu_Latn,-0.012133421128701726,-0.019132329582658727
22,128,devtest,hin_Deva,fra_Latn,-0.030640989142924513,-0.028531211089723924
22,128,devtest,hin_Deva,spa_Latn,0.013752371688987155,-0.09101306111859253
22,128,devtest,hin_Deva,rus_Cyrl,0.1329429894992349,-0.05005507520127155
22,128,devtest,hin_Deva,arb_Arab,0.005956444829868752,-0.027952496856226756
22,128,devtest,hin_Deva,zho_Hans,0.11653971840394035,-0.054913692466455756
22,128,devtest,hin_Deva,jpn_Jpan,0.12262723325351828,-0.08041418378089922
22,128,devtest,hin_Deva,tur_Latn,-0.01587521702239583,-0.08727964395814385
22,128,devtest,hin_Deva,vie_Latn,-0.021431295356403837,-0.0780644492017786
22,128,devtest,hin_Deva,ind_Latn,-0.04131406378514197,-0.004196601433568486
22,128,devtest,arb_Arab,eng_Latn,0.04596616723296594,0.03339457949759363
22,128,devtest,arb_Arab,deu_Latn,-0.009835716787519452,0.03994562494566785
22,128,devtest,arb_Arab,fra_Latn,0.04149161574033177,0.07912243309073035
22,128,devtest,arb_Arab,spa_Latn,0.026059256374279305,0.03195764571437689
22,128,devtest,arb_Arab,rus_Cyrl,0.01257526565723165,-0.0004606285617769269
22,128,devtest,arb_Arab,hin_Deva,0.04049623877784669,-0.08454148820339796
22,128,devtest,arb_Arab,zho_Hans,0.06595395291542237,-0.052348550773795244
22,128,devtest,arb_Arab,jpn_Jpan,0.0739452842435521,-0.010803047902178646
22,128,devtest,arb_Arab,tur_Latn,0.00971173401798923,-0.03266346335610509
22,128,devtest,arb_Arab,vie_Latn,-0.020127658195857993,0.02606188771845206
22,128,devtest,arb_Arab,ind_Latn,0.01959068700264611,0.07347611780387209
22,128,devtest,zho_Hans,eng_Latn,0.007769350855350791,-0.034268807016476395
22,128,devtest,zho_Hans,deu_Latn,0.15980125870305933,-0.024431047250838462
22,128,devtest,zho_Hans,fra_Latn,0.15686380849439543,-0.03807937544941877
22,128,devtest,zho_Hans,spa_Latn,0.16420651974287942,-0.10181772104851186
22,128,devtest,zho_Hans,rus_Cyrl,0.1367515418423655,-0.1186790512222523
22,128,devtest,zho_Hans,hin_Deva,0.13083033992598475,-0.14833068860048132
22,128,devtest,zho_Hans,arb_Arab,0.15067700759734637,-0.09108810014944752
22,128,devtest,zho_Hans,jpn_Jpan,0.05627015228267063,-0.12501546078250303
22,128,devtest,zho_Hans,tur_Latn,0.13486490725548417,-0.11923654065827893
22,128,devtest,zho_Hans,vie_Latn,0.16535859576787745,-0.08579521886156938
22,128,devtest,zho_Hans,ind_Latn,0.13427342936879635,-0.011425190597927515
22,128,devtest,jpn_Jpan,eng_Latn,-0.06690732822062373,-0.01191872835331509
22,128,devtest,jpn_Jpan,deu_Latn,0.08429793433417433,0.036832084351010076
22,128,devtest,jpn_Jpan,fra_Latn,0.1028791448175595,0.02240932595574868
22,128,devtest,jpn_Jpan,spa_Latn,0.05888524059263283,-0.020053974682416677
22,128,devtest,jpn_Jpan,rus_Cyrl,0.07245933714609966,-0.0426886073379276
22,128,devtest,jpn_Jpan,hin_Deva,0.11059517789124337,-0.12610724343392987
22,128,devtest,jpn_Jpan,arb_Arab,0.11926164790767561,-0.00959706700704097
22,128,devtest,jpn_Jpan,zho_Hans,0.006794029067853554,-0.075018952378586
22,128,devtest,jpn_Jpan,tur_Latn,0.08869959676958153,-0.09473624917156032
22,128,devtest,jpn_Jpan,vie_Latn,0.0016848483876162519,-0.02062260607116542
22,128,devtest,jpn_Jpan,ind_Latn,0.1090976867957007,0.05252904445719611
22,128,devtest,tur_Latn,eng_Latn,0.04415741642221959,-0.07558692468746873
22,128,devtest,tur_Latn,deu_Latn,0.04229925656844723,0.0011925224634940963
22,128,devtest,tur_Latn,fra_Latn,0.09430525311197081,0.01911167009182818
22,128,devtest,tur_Latn,spa_Latn,0.013275645109910004,-0.021826980819606562
22,128,devtest,tur_Latn,rus_Cyrl,-0.007048225446236942,-0.057052325661314345
22,128,devtest,tur_Latn,hin_Deva,0.004548934117903031,-0.16132805273113796
22,128,devtest,tur_Latn,arb_Arab,0.05055038094851943,-0.03434114134429738
22,128,devtest,tur_Latn,zho_Hans,0.09500427081614975,-0.10400156857845344
22,128,devtest,tur_Latn,jpn_Jpan,0.08279893255869651,-0.12042929118642177
22,128,devtest,tur_Latn,vie_Latn,0.020390114807727473,-0.04965383704420468
22,128,devtest,tur_Latn,ind_Latn,0.03668932916850697,0.014458660473880771
22,128,devtest,vie_Latn,eng_Latn,0.042939358782163456,-0.024873574024867045
22,128,devtest,vie_Latn,deu_Latn,-0.022943175067635806,0.03533188375984649
22,128,devtest,vie_Latn,fra_Latn,0.09392967620319954,0.06019326465277433
22,128,devtest,vie_Latn,spa_Latn,0.005948245744270977,-0.00618486072653733
22,128,devtest,vie_Latn,rus_Cyrl,-0.058418006035170104,-0.031393904665699635
22,128,devtest,vie_Latn,hin_Deva,-0.011049468779803815,-0.16357468109759207
22,128,devtest,vie_Latn,arb_Arab,-0.0018375644402386958,0.008568678645299001
22,128,devtest,vie_Latn,zho_Hans,0.1036482971694807,-0.06556659506021306
22,128,devtest,vie_Latn,jpn_Jpan,0.006840022302571629,-0.0496670518837597
22,128,devtest,vie_Latn,tur_Latn,0.007920261117811274,-0.06020414432644215
22,128,devtest,vie_Latn,ind_Latn,0.0808657367287024,0.10132488943975373
22,128,devtest,ind_Latn,eng_Latn,0.028011615992113107,0.06400981349966994
22,128,devtest,ind_Latn,deu_Latn,0.047587085975383324,0.04820686554793035
22,128,devtest,ind_Latn,fra_Latn,0.10380252882133775,0.11703293526335572
22,128,devtest,ind_Latn,spa_Latn,-0.02721499588284431,0.06490111287339052
22,128,devtest,ind_Latn,rus_Cyrl,-0.09476535086400166,0.03844581953459738
22,128,devtest,ind_Latn,hin_Deva,-0.010216340883814174,-0.06183256998895259
22,128,devtest,ind_Latn,arb_Arab,0.03536516506322431,0.061373393596982115
22,128,devtest,ind_Latn,zho_Hans,0.07751367003215966,0.027935764530312258
22,128,devtest,ind_Latn,jpn_Jpan,0.11108796730624605,0.03798604796746845
22,128,devtest,ind_Latn,tur_Latn,0.017949958997481114,0.01378259749856452
22,128,devtest,ind_Latn,vie_Latn,0.06218128026627569,0.11549732923667129
22,256,devtest,eng_Latn,deu_Latn,0.10254002553804543,0.1012980294064034
22,256,devtest,eng_Latn,fra_Latn,0.1056532576134889,0.1295376154132182
22,256,devtest,eng_Latn,spa_Latn,0.04007980046523082,0.02677334897862016
22,256,devtest,eng_Latn,rus_Cyrl,0.01865582039556864,0.06001884301969703
22,256,devtest,eng_Latn,hin_Deva,0.06735880964998706,-0.06907496219869723
22,256,devtest,eng_Latn,arb_Arab,0.11666250328310451,0.060357267256732815
22,256,devtest,eng_Latn,zho_Hans,0.003420261148964674,0.03182218027617571
22,256,devtest,eng_Latn,jpn_Jpan,-0.0503290461000939,0.01563318355923679
22,256,devtest,eng_Latn,tur_Latn,0.0775572328890191,-0.029972010865328406
22,256,devtest,eng_Latn,vie_Latn,0.08232942369025469,0.01906701943752154
22,256,devtest,eng_Latn,ind_Latn,0.0586839599234009,0.09911592965728652
22,256,devtest,deu_Latn,eng_Latn,0.043113359106663654,0.06728699904642495
22,256,devtest,deu_Latn,fra_Latn,0.03707384564396537,0.11259060544108843
22,256,devtest,deu_Latn,spa_Latn,0.010948244098509285,0.023013920224826626
22,256,devtest,deu_Latn,rus_Cyrl,-0.07454661263826277,0.013893414395312989
22,256,devtest,deu_Latn,hin_Deva,0.03624386987794189,-0.10910508778614043
22,256,devtest,deu_Latn,arb_Arab,0.006855634982197422,0.006911159445105497
22,256,devtest,deu_Latn,zho_Hans,0.07417649875566239,0.009492165088150092
22,256,devtest,deu_Latn,jpn_Jpan,0.044376401928794336,0.006060579135628707
22,256,devtest,deu_Latn,tur_Latn,0.03223049717200155,-0.009093403523333682
22,256,devtest,deu_Latn,vie_Latn,-0.039458418170130655,0.039699112754184154
22,256,devtest,deu_Latn,ind_Latn,0.029164821375138112,0.04483740971822291
22,256,devtest,fra_Latn,eng_Latn,0.09193355565872179,0.11751061125459607
22,256,devtest,fra_Latn,deu_Latn,0.015800717098505,0.13322705137407062
22,256,devtest,fra_Latn,spa_Latn,0.0626260942978343,0.08098876441399244
22,256,devtest,fra_Latn,rus_Cyrl,-0.042456432628303675,0.05015204465821268
22,256,devtest,fra_Latn,hin_Deva,-0.017991180028947836,-0.08606628865660607
22,256,devtest,fra_Latn,arb_Arab,0.05800544393863405,0.07805876224770213
22,256,devtest,fra_Latn,zho_Hans,0.10988803694627697,0.010666759604788037
22,256,devtest,fra_Latn,jpn_Jpan,0.0763499201646481,0.01617106853131262
22,256,devtest,fra_Latn,tur_Latn,0.059294407236535084,0.007231982120661995
22,256,devtest,fra_Latn,vie_Latn,0.09412352455610737,0.08411377165782756
22,256,devtest,fra_Latn,ind_Latn,0.09696466140410168,0.12923849208239924
22,256,devtest,spa_Latn,eng_Latn,0.01101705459393352,0.012237692428075573
22,256,devtest,spa_Latn,deu_Latn,0.01955840211335439,0.060213870086835965
22,256,devtest,spa_Latn,fra_Latn,0.04724775393493345,0.086589992982205
22,256,devtest,spa_Latn,rus_Cyrl,-0.04030211549565132,0.022723791508222298
22,256,devtest,spa_Latn,hin_Deva,-0.019372046741857416,-0.14073500839308475
22,256,devtest,spa_Latn,arb_Arab,0.026390404957131415,0.03976200662625447
22,256,devtest,spa_Latn,zho_Hans,0.08533369358592129,-0.04965022477156549
22,256,devtest,spa_Latn,jpn_Jpan,0.02660040301976172,0.0002639024447486481
22,256,devtest,spa_Latn,tur_Latn,-0.00653812074380203,-0.004326632675412508
22,256,devtest,spa_Latn,vie_Latn,-0.02513831282313708,0.03706004517130267
22,256,devtest,spa_Latn,ind_Latn,-0.04939927188404464,0.07237766099473641
22,256,devtest,rus_Cyrl,eng_Latn,-0.004624754244683686,0.017080686983128812
22,256,devtest,rus_Cyrl,deu_Latn,-0.09014873188702459,0.02089865024248317
22,256,devtest,rus_Cyrl,fra_Latn,-0.056275217009408046,0.030216176559879876
22,256,devtest,rus_Cyrl,spa_Latn,-0.06527216036762283,-0.006993219789395524
22,256,devtest,rus_Cyrl,hin_Deva,0.11825875392508622,-0.11570775689214702
22,256,devtest,rus_Cyrl,arb_Arab,0.013896188993228949,-0.01452061734321727
22,256,devtest,rus_Cyrl,zho_Hans,0.09033266730134906,-0.08191139224026334
22,256,devtest,rus_Cyrl,jpn_Jpan,0.057756132791281736,-0.0609501025230158
22,256,devtest,rus_Cyrl,tur_Latn,-0.012730583989385601,-0.06451337544262468
22,256,devtest,rus_Cyrl,vie_Latn,-0.0842186378583342,-0.01320329513117126
22,256,devtest,rus_Cyrl,ind_Latn,-0.10775167512074536,0.037330011321558526
22,256,devtest,hin_Deva,eng_Latn,0.031528381599528435,-0.05479392174032151
22,256,devtest,hin_Deva,deu_Latn,-0.007774520147617118,-0.009532862253691326
22,256,devtest,hin_Deva,fra_Latn,-0.022345923017943567,-0.02107789807308184
22,256,devtest,hin_Deva,spa_Latn,0.017957077999560544,-0.08942873864794264
22,256,devtest,hin_Deva,rus_Cyrl,0.1343402591812996,-0.03606570888739213
22,256,devtest,hin_Deva,arb_Arab,0.008994500739628757,-0.029184422126291746
22,256,devtest,hin_Deva,zho_Hans,0.11824519514975579,-0.054647594795422735
22,256,devtest,hin_Deva,jpn_Jpan,0.127183181837462,-0.07276072342079394
22,256,devtest,hin_Deva,tur_Latn,-0.01761657049654615,-0.07585671741145289
22,256,devtest,hin_Deva,vie_Latn,-0.017690230430386294,-0.06271362201421952
22,256,devtest,hin_Deva,ind_Latn,-0.04565684099691879,0.003053548442667781
22,256,devtest,arb_Arab,eng_Latn,0.0517794758980135,0.03603004811588788
22,256,devtest,arb_Arab,deu_Latn,-0.0051514557194104705,0.038760084585327745
22,256,devtest,arb_Arab,fra_Latn,0.04278547917038493,0.07524042212308353
22,256,devtest,arb_Arab,spa_Latn,0.027365496344006406,0.028913432929344843
22,256,devtest,arb_Arab,rus_Cyrl,0.021301217544054913,0.0004619485636884328
22,256,devtest,arb_Arab,hin_Deva,0.0440617357634098,-0.0972145199615992
22,256,devtest,arb_Arab,zho_Hans,0.06813051510674954,-0.05475919668749887
22,256,devtest,arb_Arab,jpn_Jpan,0.06524390636011052,-0.015231053020134047
22,256,devtest,arb_Arab,tur_Latn,0.009774162780984176,-0.03764848492656063
22,256,devtest,arb_Arab,vie_Latn,-0.015247838188494164,0.025124459350233514
22,256,devtest,arb_Arab,ind_Latn,0.02471263720085044,0.08193337137669318
22,256,devtest,zho_Hans,eng_Latn,0.012662132512624266,-0.038397594223536835
22,256,devtest,zho_Hans,deu_Latn,0.17270733382196465,-0.019259652343987927
22,256,devtest,zho_Hans,fra_Latn,0.16349863118953353,-0.03581714404896649
22,256,devtest,zho_Hans,spa_Latn,0.18176619357835405,-0.10290074182511964
22,256,devtest,zho_Hans,rus_Cyrl,0.14385118402738775,-0.1135663330331906
22,256,devtest,zho_Hans,hin_Deva,0.13411877812782713,-0.15595048722821858
22,256,devtest,zho_Hans,arb_Arab,0.15956473399872342,-0.0920403796826513
22,256,devtest,zho_Hans,jpn_Jpan,0.06646543361347859,-0.13004334383201172
22,256,devtest,zho_Hans,tur_Latn,0.14846486416004306,-0.11477286230798489
22,256,devtest,zho_Hans,vie_Latn,0.1684249717188255,-0.07769621360208223
22,256,devtest,zho_Hans,ind_Latn,0.1438285177604874,-0.02606979561954895
22,256,devtest,jpn_Jpan,eng_Latn,-0.0732991190436704,-0.0038179368750960083
22,256,devtest,jpn_Jpan,deu_Latn,0.09028604000762962,0.03401490964686912
22,256,devtest,jpn_Jpan,fra_Latn,0.10899349316592868,0.02501243643503626
22,256,devtest,jpn_Jpan,spa_Latn,0.056984409965135215,-0.006377920316504157
22,256,devtest,jpn_Jpan,rus_Cyrl,0.08171203149356664,-0.03565037598689821
22,256,devtest,jpn_Jpan,hin_Deva,0.11854998100109006,-0.12358300031200062
22,256,devtest,jpn_Jpan,arb_Arab,0.11652927191531524,-0.011982958448013602
22,256,devtest,jpn_Jpan,zho_Hans,0.012735718833411578,-0.0743797935062553
22,256,devtest,jpn_Jpan,tur_Latn,0.09366762558313033,-0.09216239669285387
22,256,devtest,jpn_Jpan,vie_Latn,0.00444139298516802,-0.025288920910911113
22,256,devtest,jpn_Jpan,ind_Latn,0.10565056166298249,0.055751872050832145
22,256,devtest,tur_Latn,eng_Latn,0.0529358496009966,-0.06876277379759473
22,256,devtest,tur_Latn,deu_Latn,0.03792817845017547,0.009149775944088329
22,256,devtest,tur_Latn,fra_Latn,0.08652626618880475,0.014908007223009325
22,256,devtest,tur_Latn,spa_Latn,0.013636254023947478,-0.01810439716442848
22,256,devtest,tur_Latn,rus_Cyrl,-0.017059453338722625,-0.06050892991038343
22,256,devtest,tur_Latn,hin_Deva,0.007805744105735788,-0.15972197885429013
22,256,devtest,tur_Latn,arb_Arab,0.051461199405639715,-0.035839356147517716
22,256,devtest,tur_Latn,zho_Hans,0.11105591789490196,-0.09455630460107031
22,256,devtest,tur_Latn,jpn_Jpan,0.08660005124214562,-0.12217452467251089
22,256,devtest,tur_Latn,vie_Latn,0.01910693751093701,-0.042766220906946165
22,256,devtest,tur_Latn,ind_Latn,0.03684978560784661,0.02315234031323856
22,256,devtest,vie_Latn,eng_Latn,0.044391394480224486,-0.02396728378239504
22,256,devtest,vie_Latn,deu_Latn,-0.016399444068198047,0.03842216999553418
22,256,devtest,vie_Latn,fra_Latn,0.0907458145619346,0.05771532977140282
22,256,devtest,vie_Latn,spa_Latn,-0.0025417607597267348,0.004703301194491776
22,256,devtest,vie_Latn,rus_Cyrl,-0.06360095907941159,-0.02142424325171233
22,256,devtest,vie_Latn,hin_Deva,-0.008933636705197642,-0.16010749171658342
22,256,devtest,vie_Latn,arb_Arab,0.007803947713850997,0.008955168974536364
22,256,devtest,vie_Latn,zho_Hans,0.09727731753132476,-0.05735716021536914
22,256,devtest,vie_Latn,jpn_Jpan,0.009527180538486703,-0.05657349057030321
22,256,devtest,vie_Latn,tur_Latn,0.005176895390284575,-0.05407509397317759
22,256,devtest,vie_Latn,ind_Latn,0.0792026598641819,0.09490001285714751
22,256,devtest,ind_Latn,eng_Latn,0.025594808135318003,0.06829090201034173
22,256,devtest,ind_Latn,deu_Latn,0.045798286948368,0.05713717547446102
22,256,devtest,ind_Latn,fra_Latn,0.10139774727507016,0.12405562789242111
22,256,devtest,ind_Latn,spa_Latn,-0.02640143225670684,0.06539280226935852
22,256,devtest,ind_Latn,rus_Cyrl,-0.0881662556816637,0.044259566483445464
22,256,devtest,ind_Latn,hin_Deva,-0.010371849239348748,-0.06322471584642111
22,256,devtest,ind_Latn,arb_Arab,0.043003928579828175,0.068137797697959
22,256,devtest,ind_Latn,zho_Hans,0.08090129140372429,0.01326595106710882
22,256,devtest,ind_Latn,jpn_Jpan,0.10718003517432968,0.04098679306251596
22,256,devtest,ind_Latn,tur_Latn,0.017610935205430694,0.020931644750604925
22,256,devtest,ind_Latn,vie_Latn,0.056397933813533134,0.10943203481499593
23,64,devtest,eng_Latn,deu_Latn,0.07161271433798576,0.064643752933022
23,64,devtest,eng_Latn,fra_Latn,0.08892265296185246,0.110018077236376
23,64,devtest,eng_Latn,spa_Latn,0.04734959735524339,0.01647655329241166
23,64,devtest,eng_Latn,rus_Cyrl,0.011858217149241424,0.03253093896456082
23,64,devtest,eng_Latn,hin_Deva,0.04308774594703522,-0.08654851222909758
23,64,devtest,eng_Latn,arb_Arab,0.11629366630540984,0.05676626337518325
23,64,devtest,eng_Latn,zho_Hans,-0.019646396985774105,0.003920270086770273
23,64,devtest,eng_Latn,jpn_Jpan,-0.048158980187726866,-0.01794810896959245
23,64,devtest,eng_Latn,tur_Latn,0.05902912628992051,-0.050219081730694115
23,64,devtest,eng_Latn,vie_Latn,0.06277047145940544,0.017283978742249177
23,64,devtest,eng_Latn,ind_Latn,0.062490445902680596,0.09202810359709808
23,64,devtest,deu_Latn,eng_Latn,0.03293129378046019,0.02530294646886429
23,64,devtest,deu_Latn,fra_Latn,0.043270259225971476,0.10165790778906816
23,64,devtest,deu_Latn,spa_Latn,-0.00037122054007054066,0.016398855478321494
23,64,devtest,deu_Latn,rus_Cyrl,-0.0638290009654384,0.004046920758807318
23,64,devtest,deu_Latn,hin_Deva,0.019210645638163788,-0.10404931969669719
23,64,devtest,deu_Latn,arb_Arab,0.004357760353498459,0.0076842669565980485
23,64,devtest,deu_Latn,zho_Hans,0.06195772293790151,-0.008451505885793487
23,64,devtest,deu_Latn,jpn_Jpan,0.04605571322275108,-0.011838823085696644
23,64,devtest,deu_Latn,tur_Latn,0.02708419450564184,-0.010416166715727494
23,64,devtest,deu_Latn,vie_Latn,-0.04991808564425594,0.030265184152852325
23,64,devtest,deu_Latn,ind_Latn,0.028516221406171317,0.013983170771999743
23,64,devtest,fra_Latn,eng_Latn,0.0691906400765502,0.09983066242035672
23,64,devtest,fra_Latn,deu_Latn,0.027854782690888043,0.11879704591123087
23,64,devtest,fra_Latn,spa_Latn,0.04351391434880418,0.0782250325794466
23,64,devtest,fra_Latn,rus_Cyrl,-0.05011849251503189,0.04707311691691075
23,64,devtest,fra_Latn,hin_Deva,-0.03232489326278848,-0.09433335233739892
23,64,devtest,fra_Latn,arb_Arab,0.06263750593518992,0.07604301385970505
23,64,devtest,fra_Latn,zho_Hans,0.08153175404045263,0.003413283870682266
23,64,devtest,fra_Latn,jpn_Jpan,0.0718956132243031,0.005832374106572941
23,64,devtest,fra_Latn,tur_Latn,0.0526152912231777,0.014811062055868374
23,64,devtest,fra_Latn,vie_Latn,0.08172995557420296,0.07705251410190576
23,64,devtest,fra_Latn,ind_Latn,0.08826771912624855,0.110228757179585
23,64,devtest,spa_Latn,eng_Latn,0.024681342652962904,0.00044026653514937883
23,64,devtest,spa_Latn,deu_Latn,0.013468368017588786,0.04284272436260225
23,64,devtest,spa_Latn,fra_Latn,0.03406158540650188,0.07836168956703388
23,64,devtest,spa_Latn,rus_Cyrl,-0.033616536915073,0.006932441271586699
23,64,devtest,spa_Latn,hin_Deva,-0.023518288341185446,-0.1403901436867935
23,64,devtest,spa_Latn,arb_Arab,0.01977018934935111,0.041102963223538624
23,64,devtest,spa_Latn,zho_Hans,0.08862641356929886,-0.06646007847108751
23,64,devtest,spa_Latn,jpn_Jpan,0.027199803302884934,-0.020598482624722095
23,64,devtest,spa_Latn,tur_Latn,-0.02846352829000193,-0.029394614909009055
23,64,devtest,spa_Latn,vie_Latn,-0.023545304403806117,0.011881968611771217
23,64,devtest,spa_Latn,ind_Latn,-0.04971117219746333,0.05610474343678275
23,64,devtest,rus_Cyrl,eng_Latn,-0.0030321213051382463,-0.005380364292647798
23,64,devtest,rus_Cyrl,deu_Latn,-0.07774447220669552,0.011716145193634462
23,64,devtest,rus_Cyrl,fra_Latn,-0.06138495706014107,0.026106402547179462
23,64,devtest,rus_Cyrl,spa_Latn,-0.06195084922782806,-0.006324817979748163
23,64,devtest,rus_Cyrl,hin_Deva,0.0896533677109197,-0.12035906126424488
23,64,devtest,rus_Cyrl,arb_Arab,-0.00196444415121123,-0.014129312039722673
23,64,devtest,rus_Cyrl,zho_Hans,0.09105066940115762,-0.08261107404352112
23,64,devtest,rus_Cyrl,jpn_Jpan,0.06528510339234271,-0.06475116800357453
23,64,devtest,rus_Cyrl,tur_Latn,0.00026807756223350956,-0.057915022116308876
23,64,devtest,rus_Cyrl,vie_Latn,-0.07882406765801482,-0.01685002718547028
23,64,devtest,rus_Cyrl,ind_Latn,-0.09704610008169717,0.023118685856101225
23,64,devtest,hin_Deva,eng_Latn,0.027707737251175552,-0.07137074462728152
23,64,devtest,hin_Deva,deu_Latn,-0.004481127008767424,-0.024019955316055188
23,64,devtest,hin_Deva,fra_Latn,-0.02071424253809313,-0.03669462450770968
23,64,devtest,hin_Deva,spa_Latn,0.03215003938198656,-0.09017050749052104
23,64,devtest,hin_Deva,rus_Cyrl,0.13316819721698533,-0.05553114113347075
23,64,devtest,hin_Deva,arb_Arab,0.019734560601260668,-0.02892793016533568
23,64,devtest,hin_Deva,zho_Hans,0.11624314143962221,-0.0782245466340313
23,64,devtest,hin_Deva,jpn_Jpan,0.12766397382948866,-0.09021547067989148
23,64,devtest,hin_Deva,tur_Latn,-0.01315627926987308,-0.09353897569110678
23,64,devtest,hin_Deva,vie_Latn,-0.014094368366238607,-0.08459625533838291
23,64,devtest,hin_Deva,ind_Latn,-0.04117374039039092,-0.022933459831710076
23,64,devtest,arb_Arab,eng_Latn,0.06945893085914502,0.030278158902090097
23,64,devtest,arb_Arab,deu_Latn,-0.002275517880723439,0.03401067468209646
23,64,devtest,arb_Arab,fra_Latn,0.050153889470190956,0.06774648202200372
23,64,devtest,arb_Arab,spa_Latn,0.0296265163123504,0.033263621741403425
23,64,devtest,arb_Arab,rus_Cyrl,0.008939866339262435,-0.003508379817356353
23,64,devtest,arb_Arab,hin_Deva,0.04371389637757589,-0.07829188025906147
23,64,devtest,arb_Arab,zho_Hans,0.06260236833193714,-0.026239739213172922
23,64,devtest,arb_Arab,jpn_Jpan,0.058126651410047005,-0.005665898019612421
23,64,devtest,arb_Arab,tur_Latn,0.010272452342765324,-0.025792885704689912
23,64,devtest,arb_Arab,vie_Latn,-0.010282667300020844,0.033160333069959594
23,64,devtest,arb_Arab,ind_Latn,0.03826170311284406,0.08375823435639482
23,64,devtest,zho_Hans,eng_Latn,-0.010176687730652303,-0.044701113148219875
23,64,devtest,zho_Hans,deu_Latn,0.15016337949786007,-0.016442616877897075
23,64,devtest,zho_Hans,fra_Latn,0.14723400032782433,-0.03167419813383928
23,64,devtest,zho_Hans,spa_Latn,0.16853916974338892,-0.09781106872724665
23,64,devtest,zho_Hans,rus_Cyrl,0.12882397009409136,-0.09714891156980686
23,64,devtest,zho_Hans,hin_Deva,0.11200478858294662,-0.15096553836821802
23,64,devtest,zho_Hans,arb_Arab,0.13365062259615584,-0.0488497764527635
23,64,devtest,zho_Hans,jpn_Jpan,0.05130744160421615,-0.14143933218737548
23,64,devtest,zho_Hans,tur_Latn,0.1354045386912059,-0.11697643320505348
23,64,devtest,zho_Hans,vie_Latn,0.16141610330497613,-0.07043385155253712
23,64,devtest,zho_Hans,ind_Latn,0.1272512762908916,-0.017802069439590174
23,64,devtest,jpn_Jpan,eng_Latn,-0.07771159295993256,-0.03449612652990487
23,64,devtest,jpn_Jpan,deu_Latn,0.08945075414309697,0.021133126421531742
23,64,devtest,jpn_Jpan,fra_Latn,0.11500736768538562,0.010141455488372449
23,64,devtest,jpn_Jpan,spa_Latn,0.05290209879055218,-0.020198969917954505
23,64,devtest,jpn_Jpan,rus_Cyrl,0.08530427178107673,-0.041786246381788676
23,64,devtest,jpn_Jpan,hin_Deva,0.10204118375960601,-0.12227175991838722
23,64,devtest,jpn_Jpan,arb_Arab,0.1129595227705346,-0.0012680738323510225
23,64,devtest,jpn_Jpan,zho_Hans,0.01428858021666296,-0.1069689813423452
23,64,devtest,jpn_Jpan,tur_Latn,0.1010163304747553,-0.10148041362197659
23,64,devtest,jpn_Jpan,vie_Latn,0.0049223439950207655,-0.03653979992757888
23,64,devtest,jpn_Jpan,ind_Latn,0.11205545126788895,0.03839949345325283
23,64,devtest,tur_Latn,eng_Latn,0.05964500677807656,-0.08754938469827009
23,64,devtest,tur_Latn,deu_Latn,0.032247513886693585,0.008063386706153869
23,64,devtest,tur_Latn,fra_Latn,0.07471622508957104,0.026158087157385386
23,64,devtest,tur_Latn,spa_Latn,-0.0059050114930250565,-0.03231702206288747
23,64,devtest,tur_Latn,rus_Cyrl,-0.013137091582729476,-0.05150611220960862
23,64,devtest,tur_Latn,hin_Deva,0.0089145965109786,-0.15305426408655892
23,64,devtest,tur_Latn,arb_Arab,0.05150460369351628,-0.020185659864535705
23,64,devtest,tur_Latn,zho_Hans,0.10524347191729208,-0.11440764715566767
23,64,devtest,tur_Latn,jpn_Jpan,0.08670594293505533,-0.1257062769869217
23,64,devtest,tur_Latn,vie_Latn,0.025895882457207954,-0.053422448226262395
23,64,devtest,tur_Latn,ind_Latn,0.03246948635303141,-0.0007749360420301678
23,64,devtest,vie_Latn,eng_Latn,0.032379161789524186,-0.03255571998131895
23,64,devtest,vie_Latn,deu_Latn,-0.019397001161039863,0.02425531226951293
23,64,devtest,vie_Latn,fra_Latn,0.0768576818424581,0.04410117342169405
23,64,devtest,vie_Latn,spa_Latn,0.0013608050529527608,-0.01828897150254153
23,64,devtest,vie_Latn,rus_Cyrl,-0.058589405858445215,-0.032213124990004414
23,64,devtest,vie_Latn,hin_Deva,2.8314603859262758e-05,-0.17214307956563643
23,64,devtest,vie_Latn,arb_Arab,0.004916808779252478,0.012173843252901604
23,64,devtest,vie_Latn,zho_Hans,0.10989442579037834,-0.0748370235581904
23,64,devtest,vie_Latn,jpn_Jpan,0.0097943157148213,-0.07787264391769512
23,64,devtest,vie_Latn,tur_Latn,0.00997703276586642,-0.07575496000689366
23,64,devtest,vie_Latn,ind_Latn,0.06949049616699514,0.08247181981114449
23,64,devtest,ind_Latn,eng_Latn,0.042161904360702024,0.0659854457561287
23,64,devtest,ind_Latn,deu_Latn,0.046314338892644635,0.02222515053768468
23,64,devtest,ind_Latn,fra_Latn,0.08998959577454592,0.10664081816767856
23,64,devtest,ind_Latn,spa_Latn,-0.0256137956698025,0.05765833533655125
23,64,devtest,ind_Latn,rus_Cyrl,-0.08784942625806513,0.026952827045116434
23,64,devtest,ind_Latn,hin_Deva,-0.022692236351501038,-0.08240166513222905
23,64,devtest,ind_Latn,arb_Arab,0.048912575089373175,0.07273233325188344
23,64,devtest,ind_Latn,zho_Hans,0.08020953722078586,0.005232036946141218
23,64,devtest,ind_Latn,jpn_Jpan,0.10922396090504953,0.02061805487267352
23,64,devtest,ind_Latn,tur_Latn,0.012034244530340955,-0.004274097757439346
23,64,devtest,ind_Latn,vie_Latn,0.05566945147928824,0.10218062527565869
23,128,devtest,eng_Latn,deu_Latn,0.09033885019795806,0.08282102450761931
23,128,devtest,eng_Latn,fra_Latn,0.08775676761630616,0.11450241423359035
23,128,devtest,eng_Latn,spa_Latn,0.04581481202476976,0.015309223414840279
23,128,devtest,eng_Latn,rus_Cyrl,0.012103533301536774,0.038116083915670174
23,128,devtest,eng_Latn,hin_Deva,0.04610903100776279,-0.09045568835379521
23,128,devtest,eng_Latn,arb_Arab,0.12762872116265667,0.07120763534013785
23,128,devtest,eng_Latn,zho_Hans,-0.005141906964580922,-0.0047127717890854065
23,128,devtest,eng_Latn,jpn_Jpan,-0.03978907082640929,-0.0017569361312752157
23,128,devtest,eng_Latn,tur_Latn,0.06999204675775732,-0.056992850570099604
23,128,devtest,eng_Latn,vie_Latn,0.07787809430719737,0.019237188774691143
23,128,devtest,eng_Latn,ind_Latn,0.0690954854068092,0.09330068798290717
23,128,devtest,deu_Latn,eng_Latn,0.04272212998307291,0.04498483069730904
23,128,devtest,deu_Latn,fra_Latn,0.04185552561838918,0.11137789630294545
23,128,devtest,deu_Latn,spa_Latn,0.005803614005360864,0.018646823642865584
23,128,devtest,deu_Latn,rus_Cyrl,-0.07689214080979968,0.004772538223385074
23,128,devtest,deu_Latn,hin_Deva,0.03402430356971248,-0.10535744800650212
23,128,devtest,deu_Latn,arb_Arab,0.015257756920130573,0.01615991310652928
23,128,devtest,deu_Latn,zho_Hans,0.06673767163935469,-0.003883366083923072
23,128,devtest,deu_Latn,jpn_Jpan,0.05562111793118277,0.0004487975550729229
23,128,devtest,deu_Latn,tur_Latn,0.03050354091441478,-0.01608616002711786
23,128,devtest,deu_Latn,vie_Latn,-0.04220843825425492,0.030619316660937923
23,128,devtest,deu_Latn,ind_Latn,0.03464343638980407,0.023595361364458996
23,128,devtest,fra_Latn,eng_Latn,0.0633196866509171,0.10948879305992
23,128,devtest,fra_Latn,deu_Latn,0.02479991627815971,0.1314308610701793
23,128,devtest,fra_Latn,spa_Latn,0.05317667784432682,0.08896868373826922
23,128,devtest,fra_Latn,rus_Cyrl,-0.036709313124619364,0.05695580952339408
23,128,devtest,fra_Latn,hin_Deva,-0.02939162206363864,-0.0899935591370593
23,128,devtest,fra_Latn,arb_Arab,0.050820271661970236,0.09714009304596136
23,128,devtest,fra_Latn,zho_Hans,0.0917406244568152,-0.008323113695901253
23,128,devtest,fra_Latn,jpn_Jpan,0.07662462814172695,0.015459855078832409
23,128,devtest,fra_Latn,tur_Latn,0.0633690593587282,0.010682048992072835
23,128,devtest,fra_Latn,vie_Latn,0.080625387025097,0.0868627972468751
23,128,devtest,fra_Latn,ind_Latn,0.08606442990285544,0.12069789829324162
23,128,devtest,spa_Latn,eng_Latn,0.013173312601961352,0.00020866950097733837
23,128,devtest,spa_Latn,deu_Latn,0.020387953856148888,0.04560530466891363
23,128,devtest,spa_Latn,fra_Latn,0.04407123616088807,0.08721939440109915
23,128,devtest,spa_Latn,rus_Cyrl,-0.030489895738487333,0.009852086356758508
23,128,devtest,spa_Latn,hin_Deva,-0.023687048099331143,-0.1533220780877736
23,128,devtest,spa_Latn,arb_Arab,0.02688087750540485,0.04527814497208387
23,128,devtest,spa_Latn,zho_Hans,0.08408987865216343,-0.07429257472353205
23,128,devtest,spa_Latn,jpn_Jpan,0.030323842864913957,-0.02128373622171225
23,128,devtest,spa_Latn,tur_Latn,-0.006767825982086528,-0.023168105815218762
23,128,devtest,spa_Latn,vie_Latn,-0.02125190537276838,0.01778329397880004
23,128,devtest,spa_Latn,ind_Latn,-0.0507213829786955,0.05667549497307525
23,128,devtest,rus_Cyrl,eng_Latn,-0.014094534338396495,-0.0028912632051033196
23,128,devtest,rus_Cyrl,deu_Latn,-0.09180198902644321,0.011952888177270783
23,128,devtest,rus_Cyrl,fra_Latn,-0.04866260937605062,0.03286976840485296
23,128,devtest,rus_Cyrl,spa_Latn,-0.06350438879241248,-0.007907404726153835
23,128,devtest,rus_Cyrl,hin_Deva,0.09225766554451822,-0.12929035507703054
23,128,devtest,rus_Cyrl,arb_Arab,0.00410677883619228,-0.006930380562258026
23,128,devtest,rus_Cyrl,zho_Hans,0.08648796179352575,-0.10038284478982916
23,128,devtest,rus_Cyrl,jpn_Jpan,0.06583947957934386,-0.06968999068510347
23,128,devtest,rus_Cyrl,tur_Latn,0.0030014787118486526,-0.06699970887755625
23,128,devtest,rus_Cyrl,vie_Latn,-0.08025213321702723,-0.026308243991652096
23,128,devtest,rus_Cyrl,ind_Latn,-0.10391213671790965,0.026355102833323926
23,128,devtest,hin_Deva,eng_Latn,0.016437245426595606,-0.07212503286283455
23,128,devtest,hin_Deva,deu_Latn,0.003645251033821228,-0.009167330358608223
23,128,devtest,hin_Deva,fra_Latn,-0.025871131606671326,-0.030487291392899424
23,128,devtest,hin_Deva,spa_Latn,0.027930292837744945,-0.09366617471701438
23,128,devtest,hin_Deva,rus_Cyrl,0.13501169102336769,-0.047433767430521995
23,128,devtest,hin_Deva,arb_Arab,0.011800042307685237,-0.018416464085153832
23,128,devtest,hin_Deva,zho_Hans,0.1116369416789892,-0.07957683735254842
23,128,devtest,hin_Deva,jpn_Jpan,0.12714976705163186,-0.08468141746454592
23,128,devtest,hin_Deva,tur_Latn,-0.023793484108593787,-0.08701465985977104
23,128,devtest,hin_Deva,vie_Latn,-0.009434280119989922,-0.06816382405411792
23,128,devtest,hin_Deva,ind_Latn,-0.03435511987196845,-0.014817317563922421
23,128,devtest,arb_Arab,eng_Latn,0.0765423827527128,0.04307675014036437
23,128,devtest,arb_Arab,deu_Latn,0.006518985036237603,0.043660716392766016
23,128,devtest,arb_Arab,fra_Latn,0.03490294404973058,0.0865465861300821
23,128,devtest,arb_Arab,spa_Latn,0.03678482737844485,0.038993273567956274
23,128,devtest,arb_Arab,rus_Cyrl,0.015581549095642565,0.0048829881237276475
23,128,devtest,arb_Arab,hin_Deva,0.03637800222799904,-0.08456126421626463
23,128,devtest,arb_Arab,zho_Hans,0.060417371109642036,-0.035696931766796926
23,128,devtest,arb_Arab,jpn_Jpan,0.0687252610989953,-0.0023671506635591483
23,128,devtest,arb_Arab,tur_Latn,-0.0028562013029433536,-0.01330038265099898
23,128,devtest,arb_Arab,vie_Latn,-0.011564551978295205,0.03312818913210478
23,128,devtest,arb_Arab,ind_Latn,0.022225647197088635,0.07780372577338432
23,128,devtest,zho_Hans,eng_Latn,0.0027999379755854637,-0.05412757155450847
23,128,devtest,zho_Hans,deu_Latn,0.16606250850108953,-0.014423398518829213
23,128,devtest,zho_Hans,fra_Latn,0.1623157401032194,-0.04264449918708448
23,128,devtest,zho_Hans,spa_Latn,0.17473869420025698,-0.10066512473558649
23,128,devtest,zho_Hans,rus_Cyrl,0.13379367215124544,-0.11222171031793615
23,128,devtest,zho_Hans,hin_Deva,0.11164077987003629,-0.1568445057001666
23,128,devtest,zho_Hans,arb_Arab,0.1392460875179106,-0.05644818887996037
23,128,devtest,zho_Hans,jpn_Jpan,0.05021653320970788,-0.1405851518265525
23,128,devtest,zho_Hans,tur_Latn,0.14084797310265906,-0.12800165799618102
23,128,devtest,zho_Hans,vie_Latn,0.15704539720980443,-0.06684950163462547
23,128,devtest,zho_Hans,ind_Latn,0.13452158438638492,-0.016187194902499317
23,128,devtest,jpn_Jpan,eng_Latn,-0.07138501769875079,-0.02194533957541753
23,128,devtest,jpn_Jpan,deu_Latn,0.10927946232182228,0.025913088516152098
23,128,devtest,jpn_Jpan,fra_Latn,0.12316809014061801,0.011372294073435475
23,128,devtest,jpn_Jpan,spa_Latn,0.0603600017896355,-0.023351212375718276
23,128,devtest,jpn_Jpan,rus_Cyrl,0.09695517964814876,-0.047391900615579734
23,128,devtest,jpn_Jpan,hin_Deva,0.10524964579133346,-0.13852397718984444
23,128,devtest,jpn_Jpan,arb_Arab,0.13222879114475292,0.004385596655010155
23,128,devtest,jpn_Jpan,zho_Hans,0.0043417154877344035,-0.10482794328598771
23,128,devtest,jpn_Jpan,tur_Latn,0.1042543344307424,-0.1174828053488434
23,128,devtest,jpn_Jpan,vie_Latn,0.0120904287672767,-0.0331424736774969
23,128,devtest,jpn_Jpan,ind_Latn,0.11425565213655081,0.038529428996823364
23,128,devtest,tur_Latn,eng_Latn,0.060159622212288155,-0.09021778645582998
23,128,devtest,tur_Latn,deu_Latn,0.030189846261369703,0.005615873008502984
23,128,devtest,tur_Latn,fra_Latn,0.09111389405194074,0.02277487161439787
23,128,devtest,tur_Latn,spa_Latn,0.015569553859305175,-0.018151338999842254
23,128,devtest,tur_Latn,rus_Cyrl,-0.012242116045139237,-0.056022492659627034
23,128,devtest,tur_Latn,hin_Deva,-0.0004502598061123733,-0.15386018695028736
23,128,devtest,tur_Latn,arb_Arab,0.047840313783270166,-0.0009031633284606404
23,128,devtest,tur_Latn,zho_Hans,0.10749795143569287,-0.11908029943918522
23,128,devtest,tur_Latn,jpn_Jpan,0.0823916336596221,-0.14008346464991542
23,128,devtest,tur_Latn,vie_Latn,0.030529209968485304,-0.04473977259644832
23,128,devtest,tur_Latn,ind_Latn,0.03389438909620196,0.008308261301046577
23,128,devtest,vie_Latn,eng_Latn,0.040969580834812946,-0.02885214713931743
23,128,devtest,vie_Latn,deu_Latn,-0.008807390507785668,0.023169721604716458
23,128,devtest,vie_Latn,fra_Latn,0.07648018646266312,0.050333967029520664
23,128,devtest,vie_Latn,spa_Latn,0.005728356543652387,-0.012308137200137492
23,128,devtest,vie_Latn,rus_Cyrl,-0.054800200200068774,-0.038573576112237266
23,128,devtest,vie_Latn,hin_Deva,0.0003985116950447617,-0.1713734749312503
23,128,devtest,vie_Latn,arb_Arab,0.005923662949967546,0.013647029337085264
23,128,devtest,vie_Latn,zho_Hans,0.09526937639929814,-0.06633527155069356
23,128,devtest,vie_Latn,jpn_Jpan,0.014099390901393333,-0.0724229225909291
23,128,devtest,vie_Latn,tur_Latn,0.020302639788993035,-0.07074462093237684
23,128,devtest,vie_Latn,ind_Latn,0.07984621116655581,0.09640812966612919
23,128,devtest,ind_Latn,eng_Latn,0.03541882506723351,0.06372259618296741
23,128,devtest,ind_Latn,deu_Latn,0.05326799437131594,0.03283080650607695
23,128,devtest,ind_Latn,fra_Latn,0.08898067503590644,0.11370646917117332
23,128,devtest,ind_Latn,spa_Latn,-0.02952745850357557,0.059634199887817145
23,128,devtest,ind_Latn,rus_Cyrl,-0.08973723751670978,0.032582502981017086
23,128,devtest,ind_Latn,hin_Deva,-0.014442454988572427,-0.08329814356824894
23,128,devtest,ind_Latn,arb_Arab,0.03828387808761837,0.070195221444134
23,128,devtest,ind_Latn,zho_Hans,0.08103403248381966,0.008965150080860565
23,128,devtest,ind_Latn,jpn_Jpan,0.11035433157828425,0.020545297221020407
23,128,devtest,ind_Latn,tur_Latn,0.017461827036617725,0.0018878283082293358
23,128,devtest,ind_Latn,vie_Latn,0.0637069702294896,0.11548236305057599
23,256,devtest,eng_Latn,deu_Latn,0.09731719952505849,0.09307112837356933
23,256,devtest,eng_Latn,fra_Latn,0.10018120479645909,0.11535509452726946
23,256,devtest,eng_Latn,spa_Latn,0.05415248502063373,0.02031904574197266
23,256,devtest,eng_Latn,rus_Cyrl,0.0172975300243974,0.05153448289972141
23,256,devtest,eng_Latn,hin_Deva,0.06078265986630132,-0.08419359831761777
23,256,devtest,eng_Latn,arb_Arab,0.1306171684860197,0.0761507297248006
23,256,devtest,eng_Latn,zho_Hans,-0.0009442034456339321,-0.0010405822436738695
23,256,devtest,eng_Latn,jpn_Jpan,-0.029337635881456325,-0.00020524375821406724
23,256,devtest,eng_Latn,tur_Latn,0.08080400749848142,-0.053167120658511334
23,256,devtest,eng_Latn,vie_Latn,0.07848319698566442,0.027475316186023283
23,256,devtest,eng_Latn,ind_Latn,0.07447503100358822,0.09122386268779885
23,256,devtest,deu_Latn,eng_Latn,0.04271576175619509,0.05516200157726754
23,256,devtest,deu_Latn,fra_Latn,0.03924635055189552,0.12019249777453175
23,256,devtest,deu_Latn,spa_Latn,-0.002173030340210475,0.023725497273442676
23,256,devtest,deu_Latn,rus_Cyrl,-0.060144482722846504,0.012155930688482476
23,256,devtest,deu_Latn,hin_Deva,0.03066641366704834,-0.11604289357542928
23,256,devtest,deu_Latn,arb_Arab,0.016454943575942866,0.023929801071600424
23,256,devtest,deu_Latn,zho_Hans,0.06632519595637268,0.001266259647873714
23,256,devtest,deu_Latn,jpn_Jpan,0.0584754643394442,-0.002474407728076853
23,256,devtest,deu_Latn,tur_Latn,0.025340626831093022,-0.013187059065290828
23,256,devtest,deu_Latn,vie_Latn,-0.03860807310916999,0.045379706885388234
23,256,devtest,deu_Latn,ind_Latn,0.02293358766294244,0.040285548416872874
23,256,devtest,fra_Latn,eng_Latn,0.06913244596428107,0.10830666060700667
23,256,devtest,fra_Latn,deu_Latn,0.024146497744815847,0.14024476201081537
23,256,devtest,fra_Latn,spa_Latn,0.06103009096993079,0.08567560581695446
23,256,devtest,fra_Latn,rus_Cyrl,-0.03632012122751045,0.055377197173412586
23,256,devtest,fra_Latn,hin_Deva,-0.024567103668388924,-0.09207989118637516
23,256,devtest,fra_Latn,arb_Arab,0.05263301325158698,0.09632711488253212
23,256,devtest,fra_Latn,zho_Hans,0.0972809238028678,-0.007181729994629134
23,256,devtest,fra_Latn,jpn_Jpan,0.08050819579543278,0.015009600526722532
23,256,devtest,fra_Latn,tur_Latn,0.06276415718707724,0.004287656925843695
23,256,devtest,fra_Latn,vie_Latn,0.09094803471814883,0.08795648128122174
23,256,devtest,fra_Latn,ind_Latn,0.08487314179155424,0.12771832142328057
23,256,devtest,spa_Latn,eng_Latn,0.007798501391307047,-0.0021355376032154306
23,256,devtest,spa_Latn,deu_Latn,0.017024648516648692,0.04574318763007027
23,256,devtest,spa_Latn,fra_Latn,0.05205751783594441,0.08095895971258169
23,256,devtest,spa_Latn,rus_Cyrl,-0.023077896576958766,0.01759745936834672
23,256,devtest,spa_Latn,hin_Deva,-0.020010162521808955,-0.15965419818385782
23,256,devtest,spa_Latn,arb_Arab,0.03330620105823433,0.04329914902603408
23,256,devtest,spa_Latn,zho_Hans,0.09281154254517712,-0.07257327099026033
23,256,devtest,spa_Latn,jpn_Jpan,0.022920772027268967,-0.017268137058809443
23,256,devtest,spa_Latn,tur_Latn,-0.01206166418592092,-0.028321025953662083
23,256,devtest,spa_Latn,vie_Latn,-0.03201071731300043,0.02525095637301017
23,256,devtest,spa_Latn,ind_Latn,-0.046968452734505055,0.05804299904959317
23,256,devtest,rus_Cyrl,eng_Latn,-0.010170610606108754,0.009082210367072843
23,256,devtest,rus_Cyrl,deu_Latn,-0.07942351856612608,0.013846757054551247
23,256,devtest,rus_Cyrl,fra_Latn,-0.05046733294808153,0.02868755638958178
23,256,devtest,rus_Cyrl,spa_Latn,-0.06082533369982294,-0.004493258072475667
23,256,devtest,rus_Cyrl,hin_Deva,0.09118145956165763,-0.13264321213904914
23,256,devtest,rus_Cyrl,arb_Arab,0.007363741735648987,-0.0025918990165086056
23,256,devtest,rus_Cyrl,zho_Hans,0.09968541723509249,-0.0945474426228951
23,256,devtest,rus_Cyrl,jpn_Jpan,0.0642574051112823,-0.0718856965025977
23,256,devtest,rus_Cyrl,tur_Latn,0.006108306897835371,-0.07215091178354507
23,256,devtest,rus_Cyrl,vie_Latn,-0.07956493032508033,-0.018138370857867417
23,256,devtest,rus_Cyrl,ind_Latn,-0.10061899229426008,0.029766588168114626
23,256,devtest,hin_Deva,eng_Latn,0.026059185719806467,-0.061546078269409416
23,256,devtest,hin_Deva,deu_Latn,-0.00364008133540221,-0.0031027544467132633
23,256,devtest,hin_Deva,fra_Latn,-0.01929262602027912,-0.016332152921861957
23,256,devtest,hin_Deva,spa_Latn,0.03141482204725551,-0.08505604290121789
23,256,devtest,hin_Deva,rus_Cyrl,0.13921424464629692,-0.033582178819017545
23,256,devtest,hin_Deva,arb_Arab,0.007527155156969382,-0.009605694586888055
23,256,devtest,hin_Deva,zho_Hans,0.12343155803855799,-0.07942209036040863
23,256,devtest,hin_Deva,jpn_Jpan,0.13469914668932756,-0.07669924967336472
23,256,devtest,hin_Deva,tur_Latn,-0.01876871388537162,-0.07929410628014003
23,256,devtest,hin_Deva,vie_Latn,-0.007115203491654246,-0.05623364095752864
23,256,devtest,hin_Deva,ind_Latn,-0.03986575545537436,-0.007974364214420092
23,256,devtest,arb_Arab,eng_Latn,0.07443878292850632,0.044488440013326976
23,256,devtest,arb_Arab,deu_Latn,0.008859358415862823,0.051378359853106535
23,256,devtest,arb_Arab,fra_Latn,0.03378632051990974,0.08570393659687055
23,256,devtest,arb_Arab,spa_Latn,0.03739922371317438,0.03439819760582203
23,256,devtest,arb_Arab,rus_Cyrl,0.021366410299473892,0.00973732989018279
23,256,devtest,arb_Arab,hin_Deva,0.036385064956645424,-0.08858473340075658
23,256,devtest,arb_Arab,zho_Hans,0.0699742901428747,-0.049315150323463834
23,256,devtest,arb_Arab,jpn_Jpan,0.06472338789987483,-0.009486011834861351
23,256,devtest,arb_Arab,tur_Latn,-0.004746016007504664,-0.021732118642217985
23,256,devtest,arb_Arab,vie_Latn,-0.0143137920934203,0.03472658682798501
23,256,devtest,arb_Arab,ind_Latn,0.026890416577250092,0.0907054148122116
23,256,devtest,zho_Hans,eng_Latn,0.011529104592434922,-0.05100413412848438
23,256,devtest,zho_Hans,deu_Latn,0.17717976096766436,-0.01218476308630738
23,256,devtest,zho_Hans,fra_Latn,0.17404475096153788,-0.04049218489960542
23,256,devtest,zho_Hans,spa_Latn,0.19259893879461348,-0.09538040043999332
23,256,devtest,zho_Hans,rus_Cyrl,0.15154750169270198,-0.104998622215314
23,256,devtest,zho_Hans,hin_Deva,0.12366488300381034,-0.1587075714887364
23,256,devtest,zho_Hans,arb_Arab,0.15480239193318102,-0.06194593445587331
23,256,devtest,zho_Hans,jpn_Jpan,0.06459430835960682,-0.13737591934559293
23,256,devtest,zho_Hans,tur_Latn,0.15452430976831094,-0.12341039751055942
23,256,devtest,zho_Hans,vie_Latn,0.17114428777764631,-0.06810853091600527
23,256,devtest,zho_Hans,ind_Latn,0.14593910035508154,-0.02773025262346918
23,256,devtest,jpn_Jpan,eng_Latn,-0.06113223983372631,-0.01895261010044498
23,256,devtest,jpn_Jpan,deu_Latn,0.1200428347801867,0.0259916995147385
23,256,devtest,jpn_Jpan,fra_Latn,0.12692339357825141,0.01406263015491011
23,256,devtest,jpn_Jpan,spa_Latn,0.06107861269295764,-0.019207671234485954
23,256,devtest,jpn_Jpan,rus_Cyrl,0.10065124281279755,-0.04446916377820845
23,256,devtest,jpn_Jpan,hin_Deva,0.11572588163228802,-0.13816082955187034
23,256,devtest,jpn_Jpan,arb_Arab,0.12924283992421384,0.0027479815555830813
23,256,devtest,jpn_Jpan,zho_Hans,0.017726102113986387,-0.09762251171896502
23,256,devtest,jpn_Jpan,tur_Latn,0.10674747563506055,-0.11202440951980389
23,256,devtest,jpn_Jpan,vie_Latn,0.014202063494092221,-0.022944867406370445
23,256,devtest,jpn_Jpan,ind_Latn,0.10965305898228613,0.03743808159076656
23,256,devtest,tur_Latn,eng_Latn,0.06312326338970949,-0.08735608946304345
23,256,devtest,tur_Latn,deu_Latn,0.028575933330644853,0.00991576812574438
23,256,devtest,tur_Latn,fra_Latn,0.09170301868429763,0.02165940876859032
23,256,devtest,tur_Latn,spa_Latn,0.008835369965573894,-0.017010984720618665
23,256,devtest,tur_Latn,rus_Cyrl,-0.013347437378402301,-0.05314752868779268
23,256,devtest,tur_Latn,hin_Deva,0.009198419331533151,-0.16121760023588205
23,256,devtest,tur_Latn,arb_Arab,0.05095512868300674,-0.00620832156180438
23,256,devtest,tur_Latn,zho_Hans,0.1179156460117278,-0.1131189957964071
23,256,devtest,tur_Latn,jpn_Jpan,0.08262466369750969,-0.138251335679102
23,256,devtest,tur_Latn,vie_Latn,0.025345141267709502,-0.03988553748256305
23,256,devtest,tur_Latn,ind_Latn,0.03422876357129681,0.015328359038218784
23,256,devtest,vie_Latn,eng_Latn,0.038845552968641554,-0.02719476924197399
23,256,devtest,vie_Latn,deu_Latn,-0.002153435918780261,0.03691197001291931
23,256,devtest,vie_Latn,fra_Latn,0.08747776592766948,0.05046062539727713
23,256,devtest,vie_Latn,spa_Latn,-0.004194632119327729,-0.00411345408635614
23,256,devtest,vie_Latn,rus_Cyrl,-0.05224736925231467,-0.028599404676182043
23,256,devtest,vie_Latn,hin_Deva,0.006838790203887283,-0.17068288767844136
23,256,devtest,vie_Latn,arb_Arab,0.006810496111131267,0.01886934414485835
23,256,devtest,vie_Latn,zho_Hans,0.10175789205854358,-0.06858967805606286
23,256,devtest,vie_Latn,jpn_Jpan,0.01471921306310323,-0.0687105883330408
23,256,devtest,vie_Latn,tur_Latn,0.01778539255585327,-0.07351093734870016
23,256,devtest,vie_Latn,ind_Latn,0.07804858441794986,0.08969945714154275
23,256,devtest,ind_Latn,eng_Latn,0.03653902918894621,0.05790091053032871
23,256,devtest,ind_Latn,deu_Latn,0.04292313378408497,0.04948935977013607
23,256,devtest,ind_Latn,fra_Latn,0.09161497914543004,0.12288600798981483
23,256,devtest,ind_Latn,spa_Latn,-0.025927120291316615,0.06368955620546815
23,256,devtest,ind_Latn,rus_Cyrl,-0.08143492872161918,0.03788069014581845
23,256,devtest,ind_Latn,hin_Deva,-0.0138080964495801,-0.08186597102801262
23,256,devtest,ind_Latn,arb_Arab,0.046636918964002294,0.08382144475367523
23,256,devtest,ind_Latn,zho_Hans,0.0843925109098917,-0.0038003896829928554
23,256,devtest,ind_Latn,jpn_Jpan,0.10513351576147746,0.01905071135869019
23,256,devtest,ind_Latn,tur_Latn,0.01981845173969787,0.006976091754030593
23,256,devtest,ind_Latn,vie_Latn,0.05999820130444605,0.11043388347043155
24,64,devtest,eng_Latn,deu_Latn,0.03496818851522473,0.06882426566875631
24,64,devtest,eng_Latn,fra_Latn,0.07381501100871425,0.11410082222401327
24,64,devtest,eng_Latn,spa_Latn,0.050492414581719734,0.027068633604999705
24,64,devtest,eng_Latn,rus_Cyrl,0.03043926862738677,0.06910772887727612
24,64,devtest,eng_Latn,hin_Deva,0.003943814187383561,-0.06925603282631841
24,64,devtest,eng_Latn,arb_Arab,0.10708954796789576,0.07443639385804166
24,64,devtest,eng_Latn,zho_Hans,-0.024916561209914423,-0.009521762651976991
24,64,devtest,eng_Latn,jpn_Jpan,-0.019247917183363678,-0.00918086149767806
24,64,devtest,eng_Latn,tur_Latn,0.048321209429226686,-0.062438124289256144
24,64,devtest,eng_Latn,vie_Latn,0.07036325061350644,0.03587701830096251
24,64,devtest,eng_Latn,ind_Latn,0.039072253843419405,0.10323800301711096
24,64,devtest,deu_Latn,eng_Latn,0.004787013511954255,0.018639151537323272
24,64,devtest,deu_Latn,fra_Latn,0.03310455101808455,0.09308750214350495
24,64,devtest,deu_Latn,spa_Latn,-0.004528990176989386,0.0044278169588761775
24,64,devtest,deu_Latn,rus_Cyrl,-0.0721688947003189,-0.012949551270641499
24,64,devtest,deu_Latn,hin_Deva,0.026718856924908704,-0.119274681589491
24,64,devtest,deu_Latn,arb_Arab,0.0021281890215417176,0.0015778199378038633
24,64,devtest,deu_Latn,zho_Hans,0.05708175878054425,-0.011866464166911131
24,64,devtest,deu_Latn,jpn_Jpan,0.0699801400751395,-0.03725247817010958
24,64,devtest,deu_Latn,tur_Latn,0.01958880356615994,-0.019113932761695433
24,64,devtest,deu_Latn,vie_Latn,-0.05362583165475273,0.012398140491439825
24,64,devtest,deu_Latn,ind_Latn,0.028072323624476668,0.004353721701669792
24,64,devtest,fra_Latn,eng_Latn,0.051291345308672694,0.08457888850706713
24,64,devtest,fra_Latn,deu_Latn,0.019996580456220863,0.10241788544833928
24,64,devtest,fra_Latn,spa_Latn,0.03604265102035482,0.06824543663621804
24,64,devtest,fra_Latn,rus_Cyrl,-0.0341972810703155,0.03443578284134388
24,64,devtest,fra_Latn,hin_Deva,-0.028503385999504458,-0.09553362052815362
24,64,devtest,fra_Latn,arb_Arab,0.047550802552092424,0.06756595851348021
24,64,devtest,fra_Latn,zho_Hans,0.08710329844194604,-0.002536097841104426
24,64,devtest,fra_Latn,jpn_Jpan,0.0960652834760475,0.003414894483711991
24,64,devtest,fra_Latn,tur_Latn,0.053799614116779367,-0.0029750268891043877
24,64,devtest,fra_Latn,vie_Latn,0.06856475643941495,0.06673635591925044
24,64,devtest,fra_Latn,ind_Latn,0.09156001879804293,0.10820438141660152
24,64,devtest,spa_Latn,eng_Latn,0.007823493916076967,-0.018622749882650176
24,64,devtest,spa_Latn,deu_Latn,0.007649190472100812,0.022418173895217164
24,64,devtest,spa_Latn,fra_Latn,0.029045521180897788,0.0664029815540787
24,64,devtest,spa_Latn,rus_Cyrl,-0.013768255101282639,-0.0009071564413324827
24,64,devtest,spa_Latn,hin_Deva,-0.026568127009723632,-0.15308696569140123
24,64,devtest,spa_Latn,arb_Arab,0.02531745645139951,0.03402013881108136
24,64,devtest,spa_Latn,zho_Hans,0.07653655868622199,-0.06155842219168911
24,64,devtest,spa_Latn,jpn_Jpan,0.034850778867750586,-0.049833711477955935
24,64,devtest,spa_Latn,tur_Latn,-0.009517619475507529,-0.05019713127665862
24,64,devtest,spa_Latn,vie_Latn,-0.02805886589001931,0.010802388610202353
24,64,devtest,spa_Latn,ind_Latn,-0.062256761605685315,0.04312070323063643
24,64,devtest,rus_Cyrl,eng_Latn,0.000577194043136036,0.013362016125172828
24,64,devtest,rus_Cyrl,deu_Latn,-0.07624656230755046,-0.0032606470143982207
24,64,devtest,rus_Cyrl,fra_Latn,-0.04634092970887287,0.025339811406003172
24,64,devtest,rus_Cyrl,spa_Latn,-0.05215682515258265,-0.0018289546165462835
24,64,devtest,rus_Cyrl,hin_Deva,0.062133183746987786,-0.11154788802570932
24,64,devtest,rus_Cyrl,arb_Arab,0.0016121774711084734,-0.012152840756525394
24,64,devtest,rus_Cyrl,zho_Hans,0.07969268691749166,-0.05737034145899296
24,64,devtest,rus_Cyrl,jpn_Jpan,0.07270677182836713,-0.05895772477848146
24,64,devtest,rus_Cyrl,tur_Latn,0.009568513473222183,-0.06139891798202938
24,64,devtest,rus_Cyrl,vie_Latn,-0.08028994804614309,-0.023029515843290906
24,64,devtest,rus_Cyrl,ind_Latn,-0.11636490806740035,0.017052557713712942
24,64,devtest,hin_Deva,eng_Latn,0.02771365375688571,-0.059257735037566935
24,64,devtest,hin_Deva,deu_Latn,0.012919348438519926,-0.0298354380881063
24,64,devtest,hin_Deva,fra_Latn,-0.012819667646471605,-0.013190045918464913
24,64,devtest,hin_Deva,spa_Latn,0.03897497670124997,-0.08047370160121253
24,64,devtest,hin_Deva,rus_Cyrl,0.13754316771970893,-0.05246412692429322
24,64,devtest,hin_Deva,arb_Arab,0.026205658362820097,-0.025265338480274648
24,64,devtest,hin_Deva,zho_Hans,0.11712561276760974,-0.08213311524683499
24,64,devtest,hin_Deva,jpn_Jpan,0.12004070189686296,-0.09273534871256182
24,64,devtest,hin_Deva,tur_Latn,-0.0092697672758782,-0.10653402265789548
24,64,devtest,hin_Deva,vie_Latn,2.1715002877958415e-05,-0.07704922411664002
24,64,devtest,hin_Deva,ind_Latn,-0.035466962353189066,-0.020094413652552903
24,64,devtest,arb_Arab,eng_Latn,0.04634137235235456,0.027849151671869545
24,64,devtest,arb_Arab,deu_Latn,-0.002589304555377854,0.028163099647403034
24,64,devtest,arb_Arab,fra_Latn,0.05449657098481392,0.0719024074964099
24,64,devtest,arb_Arab,spa_Latn,0.02996436973773469,0.037642173647419654
24,64,devtest,arb_Arab,rus_Cyrl,0.01762965535305311,-0.005428918914294606
24,64,devtest,arb_Arab,hin_Deva,0.018592407385827053,-0.08207139704127353
24,64,devtest,arb_Arab,zho_Hans,0.03685303818293174,-0.0032994069505718478
24,64,devtest,arb_Arab,jpn_Jpan,0.06566625770308326,-0.008659605499125202
24,64,devtest,arb_Arab,tur_Latn,0.0008602756489086687,-0.02667516048642565
24,64,devtest,arb_Arab,vie_Latn,-0.012468012428997852,0.03328636670842891
24,64,devtest,arb_Arab,ind_Latn,0.030540510062072597,0.08197229457699691
24,64,devtest,zho_Hans,eng_Latn,-0.010703128535782598,-0.06727141085721698
24,64,devtest,zho_Hans,deu_Latn,0.13283866557216398,-0.00629032471493895
24,64,devtest,zho_Hans,fra_Latn,0.1497602384887275,-0.022777871180786304
24,64,devtest,zho_Hans,spa_Latn,0.16318944558499104,-0.07787190807721334
24,64,devtest,zho_Hans,rus_Cyrl,0.1257139225377896,-0.06364899142011665
24,64,devtest,zho_Hans,hin_Deva,0.07367521181792915,-0.15046128779723533
24,64,devtest,zho_Hans,arb_Arab,0.11916289823990946,-0.022469857690481394
24,64,devtest,zho_Hans,jpn_Jpan,0.04433444374516008,-0.14332781349997933
24,64,devtest,zho_Hans,tur_Latn,0.1494077110297709,-0.1351142172978449
24,64,devtest,zho_Hans,vie_Latn,0.16726862065519815,-0.07722307380835446
24,64,devtest,zho_Hans,ind_Latn,0.12419268537365204,-0.01489046548826813
24,64,devtest,jpn_Jpan,eng_Latn,-0.07252923384969197,-0.05452760815456354
24,64,devtest,jpn_Jpan,deu_Latn,0.10492951776764907,-0.0096525285555127
24,64,devtest,jpn_Jpan,fra_Latn,0.1555392999787364,0.006940659157380316
24,64,devtest,jpn_Jpan,spa_Latn,0.06167094404399452,-0.03569077639055301
24,64,devtest,jpn_Jpan,rus_Cyrl,0.09517222695917522,-0.04788643015248425
24,64,devtest,jpn_Jpan,hin_Deva,0.08018791961581993,-0.14521829891857305
24,64,devtest,jpn_Jpan,arb_Arab,0.13141001393363064,-0.0025655527955278337
24,64,devtest,jpn_Jpan,zho_Hans,0.013897748131068026,-0.12579258473236302
24,64,devtest,jpn_Jpan,tur_Latn,0.11725360930461141,-0.12934932198591206
24,64,devtest,jpn_Jpan,vie_Latn,0.00676670458750108,-0.05371392836288113
24,64,devtest,jpn_Jpan,ind_Latn,0.12066816647219003,0.020921556234570527
24,64,devtest,tur_Latn,eng_Latn,0.04312434730026534,-0.11339910516142199
24,64,devtest,tur_Latn,deu_Latn,0.01398956910660071,0.009098625657822816
24,64,devtest,tur_Latn,fra_Latn,0.06415964164137336,0.03311725077362537
24,64,devtest,tur_Latn,spa_Latn,0.007616375438329666,-0.03124006936723766
24,64,devtest,tur_Latn,rus_Cyrl,-0.004126177123198219,-0.048891472281628955
24,64,devtest,tur_Latn,hin_Deva,-0.00021611914938589967,-0.16805188239150065
24,64,devtest,tur_Latn,arb_Arab,0.04139557888685607,-0.009815822213067904
24,64,devtest,tur_Latn,zho_Hans,0.10829837289022717,-0.13796268705621909
24,64,devtest,tur_Latn,jpn_Jpan,0.09745482105180452,-0.1431528107101158
24,64,devtest,tur_Latn,vie_Latn,0.025921252470583713,-0.054499248865577894
24,64,devtest,tur_Latn,ind_Latn,0.017326278893097347,-0.003972273797549627
24,64,devtest,vie_Latn,eng_Latn,0.034145700821917285,-0.03992639543107234
24,64,devtest,vie_Latn,deu_Latn,-0.02549838459698687,-0.0015242166059914449
24,64,devtest,vie_Latn,fra_Latn,0.07196258539381574,0.03681892228549929
24,64,devtest,vie_Latn,spa_Latn,-0.0019233777446277971,-0.011636083190859159
24,64,devtest,vie_Latn,rus_Cyrl,-0.05146132793760369,-0.04329500184615727
24,64,devtest,vie_Latn,hin_Deva,0.007918681754633379,-0.1845611395614609
24,64,devtest,vie_Latn,arb_Arab,0.006831639168720458,0.010633306788227525
24,64,devtest,vie_Latn,zho_Hans,0.12045437531236533,-0.0938986533473344
24,64,devtest,vie_Latn,jpn_Jpan,0.012289949296482349,-0.09974161849202205
24,64,devtest,vie_Latn,tur_Latn,0.02055951262182178,-0.08842777283017537
24,64,devtest,vie_Latn,ind_Latn,0.07334551043487247,0.07446692504040092
24,64,devtest,ind_Latn,eng_Latn,0.02512504791780377,0.05932133008314076
24,64,devtest,ind_Latn,deu_Latn,0.05360139975830798,0.00603658250511348
24,64,devtest,ind_Latn,fra_Latn,0.08975996898812799,0.10552593835000888
24,64,devtest,ind_Latn,spa_Latn,-0.03326240541059359,0.05045390780099417
24,64,devtest,ind_Latn,rus_Cyrl,-0.09988318960931876,0.013178949578253042
24,64,devtest,ind_Latn,hin_Deva,-0.033836938150743526,-0.09475125723332732
24,64,devtest,ind_Latn,arb_Arab,0.04184854291635864,0.06951231988699794
24,64,devtest,ind_Latn,zho_Hans,0.08288185385274459,-0.0077027015997040305
24,64,devtest,ind_Latn,jpn_Jpan,0.11658448342846296,0.004784439423435669
24,64,devtest,ind_Latn,tur_Latn,0.004735042717518652,-0.02005223719616975
24,64,devtest,ind_Latn,vie_Latn,0.059170353889488804,0.09488337925844277
24,128,devtest,eng_Latn,deu_Latn,0.045307919560328876,0.079746734430807
24,128,devtest,eng_Latn,fra_Latn,0.0664432897838731,0.10168949098628938
24,128,devtest,eng_Latn,spa_Latn,0.04090297908568723,0.03397390868206855
24,128,devtest,eng_Latn,rus_Cyrl,0.02507533549175415,0.06224459513831919
24,128,devtest,eng_Latn,hin_Deva,-0.004943176840248196,-0.0830376976646546
24,128,devtest,eng_Latn,arb_Arab,0.1176650340407655,0.09962673855336329
24,128,devtest,eng_Latn,zho_Hans,-0.01168794948270557,-0.012577601228158323
24,128,devtest,eng_Latn,jpn_Jpan,-0.029544438393745567,0.0054959228558167095
24,128,devtest,eng_Latn,tur_Latn,0.06328007601926545,-0.05715893996124998
24,128,devtest,eng_Latn,vie_Latn,0.06855087196028976,0.03763078553943757
24,128,devtest,eng_Latn,ind_Latn,0.06074465129128195,0.09620754746956574
24,128,devtest,deu_Latn,eng_Latn,0.009715783754208946,0.026732900802924432
24,128,devtest,deu_Latn,fra_Latn,0.04174409699152565,0.10034352646209582
24,128,devtest,deu_Latn,spa_Latn,0.002549143436608177,0.02080181228288097
24,128,devtest,deu_Latn,rus_Cyrl,-0.08174228754695563,-0.00309413606047733
24,128,devtest,deu_Latn,hin_Deva,0.02824027362008895,-0.12068458129857995
24,128,devtest,deu_Latn,arb_Arab,0.005796577454469283,0.008131737897492334
24,128,devtest,deu_Latn,zho_Hans,0.058290954501639757,-0.013675934248052043
24,128,devtest,deu_Latn,jpn_Jpan,0.07405769426527972,-0.034309518800710044
24,128,devtest,deu_Latn,tur_Latn,0.02436117854683043,-0.01789587857636422
24,128,devtest,deu_Latn,vie_Latn,-0.05034867440375404,0.017803653322977904
24,128,devtest,deu_Latn,ind_Latn,0.022502179772002084,0.014326319796445984
24,128,devtest,fra_Latn,eng_Latn,0.04448268323382723,0.0730953791358354
24,128,devtest,fra_Latn,deu_Latn,0.026134969500465073,0.11155507852774
24,128,devtest,fra_Latn,spa_Latn,0.042205865255999606,0.07292679531730052
24,128,devtest,fra_Latn,rus_Cyrl,-0.029263454877101164,0.042767484717911655
24,128,devtest,fra_Latn,hin_Deva,-0.030748736220624507,-0.10832874296706578
24,128,devtest,fra_Latn,arb_Arab,0.03389331985340183,0.08705714790315423
24,128,devtest,fra_Latn,zho_Hans,0.09229093708769441,-0.024256833871056517
24,128,devtest,fra_Latn,jpn_Jpan,0.09016517585402774,-0.007484229935167278
24,128,devtest,fra_Latn,tur_Latn,0.06325234030748808,-0.01609989146065089
24,128,devtest,fra_Latn,vie_Latn,0.06456366552850214,0.07340379551605856
24,128,devtest,fra_Latn,ind_Latn,0.0872266397519803,0.11308588276774269
24,128,devtest,spa_Latn,eng_Latn,-0.00695381542095019,-0.011118400364371986
24,128,devtest,spa_Latn,deu_Latn,0.01840284978896879,0.03133713925872415
24,128,devtest,spa_Latn,fra_Latn,0.03799509549680665,0.06736181524083866
24,128,devtest,spa_Latn,rus_Cyrl,-0.00923498881314346,0.000695676308783338
24,128,devtest,spa_Latn,hin_Deva,-0.029259553089103357,-0.16819381133275263
24,128,devtest,spa_Latn,arb_Arab,0.028405169607914116,0.03903524214687014
24,128,devtest,spa_Latn,zho_Hans,0.08335549233795851,-0.08001938187267153
24,128,devtest,spa_Latn,jpn_Jpan,0.026180794453215753,-0.055265700570889094
24,128,devtest,spa_Latn,tur_Latn,0.004637163294366652,-0.051414544884446994
24,128,devtest,spa_Latn,vie_Latn,-0.025824739275082602,0.0037390679139219923
24,128,devtest,spa_Latn,ind_Latn,-0.05103101945282429,0.041178122821485766
24,128,devtest,rus_Cyrl,eng_Latn,-0.00871002600086512,0.003922496220724963
24,128,devtest,rus_Cyrl,deu_Latn,-0.09005891317550709,0.0014206375788731213
24,128,devtest,rus_Cyrl,fra_Latn,-0.04303620848478583,0.02678468092531112
24,128,devtest,rus_Cyrl,spa_Latn,-0.053984307279275126,-0.0034128324292451665
24,128,devtest,rus_Cyrl,hin_Deva,0.06069860329064662,-0.12961527518063978
24,128,devtest,rus_Cyrl,arb_Arab,-0.004445943277794757,-0.006334179698894553
24,128,devtest,rus_Cyrl,zho_Hans,0.08508339934943634,-0.0911114515387782
24,128,devtest,rus_Cyrl,jpn_Jpan,0.06822262969277543,-0.06983883933988133
24,128,devtest,rus_Cyrl,tur_Latn,0.010873423921224479,-0.0711459446056842
24,128,devtest,rus_Cyrl,vie_Latn,-0.08823525930546723,-0.03222995507235545
24,128,devtest,rus_Cyrl,ind_Latn,-0.11634825751605689,0.02083767929944999
24,128,devtest,hin_Deva,eng_Latn,0.007885631119904105,-0.06324339613520508
24,128,devtest,hin_Deva,deu_Latn,0.00993785078905779,-0.018457467623937986
24,128,devtest,hin_Deva,fra_Latn,-0.02342484686374335,-0.021247800212987056
24,128,devtest,hin_Deva,spa_Latn,0.03364075926267788,-0.0857224880121603
24,128,devtest,hin_Deva,rus_Cyrl,0.13883297426711216,-0.052616962393964184
24,128,devtest,hin_Deva,arb_Arab,0.012742262411208065,-0.022646365666249797
24,128,devtest,hin_Deva,zho_Hans,0.115530899384244,-0.08972088188401821
24,128,devtest,hin_Deva,jpn_Jpan,0.13156476799340538,-0.09096027416586715
24,128,devtest,hin_Deva,tur_Latn,-0.01408232307929172,-0.09986603548853844
24,128,devtest,hin_Deva,vie_Latn,-0.007522474130808406,-0.07780947912312323
24,128,devtest,hin_Deva,ind_Latn,-0.038100149178376674,-0.01734333470577304
24,128,devtest,arb_Arab,eng_Latn,0.06298330072260691,0.05368872074437169
24,128,devtest,arb_Arab,deu_Latn,0.005037197259240263,0.0339078819979772
24,128,devtest,arb_Arab,fra_Latn,0.03578549604371721,0.0872402651236119
24,128,devtest,arb_Arab,spa_Latn,0.033396565891912804,0.04069366391951127
24,128,devtest,arb_Arab,rus_Cyrl,0.012827705206878448,-0.0021755773609981447
24,128,devtest,arb_Arab,hin_Deva,0.007185799608397333,-0.09751505948389398
24,128,devtest,arb_Arab,zho_Hans,0.04452854887117547,-0.014145585385959983
24,128,devtest,arb_Arab,jpn_Jpan,0.07586005829754348,-0.00518167732127092
24,128,devtest,arb_Arab,tur_Latn,-0.003714699558711018,-0.02652004797427105
24,128,devtest,arb_Arab,vie_Latn,-0.00786280901355234,0.03688549855608386
24,128,devtest,arb_Arab,ind_Latn,0.022081411434274608,0.08773203662997354
24,128,devtest,zho_Hans,eng_Latn,0.001813512944280249,-0.07489588947352133
24,128,devtest,zho_Hans,deu_Latn,0.14958049013022365,-0.009031428603681424
24,128,devtest,zho_Hans,fra_Latn,0.16658665635600065,-0.04600713491953712
24,128,devtest,zho_Hans,spa_Latn,0.18582395961011935,-0.09092971990609029
24,128,devtest,zho_Hans,rus_Cyrl,0.13893971666344918,-0.09443202068654581
24,128,devtest,zho_Hans,hin_Deva,0.07714094202703763,-0.15864893783604683
24,128,devtest,zho_Hans,arb_Arab,0.13311527891143712,-0.02294196495022906
24,128,devtest,zho_Hans,jpn_Jpan,0.0495768213824491,-0.13834660779551414
24,128,devtest,zho_Hans,tur_Latn,0.16757386113456388,-0.1494729567080898
24,128,devtest,zho_Hans,vie_Latn,0.1731842292780753,-0.061705247699705146
24,128,devtest,zho_Hans,ind_Latn,0.13873898658102202,-0.028974891925409765
24,128,devtest,jpn_Jpan,eng_Latn,-0.07934687968656756,-0.043945022514952456
24,128,devtest,jpn_Jpan,deu_Latn,0.11749253606249657,-0.012757000159410925
24,128,devtest,jpn_Jpan,fra_Latn,0.1486444470276443,-0.012649767613072821
24,128,devtest,jpn_Jpan,spa_Latn,0.06358611516680569,-0.04500536550285061
24,128,devtest,jpn_Jpan,rus_Cyrl,0.10109431073288971,-0.059216481751513034
24,128,devtest,jpn_Jpan,hin_Deva,0.09218121683687296,-0.1621716977296321
24,128,devtest,jpn_Jpan,arb_Arab,0.1503077687483561,0.001994494617907733
24,128,devtest,jpn_Jpan,zho_Hans,0.007022629076206202,-0.11862552215139872
24,128,devtest,jpn_Jpan,tur_Latn,0.11822855274917216,-0.13876074735942182
24,128,devtest,jpn_Jpan,vie_Latn,0.0108458803844188,-0.05043109784626931
24,128,devtest,jpn_Jpan,ind_Latn,0.12531728958917246,0.011949889931741044
24,128,devtest,tur_Latn,eng_Latn,0.05803797112809421,-0.09831562128785762
24,128,devtest,tur_Latn,deu_Latn,0.013463272634305341,0.012601462103753295
24,128,devtest,tur_Latn,fra_Latn,0.08184376465268793,0.01804600273019975
24,128,devtest,tur_Latn,spa_Latn,0.016342412958784153,-0.017648972201533344
24,128,devtest,tur_Latn,rus_Cyrl,-0.009303660599513972,-0.04295203144456454
24,128,devtest,tur_Latn,hin_Deva,-0.006260711016080662,-0.1670767059426104
24,128,devtest,tur_Latn,arb_Arab,0.04576203751022036,0.0014675709346463517
24,128,devtest,tur_Latn,zho_Hans,0.12717692796294056,-0.14139290726647713
24,128,devtest,tur_Latn,jpn_Jpan,0.09488140571190681,-0.1491396542880855
24,128,devtest,tur_Latn,vie_Latn,0.030604248933196212,-0.04587817996517375
24,128,devtest,tur_Latn,ind_Latn,0.013421124777313213,-0.0003062587162489454
24,128,devtest,vie_Latn,eng_Latn,0.03172944103102588,-0.039627899967230394
24,128,devtest,vie_Latn,deu_Latn,-0.016214997008819638,-0.002015238433827492
24,128,devtest,vie_Latn,fra_Latn,0.07142621680895106,0.04106122785635203
24,128,devtest,vie_Latn,spa_Latn,0.0023660045565625444,-0.02044841519735867
24,128,devtest,vie_Latn,rus_Cyrl,-0.04868765190394764,-0.050358889041942106
24,128,devtest,vie_Latn,hin_Deva,0.002032520795902707,-0.20155626213591446
24,128,devtest,vie_Latn,arb_Arab,0.015320652053581586,0.016408632310664382
24,128,devtest,vie_Latn,zho_Hans,0.10965318764287056,-0.07695368421324723
24,128,devtest,vie_Latn,jpn_Jpan,0.012777772937448476,-0.09578910720099883
24,128,devtest,vie_Latn,tur_Latn,0.029516540005094086,-0.08974138392462244
24,128,devtest,vie_Latn,ind_Latn,0.08497542250574033,0.08968906476086923
24,128,devtest,ind_Latn,eng_Latn,0.04085797717596708,0.05634815493881585
24,128,devtest,ind_Latn,deu_Latn,0.048481129379349314,0.019634393061068435
24,128,devtest,ind_Latn,fra_Latn,0.08669885101587053,0.11199941832839759
24,128,devtest,ind_Latn,spa_Latn,-0.02264866991875529,0.05463043368036543
24,128,devtest,ind_Latn,rus_Cyrl,-0.09334458293895447,0.0233097795191935
24,128,devtest,ind_Latn,hin_Deva,-0.027727055270111246,-0.09743428387233521
24,128,devtest,ind_Latn,arb_Arab,0.03776542949331916,0.08313632579571864
24,128,devtest,ind_Latn,zho_Hans,0.08964760227116034,-0.018256701425530715
24,128,devtest,ind_Latn,jpn_Jpan,0.11463670341017977,0.002716424611635973
24,128,devtest,ind_Latn,tur_Latn,0.0054048164860161195,-0.017138098581731098
24,128,devtest,ind_Latn,vie_Latn,0.06622396032841536,0.11024737642251137
24,256,devtest,eng_Latn,deu_Latn,0.04897106260358701,0.08994065494389032
24,256,devtest,eng_Latn,fra_Latn,0.0671415149235797,0.11391584082606354
24,256,devtest,eng_Latn,spa_Latn,0.05104441533496561,0.04170930520531335
24,256,devtest,eng_Latn,rus_Cyrl,0.031142287498341453,0.08208891203235327
24,256,devtest,eng_Latn,hin_Deva,0.011997868889113167,-0.07580180230183035
24,256,devtest,eng_Latn,arb_Arab,0.12489041444503256,0.10285703713658477
24,256,devtest,eng_Latn,zho_Hans,-0.006052065601250176,0.00025690457965941044
24,256,devtest,eng_Latn,jpn_Jpan,-0.026878884730921898,0.00623015462410802
24,256,devtest,eng_Latn,tur_Latn,0.07510176374282285,-0.052790031101045756
24,256,devtest,eng_Latn,vie_Latn,0.07768165781134423,0.05055968333059243
24,256,devtest,eng_Latn,ind_Latn,0.06147205220435877,0.09294095419926988
24,256,devtest,deu_Latn,eng_Latn,0.010368897524204588,0.0348958602705215
24,256,devtest,deu_Latn,fra_Latn,0.03215536950243127,0.10536899076108301
24,256,devtest,deu_Latn,spa_Latn,-0.001869726587971413,0.015975132848109374
24,256,devtest,deu_Latn,rus_Cyrl,-0.06126129972090391,0.00648897141637892
24,256,devtest,deu_Latn,hin_Deva,0.027371561665934827,-0.12608146810601467
24,256,devtest,deu_Latn,arb_Arab,0.00566097260754217,0.011641406082528002
24,256,devtest,deu_Latn,zho_Hans,0.06580963608841459,-0.003819042803378621
24,256,devtest,deu_Latn,jpn_Jpan,0.07829856205995257,-0.024004862236111663
24,256,devtest,deu_Latn,tur_Latn,0.02616335806310344,-0.020312696312749713
24,256,devtest,deu_Latn,vie_Latn,-0.03947174018292587,0.03857397332677495
24,256,devtest,deu_Latn,ind_Latn,0.015884442713511204,0.027853156960848807
24,256,devtest,fra_Latn,eng_Latn,0.04109153886427222,0.08150120018556674
24,256,devtest,fra_Latn,deu_Latn,0.017262033708743553,0.11315349331270548
24,256,devtest,fra_Latn,spa_Latn,0.0520328282689045,0.06845554588619815
24,256,devtest,fra_Latn,rus_Cyrl,-0.022534399573987514,0.049597551201193996
24,256,devtest,fra_Latn,hin_Deva,-0.02189750367066419,-0.10707416027867614
24,256,devtest,fra_Latn,arb_Arab,0.03697885038717209,0.08623721650750868
24,256,devtest,fra_Latn,zho_Hans,0.0938822742298886,-0.019661447465520857
24,256,devtest,fra_Latn,jpn_Jpan,0.08767852674891462,-0.005162058148706391
24,256,devtest,fra_Latn,tur_Latn,0.0575629654279659,-0.02152265500370311
24,256,devtest,fra_Latn,vie_Latn,0.06668460342092593,0.07345776586410564
24,256,devtest,fra_Latn,ind_Latn,0.08772326890871669,0.11893832443452354
24,256,devtest,spa_Latn,eng_Latn,-0.012117750394693594,-0.013015989543537955
24,256,devtest,spa_Latn,deu_Latn,0.01814411751437054,0.02260933192391509
24,256,devtest,spa_Latn,fra_Latn,0.047261007785532494,0.057741294158953585
24,256,devtest,spa_Latn,rus_Cyrl,-0.003891392332886415,0.00870759371980295
24,256,devtest,spa_Latn,hin_Deva,-0.029774741878403954,-0.18161626758305383
24,256,devtest,spa_Latn,arb_Arab,0.03259086731429632,0.040227574742319874
24,256,devtest,spa_Latn,zho_Hans,0.08414475471340191,-0.08090067585920047
24,256,devtest,spa_Latn,jpn_Jpan,0.02321401402489749,-0.044855686464982884
24,256,devtest,spa_Latn,tur_Latn,0.0018966472692972785,-0.05765106399634094
24,256,devtest,spa_Latn,vie_Latn,-0.03738407041038413,0.013716243745719392
24,256,devtest,spa_Latn,ind_Latn,-0.05206552452986313,0.04396847331483806
24,256,devtest,rus_Cyrl,eng_Latn,-0.009021574761525547,0.01672317485567951
24,256,devtest,rus_Cyrl,deu_Latn,-0.0724793233127243,0.006662313945197298
24,256,devtest,rus_Cyrl,fra_Latn,-0.03522490607410006,0.030777686869449372
24,256,devtest,rus_Cyrl,spa_Latn,-0.05375315322657218,-0.0008633065036428413
24,256,devtest,rus_Cyrl,hin_Deva,0.0642372335391938,-0.13828225046922968
24,256,devtest,rus_Cyrl,arb_Arab,0.0017846024665909475,0.0005857797956410576
24,256,devtest,rus_Cyrl,zho_Hans,0.09088352037416506,-0.08683227704053105
24,256,devtest,rus_Cyrl,jpn_Jpan,0.08333764626825024,-0.06455771685807676
24,256,devtest,rus_Cyrl,tur_Latn,0.011166835840705236,-0.07676754289837806
24,256,devtest,rus_Cyrl,vie_Latn,-0.0829576070918018,-0.01562085222364335
24,256,devtest,rus_Cyrl,ind_Latn,-0.11489497006844501,0.023120057964991853
24,256,devtest,hin_Deva,eng_Latn,0.012707241714156573,-0.05655220628385093
24,256,devtest,hin_Deva,deu_Latn,0.004417666500291175,-0.012400759273737953
24,256,devtest,hin_Deva,fra_Latn,-0.024402484288339653,-0.011118505335942627
24,256,devtest,hin_Deva,spa_Latn,0.03134042557193972,-0.0846106307680529
24,256,devtest,hin_Deva,rus_Cyrl,0.14319234892407928,-0.04328099615066828
24,256,devtest,hin_Deva,arb_Arab,0.007475070427763296,-0.01159329966460586
24,256,devtest,hin_Deva,zho_Hans,0.12167696634124393,-0.09007066913673371
24,256,devtest,hin_Deva,jpn_Jpan,0.1293806497678353,-0.08953847080850505
24,256,devtest,hin_Deva,tur_Latn,-0.010728163374967126,-0.09982796558923539
24,256,devtest,hin_Deva,vie_Latn,-0.008926597130817584,-0.06501580723381835
24,256,devtest,hin_Deva,ind_Latn,-0.0405703017429521,-0.008690074185090772
24,256,devtest,arb_Arab,eng_Latn,0.06153414903106936,0.0505297225535823
24,256,devtest,arb_Arab,deu_Latn,0.003571215187652838,0.03907776637428816
24,256,devtest,arb_Arab,fra_Latn,0.0377737348356938,0.0876207591906294
24,256,devtest,arb_Arab,spa_Latn,0.032950143811674604,0.041683923220736906
24,256,devtest,arb_Arab,rus_Cyrl,0.020496434400538596,0.00693120845819375
24,256,devtest,arb_Arab,hin_Deva,0.010339620540783022,-0.09750281208359389
24,256,devtest,arb_Arab,zho_Hans,0.04887335098560134,-0.02796432631179348
24,256,devtest,arb_Arab,jpn_Jpan,0.07119846339641635,-0.00897022071352457
24,256,devtest,arb_Arab,tur_Latn,-0.007843986221985897,-0.02773683484882513
24,256,devtest,arb_Arab,vie_Latn,-0.008942899678928763,0.03870599097782955
24,256,devtest,arb_Arab,ind_Latn,0.02418024674251557,0.09410433131744894
24,256,devtest,zho_Hans,eng_Latn,0.009033189856237727,-0.06621147266343716
24,256,devtest,zho_Hans,deu_Latn,0.16690833027516533,-0.005501551079042013
24,256,devtest,zho_Hans,fra_Latn,0.17195530322505975,-0.037724201616790146
24,256,devtest,zho_Hans,spa_Latn,0.19215394424633223,-0.08464524894047633
24,256,devtest,zho_Hans,rus_Cyrl,0.1522826806823376,-0.08282110421933087
24,256,devtest,zho_Hans,hin_Deva,0.08298460236906416,-0.1628306149170209
24,256,devtest,zho_Hans,arb_Arab,0.14205002612374176,-0.025320715558462575
24,256,devtest,zho_Hans,jpn_Jpan,0.05461851202536467,-0.14062987841699823
24,256,devtest,zho_Hans,tur_Latn,0.17940105843137638,-0.149142294568281
24,256,devtest,zho_Hans,vie_Latn,0.17853960615695255,-0.06348449394980019
24,256,devtest,zho_Hans,ind_Latn,0.15795499034962562,-0.029918755264974374
24,256,devtest,jpn_Jpan,eng_Latn,-0.07948000279753815,-0.04904052058253578
24,256,devtest,jpn_Jpan,deu_Latn,0.12778932914078833,-0.005803544430721235
24,256,devtest,jpn_Jpan,fra_Latn,0.15001672476628827,-0.010208568138083877
24,256,devtest,jpn_Jpan,spa_Latn,0.06558105348559176,-0.03718599199267438
24,256,devtest,jpn_Jpan,rus_Cyrl,0.12316397226136602,-0.049990221491438856
24,256,devtest,jpn_Jpan,hin_Deva,0.09298094288658387,-0.16551006473380508
24,256,devtest,jpn_Jpan,arb_Arab,0.147959046940925,0.001549133387591963
24,256,devtest,jpn_Jpan,zho_Hans,0.013956873713799193,-0.12034989166230854
24,256,devtest,jpn_Jpan,tur_Latn,0.12185016906367707,-0.13868992947887365
24,256,devtest,jpn_Jpan,vie_Latn,0.02237176911456063,-0.03764850838549766
24,256,devtest,jpn_Jpan,ind_Latn,0.12662097380774973,0.011452084476016531
24,256,devtest,tur_Latn,eng_Latn,0.05937849419956145,-0.09316440111515543
24,256,devtest,tur_Latn,deu_Latn,0.012582520137263,0.013340446239520425
24,256,devtest,tur_Latn,fra_Latn,0.07793820126071566,0.017330762187126564
24,256,devtest,tur_Latn,spa_Latn,0.011967146764739058,-0.01765177435352401
24,256,devtest,tur_Latn,rus_Cyrl,-0.007584612146181542,-0.04378565312254944
24,256,devtest,tur_Latn,hin_Deva,0.003941714103462684,-0.18156625666349865
24,256,devtest,tur_Latn,arb_Arab,0.049737023846889904,0.007902574912877321
24,256,devtest,tur_Latn,zho_Hans,0.1310712999991852,-0.13878919187317995
24,256,devtest,tur_Latn,jpn_Jpan,0.08904621824077409,-0.15250995318238134
24,256,devtest,tur_Latn,vie_Latn,0.028542625602984772,-0.04092353068768675
24,256,devtest,tur_Latn,ind_Latn,0.015167942057735048,0.002071714380659798
24,256,devtest,vie_Latn,eng_Latn,0.03781659300310982,-0.0317709122686177
24,256,devtest,vie_Latn,deu_Latn,-0.00313815325047711,0.014801154803217146
24,256,devtest,vie_Latn,fra_Latn,0.07165506925784121,0.036244817195063395
24,256,devtest,vie_Latn,spa_Latn,-0.0021095202258233654,-0.011233599962910856
24,256,devtest,vie_Latn,rus_Cyrl,-0.04011437828334753,-0.03266839405978029
24,256,devtest,vie_Latn,hin_Deva,0.005168819066804897,-0.2016259935712649
24,256,devtest,vie_Latn,arb_Arab,0.019361112358771665,0.019711991022574992
24,256,devtest,vie_Latn,zho_Hans,0.10863810012705545,-0.08384232378202851
24,256,devtest,vie_Latn,jpn_Jpan,0.01966890862457691,-0.08707919281301481
24,256,devtest,vie_Latn,tur_Latn,0.03361589299933674,-0.09397101214043495
24,256,devtest,vie_Latn,ind_Latn,0.08676917006753372,0.08175403921016354
24,256,devtest,ind_Latn,eng_Latn,0.037548495804766685,0.047820235796502464
24,256,devtest,ind_Latn,deu_Latn,0.0417027376991718,0.03141785185437161
24,256,devtest,ind_Latn,fra_Latn,0.09315197548482823,0.12098676730835643
24,256,devtest,ind_Latn,spa_Latn,-0.02361326810171176,0.06016552456590741
24,256,devtest,ind_Latn,rus_Cyrl,-0.08822405208432765,0.032038256279025026
24,256,devtest,ind_Latn,hin_Deva,-0.022103050610447667,-0.09712715405252076
24,256,devtest,ind_Latn,arb_Arab,0.04612713192642955,0.09549529585199772
24,256,devtest,ind_Latn,zho_Hans,0.10234185597726339,-0.018910934014029716
24,256,devtest,ind_Latn,jpn_Jpan,0.11359080109031719,0.002293588427118288
24,256,devtest,ind_Latn,tur_Latn,0.00880459621765705,-0.01780402993351126
24,256,devtest,ind_Latn,vie_Latn,0.06594768116972566,0.10615156261545072
